{"type":"Topology","objects":{"02010":{"type":"Polygon","arcs":[[0]]}},"arcs":[[[499999,72507],[-7342,-3425],[1277,-5514],[-2148,146],[-1197,4663],[-2757,1351],[-3576,-3466],[-1965,697],[-164,1761],[2410,3143],[-6905,3896],[2059,-2155],[531,-3945],[1240,-222],[394,-3520],[2590,-2692],[5450,-2645],[6062,-748],[351,-1332],[-4428,290],[-4256,1447],[-3949,2426],[-10707,-4621],[-5850,-3506],[-20352,-6979],[-8317,-3669],[-5853,-3324],[-7235,-2496],[-1316,-2577],[-13288,-5521],[-4913,-1544],[-19104,-7445],[-8107,-1115],[-3417,-1518],[-6232,-594],[-7469,-3779],[-6137,-1993],[-4045,-2625],[-11603,-1964],[-9438,-2841],[-13887,-1399],[-8783,-3072],[-14379,295],[-11142,1082],[-6999,-1156],[-3135,613],[-9647,4393],[-7539,-193],[-6996,-1401],[-2755,-2057],[-15196,-1059],[-10723,-508],[-25630,48955],[-80260,161132],[-18547,34637],[-35141,65842],[-4766,7030],[-4498,9710],[-16666,31385],[-7702,13423],[-2193,5263],[-11911,21820],[-11798,22380],[1638,2583],[5333,3442],[65693,28503],[28267,12308],[49501,21750],[21750,9745],[52037,-95943],[24693,11373],[6270,2464],[50098,19096],[42861,-80582],[-9390,-4050],[40385,-76698],[7779,-1983],[-334,-814],[27441,-49540],[17123,-31293],[6509,2191],[62345,-121712]]],"transform":{"scale":[2.077843715688427e-7,1.4792411184822597e-7],"translate":[-64.49589075599994,48.40528122100005]}}