{"type":"Topology","objects":{"02015":{"type":"Polygon","arcs":[[0]]}},"arcs":[[[355022,410598],[7805,-14757],[7882,-14388],[1451,-3471],[5097,-8852],[11027,-20696],[2976,-6402],[3154,-4636],[23250,-43417],[12271,-22842],[53105,-106253],[16959,-32282],[-5984,264],[-3979,934],[-2710,2117],[-4357,-3646],[-5427,-1902],[-5191,-2778],[-5470,222],[-2120,-1520],[-8637,-515],[-5014,-1052],[-4615,-1526],[-5084,310],[-3369,622],[-2433,-927],[-8728,-4448],[-6292,-3641],[-2235,-2246],[-4274,-3447],[-6543,-3968],[-6709,-2165],[-4883,-3177],[-15338,-11267],[-3265,-4310],[-1486,-5121],[-3614,-2030],[-4664,-1168],[-796,-1058],[-4451,-3088],[-5035,2154],[1712,393],[3547,-978],[3847,3237],[-8152,9277],[-3002,-2501],[5284,-5799],[-1150,-543],[-5769,6353],[5047,3501],[-583,1112],[1677,2075],[-1761,1894],[-3942,1292],[-2870,-574],[-7174,-452],[-2071,1201],[-7424,191],[-2679,552],[-6631,-1766],[-5709,-2592],[-1056,-982],[-5766,-3995],[-5824,-5242],[-3445,-3953],[-2686,-5223],[-2675,-3658],[-6422,-7540],[-4579,-3132],[-3900,-674],[-5748,-2673],[-1559,-1553],[-3414,-1305],[-3935,-1037],[-7713,-3391],[-3900,-2679],[-5902,532],[-4524,-1648],[-629,-774],[-2580,1996],[-2959,-416],[-5942,-1755],[-2121,-1363],[-3815,-553],[-4659,-1410],[-1556,371],[-7119,-2979],[-4167,-159],[-4886,-2859],[-7963,-5645],[-4800,-2737],[-3011,23],[-9046,-3338],[-6753,-3899],[-12161,-4361],[-1763,-32],[-2902,906],[-3992,-275],[-2867,-657],[-4679,-410],[-4022,-958],[-6274,-2205],[-2347,1198],[-1895,84],[-9793,-586],[-4565,-1652],[-3809,-835],[-3696,-30],[-4412,-808],[-6192,-2003],[-8212,-2042],[-4131,-1782],[-3754,6363],[216,3853],[-4389,2041],[-421,-2333],[-1168,-1667],[-2821,1229],[-2331,2321],[-1697,889],[-2353,-525],[-3347,1578],[-7780,5626],[-1981,4012],[-5117,3752],[-3550,1094],[-2928,2109],[-3257,3266],[-1656,2936],[-1618,1212],[-3306,3585],[-2192,1842],[-2966,303],[-121,-763],[-2636,509],[-2332,2401],[-1302,536],[-509,1554],[-1820,-681],[7426,9655],[539,1037],[18766,25213],[861,1254],[-34105,63915],[38225,18253],[51861,29285],[-90331,171119],[-12833,24567],[89635,31823],[187439,66394],[29434,10442],[25916,-47500],[9512,-17260],[6955,-13803],[818,-1991],[5313,-8847]]],"transform":{"scale":[3.1403765407524536e-7,2.243240006481021e-7],"translate":[-64.6073810339999,48.37554875300003]}}