{"type":"Topology","objects":{"02902":{"type":"Polygon","arcs":[[0]]}},"arcs":[[[499989,499210],[10,-1271],[-215,-53521],[-74,-2044],[-37,-14509],[-76,-20276],[-133,-33812],[-69,-32924],[-266,-35268],[-49,-34092],[-23,-13048],[-4779,-4655],[-1558,-1479],[-3140,-3049],[-8271,-8112],[-1347,-1043],[-3718,-3454],[-4262,-4362],[-941,-1239],[-1255,-1381],[-1378,-1368],[2814,-10983],[-4400,-3195],[-17847,-12930],[-23566,-17117],[-3467,13578],[-10540,41133],[-6558,-6403],[-106,-146],[-18277,-17613],[-12909,-12449],[-11624,-11580],[-5711,-5292],[-12897,-12267],[-7199,-6799],[-8925,-8297],[-4634,-4763],[5489,-19200],[-27,-4],[-7773,-15038],[-10760,-20633],[-21598,-41914],[-10535,-20194],[-10824,-20662],[-7731,-15535],[-17810,33226],[-17327,32268],[-23840,44319],[-25847,47934],[-22259,40185],[-19863,35793],[-22,-3],[-6536,12633],[-11450,22005],[-11561,21551],[-11663,21755],[-11783,21573],[-11673,21468],[-11324,20890],[-11540,21193],[-11783,21382],[-11448,21354],[-8864,16340],[-2667,4903],[-2478,4645],[-2371,4354],[-2760,5111],[-1106,2293],[-828,1075],[123,252],[25086,185],[40508,215],[21996,74],[25465,47],[35005,0],[74,-223],[571,222],[14637,-22],[21376,-60],[19071,-77],[112,-124],[816,120],[8191,-40],[191,20448],[25320,141],[20766,87],[33795,82],[21386,14],[31500,-30],[16919,-42],[21060,-77],[20350,-100],[9338,171],[24150,192],[21289,138],[32982,158],[1983,-185],[5929,-603]]],"transform":{"scale":[0.0000021010603181206314,7.332458904917442e-7],"translate":[-65.50119084199991,48.32836113700006]}}