{"type":"Topology","objects":{"03015":{"type":"Polygon","arcs":[[0]]}},"arcs":[[[473051,407955],[-239,-126998],[8943,-1013],[3796,-185949],[14447,-3143],[-27762,-90852],[-56277,13615],[-96828,21129],[-135237,39969],[15361,121617],[-185978,43135],[-13277,259746],[7288,-252],[12718,-2636],[1708,-977],[12166,-614],[15064,4838],[8155,429],[5145,-1556],[5155,-4070],[3452,-997],[17347,-1155],[7482,-2579],[3461,-3511],[1639,-5526],[6898,-4030],[7595,4902],[6408,448],[4025,-1523],[6808,-5589],[18417,-8610],[19614,-6672],[12150,-139],[5765,909],[8152,426],[5765,971],[13320,363],[10970,-2621],[1731,459],[9231,-567],[11542,-3088],[4562,-3069],[13854,-5609],[19627,-2665],[17329,-685],[24896,744],[9223,-2604],[13191,-9098],[13815,-2143],[12626,-6596],[14951,-5109],[21433,-239],[9222,-2606],[21967,-1722],[13829,-2623],[13355,-4265]]],"transform":{"scale":[1.9674958149917552e-7,1.5033413466826356e-7],"translate":[-65.05879044099993,49.148518378000055]}}