{"type":"Topology","objects":{"03010":{"type":"Polygon","arcs":[[0]]}},"arcs":[[[499999,236533],[-3519,-236533],[-70860,955],[-79286,978],[-131393,1409],[-120214,1060],[-91849,661],[-2861,371229],[-17,675],[66422,-31498],[-5486,-88807],[48301,-29186],[34583,-15428],[20099,-9942],[9916,66340],[-5160,2297],[-1357,135780],[-3193,741],[85,92735],[3864,-2522],[4966,-475],[3507,-1150],[2874,-2273],[15290,-707],[7610,-2322],[3713,-1537],[3924,-828],[7208,-3784],[10510,-2807],[3473,-4082],[4357,282],[2019,-5154],[1414,-2908],[5752,-4899],[5561,-1939],[6167,-4138],[1447,-1859],[5947,-6290],[3086,-1525],[2245,-1866],[6757,-8923],[1859,-1097],[3511,243],[5539,-2291],[6585,-5609],[5953,-3410],[8246,-1648],[1656,-759],[8241,-1300],[2687,-1500],[2454,-2603],[5160,-1960],[2434,-2952],[2065,-1527],[7224,-1611],[4074,-6289],[5135,-3755],[3081,-1178],[4105,-3012],[3100,-784],[5150,-3056],[4317,-470],[2059,-1136],[1007,-2577],[-233,-4730],[1017,-3277],[332,-7676],[818,-3287],[4272,-8075],[4088,-3757],[8034,-2760],[8253,-566],[1834,-2937],[399,-1817],[1826,-4074],[1449,-375],[4127,612],[4598,6094],[2896,1346],[3519,-418],[5323,-4889],[3040,-5508],[5123,-6688],[3876,-6652],[3071,-2275],[2860,-3332],[3242,-7729],[1590,-6967],[1807,-6566],[4460,-9209],[3083,-1532],[1231,-2569],[-1117,-9441],[168,-5106],[1211,-2964],[6755,-5966],[6386,-2705],[3721,985],[3130,4281],[2129,6511],[1674,3216],[1247,-35],[1838,-1497],[1622,-4041],[959,-8393],[2625,-8063],[4864,-8145],[2026,-4416],[3283,-6087]]],"transform":{"scale":[5.508810177621061e-7,2.0587793375590457e-7],"translate":[-65.05617826699994,49.10690920700006]}}