{"type":"Topology","objects":{"03020":{"type":"Polygon","arcs":[[0]]}},"arcs":[[[484201,473296],[9275,-144211],[6523,-329085],[-194386,4282],[-156093,3356],[-121007,5742],[-28513,482106],[1816,615],[9302,1838],[8023,-41],[27379,-2639],[26608,655],[10894,1009],[11256,484],[8032,-1433],[15316,-97],[2844,552],[8058,223],[4014,508],[11706,193],[10825,-2008],[16557,453],[8075,2144],[10039,-601],[12527,2657],[3620,-559],[1988,-2212],[1455,-10501],[2800,-3057],[10363,-6125],[5251,-32],[8476,1851],[4451,517],[2824,2205],[3293,3837],[2861,1347],[17322,727],[5213,-331],[5233,-1952],[5228,498],[11385,6837],[8890,1295],[9247,-322],[5234,-1986],[5981,-3628],[2766,-1106],[5252,-32],[7315,2952],[2419,278],[4822,-1432],[6832,526],[803,544],[8472,-335],[24529,-3214],[7973,-3658],[8858,-329],[2406,-585],[3988,-2507],[2841,-543],[24158,-1303],[3994,-1416],[6402,-873],[2057,832],[12093,193],[13236,-2867],[8599,-236]]],"transform":{"scale":[2.8261367322731055e-7,2.717367674735861e-7],"translate":[-65.19563219899993,49.094954736000034]}}