{"type":"Topology","objects":{"03025":{"type":"Polygon","arcs":[[0]]}},"arcs":[[[399929,499028],[4631,-167274],[94690,-1783],[749,-327223],[-59087,471],[-305680,-3219],[-131581,2341],[-3651,411488],[29333,-662],[395,86831],[322839,-160],[47362,-810]]],"transform":{"scale":[2.3094849389700257e-7,1.4435669871339777e-7],"translate":[-65.53352984299994,48.92682297400006]}}