{"type":"Topology","objects":{"03904":{"type":"Polygon","arcs":[[0]]}},"arcs":[[[360374,499716],[35710,-2836],[37892,-1361],[65541,-2412],[170,-172459],[312,-319479],[-41,-1169],[-69521,544],[-37967,263],[-72358,432],[-60422,290],[-116456,381],[-49019,91],[-56717,53],[-36640,5],[-773,175668],[-85,10452],[31732,-614],[73718,844],[14249,-124],[-180,85844],[-22836,468],[-1116,43881],[76,-57],[27569,373],[110258,51],[-1156,174938],[-72,781],[67894,3105],[52148,2330],[8090,-283]]],"transform":{"scale":[9.576526313052518e-7,5.502719305437924e-7],"translate":[-65.53268666299994,48.82361102800007]}}