{"type":"Topology","objects":{"03902":{"type":"Polygon","arcs":[[0]]}},"arcs":[[[465930,476894],[555,-30107],[-19,11],[52,-15591],[-20999,8320],[261,-11457],[1032,-42412],[718,-31665],[10,-1368],[156,-3072],[526,-637],[2137,435],[1064,-254],[990,-494],[787,-800],[129,-467],[-69,-550],[-1629,-1781],[-129,-315],[-81,-785],[454,-715],[931,-334],[1792,-103],[931,-333],[391,-716],[-16,-869],[-344,-1322],[-220,-1496],[-201,-308],[185,-938],[2062,-2163],[970,-916],[469,-1736],[165,-849],[731,-537],[1325,-82],[1327,87],[961,211],[2114,-234],[1211,223],[785,357],[890,630],[741,799],[705,384],[878,-715],[920,-1127],[462,-318],[897,-1150],[493,-718],[547,-573],[233,-434],[-236,-489],[-929,-371],[-256,-425],[-377,-1050],[-90,-910],[3,-1108],[-218,-1595],[-704,-2142],[245,-1671],[192,-981],[577,-854],[-138,-396],[-722,-755],[-451,-683],[-536,-1071],[-397,-385],[-201,-599],[-166,-827],[-508,-759],[-54,-334],[382,-168],[249,-351],[75,-684],[-59,-1545],[-173,-648],[-10,-902],[172,-672],[-330,-928],[-57,-1147],[-226,-1102],[38,-419],[-1449,960],[-281,-8],[-516,-246],[64,-3630],[344,-16813],[113,-8932],[172,-11567],[104,-8099],[306,-17879],[143,-9361],[131,-5817],[218,-8433],[426,-22542],[230,-11221],[206,-21220],[490,145],[1321,-462],[718,6],[713,-95],[1162,-746],[1129,-11],[1156,594],[1203,858],[947,376],[690,834],[430,1250],[454,683],[808,-805],[680,-406],[985,-118],[4763,-1766],[1154,141],[3940,1476],[1415,1628],[839,906],[1452,1228],[834,1116],[1577,963],[1265,-21],[358,-398],[-53,-4527],[-313,-34712],[-451,-49737],[136,-59305],[-46384,128],[-38407,54],[-30423,9],[-40222,-31],[-29797,-57],[-38796,-117],[-11745,-44],[-236,-15731],[-10106,31],[-1008,-92],[-140,96],[-23531,60],[-44434,62],[-706,-171],[-92,171],[-18564,9],[-24629,-8],[-31422,-37],[-42496,-98],[-34628,-125],[-30953,-142],[-154,-193],[-290,195],[-155,152677],[34937,-33],[27568,-52],[65497,-221],[33982,-167],[27622,-163],[34426,-237],[39099,-315],[23,674],[-46,47877],[-76,78837],[-62,65818],[-72,74116],[-16,17360],[-159,13636],[32062,-156],[22579,-128],[43605,-295],[40190,-323],[21257,-193],[1137,51092],[2160,-2675],[795,-723],[1457,-725],[2475,-121],[592,-248],[862,-807],[6807,-5307],[1385,-1596],[990,-879],[2245,-1459],[464,-714],[49,-1254],[389,-556],[1132,-262],[413,701],[674,536],[597,-12],[2324,-1060],[1668,-106],[731,-254],[923,-721],[2119,-1293],[861,-412],[2938,23],[3511,-2022],[1203,-260],[2521,-830],[92,-69]]],"transform":{"scale":[0.0000017027646295292871,9.531472582945094e-7],"translate":[-65.50195068499994,48.67903369300006]}}