{"type":"Topology","objects":{"04015":{"type":"Polygon","arcs":[[0]]}},"arcs":[[[499999,0],[-124358,75060],[-204694,123358],[-121441,73074],[-23400,92898],[-26106,102128],[1706,602],[52568,6472],[32253,2899],[22976,1288],[13167,-333],[8759,-1641],[14775,-4862],[7667,-4238],[2689,-3879],[1111,-2940],[-16,-12325],[2732,-4542],[10404,-6831],[14179,-4876],[4927,-634],[9339,636],[5433,-1324],[6560,-325],[20820,2914],[10975,1955],[8755,2572],[5441,664],[4412,1267],[3280,345],[6536,3223],[9899,10707],[4369,6180],[10428,10720],[8265,5172],[9292,3556],[80499,16489],[16405,2891],[2754,333],[4528,1346],[2848,-15136],[12849,-66158],[5282,-32474],[12540,-69052],[15527,-86171],[25162,-150340],[7904,-80668]]],"transform":{"scale":[2.0796089992175454e-7,2.3067143934292753e-7],"translate":[-65.85113418499992,49.12365220800006]}}