{"type":"Topology","objects":{"04010":{"type":"Polygon","arcs":[[0]]}},"arcs":[[[495288,482609],[4711,-378000],[-70908,-16737],[-34503,-9399],[-29577,-7913],[-106216,-26248],[-62430,-15490],[-16855,-4467],[-58411,-11401],[-89165,-12954],[-3074,69779],[-9785,130043],[-6040,74541],[-4876,59729],[-2055,28090],[-4996,57228],[-1108,13091],[384,254],[5530,1650],[6390,272],[9352,-867],[1724,857],[4874,266],[2994,-1409],[3187,-2816],[11080,-15092],[2721,-5471],[209,-3903],[1057,-1975],[207,-5624],[1695,-2821],[1512,4796],[1899,1946],[4482,-2251],[5098,545],[8731,3889],[5348,4505],[2546,3629],[228,6723],[-814,5394],[-8219,1396],[19,175],[8165,-1337],[1726,1701],[2758,-309],[5310,-3392],[3204,286],[4895,4178],[14502,13739],[2996,1388],[3831,822],[6596,2232],[2986,1658],[2555,558],[10448,4198],[8519,6134],[7047,3635],[23861,7214],[2988,-301],[1694,-866],[1705,-2249],[3174,-6196],[2747,-2807],[4058,-860],[2325,-1409],[6387,-8174],[2750,-1965],[3418,-11],[12128,3863],[3642,2226],[2976,3071],[4058,5887],[2159,4789],[2342,2772],[5745,3368],[4724,6997],[3410,2212],[5959,1116],[11707,499],[8311,1627],[6403,2786],[3621,1110],[1923,1132],[2762,530],[448,560],[7007,-593],[1505,-573],[11498,-325],[13852,3018],[6592,2490],[5134,231],[6595,-583],[3820,1387],[8106,3601],[6393,250],[5966,1919],[4271,-1124],[5314,235],[3628,837],[4055,248],[8502,-1748],[3204,-1680],[2103,-2842],[1062,-2247],[3611,-4530],[1711,-566],[2338,-1955],[2329,-604],[6630,5015],[6179,1655],[5948,533],[10670,1885],[8741,-56],[5742,-1435],[4673,-2831],[5519,-4820],[4881,-3970],[14922,2438],[7590,368]]],"transform":{"scale":[5.347331454662457e-7,2.6667011934028744e-7],"translate":[-65.76423005599992,49.12365220800006]}}