{"type":"Topology","objects":{"04025":{"type":"Polygon","arcs":[[0]]}},"arcs":[[[499998,91361],[-133194,-26422],[-69077,-15687],[-124351,-27079],[-110891,-22173],[-62485,256032],[91276,19281],[-13825,51051],[-35668,131596],[2382,33],[2565,-370],[1871,109],[12402,1775],[6666,-191],[6500,811],[2820,1106],[2531,357],[8244,-236],[2673,355],[3180,1121],[6228,1790],[2901,564],[2456,1007],[4369,1223],[4214,958],[1609,1301],[2181,1204],[3527,896],[2442,38],[8634,-1006],[6971,122],[4300,-125],[3963,290],[5454,-50],[2381,253],[5008,-360],[1984,-490],[3001,-276],[980,213],[6249,2867],[2188,-36],[1726,759],[50,942],[927,594],[5491,1349],[4669,2858],[2647,490],[1037,644],[1034,-166],[3140,1744],[2640,-320],[2437,602],[2348,983],[3159,690],[3116,-118],[4207,1496],[4760,-247],[3160,14],[3519,-670],[4560,1],[12856,-1268],[3083,-90],[4139,203],[9579,1983],[3048,1312],[6721,1529],[10205,859],[1200,287],[6947,2411],[1845,271],[6426,-2],[3714,-353],[4400,-967],[5455,-27],[8994,1029],[22805,2234],[5907,1039],[3520,1127],[0,-503],[5693,1059],[8628,473],[8030,1559],[7744,906],[2434,70],[15320,-92925],[-8977,-913],[11161,-43006],[46175,7329],[53662,-279123]]],"transform":{"scale":[3.8263455526911045e-7,3.3352978305958856e-7],"translate":[-66.13397131099993,49.05908257600004]}}