{"type":"Topology","objects":{"04020":{"type":"Polygon","arcs":[[0]]}},"arcs":[[[499999,120306],[-127789,-37306],[-120632,-35819],[-158195,-47181],[-42706,328470],[-36749,-8624],[-8882,50611],[7145,1075],[-12191,109353],[23850,1015],[10421,2646],[5449,1856],[10154,2126],[7331,288],[9475,-1302],[7821,-550],[4254,-768],[5696,-261],[5904,-1331],[4255,25],[2383,1310],[5916,1587],[10648,270],[4972,-801],[9236,-238],[9714,-788],[18917,1571],[2848,1869],[3543,-7],[1895,-1062],[6630,-5812],[7335,-4735],[1900,-2108],[2837,-8482],[3088,-4217],[3539,-2390],[3798,-791],[4734,1059],[1409,537],[8535,1061],[4716,1595],[8750,5547],[8771,5005],[4264,3165],[3793,1842],[5901,3709],[18472,7126],[12543,4210],[8036,5338],[11292,-83121],[10121,-75608],[120828,-136909],[74025,-84055]]],"transform":{"scale":[4.80798983597898e-7,2.8342024884054195e-7],"translate":[-65.98755295399991,49.089554676000034]}}