{"type":"Topology","objects":{"04030":{"type":"Polygon","arcs":[[0]]}},"arcs":[[[473480,65553],[-60332,-12817],[-160266,-52736],[-67012,130736],[-31077,60529],[12414,4113],[-19967,36899],[19992,5711],[-108810,87611],[-57145,45942],[8433,1548],[-9710,39385],[6707,478],[6554,1737],[3502,1413],[5591,1585],[5504,462],[4290,599],[4741,354],[8169,900],[3875,916],[7228,1947],[4187,524],[8547,2628],[8074,2385],[8527,2193],[1316,603],[10799,6940],[4250,1877],[3561,1231],[3557,437],[5523,127],[3537,1410],[2730,462],[5843,1268],[2606,1309],[4150,1137],[2728,1765],[2281,-652],[4441,950],[1327,115],[2414,751],[6336,2611],[2066,351],[3007,18],[4162,1365],[2852,1584],[222,1222],[1363,883],[8878,-252],[4532,768],[2662,-306],[2580,55],[3788,404],[3031,527],[4284,-249],[5343,-946],[3338,699],[2554,875],[2152,1499],[2423,903],[3067,553],[11868,787],[4503,844],[5867,344],[4690,-31],[5810,549],[6933,1236],[4906,985],[3131,1881],[1974,-186],[7575,2215],[6004,1131],[4214,1006],[1556,748],[3122,2366],[1527,827],[6451,838],[9805,407],[5806,1164],[4212,1643],[9909,3270],[4002,1420],[2635,486],[1840,-207],[2009,-1517],[2043,-2208],[-522,-1878],[-1786,-1408],[0,-690],[2295,1674],[1322,2060],[7986,382],[4949,495],[6995,1102],[7889,461],[6431,1068],[3986,394],[5500,250],[3160,420],[2728,1045],[6115,1332],[5964,951],[2952,221],[6462,1013],[12295,1303],[2778,710],[9958,834],[3629,1198],[2216,1368],[6609,1954],[4438,816],[2470,37],[32853,-124839],[12736,-48431],[-84075,-18292],[57556,-242884]]],"transform":{"scale":[4.1540899281793444e-7,3.5158318716637934e-7],"translate":[-66.30674976199992,49.036034992000054]}}