{"type":"Topology","objects":{"04904":{"type":"Polygon","arcs":[[0]]}},"arcs":[[[499999,238137],[-65449,-33113],[-48790,-24613],[-19395,-10358],[-181027,-92407],[-121179,-62008],[-33673,-15638],[-30486,30710],[2528,1559],[1679,1907],[561,12228],[722,2166],[4834,431],[2166,1432],[2918,3367],[3374,5733],[2439,2845],[4591,3815],[7501,3075],[13985,4494],[3615,2154],[2941,2867],[1699,3826],[470,4054],[-664,6008],[-2423,266],[-2584,2611],[-1724,2930],[-3597,9859],[312,7666],[3607,5727],[4394,3590],[3387,3545],[2424,4801],[-238,3615],[-1409,3114],[-740,3592],[-1890,3856],[-4561,4821],[255,4559],[2204,6459],[4888,10985],[-238,4805],[-3823,10095],[-3576,5519],[-1688,4120],[743,2857],[3872,5487],[4602,244],[986,701],[476,1674],[-709,3361],[-5034,10823],[-3102,3356],[-6259,3642],[-715,1902],[2437,6491],[517,4283],[721,2166],[-232,5035],[749,4315],[2927,8625],[-223,4075],[-3552,8897],[-1216,1918],[-946,3138],[-223,4074],[5336,4024],[712,3125],[-196,6225],[-5719,12532],[-5765,6008],[-4819,4098],[-738,2402],[994,968],[5055,2380],[1001,1160],[1714,9353],[-210,5763],[-2619,5299],[-719,4321],[3684,9331],[4080,3333],[-2115,4093],[-7239,4593],[-4335,4813],[-959,4059],[-4999,9632],[-972,3599],[2232,12445],[-459,2663],[-1673,2160],[1425,3660],[4168,4],[16379,-14727],[60035,29917],[100931,52968],[25935,13527],[117530,-113864],[117377,-115107],[0,-118],[12505,-14451],[16354,-13539],[1930,-4782]]],"transform":{"scale":[3.538682577365336e-7,2.343890227780657e-7],"translate":[-66.71686490999991,48.90199870300006]}}