{"type":"Topology","objects":{"04902":{"type":"Polygon","arcs":[[0]]}},"arcs":[[[499762,443628],[-5354,-321],[24,-362],[411,-80830],[-39074,-23],[-9770,-172],[-27,26],[-4047,97],[-27592,20],[-34,-10525],[-2507,80],[313,-49877],[32,-5327],[272,-80672],[11070,0],[55,-68843],[43,-53350],[-17859,-10388],[-23775,-13179],[-15983,-8886],[-21573,-12181],[-31853,-18048],[-25483,-14497],[-29035,-16370],[-15277,24589],[-21207,31713],[-21829,32565],[-13797,20794],[-14724,22155],[-10818,16250],[-14553,21828],[-18788,28125],[-17082,25517],[-17685,26360],[-11447,17033],[-22291,33103],[-13140,19468],[-4891,7253],[-1118,728],[-252,941],[-2141,2665],[-1639,2843],[0,23],[-15370,22656],[-15385,22402],[-4582,7451],[13424,4127],[208,210],[23029,8243],[13924,5380],[-3588,22100],[17141,5943],[5354,-34216],[11262,16903],[-2762,4004],[3767,2277],[10901,6689],[13111,8259],[5681,3589],[3035,-10360],[820,587],[5289,-19632],[10192,-37902],[6088,3706],[27657,16791],[24637,15569],[9275,3783],[15702,6210],[17607,7585],[9781,4393],[18859,7399],[29127,11620],[20483,8134],[22737,8878],[17643,2901],[11559,2553],[3334,999],[12354,3470],[21018,5877],[5853,1771],[6827,2105],[14032,3747],[10713,2138],[20783,4124],[18410,3583],[6777,-2639],[17954,-6981],[-236,-46751]]],"transform":{"scale":[0.000002702306314612564,0.0000011909248618497638],"translate":[-66.6463209539999,48.56781033400006]}}