{"type":"Topology","objects":{"05010":{"type":"Polygon","arcs":[[0]]}},"arcs":[[[166575,499939],[32784,-39496],[38149,-51717],[38803,-48998],[37752,-49470],[38309,-49643],[40046,-53235],[40735,-52525],[40582,-50649],[20767,-25470],[5497,-8309],[-2639,-1122],[-3902,-1004],[-1259,-987],[-4031,72],[-4719,1025],[-5629,1010],[-3975,-240],[-2021,-376],[-3110,-1274],[-2232,-466],[-12554,-1268],[-1948,-1085],[-7709,-3231],[-4987,-1934],[-3000,-789],[-3735,-1913],[-4022,-1177],[-5332,-1997],[-7453,-982],[-4559,-789],[-4886,-3353],[-4031,-2058],[-1919,-1766],[-3371,-4405],[-4660,-4655],[-860,-2287],[-1137,-758],[-6033,-2833],[-7061,-2083],[-3350,-1708],[-2571,1460],[-719,1664],[-1662,397],[-990,919],[-2931,716],[-2946,61],[-4428,-817],[-2730,1116],[-6584,-1025],[-3596,-2023],[-3890,-1234],[-3575,-2562],[-5452,-2200],[-5012,-3412],[-3437,-3808],[-2192,-1404],[-3635,-4268],[-1407,-506],[-3038,-2952],[-1718,-343],[-8336,-5773],[-21538,23448],[-12005,14873],[-16693,20185],[-5056,-1998],[-15336,18119],[-8500,10210],[-5920,8244],[-9865,14170],[-830,1038],[40536,13071],[-30532,40885],[-415,1610],[842,585],[6247,2056],[-12052,15313],[-22488,28240],[-4438,5658],[-17126,22242],[-21809,28209],[-15498,19628],[-7908,9809],[-13049,16697],[-10027,13244],[-14716,18993],[-5043,6806],[-21421,25364],[-27161,34343],[-10143,13303],[-21082,27453],[125821,36498],[40346,11703],[408,-60]]],"transform":{"scale":[3.1015931231855523e-7,3.1682054364113656e-7],"translate":[-65.18692994099989,48.08394201400006]}}