{"type":"Topology","objects":{"05015":{"type":"Polygon","arcs":[[0]]}},"arcs":[[[499999,44310],[-3219,-1313],[-2445,-1902],[-10060,-6670],[-2855,-2138],[-3380,-916],[-10621,-6622],[-1893,-662],[-2888,-336],[-2006,-1265],[-3360,-313],[-8182,-1426],[-1510,232],[-4857,-339],[-6418,-2085],[-8728,-5961],[-2287,-2273],[464,-937],[-1594,-1057],[694,1242],[-551,794],[3213,4608],[-4861,806],[-5258,228],[-4624,-1339],[-6574,-2804],[-4765,-2399],[-7297,-5423],[-2718,-1019],[-4060,-3021],[-19597,22122],[-28310,32833],[-3105,-1152],[-3228,3841],[-19931,24699],[-29542,37414],[-2618,-797],[-34015,42297],[-27623,34205],[-7025,8195],[-148517,173732],[-63848,76385],[10152,2784],[125676,33643],[36201,9798],[22818,-27689],[10978,-13417],[29398,-34641],[23183,-25582],[5458,-6865],[15928,-19156],[10851,-13359],[14124,-16840],[8559,-9894],[16774,-19796],[23604,-28452],[18535,-22435],[4803,-5704],[24339,-28484],[13045,-15446],[-6760,-2075],[-912,-588],[448,-1625],[33045,-41237],[-43873,-13183],[899,-1046],[10678,-14292],[6407,-8314],[9199,-10299],[16599,-18275],[5472,2014],[18068,-20357],[12992,-15004],[23311,-23648]]],"transform":{"scale":[2.865697611395663e-7,3.141155482310482e-7],"translate":[-65.23622831599994,48.07002368600007]}}