{"type":"Topology","objects":{"05025":{"type":"Polygon","arcs":[[0]]}},"arcs":[[[450933,322231],[-2834,-435],[-244363,-53481],[21881,-18026],[65563,-55327],[2366,496],[30318,-27718],[36174,-30811],[73839,-59704],[38480,-28832],[27642,-20665],[-3662,-541],[-843,-655],[-3287,482],[-1120,828],[-2306,-26],[-1986,520],[-4647,-402],[-4613,-871],[-7792,-241],[-1962,-717],[-12343,-2029],[-3174,-311],[-6680,-54],[-5501,-859],[-19436,-2090],[-10069,-1556],[-9274,-1919],[-7308,-2095],[-5626,82],[-5716,-292],[-8371,-1288],[-5665,-1034],[-2247,-894],[-3760,-368],[-8021,-320],[-1446,-463],[-5080,-111],[-3230,-336],[-1187,-806],[-1166,630],[-1756,-269],[-5729,-119],[-3728,898],[-4513,243],[-3519,-414],[-7035,-1771],[-5366,-237],[-11953,-2474],[-3159,-508],[-4178,-1165],[-5476,-1206],[-11272,-2970],[-31426,52864],[-7278,12448],[-12917,21569],[-4978,8609],[-4821,8067],[-15657,26812],[-23767,40262],[-5779,8971],[-14949,26690],[-41139,69052],[28,35],[-16902,29294],[-74723,121199],[-20489,33240],[45360,7834],[67450,11323],[117910,21730],[80663,-66060],[139550,-111708]]],"transform":{"scale":[2.268310696621686e-7,3.6321326442649953e-7],"translate":[-65.28856309499992,48.03095522700005]}}