{"type":"Topology","objects":{"05020":{"type":"Polygon","arcs":[[0]]}},"arcs":[[[499999,135821],[-6914,-5769],[-2803,-3168],[-4399,-3409],[-4368,-5720],[-2950,-6867],[-1815,-2012],[331,-4196],[-1257,-3178],[-3170,-4056],[-4819,-4386],[-2807,-7621],[-1553,-1334],[-601,-2281],[-6367,-1349],[-3022,-1910],[-2258,-2359],[-5353,-3932],[-5477,-3600],[-4400,-3326],[-10470,-4963],[-8242,-209],[-6874,-3000],[-6670,-3876],[-4871,-1487],[-5294,-2377],[-5662,-1798],[-1536,-1753],[-3472,-619],[-3848,-2727],[-2376,-804],[-9134,-5315],[-5046,-1407],[-2521,-1480],[-2766,-2536],[-5777,-1758],[-5879,-3526],[-2935,-2666],[-1965,-1007],[-4796,-434],[-2532,-1187],[-749,-1403],[-5957,-2981],[-5270,-4480],[-5689,-2470],[-2627,-223],[-5159,-2880],[-5970,-1133],[-2078,-1092],[-4527,31],[-3732,-2724],[-646,-1064],[-4052,384],[-26765,35055],[-37261,48915],[-71499,101285],[-35029,52271],[-29356,47023],[-2292,-844],[-63486,93862],[-21187,30583],[236622,90727],[2742,737],[46559,-65382],[8595,-12024],[33792,-50183],[41611,-62056],[3202,1168],[36141,-54890],[24382,-36237],[3949,-5636],[3798,1689],[34633,-48171],[23973,-32455]]],"transform":{"scale":[2.3425332650664372e-7,2.1409924219843798e-7],"translate":[-65.2423494169999,48.040944523000064]}}