{"type":"Topology","objects":{"05032":{"type":"Polygon","arcs":[[0]]}},"arcs":[[[499999,44276],[-10077,-3142],[-7820,-3123],[-2215,-1552],[1226,-1412],[-2737,2057],[-6320,-1039],[-5558,-563],[-4291,-939],[-7329,-2847],[-6295,-3055],[-4351,-2562],[-6696,-4708],[-6276,-5884],[-1928,-1597],[-4977,-5005],[-4421,-3180],[-3150,-1934],[-6440,-3400],[-3875,-370],[-1918,2460],[-4785,3947],[-7289,4186],[-5597,2536],[-3224,868],[-6263,-3522],[-8788,-431],[-3466,1111],[759,476],[3094,-623],[7095,409],[4250,2342],[-8523,3186],[3120,1514],[-5737,1255],[-276,735],[-4130,71],[-3893,-6813],[-729,-944],[-224,-3371],[-1632,742],[-351,1002],[5296,9486],[-2565,1148],[-3196,451],[-3051,822],[-5319,915],[-3575,226],[-10360,211],[-9486,-146],[-8241,-1015],[-5342,-1250],[-3092,-235],[-1978,-837],[-2743,-404],[-3658,-1892],[-2699,-207],[-3106,796],[-7879,318],[-12144,-133],[-14449,-1120],[-4465,-845],[-4600,-501],[-6991,-1098],[-5626,-1229],[-12894,-2380],[-9943,-1703],[-9093,-1294],[-5890,10317],[-10491,18669],[6670,837],[-31490,55098],[-24795,40247],[-43603,75691],[-9306,15301],[-8260,-332],[-11509,21591],[4520,547],[-16760,26499],[-10121,-784],[-17083,29453],[4788,280],[-14466,27628],[-6729,-426],[-12238,26386],[111161,5184],[-51841,90130],[-19610,35400],[53087,3592],[-14,27],[82353,5123],[27982,1410],[34193,2890],[19588,-32995],[71429,-120303],[16156,-29078],[-24,-34],[39324,-68545],[14292,-26491],[5523,-8905],[22719,-39965],[14967,-26614],[4610,-8008],[4758,-8546],[12347,-21410],[6957,-12356],[30042,-52473]]],"transform":{"scale":[2.3728784657580413e-7,3.659140918281059e-7],"translate":[-65.34487435499994,48.01475408300007]}}