{"type":"Topology","objects":{"05040":{"type":"Polygon","arcs":[[0]]}},"arcs":[[[499998,70923],[-9390,-1268],[-6473,-2282],[-3967,-358],[-11578,-2822],[-8602,-3241],[-7928,-3468],[-9637,-3024],[-10024,-5146],[-1003,-1815],[-4452,-249],[-2723,-1171],[-4369,-3438],[-5277,-3376],[-4696,-5518],[-3003,-4250],[1858,-3712],[2825,-1101],[-2547,268],[-2632,-3124],[-7470,-4219],[-7122,-6524],[-2972,-2293],[-6196,-1720],[-6833,-974],[-4790,-2091],[-10771,-573],[-8441,-1406],[-8051,-719],[-10998,458],[-19857,-1077],[-2623,-690],[-4740,781],[-4793,1899],[-10377,2665],[-31586,3472],[-6357,471],[-20195,-249],[-5652,-432],[-3039,-780],[-9195,-746],[-9904,240],[-11880,-82],[-3339,450],[-8446,29],[-7095,-504],[-11762,-1316],[-9929,-482],[-10762,-71],[-16090,44469],[20131,982],[-20146,60622],[-24889,69090],[-4977,811],[-1036,3306],[-10162,30443],[-5277,-605],[-17056,40946],[5730,518],[-11563,33678],[-5721,-594],[-20159,48987],[5810,1487],[-18470,46896],[-3924,-440],[-13406,35912],[3507,335],[43084,4927],[56916,5627],[26122,2789],[-18732,41858],[6152,582],[75764,7838],[47694,4894],[46912,3506],[51468,5790],[17892,-42994],[-4823,-887],[12285,-35031],[8817,537],[9935,-24823],[46549,-122803],[26470,-65296],[33618,-89393],[-7119,-1358],[11200,-30288],[6287,-16740]]],"transform":{"scale":[2.2227060654118562e-7,2.2553558907111922e-7],"translate":[-65.40694678599993,48.00213983700007]}}