{"type":"Topology","objects":{"05055":{"type":"Polygon","arcs":[[0]]}},"arcs":[[[499999,430137],[-19913,-35936],[-3715,-5924],[-30723,-50451],[-3201,-4684],[-22660,-55890],[13652,-4405],[-55756,-63719],[-1177,-1499],[-21935,-35210],[-3651,-4306],[7665,-5444],[3681,-1491],[-37460,-55745],[9517,-2131],[-9549,-81950],[-1489,-9519],[-13401,2539],[-8624,-314],[-3630,-2135],[-28,-3257],[3119,-3998],[423,-3593],[-1323,-1075],[-4537,10],[-9953,3994],[-8581,2595],[-18978,8010],[-14011,2972],[-7232,374],[-2725,1100],[-7226,1503],[-10403,375],[-7659,4010],[-17183,2974],[-7289,370],[-39343,8506],[-12647,401],[-5425,2893],[-10407,417],[-2727,1099],[-9915,6899],[-8138,3644],[-21685,5888],[-13601,2197],[-38855,10979],[-6783,35],[-5027,-1394],[-2241,-17],[-7250,1570],[6165,19131],[-139,2793],[2869,5678],[22555,69946],[-11743,5997],[80370,123018],[16305,30492],[18241,32034],[56223,-17318],[29901,56964],[5733,-1312],[33436,54933],[28249,46239],[59693,-19338],[209,-185],[140139,-46010],[11793,-4329]]],"transform":{"scale":[2.455467610934993e-7,2.0728534257060696e-7],"translate":[-65.61582543299994,48.06477195600007]}}