{"type":"Topology","objects":{"05050":{"type":"Polygon","arcs":[[0]]}},"arcs":[[[499999,294319],[-11523,-3052],[-9429,-1493],[-27750,-5412],[5,-29],[-17888,-3795],[6608,-37404],[17469,-95237],[-37458,-5479],[4124,-27881],[2267,450],[4875,-29193],[-1613,-295],[5751,-31087],[-12830,-2976],[-14806,-2283],[-15055,-3189],[-23914,-5105],[-1941,-379],[5911,-27262],[-8244,-1816],[-17964,-3664],[-13600,-3208],[-22955,-4530],[-233,1272],[-6948,34162],[-14210,-2614],[-425,-560],[-2528,-343],[-6836,-1387],[-7882,-1536],[-4229,-1118],[-2531,-266],[-7752,-2157],[-2996,-330],[-1825,3857],[-1194,1795],[-4702,4849],[-1948,2206],[-2193,3990],[-1065,4350],[-795,4790],[-311,5106],[-68,8411],[-475,6757],[-1031,4845],[-1109,3191],[-3091,6886],[-1096,3845],[-1094,5254],[-496,4715],[-834,4411],[-1416,4832],[-850,4277],[-1753,4780],[-3507,7497],[-447,2731],[-48,3467],[925,3105],[63,2496],[-544,3007],[-1232,6061],[130,4845],[-265,2550],[-1318,2093],[-1121,1143],[-2890,3325],[-1337,1706],[-2134,3848],[-6897,4349],[-48865,27541],[-73,110],[-20815,11574],[5657,18606],[9504,30136],[-2159,4200],[-3526,445],[-19954,-3315],[-6007,572],[-3665,3331],[-3038,5036],[-2575,9073],[-2194,13575],[-801,17890],[653,10317],[262,6965],[-2574,6006],[-4896,2607],[-7985,-1996],[-6794,-1148],[-2598,2380],[-1110,7937],[1185,4387],[5707,3460],[4850,5788],[3930,3167],[2048,3978],[-104,5364],[-5046,10908],[-323,4454],[1867,5072],[3537,3611],[5012,3666],[678,7080],[-580,7676],[1054,3738],[-16356,8603],[-89407,47882],[9901,28830],[72586,-37453],[54034,-26587],[23439,-12741],[32325,-15564],[26971,-12693],[50924,-23828],[-13606,-42411],[73260,15788],[35209,7473],[64297,14417],[48223,8749],[13093,-47053],[9343,-33777]]],"transform":{"scale":[7.04198368396727e-7,3.4629354258713957e-7],"translate":[-65.64066157499991,48.095789945000035]}}