{"type":"Topology","objects":{"05060":{"type":"Polygon","arcs":[[0]]}},"arcs":[[[499998,288175],[-11427,-31934],[-10215,-30394],[-50354,-122631],[7357,-5976],[-14132,-69726],[-1797,-5660],[87,-2785],[-3863,-19069],[-6495,4969],[-6255,3280],[-5645,4734],[-14708,18103],[-13575,9063],[-28046,15660],[-3115,1077],[-6222,3278],[-5112,1466],[-6792,3987],[-6525,5472],[-13319,8333],[-8502,2571],[-2832,3251],[-8229,5091],[-11606,5809],[-3097,2893],[-2860,1822],[-5093,728],[-3991,-694],[-4247,1111],[-3092,3974],[-1424,717],[-6837,-690],[-3395,2533],[-3676,3991],[-6246,4008],[-3116,1075],[-9048,6177],[-6219,5436],[-8505,5077],[-3972,1079],[-7679,3640],[-5389,1491],[-14447,5458],[-7110,2886],[-853,1086],[-848,-339],[-32615,16326],[-5954,772],[-5386,2527],[-1999,387],[-11348,3644],[-1984,1080],[-13343,2558],[-1118,728],[-8524,740],[-5115,-2133],[-8793,-658],[-2843,1084],[-11353,2558],[-5404,751],[-7650,2508],[-11101,-288],[-1693,-726],[-10517,-349],[-8508,2556],[-2284,-120],[52546,152404],[31845,89203],[26950,-14798],[29930,89642],[70851,-42916],[7246,20939],[58897,-31619],[-14744,-35096],[-2279,-10403],[24146,-11545],[23844,-11269],[193,-152],[19000,-8388],[39161,-19289],[31764,-14944],[24399,-11674],[20507,-11135],[41955,-17210],[13787,-7123]]],"transform":{"scale":[3.919170118340374e-7,2.079421898843851e-7],"translate":[-65.77872730599995,48.079573140000036]}}