{"type":"Topology","objects":{"05065":{"type":"Polygon","arcs":[[0]]}},"arcs":[[[471749,132101],[-18576,-39426],[-21501,-45796],[-3723,1105],[-19427,-47984],[-35497,14153],[-15329,6453],[-43507,14544],[-21265,9409],[-25301,9864],[-32939,12629],[-40608,16300],[-19702,7088],[-203,128],[-24725,9523],[-25039,9755],[2365,8792],[15287,29657],[-61074,26720],[-7513,-17694],[-73472,36264],[28982,70682],[-4749,2244],[29640,68879],[-2671,1195],[32635,76755],[2671,-1197],[25621,56860],[77924,-32538],[28839,63534],[166511,-67350],[30474,-12106],[-1963,-5262],[1083,-10801],[-1267,-9964],[-9334,-5161],[-6591,-5080],[-3480,-7138],[599,-6267],[9404,-15353],[195,-7547],[-3818,-5597],[-7320,-4456],[-9040,-8146],[-10630,-4869],[-2209,-6174],[2068,-11170],[4838,-3349],[12661,1615],[14880,2808],[9119,-3668],[4796,-8452],[-486,-9803],[-1217,-14518],[1492,-25176],[4088,-19104],[4800,-12767],[5660,-7086],[6827,-4687],[11193,-806],[37178,4663],[6572,-623],[4024,-5913],[-17711,-42409],[-10539,-26182]]],"transform":{"scale":[3.779407978815732e-7,2.4607576815159226e-7],"translate":[-65.72336079899992,48.13590731600004]}}