{"type":"Topology","objects":{"05077":{"type":"Polygon","arcs":[[0]]}},"arcs":[[[499999,352521],[-19070,-68172],[-56450,-202118],[-3613,1848],[-20939,-76263],[-5658,3993],[-1786,1098],[-6410,4453],[-2195,-7880],[-34828,23234],[-1185,-4483],[-3902,-7467],[-2788,-11254],[-389,-6214],[-5848,-3296],[-45166,27821],[7378,36845],[-1386,532],[-20213,9350],[-2816,-10506],[-17762,8970],[-3697,-14047],[-41813,31342],[-2171,1710],[-7302,12363],[-8185,13526],[-15764,26571],[-483,916],[-23373,36626],[-15204,26872],[-6765,11662],[-2374,4330],[-8705,14960],[-7081,-10735],[-6301,-9437],[-45,15863],[349,18351],[204,28072],[-11493,543],[-11482,239],[-39065,1802],[-19238,1282],[-19144,923],[-5841,438],[1455,36775],[1382,37193],[2667,67386],[1778,-421],[1899,654],[9759,5520],[10201,4325],[2554,3391],[8814,500],[5315,780],[3985,2210],[2521,178],[4962,-3980],[1922,-296],[2184,-1188],[6248,-9021],[1766,-943],[1487,203],[5627,4883],[2504,398],[4096,-1886],[2200,-2357],[577,-1385],[2348,-1162],[1749,-1637],[1976,-44],[6187,3716],[8819,-163],[8996,1140],[12496,-2758],[5522,3427],[2055,-4431],[3787,-2855],[12540,1798],[4116,809],[2943,1063],[1353,1341],[1056,3622],[-413,3236],[3098,616],[1322,-738],[2187,-59],[2964,878],[3625,1898],[9341,-6768],[2916,-4568],[986,-2714],[1950,-2729],[2722,-1551],[6438,-3334],[5258,-6068],[1356,-612],[3513,-299],[4081,3349],[3907,1840],[6629,1202],[3712,2120],[3314,3958],[370,1192],[2341,3351],[1766,908],[1953,1834],[2,912],[-6839,10939],[-4376,9888],[7242,7969],[2106,2644],[3871,-6437],[-253,-3996],[7173,-468],[-138,-5904],[3767,-355],[2098,-4397],[4626,6771],[14018,20949],[20205,30573],[29012,-20404],[16735,-11509],[16980,-11968],[33884,-24195],[34425,-24484],[34039,-24051],[34542,-24024],[9698,-6843]]],"transform":{"scale":[5.732149824300011e-7,2.4655810711626784e-7],"translate":[-66.10009818199995,48.20502995000003]}}