{"type":"Topology","objects":{"06005":{"type":"Polygon","arcs":[[0]]}},"arcs":[[[499998,274803],[-2123,-20780],[-5389,-22917],[-15363,12655],[1893,1227],[2128,3447],[6801,6119],[-78498,27993],[1580,4651],[-17861,6830],[-1944,-4285],[-7689,2948],[-7505,3325],[39725,-33472],[12178,-18856],[1755,-3883],[-3926,1726],[-10256,9843],[-3333,1163],[-3934,-282],[-4531,-1728],[-5432,-1171],[-4264,-2031],[-4246,-4324],[-2420,-5195],[-3009,-2335],[-3336,296],[-3019,-284],[-5458,-2319],[-5126,-569],[-4832,1177],[-4534,3761],[-2425,-1444],[-930,-3197],[1809,-3164],[301,-2039],[-1501,-1722],[-2726,-309],[-1219,-566],[-3609,-3746],[-1517,-4919],[292,-894],[-285,-2893],[-1817,-2012],[-2119,-877],[-3944,29],[-3617,-897],[-4548,-4894],[-4847,-2020],[-5118,-4356],[-1525,-2002],[-307,-3208],[1518,-1438],[3335,-295],[6345,2910],[1815,275],[897,-1426],[-3326,-3493],[-599,-1447],[609,-6926],[-2742,-2603],[-3007,-563],[-6361,-6071],[-1829,-2602],[-3022,-2892],[-20247,-17354],[-16345,-12731],[-14494,-12419],[-5138,-3770],[-5165,-4917],[-9073,-3847],[-1940,-389],[-9425,-9854],[551,-690],[-4607,-4753],[-14245,-15490],[-3070,-3674],[-5865,-6036],[-13226,-20114],[-5935,-9544],[-6751,-9028],[-5354,-7828],[-3012,-4997],[-2663,-5427],[-1969,-3575],[-4579,-7648],[-756,-1747],[-15117,11302],[-107177,80197],[-7923,5996],[-2030,1873],[-95,1094],[-2185,295],[-24176,18295],[3516,82661],[6265,165182],[42710,38739],[29352,27519],[29006,26402],[3840,3607],[19737,17601],[20813,19236],[13540,-14242],[3693,-4122],[10525,-11103],[23649,-25584],[36353,-34868],[752,-871],[24520,-25296],[12729,-12877],[11359,-11769],[3378,-1630],[65036,-29837],[5751,13373],[27626,-8540],[4382,10002],[31441,-8900],[2155,-508],[-11478,-35076],[70255,-26488],[9093,3140]]],"transform":{"scale":[3.685252950505802e-7,2.5898531597056107e-7],"translate":[-66.08901708999991,48.13467291400007]}}