{"type":"Topology","objects":{"06025":{"type":"Polygon","arcs":[[0]]}},"arcs":[[[481159,164442],[-11778,2186],[-13524,1305],[-16414,308],[-32193,-721],[-28935,-796],[-18726,-736],[-14102,-3078],[-23977,-2075],[-31537,-1230],[-15703,-1489],[-19677,-2271],[-17478,-3060],[-14864,-3831],[-25087,-8564],[-15586,-7308],[-11616,-5335],[-8193,-8093],[-7374,-11269],[-8575,-14909],[-10218,-20854],[-17053,-25611],[-6644,-7796],[-8494,-5693],[-8772,-3642],[-27522,-8122],[-67117,-21758],[1217,79793],[1733,6675],[277,43044],[-545,2346],[-471,13009],[522,34270],[3564,139862],[3446,147121],[671,33879],[43029,-637],[41740,-160],[28276,-1365],[32288,-1711],[22725,-889],[9060,1402],[38118,-14601],[62531,-23089],[63314,-24081],[41344,-16487],[-6538,-13775],[-3734,-6857],[-7396,-12922],[-2990,-838],[-2791,-1730],[9218,-20255],[8671,-20059],[20575,-43762],[14771,-1780],[25559,-2624],[25738,-2075],[26077,-1647],[-8417,-59180],[-10423,-66435]]],"transform":{"scale":[3.861188162376323e-7,3.040945021889522e-7],"translate":[-66.56805678799992,48.03817807400008]}}