{"type":"Topology","objects":{"06030":{"type":"MultiPolygon","arcs":[[[0]],[[1]]]}},"arcs":[[[286136,32118],[2736,-19719],[-4853,625],[-5937,-2830],[-7949,-4668],[-8060,-4961],[-3880,-565],[-19181,48388],[3755,3701],[24732,3804],[1510,2212],[162,21],[11779,13401],[3900,-30149],[1286,-9260]],[[496643,311718],[-702,-37289],[-1810,-88363],[-265,-21653],[239,-8219],[277,-1483],[-140,-27195],[-881,-4218],[-618,-50413],[-67663,-26746],[-17241,-6708],[-57795,-20513],[-146,-73],[-4849,5356],[-6521,3567],[-2014,1254],[-2277,1174],[-10879,5787],[-380,311],[-3911,2111],[-29889,16322],[12263,28678],[-21943,53007],[10389,12463],[-6534,18575],[-23895,62041],[-78536,-39059],[3553,-7358],[28736,-70840],[-1086,-1212],[-654,-1344],[-612,-3646],[-232,-777],[-947,-1094],[-410,-98],[-503,-977],[304,-1167],[-1181,-1255],[-2,-691],[398,-1582],[-147,-221],[-2789,-1335],[-1729,-1947],[-2191,-1337],[-621,-149],[-1362,566],[-1027,-139],[65,-2169],[-502,-939],[-136,-1715],[-442,-734],[-2618,-2165],[-910,-347],[-1690,-1162],[-2590,-1157],[-1472,-235],[-1565,-457],[-2557,-1213],[-595,-524],[-448,-885],[317,-2608],[277,-849],[-1755,-321],[-2130,832],[-1486,1203],[-1806,448],[-503,295],[-1232,168],[-3039,1120],[-743,-54],[-10809,3524],[-933,1578],[194,667],[-1668,1602],[-148,1107],[634,-94],[-83,882],[-1458,268],[-247,1969],[-962,1656],[-1587,1393],[-704,1404],[159,1341],[-800,399],[-442,685],[962,944],[-70,732],[320,756],[-892,962],[-514,1249],[186,1676],[-645,319],[107,688],[1213,1124],[669,1270],[1080,771],[350,531],[-321,1188],[279,553],[772,500],[-437,835],[-855,999],[-660,393],[-851,1037],[-54027,-23064],[-10660,28186],[-40972,108063],[-12176,31056],[42793,17027],[-23352,25246],[-54305,61989],[46719,40522],[7269,-8845],[18236,-19882],[17736,-22503],[22773,-31523],[9453,-13500],[6722,-10887],[9942,4143],[-5806,10487],[78799,44790],[41415,20906],[56505,28470],[63767,31825],[33745,16812],[86738,42833],[5985,2579],[-749,-34732],[-1557,-97885],[-1049,-55664]]],"transform":{"scale":[7.602786305573221e-7,4.813108466217908e-7],"translate":[-66.94267920499993,48.00309768200003]}}