{"type":"Topology","objects":{"06035":{"type":"Polygon","arcs":[[0]]}},"arcs":[[[383627,489122],[59288,-202669],[57084,-199385],[-6967,-1041],[-11561,934],[-19933,226],[-6533,-1390],[-11772,-5826],[-5931,-3834],[-4016,-4864],[-2444,-6249],[-869,-333],[-16997,-12565],[-5351,-2589],[-14719,-13001],[-3228,-3656],[-8013,2369],[-4208,618],[-2312,-3469],[2974,-3310],[2483,-3930],[-804,-4218],[-6338,-3595],[-4011,-5589],[-7495,-8228],[-24782,-3528],[-17454,1067],[-5409,4107],[-1383,8653],[663,9244],[-1674,4582],[-3974,1163],[-5731,-350],[-4845,-1636],[-4511,-462],[-3000,-2304],[-10982,4863],[-21007,12012],[-9973,6773],[-13786,6571],[-13698,4676],[-12028,5037],[-8431,5598],[-14146,-794],[-9337,-844],[-8845,355],[-10549,1176],[-11690,3504],[-19444,-3743],[-7972,-5158],[-6518,-6493],[-4698,-4016],[-4675,753],[-3781,-1134],[-2594,-3055],[-7884,-7007],[-5653,-3434],[-6966,-5923],[-4819,-4559],[-1004,20074],[-3273,12945],[-574,9608],[-6817,19273],[-21696,62876],[-4359,10997],[-9451,-7840],[-3579,3733],[-2738,4866],[-1585,665],[-985,3389],[712,3923],[-1399,8158],[-334,6643],[-1327,4675],[207,3742],[2824,11941],[-1991,3294],[-1387,3940],[193,5485],[-1342,3870],[1540,6769],[302,6349],[1398,3963],[-9,6830],[-2679,3190],[-4842,2336],[-1698,1876],[-2215,7418],[-1314,1632],[-956,3175],[35118,20770],[-27751,97480],[76314,43367],[3621,-13262],[139771,82627],[2203,-3720],[1708,-1409],[2214,-3574],[1130,-2994],[-2658,-2836],[838,-3920],[-974,-3174],[-2794,-2763],[-1730,-4549],[-3138,-4023],[-276,-2466],[1667,-1140],[-480,-6009],[1329,-4473],[2308,-3445],[-828,-2712],[179,-2619],[-2487,-3378],[1140,-2459],[2075,-1425],[-413,-4805],[1821,-5031],[4105,-4991],[2488,-5930],[641,-7059],[3771,-960],[213,-3155],[-1637,335],[379,-3967],[4320,-5737],[-504,-2391],[2410,-5655],[27965,-12616],[1922,187],[7866,-4011],[3185,-601],[1304,-1060],[4671,-1602],[3843,-4312],[5511,-2976],[4543,1150],[-717,3043],[-823,9342],[1157,3167],[1544,1877],[6614,4345],[4050,1638],[3806,846],[6701,4138],[4374,4170],[2352,1239],[6773,7752],[1146,2630],[349,6147],[1299,3361],[-168,7776],[2658,491],[3523,-2025],[1608,537],[5664,4783],[4476,6977],[7217,4786],[380,787],[-1029,5669],[3,2478],[3055,4492],[-785,4184],[1302,3495],[1057,358],[2451,3913],[603,2787],[1581,13060],[1694,4817],[2809,4338]]],"transform":{"scale":[2.938726297453486e-7,1.3435900071801113e-7],"translate":[-66.89331656099995,47.99139924600007]}}