{"type":"Topology","objects":{"06045":{"type":"Polygon","arcs":[[0]]}},"arcs":[[[433877,480754],[899,-1515],[1235,-778],[2079,-3538],[1597,-894],[4548,-1116],[2516,-1520],[9,-3257],[-1312,-1890],[-283,-3029],[-1448,-3228],[1260,-1846],[-182,-2616],[1304,-1879],[1871,-1570],[-2652,-5695],[-196,-1786],[1248,-2229],[312,-3169],[1314,-3891],[-669,-1870],[927,-1616],[1489,-319],[2574,-2319],[3360,-1781],[8880,3739],[4096,-5245],[20382,-29987],[6405,-9192],[539,-4582],[3075,-6174],[945,-9574],[-9053,-5392],[-4447,-1120],[-7507,-603],[-8556,-423],[-8295,-1397],[-8820,-1029],[-10651,495],[-3759,-596],[-7615,-1562],[-7269,-2866],[-8901,-1562],[-3269,-1067],[-3869,-1760],[-6739,-4226],[-11303,-2421],[-6384,-1835],[-39055,-10690],[-3148,-2152],[-10120,-14469],[-11271,-11511],[-5498,-2363],[-12990,-5050],[-15033,-7231],[-7916,-5468],[-2296,-9179],[-3420,-23293],[-5505,-17242],[-7704,-10631],[-14732,-13253],[-18156,-7098],[-13941,-11833],[-6853,-15158],[384,-24251],[-1405,-7579],[-6091,-31930],[-9383,-18224],[-1092,-6008],[4293,-7356],[21805,-10464],[21707,-2323],[14762,-2782],[18602,-16244],[1750,-13960],[-10948,-13993],[-19776,-12832],[-11517,-4457],[-15167,1035],[-21160,1530],[-22575,1237],[-10802,3641],[-12762,7155],[-10773,5709],[-15403,6406],[-9900,6791],[-10777,5709],[-13267,14065],[-14664,13558],[-16162,5803],[-20842,6407],[-20626,10084],[-14135,6526],[65862,62391],[28628,-17283],[22998,-15337],[1964,917],[7267,43211],[8336,54629],[13721,14265],[16923,17412],[-63568,36947],[-9299,4814],[-22160,16377],[-20566,12405],[27710,25849],[13406,16326],[2916,3687],[3050,836],[5007,2236],[4484,744],[4317,-309],[-2253,1738],[-2859,2833],[-3977,3491],[-1110,1678],[-5369,2055],[-10543,2637],[-6822,4330],[-7159,8061],[-7793,5017],[-13577,5396],[-6624,1306],[-11194,4831],[-278,240],[2380,2393],[18299,17314],[42087,36043],[8315,7270],[1826,-1232],[3135,-1114],[6213,-5039],[4623,-2709],[1914,-1634],[2155,-936],[5849,-3978],[24318,-17213],[22017,-15161],[1500,-968],[7394,5179],[50175,41532],[69752,20066],[2590,800],[1181,-5154],[11629,-21184],[9144,-18741],[481,-2084],[1776,-3039],[26795,8124],[76891,22833]]],"transform":{"scale":[3.1279552159105716e-7,2.81715443430854e-7],"translate":[-67.02903155099995,47.89210831500009]}}