{"type":"Topology","objects":{"06040":{"type":"Polygon","arcs":[[0]]}},"arcs":[[[499998,165708],[-47030,-24755],[17103,-55646],[-21645,-11857],[-50439,-27327],[-17575,-9723],[-1166,3636],[-316,2496],[-5997,22430],[-7629,25356],[-776,6168],[-1697,-959],[-45758,-24015],[-32913,-49710],[-4850,-6199],[-983,1158],[-14443,18148],[-15953,20600],[-3837,4762],[-1412,1120],[-1258,1956],[-3031,3242],[-4076,6030],[-2056,1335],[-1199,1474],[-5453,-8700],[-27608,-43142],[-12004,-20721],[-1561,-2865],[-4224,6591],[-9790,16371],[-8300,15939],[-7422,17384],[-11694,10749],[-3302,3384],[-7036,11685],[-2307,7972],[-3674,8334],[-6164,2710],[-8776,-2513],[-8579,-3159],[-11199,-7442],[-6540,-3898],[-8221,-688],[-5593,1183],[-6982,6505],[-6788,10402],[-3142,8634],[-2577,7950],[-4426,6270],[-7606,6576],[-10297,3685],[-12264,7866],[-9677,8412],[-3550,8974],[-2318,33458],[-1988,17159],[2657,13815],[2053,6127],[6304,11337],[3821,9464],[769,11405],[-1746,7763],[326,10108],[2933,9667],[-183,-91],[1022,6532],[420,9348],[-2565,7962],[2380,1710],[5597,2627],[9060,4587],[20847,10398],[20915,10615],[20949,10506],[20700,10300],[20714,10120],[41803,20618],[6065,3369],[18585,9503],[7195,3763],[2802,1340],[12555,3548],[14541,7181],[4470,2041],[22560,11291],[6009,2489],[4140,2517],[3359,1174],[4141,2515],[23484,10271],[91891,43585],[19333,-63248],[65328,-220977],[14764,-50065]]],"transform":{"scale":[4.768389156778504e-7,2.3537216874433197e-7],"translate":[-67.10714403299994,48.010255751000045]}}