{"type":"Topology","objects":{"06055":{"type":"Polygon","arcs":[[0]]}},"arcs":[[[457129,397048],[-26568,-23513],[-4173,-3981],[1072,-1528],[-26665,-22401],[2210,-1465],[-24905,-22725],[-36951,-35195],[-3524,-2989],[-758,-904],[-2744,-2422],[-830,-443],[-1528,-1710],[-2142,-1956],[20153,-11682],[66570,-38437],[30450,-17376],[-27245,-26431],[41752,-24190],[-3169,-3676],[26113,-14275],[15752,-9925],[-1432,-1853],[-2854,-6885],[-7869,-14904],[-9009,-4069],[-21321,-1338],[-10818,-773],[-19532,-5227],[-12230,-7643],[-14632,-6848],[-16318,1395],[-16448,3518],[-13099,54],[-15777,-184],[-6633,-8206],[1075,-8431],[6361,-12617],[-1897,-11559],[-9521,-11729],[-12157,-5360],[-17120,-5509],[-14693,5366],[-11327,9564],[-9188,2302],[-7832,-3457],[-7635,-9469],[-3748,-10703],[-408,-7093],[-3681,-6038],[-11517,-2128],[-25417,47170],[34614,10310],[-18761,34177],[-25700,23940],[-40482,36254],[-25108,-7399],[-6992,12657],[-45383,83313],[-74798,140010],[-712,1035],[85547,24059],[114997,32879],[107733,30412],[74969,21857],[34864,9324],[-3269,-5784],[-364,-6046],[1946,-4645],[-856,-6822],[-4257,-5662],[-7027,-6784],[-2288,-3664],[-2963,-8265],[2218,-10264],[2581,-20018],[3957,-5368],[10786,-5033],[13669,-4706],[11477,-2204],[8477,-3934],[4932,-3751]]],"transform":{"scale":[4.2784154968309613e-7,3.9343506687008506e-7],"translate":[-67.27786704199991,47.881838934000086]}}