{"type":"Topology","objects":{"06050":{"type":"Polygon","arcs":[[0]]}},"arcs":[[[368464,383206],[273,-283],[10966,-5719],[6489,-1546],[13303,-6389],[7635,-5937],[7012,-9542],[6684,-5125],[10328,-3123],[5260,-2433],[1089,-1985],[3895,-4132],[2802,-3354],[2207,-2056],[-4230,364],[-4393,-880],[-4904,-2647],[-2988,-990],[-2858,-4364],[-13132,-19325],[-27147,-30599],[20148,-14684],[21709,-19386],[9109,-5698],[62278,-43734],[-16580,-20611],[-13441,-16886],[-8167,-64666],[-7120,-51149],[-1925,-1086],[-22529,18154],[-28048,20457],[-64525,-73852],[-14443,8930],[-4128,6210],[-14549,4906],[-10980,7641],[-8739,13457],[-3184,11273],[-1472,2760],[-1557,1229],[-2055,726],[-1465,3373],[-15440,7448],[-16738,2512],[-9014,-3305],[-5592,-8924],[-21107,16410],[-34993,23599],[4245,6077],[-55949,39989],[36511,43694],[-40804,28725],[-89206,63541],[-27005,19314],[2868,3232],[2050,2829],[1110,733],[3678,4002],[1017,1497],[4722,4941],[49515,58182],[33374,37566],[-2961,2423],[35730,37031],[-1435,2525],[5590,6584],[35605,38869],[3846,-7861],[4695,-8541],[10137,-10288],[10428,-6431],[8350,-1172],[12280,680],[9765,3856],[16728,7359],[12812,3126],[13109,2486],[9204,-2680],[5486,-8244],[3446,-7883],[10508,-11557],[4932,-3346],[17465,-10632],[11085,-17193],[12396,-15762],[14622,-16192],[6307,-6518]]],"transform":{"scale":[3.192778225556883e-7,2.379913359826542e-7],"translate":[-67.13684030799993,47.91905609800005]}}