{"type":"Topology","objects":{"06060":{"type":"Polygon","arcs":[[0]]}},"arcs":[[[347074,354931],[15695,-44113],[8200,-22706],[29439,13274],[47462,-65034],[30132,-42945],[21996,-61309],[-40583,-18494],[29799,-84620],[-2711,-766],[-10220,407],[-19848,-2127],[-17556,-12512],[-13865,-8601],[-20314,-5385],[-6572,603],[-10438,7969],[-12117,18073],[-9433,18579],[-9046,8530],[-9238,484],[-9589,-6692],[-12853,-14670],[-9079,-3992],[-11949,2518],[-7565,6385],[-9956,10942],[-7958,16429],[-4580,5422],[-10757,3837],[-10379,-1670],[-7731,-4877],[-3437,1034],[-17013,6950],[-6700,3852],[-5287,7741],[-2156,6848],[-5987,7126],[-6456,3873],[-4502,1384],[-10320,1765],[-12209,1157],[-5050,-1436],[-1810,-13174],[6173,-11207],[6197,-10153],[-1999,-14022],[-15893,-10628],[-11916,-2309],[-15544,5737],[-3956,1744],[-41113,112794],[-86482,231446],[59812,28810],[152043,72797],[70430,-77758],[8462,-11772],[7642,-7805],[2089,-2788],[-1071,-1319],[17825,-15882],[29842,-27744]]],"transform":{"scale":[3.6491085582163867e-7,2.1932236864471552e-7],"translate":[-67.35852307199991,47.87548181500006]}}