{"type":"Topology","objects":{"06804":{"type":"Polygon","arcs":[[0]]}},"arcs":[[[499999,25096],[-65956,-25096],[-64656,5665],[-49963,4899],[-11901,65330],[-11542,67972],[-34856,-30211],[-480,-49],[-4466,-4988],[-73185,-8572],[-11109,-8345],[-8532,16389],[-152844,287263],[-10509,16587],[232387,88059],[70707,-139875],[19332,-41874],[-30739,-28100],[64929,-119502],[-36289,-64657],[88441,-36798],[11575,-4760],[1123,-702],[32193,-13044],[6739,-2650],[5956,-2826],[19298,-8039],[14347,-12076]]],"transform":{"scale":[2.5693693587383876e-7,2.1348809297617776e-7],"translate":[-66.80512713799993,48.00681068100004]}}