{"type":"Topology","objects":{"06802":{"type":"Polygon","arcs":[[0]]}},"arcs":[[[451649,102749],[-7767,-8312],[-14795,-2229],[-9470,-6657],[-29825,-57036],[-12141,-11050],[-17625,238],[-18843,24194],[-14894,1988],[-17577,-8743],[-32509,-32908],[-14794,-2234],[-18915,13359],[-6726,15431],[4024,43831],[-7910,29567],[-54406,143342],[-177476,254469],[33540,-25270],[34345,-22416],[8687,32562],[79792,-51923],[-7061,-35354],[350696,-212810],[-30385,-46510],[-9502,-26203],[-8463,-9326]]],"transform":{"scale":[8.24887229774687e-8,3.406723813443378e-8],"translate":[-65.95044124899994,48.19430339100006]}}