{"type":"Topology","objects":{"06902":{"type":"Polygon","arcs":[[0]]}},"arcs":[[[495944,135007],[-183,-4270],[-372,-5341],[-20739,1171],[-11803,647],[-5,-208],[-9010,704],[-16930,1270],[-617,0],[-27850,1938],[-14341,835],[-11615,753],[-3302,148],[-5,-163],[-5015,368],[-7814,537],[-679,-455],[-1000,622],[-1905,466],[-3678,-17],[-1010,215],[-940,-182],[-1690,44],[-1978,374],[-292,-17],[-8074,412],[-11730,711],[-12499,687],[-5677,357],[-6946,17],[-7029,326],[-10280,530],[-4194,41],[-12149,653],[-1622,14],[-37,-149],[-3008,-1875],[-43594,-31159],[-21906,-15799],[-27105,-19583],[-28399,-20712],[-20815,-15207],[-39605,-32584],[32,-86],[-1856,-1040],[-4309,11893],[-2891,7790],[-2196,6189],[-2347,6175],[-1751,4298],[-8455,21848],[-4970,12814],[-3642,9419],[-635,1686],[-4843,12619],[-10846,28562],[-3441,8600],[-1672,3756],[-1304,3200],[-2947,6940],[-3485,9386],[-4121,11728],[-5338,14685],[-17485,45506],[13693,8437],[2288,1465],[8576,5288],[12146,7716],[13007,8138],[14800,9261],[11909,7371],[10990,6899],[8980,5542],[10529,6542],[13435,8249],[13412,8341],[15611,9566],[5797,3351],[5212,3154],[8973,5249],[12671,7504],[14507,8756],[35885,21010],[9832,5611],[2899,1625],[15633,9471],[10704,6228],[13290,7885],[13413,7723],[14422,8284],[15010,8800],[4760,2811],[7577,4287],[7197,4248],[7470,4272],[11061,6458],[13630,7637],[7194,4174],[3590,2029],[15092,8608],[6335,3540],[5832,3372],[5805,3334],[3512,1944],[7005,3945],[5707,3248],[10842,6080],[9588,5451],[3650,-14871],[2532,-10023],[2901,-11524],[3072,-12178],[2967,-11988],[3458,-13752],[3428,-13431],[3360,-13390],[3345,-13017],[3309,-13418],[5557,-22301],[2116,-8610],[482,-1071],[-108,-1350],[-48,-5330],[-120,-9398],[-383,-32492],[-190,-6208],[-42,-12027],[-575,-30107],[-194,-15026],[-381,-15079],[-161,-14699],[-380,-15077],[-450,-14509],[-681,-17587],[-341,-16528]]],"transform":{"scale":[0.0000015126868673737362,6.616296332593494e-7],"translate":[-66.9754051509999,48.152417239000044]}}