{"type":"Topology","objects":{"07005":{"type":"Polygon","arcs":[[0]]}},"arcs":[[[494217,178729],[-16019,-7056],[176,501],[-137859,-61578],[-120322,-59049],[-112812,-51547],[-9514,25582],[-1372,4855],[-84483,217376],[11551,5364],[-23563,66103],[16038,6501],[81781,-53718],[13375,24185],[71183,125762],[23410,-17297],[40243,72307],[912,-104],[2290,-4416],[559,-2172],[1285,-1936],[4434,-167],[2038,-520],[2684,-3752],[5947,-7138],[2834,-2149],[690,-1414],[206,-2583],[2614,-5230],[817,-2473],[62,-3974],[2096,-2890],[-830,-1498],[279,-2796],[-761,-1795],[519,-3903],[-2083,-1462],[-183,-1432],[1300,-1178],[1238,-2315],[1997,-563],[225,-3515],[-786,-1244],[1636,-3132],[2201,-1583],[2664,-2990],[346,-1446],[-2312,-1584],[1056,-1931],[1925,-2165],[2213,-1035],[2777,344],[1383,-883],[1703,-3471],[3834,-3193],[2830,978],[4935,-1448],[1307,-2574],[3124,-2155],[28529,50361],[-19310,18395],[37536,45110],[145209,-148868],[-86982,-106272],[81200,-66130]]],"transform":{"scale":[3.5587094974183693e-7,2.1292582985162056e-7],"translate":[-67.17153719199989,48.259204639000075]}}