{"type":"Topology","objects":{"07010":{"type":"Polygon","arcs":[[0]]}},"arcs":[[[499999,204514],[-149689,-77123],[-48210,-24290],[-57358,-26952],[-29172,-16707],[-99718,-50410],[-18965,-9032],[-619,2001],[-58415,198187],[-280,2441],[-29064,94695],[-5713,18347],[-2796,9239],[72906,33106],[122076,55316],[3224,-6651],[436,-6508],[854,-5567],[2600,-7911],[95004,51356],[114844,61948],[15130,-47744],[-10049,-5250],[73504,-212707],[1192,-4751],[8278,-25033]]],"transform":{"scale":[4.090335180670477e-7,2.1759975319948996e-7],"translate":[-67.33783983499995,48.214702259000035]}}