{"type":"Topology","objects":{"07018":{"type":"Polygon","arcs":[[0]]}},"arcs":[[[236684,499880],[66202,-48102],[143327,-104356],[1361,-1016],[1831,-840],[-78714,-30326],[35477,-87047],[19262,-14889],[74569,-51908],[-55429,-86128],[-10398,-16538],[-63588,36734],[-12468,-4447],[4798,-11836],[-102630,-43293],[-84904,-35888],[-2323,5528],[-764,3889],[-389,4548],[-2880,4649],[-40387,-14299],[-53125,136424],[-45313,116146],[-23491,63193],[-523,359],[-6185,15733],[43608,17201],[16480,-40650],[962,-2150],[49331,21697],[-1103,2146],[-522,3085],[209,1003],[1459,1843],[123,801],[55335,69832],[70638,89021],[164,-119]]],"transform":{"scale":[4.577048854097822e-7,3.11371662743266e-7],"translate":[-67.33544851999994,48.298847189000064]}}