{"type":"Topology","objects":{"07025":{"type":"Polygon","arcs":[[0]]}},"arcs":[[[499999,151963],[-164032,-65448],[-103016,-40595],[-110426,-45920],[-36279,103254],[-43195,120790],[-43051,114181],[150958,64515],[155805,66388],[72612,30871],[66314,-191180],[54310,-156856]]],"transform":{"scale":[3.7352228304456446e-7,2.259616479232533e-7],"translate":[-67.46333088199992,48.26585347100007]}}