{"type":"Topology","objects":{"07030":{"type":"Polygon","arcs":[[0]]}},"arcs":[[[406559,395788],[1271,-4050],[4066,-9204],[18896,-39609],[8102,-17663],[7886,-17624],[7136,-16104],[5287,-13565],[343,-1975],[998,-1653],[690,-2081],[36,-1545],[1453,-2804],[2439,-3315],[2968,-1441],[766,-2021],[1972,-1498],[14343,-30521],[14788,-32322],[-107048,-34618],[44150,-88563],[-20481,-6968],[-131265,-43437],[-70883,-23207],[-21177,44030],[-46732,98676],[-57663,-16743],[-12747,23850],[-10130,19227],[-11354,23381],[-5053,9578],[-14451,28967],[-23812,47872],[-11353,22512],[88407,75347],[8373,6704],[11005,9310],[60475,53652],[735,-322],[63811,53369],[1796,589],[10759,-23164],[12218,-25834],[105238,38431],[32830,-71208],[2422,-5525],[8490,-16911]]],"transform":{"scale":[3.642274944549905e-7,2.913224206448857e-7],"translate":[-67.60645432799993,48.29503392500004]}}