{"type":"Topology","objects":{"07035":{"type":"Polygon","arcs":[[0]]}},"arcs":[[[448115,191709],[-3620,-1205],[18638,-39999],[36866,-77439],[-114290,-37790],[-106470,-35276],[-6844,12457],[-33625,71664],[-35600,-12611],[-79818,-25505],[-23786,45049],[-99566,207647],[138979,120673],[93031,80625],[11438,-23030],[23994,-48975],[14562,-29634],[5092,-9797],[11439,-23920],[10208,-19671],[12842,-24400],[58104,17129],[47087,-100948],[21339,-45044]]],"transform":{"scale":[3.614760589521301e-7,2.847638575276233e-7],"translate":[-67.69032038599994,48.24044224800008]}}