{"type":"Topology","objects":{"07047":{"type":"Polygon","arcs":[[0]]}},"arcs":[[[365783,450677],[-1693,-18574],[-8372,-69772],[17012,-12617],[14551,-11184],[11337,-6208],[11668,-6663],[45069,-26450],[2973,-1407],[12988,-8702],[5897,-3470],[22786,-14904],[-31551,-38024],[-35,19],[-34608,-41838],[62240,-41118],[-37665,983],[-29370,-45646],[-5826,-208],[-2090,317],[-1655,778],[-4261,551],[-1701,-221],[-1507,-882],[-2704,-729],[-2498,5],[-5843,1110],[-1842,1034],[-1467,194],[-3082,-786],[-1160,334],[-1239,1205],[1479,2999],[-1086,1532],[-3250,460],[-2499,3],[-2064,655],[-5432,907],[-2270,113],[-946,-621],[-1360,-3310],[-1630,-1528],[-4297,-663],[-1225,854],[-2878,980],[-2328,-152],[-1763,-870],[-2551,-208],[-1377,-700],[-1448,-1516],[-1505,-503],[-2375,75],[-4146,2500],[-4130,1114],[-3861,1842],[-11372,-4626],[3968,-8840],[-53179,-18727],[9367,-20328],[34,-168],[9341,-20778],[9184,-20191],[-51145,-18109],[-4403,8781],[-4409,10239],[-51767,-18697],[-7854,16422],[-2239,5366],[-30372,69149],[-97356,-37321],[-11303,25087],[-9954,22494],[12789,11611],[-35911,30863],[30082,28397],[-42694,39108],[24084,21482],[20390,18431],[8013,7030],[9573,-16225],[44424,81707],[2429,-2086],[6108,-9703],[2335,-2533],[26884,53799],[19568,39047],[8612,17951],[6091,-1733],[3043,-3742],[1511,-3176],[468,-5047],[-1236,-4327],[1489,-1105],[9252,-163],[5148,-540],[1948,-544],[1079,-948],[1733,-3930],[1757,-7288],[490,-4117],[-3008,-5076],[-375,-4311],[640,-3550],[-578,-5627],[1309,-7312],[683,-4660],[-817,-2195],[4451,5007],[15452,20168],[23142,31303],[68650,92513],[51087,-48835],[-46,-487]]],"transform":{"scale":[3.9371604543202006e-7,2.999977199953836e-7],"translate":[-67.5350750099999,48.410238690000085]}}