{"type":"Topology","objects":{"07040":{"type":"Polygon","arcs":[[0]]}},"arcs":[[[458325,433478],[36667,-42481],[-25836,-30845],[30842,-33525],[-10984,-12612],[-1426,-622],[-50699,-56293],[-584,339],[-48047,-56595],[-8745,-9821],[-6651,-7070],[-73717,-83416],[-88697,-100537],[-27614,31058],[-43413,48837],[-2574,-2587],[-65948,74825],[-2621,-2648],[-68278,76816],[32803,35838],[41089,44993],[49776,54245],[46565,50660],[21385,23605],[8248,9205],[4375,5087],[26419,29618],[35856,-40106],[43734,49754],[34127,-36911],[41378,47710],[14572,-7114],[7675,-189],[50205,-59351],[118,133]]],"transform":{"scale":[4.5842923485840154e-7,2.761791623582986e-7],"translate":[-67.74518455399992,48.353970288000085]}}