{"type":"Topology","objects":{"07057":{"type":"Polygon","arcs":[[0]]}},"arcs":[[[310381,498570],[65074,-58142],[66192,-59722],[58352,-52371],[-45719,-72726],[-148,-1209],[-1750,-2781],[-249,-1516],[626,-4660],[1321,-3239],[-59111,-32764],[-1153,3246],[-19747,61384],[-52254,-25973],[7412,-23761],[626,-539],[28149,-95426],[-160429,-76504],[-108475,-51867],[-14100,45665],[-13677,43123],[-1882,2116],[-730,2854],[-2830,2035],[-2327,4684],[-1384,3962],[-33,2182],[-659,2940],[-952,2337],[-326,2789],[-5042,19168],[-6804,22751],[-7520,24899],[-7725,24954],[-18019,55962],[-3878,13001],[-1210,5723],[53357,27200],[4545,-14895],[4538,-12776],[52717,26348],[-9466,29376],[-9629,30228],[-34,244],[-9654,29577],[54811,27246],[-4088,12860],[11721,6732],[3979,-2680],[4257,-1623],[4273,-3635],[2449,-109],[1550,729],[1493,2208],[1420,1018],[2629,301],[1818,1267],[2400,222],[2966,-1426],[1263,-1243],[4429,964],[1679,2224],[1401,4814],[977,906],[2339,-165],[5599,-1321],[2128,-950],[2575,-5],[3350,-670],[1118,-2231],[-1524,-4361],[1277,-1753],[1197,-485],[3177,1143],[1511,-282],[1901,-1507],[6021,-1615],[2574,-5],[2787,1058],[1553,1285],[1756,322],[4390,-802],[1708,-1131],[2151,-463],[6006,303],[30273,66412],[38713,-1429]]],"transform":{"scale":[3.8197565195133434e-7,2.0619848439696108e-7],"translate":[-67.45837409599993,48.35236407800005]}}