{"type":"Topology","objects":{"07065":{"type":"Polygon","arcs":[[0]]}},"arcs":[[[346332,464822],[37136,-30419],[116531,-91006],[-1114,-1689],[-135060,-196386],[-199,157],[-106617,-145479],[-59122,45580],[-67065,51978],[-65933,50605],[110,-3],[-64999,52067],[36142,52977],[36,-24],[32949,48149],[3392,-2691],[26273,38792],[14853,21683],[539,-374],[24508,37418],[33674,-26974],[26373,-20783],[1742,2767],[314,-250],[25437,37818],[48908,69952],[28220,41312],[42972,-35177]]],"transform":{"scale":[3.769993599987492e-7,2.369173938347864e-7],"translate":[-67.36427875999993,48.420066259000066]}}