{"type":"Topology","objects":{"07075":{"type":"Polygon","arcs":[[0]]}},"arcs":[[[486490,272123],[13509,-13189],[-322,237],[-65103,-90130],[68,-51],[-14351,-18471],[-15079,-20425],[-12686,-17076],[-13014,-20356],[22,-261],[-68808,-92401],[36,472],[-42988,47330],[-70240,71588],[-76700,14685],[-52909,40636],[-67925,52366],[37686,39891],[101881,115870],[75893,86144],[6467,9487],[15844,17577],[2926,3952],[97340,-84497],[5734,-4238],[87674,-85425],[55045,-53715]]],"transform":{"scale":[4.678781317562812e-7,3.095405010809695e-7],"translate":[-67.53644162499995,48.54544065500005]}}