{"type":"Topology","objects":{"07070":{"type":"Polygon","arcs":[[0]]}},"arcs":[[[462444,184097],[-46443,38969],[-30500,-45766],[-52858,-77493],[-27492,-41893],[-339,276],[-1884,-3066],[-28502,23025],[-36394,29882],[-26488,-41452],[-583,416],[-16054,-24022],[-28393,-42973],[-29383,23886],[-6656,4867],[-14660,12205],[-3357,1973],[-50869,37105],[-13170,9346],[-12794,8709],[-16426,15687],[-19199,17700],[9447,97874],[1912,26052],[92296,133740],[-29,380],[17453,29462],[17016,24716],[20226,29562],[19249,26734],[182885,-149629],[139544,-114444],[-35541,-49651],[-2014,-2177]]],"transform":{"scale":[3.4882181364358096e-7,2.1386284372568526e-7],"translate":[-67.39502256399993,48.49081898300005]}}