{"type":"Topology","objects":{"07085":{"type":"Polygon","arcs":[[0]]}},"arcs":[[[388924,386795],[36529,-33171],[-27720,1876],[87637,-80381],[-2115,-437],[-1227,-927],[939,-1094],[1204,-276],[257,-1145],[-664,-716],[-119,-1485],[-1504,-921],[-3152,-1334],[-1381,-1082],[-330,-1133],[1210,231],[944,-937],[-22,-1202],[-902,-1947],[-413,-2304],[399,-3584],[1181,-1511],[897,-18],[1970,1071],[1295,-2020],[-167,-2340],[1369,355],[268,2813],[2205,2080],[1244,229],[343,-1526],[-1951,-1704],[1179,-1574],[1025,-3250],[1202,-308],[2095,1069],[4250,456],[2394,-1184],[706,-2009],[-132,-2151],[-890,-1185],[-2236,-2080],[-2047,-182],[-1502,-889],[-1659,664],[904,2105],[-478,894],[-2290,-1633],[-1710,-2058],[-2647,-836],[-1582,-192],[-432,-1574],[1087,-1573],[552,-1942],[1079,-2014],[2025,-2699],[-53,-2881],[1789,-350],[2129,-2067],[-1329,-1684],[1478,-440],[1157,-973],[-1524,-2092],[-1581,-192],[-3895,-1351],[-1187,1163],[-1092,-486],[-2276,772],[-902,-205],[-1249,-2319],[-2200,-1764],[-269,-1197],[-938,1220],[-1287,722],[-1774,-473],[-629,-2299],[-932,-204],[-1761,-1455],[-824,616],[-127,1492],[-1681,1297],[-987,-1500],[918,-2362],[-345,-3729],[-2768,-2417],[-62558,-22072],[-19406,-49384],[-13239,-33204],[-5477,4529],[-5329,-1455],[-3353,-8475],[-13853,-34262],[-14495,-34172],[-6759,-16101],[-18683,-988],[-14590,-1708],[-57734,-5660],[-636,1325],[-13041,13117],[-28845,28192],[-28114,35975],[-17896,-17935],[-7073,-7005],[-28832,-29182],[-7319,-7160],[-2884,-2421],[-7398,-7328],[-35519,37188],[22621,20135],[5245,3197],[-18705,6389],[-2098,415],[-2414,-118],[-5770,-1046],[-8671,-2309],[8176,47253],[1227,7182],[17763,90170],[-60182,-15861],[-8061,-2961],[6221,7185],[43676,50224],[26285,29743],[36315,40685],[12818,14823],[38944,44900],[33,-31],[82667,95181],[17415,20077],[75363,-68767],[9553,-8470],[39634,-35967]]],"transform":{"scale":[4.3800985801975816e-7,2.841327522656046e-7],"translate":[-67.79258026899993,48.52391301200004]}}