{"type":"Topology","objects":{"07080":{"type":"Polygon","arcs":[[0]]}},"arcs":[[[499999,281936],[-19566,-57617],[-26886,-79383],[-2334,3739],[-6108,14315],[-2428,3080],[-44423,-120565],[-9573,23944],[-8012,-10373],[-20390,-27197],[-24220,-31879],[-58457,80624],[-8935,256],[-16967,9663],[-48176,-64809],[-39737,50140],[-50920,-67585],[-41748,54478],[2257,2952],[-73376,88965],[21888,26406],[19116,25021],[23979,31290],[-19171,20640],[-8275,851],[7518,22500],[16127,47757],[15410,47883],[3729,11846],[5931,2032],[6093,-6331],[14726,46405],[21590,69014],[89874,-64958],[161155,-116732],[24908,-21548],[65040,-223],[30361,-14601]]],"transform":{"scale":[3.937286134572581e-7,2.0331238262476012e-7],"translate":[-67.66744499399994,48.47365117000004]}}