{"type":"Topology","objects":{"07090":{"type":"Polygon","arcs":[[0]]}},"arcs":[[[461726,419076],[8837,-701],[20472,-17014],[-25607,-25788],[-20415,-20623],[-23376,-21765],[78362,-73326],[-35259,-35595],[-5441,-5694],[-10255,-10306],[-26591,-26430],[-57901,-56720],[-61893,-60732],[-51091,-50377],[-14239,-14005],[-28968,29746],[-61713,60072],[-24897,25040],[-39287,40506],[-12860,-13319],[-40927,41686],[12476,12877],[-41153,41059],[48578,49525],[26299,25315],[16272,15124],[11342,11092],[27122,26377],[64036,61521],[3426,2790],[8695,8246],[34252,33615],[8403,8067],[21262,20660],[33401,-41440],[34269,-32473],[15493,-15108],[757,-1527],[68589,6520],[17333,1968],[22197,1137]]],"transform":{"scale":[3.686828753658045e-7,2.4667239134482776e-7],"translate":[-67.82289582499993,48.422912722000035]}}