{"type":"Topology","objects":{"07095":{"type":"Polygon","arcs":[[0]]}},"arcs":[[[499999,254627],[-45037,-54243],[-22109,-26954],[-9246,-11336],[-13263,-15455],[-21440,-25869],[-40534,-51806],[-24391,-27414],[-33949,-41550],[-21261,30437],[-11402,14747],[-28070,34954],[1432,3690],[-45157,50465],[-47976,53525],[-38251,42606],[-10853,12261],[-14085,16010],[-33124,36690],[-12436,13072],[-28847,26666],[36928,-2308],[38272,-22438],[44917,62385],[46295,63817],[12577,-7039],[32724,-18424],[18250,27214],[13277,-3725],[6129,-1069],[31471,15010],[7044,-8422],[40389,-11356],[29317,20953],[57322,27488],[9228,4117],[58286,18673],[-17205,-106141],[-1187,-8453],[-7919,-55621],[8397,2720],[5589,1229],[2339,139],[2030,-487],[18116,-7522],[-5079,-3762],[-21908,-23702],[34400,-43772]]],"transform":{"scale":[4.522709665419581e-7,2.4138612077223854e-7],"translate":[-67.98087601599991,48.46460294600007]}}