{"type":"Topology","objects":{"07100":{"type":"Polygon","arcs":[[0]]}},"arcs":[[[499999,437329],[-42775,-80393],[-14079,-26544],[-39889,-72844],[-28873,-53258],[-47972,-89927],[-6834,-12862],[-1613,-967],[-65009,-41813],[-33250,-31872],[-45808,17275],[-7990,12813],[-35694,-22833],[-6948,1626],[-15061,5666],[-20697,-41396],[-37115,28025],[-14264,10708],[-6035,3588],[12976,23664],[-43069,64738],[34360,61111],[20071,37971],[37020,68036],[25119,-36678],[17352,-26508],[15887,-23333],[78605,143758],[40974,-63484],[-2415,-4545],[43058,-62100],[7615,14197],[20861,40212],[651,492],[18406,34353],[99948,185793],[379,-495],[42108,-62174]]],"transform":{"scale":[3.9877390354782855e-7,1.5868703137401825e-7],"translate":[-67.92001974399994,48.56384084000006]}}