{"type":"Topology","objects":{"07105":{"type":"Polygon","arcs":[[0]]}},"arcs":[[[444469,357662],[55530,-68494],[-15414,-24045],[-73169,-113990],[-33962,41622],[-304,331],[-80540,-124272],[-14833,-22977],[-524,-330],[-16811,-26896],[-6134,-9495],[-34698,41536],[1946,3040],[-33016,42464],[-63342,-96156],[-12803,15606],[-14019,17774],[-20205,24490],[-29832,-45508],[-29858,36713],[15627,21739],[-38108,46760],[14396,22994],[13918,-16910],[23516,37215],[60005,94738],[43236,66423],[34677,54468],[3907,6416],[1323,2854],[440,143],[2932,4261],[7517,11747],[1267,2892],[2690,4759],[5267,6902],[792,1917],[1706,2807],[1397,1049],[3188,3783],[5872,11591],[989,1312],[19448,30363],[14935,23450],[4733,7251],[33946,-46237],[27747,43647],[80970,-98277],[33655,-41470]]],"transform":{"scale":[4.948696177391847e-7,2.3724605049217855e-7],"translate":[-67.92421567999992,48.59737506100004]}}