{"type":"Topology","objects":{"07904":{"type":"Polygon","arcs":[[0]]}},"arcs":[[[443008,414398],[1645,-5537],[3362,-10996],[17095,-56759],[165,-1462],[34360,-118789],[364,-1200],[-91903,-44680],[-18540,-8738],[-78834,-39140],[-60042,-30867],[-76035,-39184],[-47495,-24309],[-63837,-32737],[-62002,81067],[19865,28130],[17209,55540],[2014,33909],[-6005,19390],[-20738,65378],[-13656,43107],[41739,20125],[18506,9894],[17479,-56214],[3557,-9770],[52957,26477],[61798,30833],[-19164,60743],[-9688,31375],[39009,19566],[68752,34855],[10727,5594],[23203,-75181],[19487,-64267],[59314,28582],[55332,25265]]],"transform":{"scale":[6.953916287833303e-7,3.630433020866022e-7],"translate":[-67.64590480399994,48.13495781000006]}}