{"type":"Topology","objects":{"07902":{"type":"Polygon","arcs":[[0]]}},"arcs":[[[495941,223793],[4058,-9215],[-7026,-3683],[-4751,9678],[-6679,11998],[-16096,28019],[-12534,20004],[-12887,17672],[-5138,7862],[-33016,-36018],[38378,-55100],[16502,-22439],[-30241,-15135],[34,-114],[-40730,-18946],[-10409,-4464],[-1835,-1093],[-1488,-509],[-1837,-1094],[-2662,-1082],[-10000,-4909],[-1981,-886],[-6446,-3123],[-5564,-1541],[-1243,-583],[-3190,-1635],[-8236,-4132],[-2689,-1464],[-9328,-4500],[-9201,-4462],[-9181,-4398],[-9176,-4477],[-9285,-4567],[-9270,-4614],[-9241,-4519],[-4014,-1994],[-2481,-1143],[-1057,-743],[1138,-3460],[-186,-4063],[-454,-2840],[-13784,-6735],[-29815,-15882],[-42845,-22096],[-45735,-23887],[-34022,-17481],[-1833,4867],[-33091,111475],[-11772,39251],[-22046,73794],[-18245,60971],[-3311,11372],[11983,5860],[34476,17398],[32141,16187],[37914,20259],[11091,6712],[21809,10831],[18330,9762],[44183,24067],[50049,27194],[39803,23218],[45604,24214],[-58,-196],[1254,670],[20971,10896],[1902,1197],[24588,-55601],[7504,-17946],[5794,-14328],[3362,-7902],[1540,-3566],[4142,-8480],[1833,-3909],[2354,-4590],[4836,-10510],[15252,-34898],[6808,-15417],[894,-2061],[11597,-26037],[512,-1128],[11890,-26694],[2460,-5252],[3301,-7544],[3088,-7564],[4064,-9517],[6061,-14532],[2609,1270]]],"transform":{"scale":[0.0000010757925355850866,5.414971189942503e-7],"translate":[-67.37501008599992,48.03192162900007]}}