{"type":"Topology","objects":{"07908":{"type":"Polygon","arcs":[[0]]}},"arcs":[[[499999,359406],[-10002,-9166],[-8394,-8043],[-28155,-27055],[-16181,-15467],[-22737,-21796],[-12065,-10915],[-21958,-19916],[-5239,-4791],[-5924,-5344],[-3120,-2855],[-3826,-3468],[-1920,-1709],[-3172,-2928],[-3188,-2965],[-3462,-3111],[-8247,-7567],[-1961,-1782],[-3932,-3669],[-7448,-6713],[-6046,-5675],[-4082,-3755],[-3933,-3734],[-4140,-3768],[-2782,-2643],[-8021,-7562],[-7883,-7281],[-7328,-6788],[-7264,-6932],[-5850,-5471],[-8543,-8326],[-1585,-1428],[-5372,-4932],[-19610,-18466],[-7927,-7697],[-6925,-6595],[-4904,-4614],[-2848,-2772],[-3168,-2944],[-1290,-1275],[-7240,-7134],[-7330,-7330],[-7343,-7252],[-5752,-5748],[-4909,-4871],[-6005,-6064],[-6508,-6478],[-8088,-8140],[-7109,-7154],[-6638,-6780],[-4686,-4648],[-1249,-1290],[-7483,-7414],[-524,-659],[-6793,-6526],[-10441,18705],[11183,30060],[-18668,42107],[-4825,-12759],[2482,-5202],[-3669,-14245],[-400,610],[-169,726],[-634,411],[-363,-276],[-494,903],[-219,981],[-178,250],[-356,-98],[-286,293],[-246,612],[-137,546],[298,448],[-44,409],[-239,625],[-388,670],[-210,884],[102,353],[-30,994],[-257,160],[-158,655],[-168,332],[24,405],[267,415],[-65,1102],[97,508],[-35,792],[105,424],[-268,817],[-9,1124],[-105,700],[-336,1478],[-27,732],[-87,400],[-366,608],[-763,2019],[-346,1060],[-261,147],[-570,47],[-167,548],[-71,615],[-294,1248],[-117,30],[-5174,-20453],[-3009,4894],[13,53],[-12331,21470],[-3184,6159],[-5866,36006],[13015,12544],[-302,347],[-226,420],[-9989,18211],[-24656,44852],[5418,18224],[12975,43584],[153,531],[-15872,28642],[-5058,9573],[255,619],[4478,14105],[-17364,32105],[-14391,26563],[-8887,16377],[11003,37061],[17153,-30838],[12179,-21936],[16921,-30530],[21780,-38604],[25296,-44965],[7364,-13114],[27272,-49343],[16693,15270],[22987,20967],[-2438,5908],[19856,19002],[13204,12607],[26831,25543],[15321,14543],[21263,20129],[262,-107],[246,137],[430,660],[83,276],[2300,2173],[131,-99],[313,518],[19102,18024],[15310,14409],[13513,12691],[14603,13686],[20744,19395],[20648,19245],[33573,31170],[15025,13902],[14103,13020],[6399,-15458],[21973,-53162],[13641,-33073],[14915,-38900]]],"transform":{"scale":[0.0000027680684281368454,7.527701735403914e-7],"translate":[-67.33311352099992,48.297260564000055]}}