{"type":"Topology","objects":{"07906":{"type":"Polygon","arcs":[[0]]}},"arcs":[[[499999,191030],[-393187,-166482],[-47210,-24548],[-673,6112],[-747,25454],[-5110,10591],[-5635,5871],[-9021,6975],[-3934,5840],[-5222,14756],[4888,19581],[-3326,4695],[-1200,8818],[-72,6526],[2216,4121],[-647,4174],[-7291,8834],[-9084,14067],[-1202,14208],[-4501,4054],[-7287,3537],[-1754,2302],[5497,13046],[6986,38459],[974,21261],[-1856,12423],[-2293,7702],[-9091,19364],[340,31960],[3848,10617],[2063,16608],[7149,15379],[4997,4165],[19539,11372],[20577,8987],[12327,3085],[42518,2719],[6680,2998],[15500,16076],[21641,29675],[19678,8048],[32014,47973],[3956,7566],[286955,-308969]]],"transform":{"scale":[1.5005660011316038e-7,9.513403626813956e-8],"translate":[-67.67690546799992,48.11678434500004]}}