{"type":"Topology","objects":{"07912":{"type":"Polygon","arcs":[[0]]}},"arcs":[[[265431,389697],[-26484,-25081],[84697,-82592],[3249,2846],[81806,-80450],[3192,2781],[53853,-52510],[34255,-33393],[-123220,-121298],[-6603,5375],[-28551,27149],[-31502,29607],[-30788,29523],[-27688,26641],[-39367,37195],[-41161,15057],[-101391,33937],[14099,15555],[28062,30686],[-41803,40825],[-15063,13982],[-15417,14385],[-39606,37169],[46085,44270],[29275,28211],[49554,47086],[25216,23346],[24837,-24046],[61567,-57689],[28897,-28567]]],"transform":{"scale":[3.6956678313366124e-7,2.568649197299301e-7],"translate":[-67.83349153099994,48.32281296900004]}}