{"type":"Topology","objects":{"07914":{"type":"Polygon","arcs":[[0]]}},"arcs":[[[29296,497559],[1207,-100],[60502,615],[42589,-43157],[27031,39260],[37063,-36199],[76685,-74096],[59734,-57497],[86591,-20777],[79300,-101294],[-65220,-126868],[-21984,-42926],[-14681,-27656],[-4227,-6864],[777,3008],[-649,6392],[-1245,10024],[549,7718],[-608,4869],[355,5912],[2857,6961],[-463,5646],[-1670,9993],[-1647,5389],[-1024,1301],[-1851,746],[-4891,741],[-8789,222],[-1414,1517],[1173,5934],[-444,6919],[-1435,4356],[-2892,5131],[-5788,2378],[-8181,-24618],[-28844,13572],[-61792,206],[-23664,20025],[-153105,108487],[-85384,60370],[66116,28668],[2925,3139],[366,4845],[-969,3066],[1043,1949],[1774,-1687],[135,-1936],[872,-801],[1861,1889],[985,266],[666,2987],[1873,613],[1362,-935],[990,-1586],[285,1555],[2324,2291],[1320,3011],[953,266],[2407,-1001],[1155,630],[1254,-1510],[4116,1754],[1671,249],[1612,2718],[-1225,1263],[-1563,571],[1407,2187],[-2251,2686],[-1890,455],[55,3741],[-2141,3504],[-1138,2617],[-586,2523],[-1148,2042],[456,2045],[1673,249],[2798,1087],[1806,2672],[2420,2122],[508,-1163],[-958,-2733],[1754,-864],[1589,1155],[2162,239],[2365,2700],[938,1539],[140,2793],[-747,2609],[-2530,1540],[-4492,-593],[-2212,-1389],[-1272,401],[-1081,4219],[-1246,2045],[2060,2213],[-363,1983],[-1313,-298],[-2331,-2702],[-284,-3652],[-1446,-461],[176,3039],[-1369,2624],[-2082,-1392],[-949,22],[-1248,1963],[-421,4656],[437,2993],[953,2528],[24,1561],[-997,1217],[-1280,-300],[348,1472],[1461,1406],[3332,1732],[1587,1196],[127,1930],[702,930],[-273,1487],[-1270,358],[-994,1421],[1297,1205],[2236,565],[-92624,104402],[29296,-2440]]],"transform":{"scale":[4.1442808885623113e-7,2.1876418152830653e-7],"translate":[-67.61836917699992,48.515540729000065]}}