{"type":"Topology","objects":{"08015":{"type":"Polygon","arcs":[[0]]}},"arcs":[[[386438,141160],[-123284,-73389],[-113634,-67771],[-64736,82922],[-12150,14726],[-13024,15436],[25359,14673],[32635,18711],[-26920,31263],[-4443,5371],[-61865,71412],[18140,8978],[-42516,55321],[4285,3983],[5007,3775],[7785,3501],[2894,1803],[2314,175],[4454,-2743],[1831,-489],[4219,1426],[3057,2040],[2279,2402],[1736,723],[5374,328],[4331,1084],[2660,1858],[2119,2260],[3262,2519],[5761,2154],[2495,1427],[6461,5859],[4041,2399],[15912,4323],[7452,410],[3269,822],[16789,2988],[4656,1750],[4231,2005],[4448,3061],[10108,7976],[2327,704],[9461,978],[12239,2683],[3837,1870],[3064,2376],[4923,3288],[10296,5452],[6285,4748],[2038,2019],[4251,2969],[5379,2453],[2325,2688],[2186,3466],[-2203,1615],[457,1246],[2514,-1673],[2785,4127],[3678,3664],[5133,3862],[6188,3829],[3540,2603],[8340,5459],[5150,4828],[8069,5659],[4403,2578],[2331,993],[3721,3759],[1739,673],[3724,79],[1658,531],[3917,-119],[5961,-1732],[4029,-412],[1891,426],[2322,2493],[885,3120],[1205,1414],[6100,3201],[932,1521],[4535,-576],[2474,166],[3320,3335],[1783,-2959],[1708,1158],[379,1246],[2327,703],[2042,2213],[671,2108],[2558,2487],[1969,423],[2503,-319],[3106,2421],[1616,435],[2595,2387],[1046,-2596],[2469,-1917],[2448,-1042],[2346,-315],[3264,481],[4708,2177],[9676,5508],[2491,1036],[4837,2706],[1965,2164],[2673,4224],[4049,-1432],[2827,251],[2018,906],[3075,2760],[1207,1790],[61874,-73133],[45038,-52759],[8091,-10570],[-77315,-45864],[-13245,56],[-22475,-12930],[-55033,-29975],[-34494,-19873],[31899,-41432],[1339,-2210],[2693,-3079],[53071,-67070]]],"transform":{"scale":[3.485407610814847e-7,1.8588644377288992e-7],"translate":[-67.22029990699991,48.871388213000046]}}