{"type":"Topology","objects":{"08010":{"type":"Polygon","arcs":[[0]]}},"arcs":[[[499999,133970],[-137467,-80631],[-90731,-53339],[-76280,91830],[-4095,-4859],[-38166,48280],[-76397,-95760],[-76863,93998],[73922,105816],[-47369,55484],[-18454,22087],[96224,58228],[93492,55794],[101435,60417],[2705,1530],[14199,7154],[20769,-53681],[20862,-53853],[26327,15289],[4753,2708],[40800,-103055],[26378,-63488],[43956,-109949]]],"transform":{"scale":[4.2362472524950813e-7,2.2579316158625955e-7],"translate":[-67.21237997399993,48.78669211200008]}}