{"type":"Topology","objects":{"08023":{"type":"Polygon","arcs":[[0]]}},"arcs":[[[499999,188262],[-84226,-69161],[-32997,53223],[-8744,13498],[-36529,57792],[-7018,-13863],[-10677,-21853],[-7956,-16428],[-11354,-24296],[-9419,-18368],[-4402,-7474],[-2464,-5040],[-5998,-11554],[-1286,-1516],[-18074,-36934],[-5248,-11160],[-18765,-38522],[-2923,-5886],[-17498,24724],[-21275,-15623],[-47574,-35250],[-5662,-4571],[-23548,34411],[-1845,3238],[-3021,8154],[-7325,10723],[-3879,5016],[-1568,3041],[-7997,9465],[12997,10780],[-7903,12510],[-39012,55821],[-1107,1507],[-4414,2998],[-46450,66475],[-4838,7125],[6681,4973],[10083,6222],[8132,5722],[2798,2884],[2391,4031],[2267,5458],[1379,2032],[3427,1392],[3332,2675],[1891,2393],[2054,1961],[3317,1539],[3736,3464],[3877,5635],[3177,3766],[1540,1412],[6257,8768],[2002,2341],[2101,3380],[2143,4465],[822,2479],[692,3524],[27,4353],[-474,2572],[146,4822],[1150,1805],[4357,3346],[1617,3016],[1358,331],[3044,2162],[2690,849],[5842,546],[2405,623],[3784,478],[2564,2038],[2601,567],[2082,1770],[3390,636],[7131,4189],[2054,-454],[4407,738],[1151,1852],[1016,-37],[1671,-1529],[2899,-437],[2299,1194],[4452,-210],[4125,606],[3051,2634],[1806,2253],[1473,2690],[3278,2719],[1415,2597],[734,68],[866,-2777],[1024,-1552],[3300,-2014],[2832,-1193],[5199,-1279],[2370,101],[4060,2122],[2509,2084],[3005,1166],[5527,81],[6581,843],[2356,1238],[2564,1939],[7106,4231],[4276,1497],[6688,365],[766,304],[1697,2491],[2541,331],[1366,-1282],[1071,-39],[4516,2528],[1371,1320],[1156,2039],[3314,-977],[2133,1292],[1596,3396],[1413,182],[1456,-621],[2455,2],[6351,517],[1987,1013],[2290,2470],[1778,121],[1340,1086],[3655,5446],[899,1906],[83,6148],[500,1590],[5177,7470],[599,2580],[2088,4227],[2971,7033],[1945,8254],[869,1719],[4085,3772],[1320,1701],[844,4038],[692,1061],[3481,861],[4785,3461],[3371,1008],[1905,1204],[1889,-71],[1794,-827],[1386,185],[4139,1545],[1525,178],[2164,1478],[1443,370],[2463,2650],[6200,3784],[893,1292],[1360,514],[3333,346],[1878,1111],[5358,-65],[2580,988],[3160,2150],[3826,3305],[3339,770],[3023,262],[4747,2655],[2111,1717],[4804,-1466],[2429,284],[2848,1971],[3260,3186],[2909,2300],[1550,1833],[2346,4403],[1087,1142],[4227,5750],[1912,1580],[3915,1551],[1957,2715],[3705,754],[2987,2587],[30617,-54093],[-13064,-8779],[44554,-69827],[3201,-5250],[19386,-30571],[-23503,-18296],[-18262,-14346],[9380,-15094],[8750,-14400],[46620,-81080]]],"transform":{"scale":[4.839728939458826e-7,1.9010636421267038e-7],"translate":[-67.41017204099995,48.83559847300006]}}