{"type":"Topology","objects":{"08035":{"type":"Polygon","arcs":[[0]]}},"arcs":[[[499999,418586],[-34093,-43631],[-26128,-37473],[-20404,-35291],[-53958,-90774],[-77240,-130272],[-46178,-81145],[-31406,44325],[-50019,70492],[-3270,3497],[-55535,69726],[-37227,47050],[-8901,-15818],[-22791,29294],[-16033,-26592],[-7935,11178],[-8881,12274],[20586,36840],[2393,4226],[-1176,1452],[7030,12059],[38621,-47431],[54483,83865],[23380,38631],[37491,-45215],[31579,55379],[24994,-28578],[49632,99919],[1294,-529],[5537,3698],[7516,7864],[19342,-26454],[33949,53206],[2946,4580],[39705,-56581],[39463,57641],[19715,-29060],[2116,2924],[39403,-55276]]],"transform":{"scale":[8.20094586189104e-7,3.7511437022871965e-7],"translate":[-67.5072842209999,48.62967400600007]}}