{"type":"Topology","objects":{"08030":{"type":"Polygon","arcs":[[0]]}},"arcs":[[[437867,407898],[17416,-19404],[44716,-48745],[-69779,-92963],[-5384,-6685],[-62036,-77656],[-35344,38610],[-13735,-11478],[-10118,-5398],[-2366,774],[-90694,-145836],[-45674,41709],[-57705,-80826],[-68513,65992],[59933,79011],[-36329,35073],[-40102,42925],[-22153,26469],[55439,27564],[1619,520],[29025,14756],[54290,27491],[6108,3382],[51304,26074],[22943,11555],[18868,-18288],[3151,4354],[20237,28494],[5659,8255],[19493,27319],[1388,1123],[6466,8545],[2657,3728],[4748,5528],[10158,13587],[12244,17973],[8580,12150],[11514,16165],[7567,10254],[39393,-42748],[9431,-9984],[35585,-39369]]],"transform":{"scale":[4.487866555732966e-7,2.5700883401773613e-7],"translate":[-67.40545720599994,48.753406849000044]}}