{"type":"Topology","objects":{"08040":{"type":"Polygon","arcs":[[0]]}},"arcs":[[[499999,394745],[-3450,-5671],[-18683,-25222],[-7626,-13615],[-89485,-123617],[-120130,-166272],[-44436,-57244],[-38708,36712],[-28231,-39816],[-44481,43768],[-63190,-622],[-1260,102],[-40319,43693],[61493,86979],[-39158,43161],[3310,5131],[8190,12081],[6897,8021],[1657,3258],[21369,29383],[22328,30287],[461,1191],[2673,1980],[39223,-43415],[5642,7935],[136969,193990],[6989,9848],[11624,17773],[18359,-21349],[16401,-19438],[33134,46242],[47103,-50942],[18396,27507],[76939,-81819]]],"transform":{"scale":[3.9680647561287317e-7,2.1570943341877857e-7],"translate":[-67.62222709499991,48.615060199000084]}}