{"type":"Topology","objects":{"08065":{"type":"Polygon","arcs":[[0]]}},"arcs":[[[499999,277864],[-7210,-7019],[-141268,-138273],[-5821,-5655],[-40453,30946],[-2757,-1413],[-475,-849],[-23030,-21587],[-22038,-20946],[-1710,-2322],[-7113,-5717],[-8448,-8610],[-3414,-3657],[40387,-30764],[-63423,-61998],[-45124,33768],[-10877,7951],[-157225,118262],[99743,98826],[25641,25340],[23510,23848],[1511,1227],[120901,119880],[71628,70897],[46055,-33604],[-10352,-9853],[-13494,-12601],[8532,-5961],[38230,-26173],[41780,-27881],[-38315,-37789],[45159,-35015],[-2127,-2584],[41597,-30674]]],"transform":{"scale":[3.847290714581279e-7,3.02628553257115e-7],"translate":[-67.7042615069999,48.63381428400004]}}