{"type":"Topology","objects":{"08073":{"type":"Polygon","arcs":[[0]]}},"arcs":[[[386118,499520],[1851,-1740],[202,-754],[35835,-34435],[28535,-27204],[13014,-12465],[34444,-33284],[-101129,-132710],[-65348,-85907],[-1305,-1406],[-20328,-27329],[-22172,-29037],[-86245,-113249],[-37432,37255],[-90056,88287],[-30861,-39210],[-37756,41536],[242,1193],[28505,35342],[-33335,33310],[-279,3111],[689,1180],[-29,2283],[776,2951],[-717,1204],[642,4248],[2241,2787],[2775,1723],[2724,4482],[1107,764],[1394,-1081],[3070,865],[1890,1704],[1407,2292],[-480,2767],[250,2550],[-180,2321],[1939,2997],[308,2310],[-1252,6564],[-547,4471],[-1408,2104],[-2486,-740],[-854,151],[-1654,2006],[-1638,3027],[-3033,-492],[-4020,1229],[-1817,1191],[81,3541],[386,1357],[2018,2144],[1375,2087],[1146,3080],[344,2753],[-774,1512],[-1300,1012],[-3349,1081],[-2952,-1175],[-572,555],[31,2282],[990,2947],[-553,1917],[2349,1832],[706,2236],[4008,168],[1331,1100],[2218,1153],[3094,2467],[1378,2360],[1785,684],[2097,1291],[1809,376],[2528,1284],[3304,2258],[2079,2109],[601,1318],[283,2685],[602,1556],[2945,2639],[1282,2022],[1329,3042],[3056,1921],[3928,986],[2338,878],[5213,894],[3454,1982],[4914,3591],[1326,657],[2637,497],[3021,1548],[10365,4001],[3429,2220],[5187,1269],[2567,1861],[3981,2380],[1735,-543],[1564,211],[2053,2312],[2184,915],[1793,1193],[1257,250],[4742,4172],[1091,1307],[738,2338],[2073,1597],[1122,1410],[2504,-318],[1384,519],[2661,2064],[1569,515],[10686,6889],[8139,4141],[3595,3034],[1838,239],[3545,1672],[7525,3980],[1770,1739],[1469,75],[2207,2310],[1346,-25],[3142,1372],[5444,1941],[2024,303],[1787,751],[4022,1013],[9278,371],[3251,586],[3015,1101],[12534,7189],[3521,240],[1914,986],[1739,1772],[6219,358],[1079,594],[2848,4102],[3130,2596],[4954,5764],[2547,2336],[11307,8947],[4667,2942],[1172,523],[3529,2624],[2466,1178],[4265,2608],[10171,4608],[2739,967],[9869,4817],[4675,1374],[3387,1261],[2417,-13],[1875,2416],[1329,861],[6931,6608],[5255,3373],[12566,8677],[7295,4420],[10766,7078],[1627,342],[3591,2450],[1866,1802],[3213,1843],[2744,3045],[3733,-107],[3033,245],[2367,567],[5568,1694],[3402,2145],[4711,1643],[2493,2641],[3391,-409],[3048,-61]]],"transform":{"scale":[4.4494037388075025e-7,2.6408900017801197e-7],"translate":[-67.7947942369999,48.68222899600005]}}