{"type":"Topology","objects":{"09005":{"type":"Polygon","arcs":[[0]]}},"arcs":[[[400082,490125],[33773,-41519],[-10237,-13019],[33585,-42152],[10555,13468],[32241,-40959],[-20745,-24581],[-40763,-49582],[-24082,-29705],[-37912,-46613],[32580,-39139],[-37645,-45250],[-25802,-30943],[-25185,-29909],[-29186,-6092],[-41927,-10177],[-19173,-6714],[-36909,-12797],[-1477,-787],[-15052,-8642],[-44470,-25013],[-58197,64610],[-74054,81409],[54624,75819],[95842,132822],[9945,14361],[10357,15865],[12596,14019],[16932,24268],[2044,2981],[5352,-6688],[4522,-5402],[56302,73647],[10753,12288],[28258,-34589],[11477,-14592],[21405,-30117],[34178,41114],[24555,27127],[940,1183]]],"transform":{"scale":[4.492488244976472e-7,2.439446478892512e-7],"translate":[-68.00263235499995,48.361975071000074]}}