{"type":"Topology","objects":{"09010":{"type":"Polygon","arcs":[[0]]}},"arcs":[[[499999,365633],[-7415,-4684],[-56425,-54749],[-14872,-71641],[-15267,-14825],[-85899,-86008],[-40625,38586],[-65604,-73277],[-37705,-40799],[-50883,-58236],[-35187,34318],[-47472,43588],[-42645,42095],[91251,90617],[60983,62021],[3601,4094],[-8259,6324],[122093,133941],[75794,83000],[86531,-74911],[68005,-59454]]],"transform":{"scale":[3.8446789293581114e-7,2.6510050820098297e-7],"translate":[-68.13545195799992,48.26504562300005]}}