{"type":"Topology","objects":{"09015":{"type":"Polygon","arcs":[[0]]}},"arcs":[[[499998,362056],[-74862,-87485],[-101828,-119213],[7374,-6026],[-3214,-3900],[-54451,-59092],[-81476,-86340],[-17411,18328],[-55087,55567],[-54231,-62846],[-40173,37831],[9166,9669],[-33805,33918],[4097,4802],[76633,88664],[-65,62],[52018,59951],[81562,96727],[115683,136916],[17273,20410],[3508,-3319],[13142,-11752],[8689,-7597],[16412,-15831],[72894,-65816],[33452,-28816],[4700,-4812]]],"transform":{"scale":[4.305916951833764e-7,2.7823745847492023e-7],"translate":[-68.21792777199994,48.29685783500008]}}