{"type":"Topology","objects":{"09025":{"type":"Polygon","arcs":[[0]]}},"arcs":[[[468434,358437],[-4578,-5994],[36142,-35543],[-16140,-20598],[-85588,-109386],[-98711,-126411],[-48603,-60505],[-105006,106844],[105,2014],[-1335,1484],[-40,2121],[-399,1277],[-1945,2078],[-243,2223],[-518,1115],[-1742,1683],[-3763,1967],[-785,891],[-248,1634],[-1220,1155],[-2755,64],[-1680,2204],[-2993,2840],[-2543,812],[-1802,1684],[-1120,2785],[-1343,406],[-3090,1959],[-1855,2339],[-70,1990],[-1042,1480],[12,1370],[-835,1804],[-930,924],[-2190,873],[-1133,1089],[-1612,214],[-458,1244],[405,2673],[903,2599],[252,2021],[-512,1671],[-926,1379],[-3907,2588],[-4728,5730],[-1940,2664],[-2193,644],[-1362,1843],[-1420,5269],[-1515,1093],[-1705,-667],[-1755,638],[-1118,2917],[-393,1898],[-5705,8121],[-2025,3219],[-177,3364],[-926,1250],[-2872,711],[-4486,2990],[-954,1510],[-451,2061],[-805,1803],[-1165,1057],[-1902,379],[-1861,1814],[-269,2809],[-943,2916],[-550,788],[-1898,1031],[-1452,1583],[-1633,1158],[-1307,1515],[-1001,2818],[-1889,2173],[-2768,2118],[-898,1249],[-1147,2950],[-993,696],[-1642,17],[-3621,-1758],[-997,-119],[-2273,1786],[-1017,1185],[-976,2458],[-1594,2299],[-2216,1525],[-3977,1445],[-1131,1381],[-2379,-334],[-1513,-2007],[-4370,-119],[-3241,-1957],[-705,-25],[-1305,1809],[-4368,110],[-1175,-184],[-1169,534],[-2758,-234],[-1960,1596],[60618,69446],[29584,32010],[-11438,12565],[133633,48981],[39972,32151],[3011,2349],[3365,1853],[9195,6710],[57293,44916],[21054,-20545],[122147,-121017]]],"transform":{"scale":[4.608399336799608e-7,2.7569437538883714e-7],"translate":[-68.29884479399993,48.34860871200004]}}