{"type":"Topology","objects":{"09020":{"type":"Polygon","arcs":[[0]]}},"arcs":[[[498446,312344],[-11581,-10842],[-60639,-64984],[-4872,4766],[-5764,5900],[-20435,-24044],[-13567,-12368],[-11155,-14000],[-10713,-12671],[-103224,-117200],[-58833,-66901],[-4850,4842],[-34535,29000],[-75248,66240],[-16942,15932],[-8971,7647],[-13565,11827],[-3621,3340],[-39931,35444],[5058,5977],[130140,148303],[14602,16708],[1183,1253],[17402,20832],[2279,3094],[783,380],[869,1942],[3625,4314],[22039,25063],[5995,7297],[15660,18851],[-18627,17871],[14412,16116],[19383,21873],[780,120],[25178,-23255],[34143,38988],[35597,-31752],[15271,-13978],[11768,-10706],[41475,-37200],[54444,-48913],[46539,-41884],[-1552,-3222]]],"transform":{"scale":[4.1711675823348893e-7,2.76462242924505e-7],"translate":[-68.08508138999991,48.39759561200003]}}