{"type":"Topology","objects":{"09035":{"type":"Polygon","arcs":[[0]]}},"arcs":[[[460220,422053],[27600,-27703],[12179,-13917],[-30126,-46385],[-22216,27667],[-690,-144],[-17102,-26023],[-12716,-19176],[16435,-21260],[-13818,-22430],[-5289,-8682],[-19446,-29821],[-3200,-5131],[-766,-2310],[-692,-453],[-2010,-3682],[-15354,-24784],[-1046,-1491],[-12882,-19881],[-114833,-176447],[-119076,143584],[-20524,24375],[24846,24064],[-120920,150374],[-8574,10808],[2750,4170],[14753,7994],[9389,5022],[12819,-15808],[30749,-39015],[6852,20134],[17580,45675],[-7702,58086],[10246,-10216],[8941,7977],[2621,2694],[17838,17181],[10724,-4079],[198,-2499],[1050,-1882],[3948,-3747],[4042,-2580],[2533,-3023],[31243,-34830],[28300,83847],[53359,-69201],[42018,34413],[19220,29374],[11431,17107],[33712,-40377],[18662,27645],[5455,-6684],[1958,3283],[5430,-19559],[17790,-13651],[42311,-28603]]],"transform":{"scale":[4.727254834511601e-7,2.3236194072381874e-7],"translate":[-68.19843427,48.44742803100007]}}