{"type":"Topology","objects":{"09030":{"type":"Polygon","arcs":[[0]]}},"arcs":[[[272880,499471],[48356,-54751],[31704,-35816],[3533,4994],[9502,-11165],[134024,-155354],[-28660,-25876],[-11157,-9890],[-49625,-44151],[-9936,-8225],[-3635,-2270],[-3254,-2879],[-43191,-39411],[-144390,-60039],[12361,-15403],[-31967,-39235],[-121183,134885],[-8501,10546],[4925,4878],[-18702,20620],[-41832,47383],[-1252,1338],[16650,24916],[8225,15998],[5883,-5237],[5630,10089],[-5461,5619],[11742,11949],[24006,24851],[3489,-1965],[13203,6173],[3768,-231],[6746,-7870],[46283,-7603],[27236,15687],[-27163,31582],[2146,6609],[7031,12417],[42961,23042],[16461,21504],[3461,-3309],[24172,28478],[-5375,7475],[13328,26537],[27991,33638],[467,-528]]],"transform":{"scale":[4.265086070171849e-7,2.2491431982867691e-7],"translate":[-68.35047288299994,48.436407857000056]}}