{"type":"Topology","objects":{"09040":{"type":"Polygon","arcs":[[0]]}},"arcs":[[[442562,416401],[-21800,-24908],[57704,-50651],[-23661,-23547],[45194,-39751],[-24472,-27528],[-41927,-44278],[52555,-46903],[-15833,-17148],[7364,-2598],[-64067,-70335],[-62163,-68754],[-52962,24728],[-51105,2544],[-61204,30346],[-25732,14482],[-7854,20751],[-2831,-3484],[-7894,7091],[-26993,-29329],[-48763,42836],[-10994,-12067],[-13118,11629],[-29823,26084],[-1685,1746],[-10498,9206],[68058,71923],[3247,-3260],[11456,-10813],[43039,43032],[52674,-46324],[151968,180259],[-45874,40097],[-4794,4142],[5732,6430],[60128,67950],[19420,-16450],[581,-130],[42019,-36438],[3690,-3461],[31218,-27119]]],"transform":{"scale":[3.26811193622384e-7,2.190206980413754e-7],"translate":[-68.06172541199993,48.539523915000075]}}