{"type":"Topology","objects":{"09055":{"type":"Polygon","arcs":[[0]]}},"arcs":[[[454219,369875],[4071,-3436],[41708,-35586],[-138168,-159988],[-47891,41115],[-39133,-38194],[-10415,9597],[-2951,2894],[-61880,-63836],[9546,-8169],[1531,-1550],[27114,-23150],[11928,-10321],[-5039,-5398],[-25276,-27659],[-55260,-32404],[-70176,65162],[-37219,-78952],[-41089,32795],[-3330,2848],[-5315,2429],[-5192,3528],[-1383,1772],[-259,2354],[4167,4703],[3506,5339],[2198,6484],[2631,3487],[7537,6705],[4692,6011],[2728,4926],[740,6949],[-406,7586],[799,6190],[3559,3962],[6789,5307],[1548,1714],[2517,5006],[888,7159],[-720,4402],[-2562,8139],[-88,10477],[-1409,4960],[-3767,2606],[-4972,1588],[-3637,-689],[-5298,-2980],[-3614,-935],[-4091,1961],[1210,4795],[8215,6862],[2008,2544],[-1847,6895],[4493,6265],[1510,4180],[-2400,6141],[23231,-153],[-5703,6269],[17796,7793],[12834,5440],[63676,28875],[-8795,6211],[7730,8426],[4813,4574],[9975,6920],[14682,9161],[1984,1727],[2567,3032],[4172,7570],[1618,5523],[5123,8177],[2140,2017],[10971,7855],[8564,8537],[7121,7790],[6337,5321],[6620,3966],[3505,1636],[26242,32724],[-21237,16722],[-602,118],[-13900,11577],[-332,587],[-32619,24695],[17085,19386],[48834,53057],[20807,-15481],[28902,11004],[10086,2986],[11442,-9095],[12998,-10670],[8807,-6849],[-3963,-5116],[20335,-16893],[12093,-9772],[34013,-30818],[-1694,-5210],[25898,-21139],[19792,-16635],[3206,3565]]],"transform":{"scale":[3.5944708289422984e-7,2.4677208154415033e-7],"translate":[-68.13345657799994,48.54140890100007]}}