{"type":"Topology","objects":{"09060":{"type":"Polygon","arcs":[[0]]}},"arcs":[[[406210,397938],[-31050,-33092],[59280,-42154],[604,-1001],[25262,-19762],[1095,-200],[38598,-28544],[-47693,-55858],[-6373,-2793],[-12031,-6771],[-11515,-9082],[-12941,-13297],[-15566,-14574],[-19940,-13407],[-3888,-3442],[-9310,-13961],[-2941,-9426],[-7580,-12923],[-4665,-5175],[-3607,-2948],[-26685,-15638],[-18128,-11811],[-8746,-7809],[-14048,-14382],[15985,-10600],[-115729,-49288],[-50038,41934],[-22881,19321],[18421,10870],[9022,6823],[-8624,9068],[-13045,9263],[-13365,-6438],[-13762,-9579],[-26995,15295],[-47449,31285],[-1162,18789],[-4720,12352],[5151,9947],[3803,6573],[-3564,11796],[-967,10216],[15196,2456],[18771,7988],[5572,5189],[5840,8922],[-254,9745],[-12118,15152],[-1681,3339],[-615,7857],[1242,484],[1891,-2384],[14550,225],[13423,3282],[8412,3149],[11316,4800],[6076,2986],[6868,5902],[3043,1772],[4202,1201],[5402,3863],[4557,2256],[7994,2592],[25596,10434],[7378,2721],[14780,7187],[10039,6739],[10234,5866],[4091,3129],[12369,6402],[7109,3097],[16213,6237],[9949,5058],[12525,2478],[6492,2917],[7427,1101],[13852,9309],[3070,3825],[9095,7679],[3293,5129],[751,4846],[1266,2289],[6846,8824],[1059,2291],[-631,4177],[2524,3893],[2773,1959],[3299,338],[7501,6453],[8520,5693],[3906,4561],[2464,4579],[4372,3437],[575,1984],[2785,2895],[2837,1587],[2386,3893],[1878,6949],[2984,7373],[-373,2929],[1180,11188],[-1440,5180],[-1495,1200],[-4041,728],[-4008,3281],[-1514,4871],[-5192,2048],[-3310,-1085],[-1626,1574],[2589,3705],[3613,3197],[2762,1090],[4550,4473],[58798,-102061]]],"transform":{"scale":[1.977803235606925e-7,1.4456792313588662e-7],"translate":[-68.14095012299993,48.59417247500005]}}