{"type":"Topology","objects":{"09065":{"type":"Polygon","arcs":[[0]]}},"arcs":[[[499998,103301],[-59363,-28816],[-82316,-41274],[26374,-33211],[-107451,811],[-21164,61464],[10722,55832],[1640,40548],[-10895,22693],[-26978,15372],[-11516,23100],[-17159,14271],[-43100,3723],[-25153,19505],[-7399,40563],[-16999,-9864],[-16049,7709],[-27980,-2071],[-7449,12597],[-2194,13866],[-11226,38167],[-5421,11114],[-7146,5799],[-12526,2512],[-19250,-3019],[1172,48629],[7039,24435],[48087,4517],[10404,19052],[3880,28674],[120768,-97077],[68706,-47460],[35026,29720],[34018,19983],[33202,-28746],[21950,-28136],[-22962,-21175],[-46885,-33728],[58234,-59953],[127359,-130126]]],"transform":{"scale":[7.770759341513445e-8,4.658932517873793e-8],"translate":[-68.14527152099993,48.58935972200004]}}