{"type":"Topology","objects":{"09070":{"type":"Polygon","arcs":[[0]]}},"arcs":[[[473814,445421],[3703,-9835],[-2331,-6691],[-6934,-10032],[2850,-11041],[-3098,-4074],[-12677,-10989],[-1867,-7676],[6311,-3141],[5577,1495],[8177,4773],[5612,1103],[7675,-2543],[5813,-4173],[2175,-7941],[136,-16778],[3953,-13033],[1110,-7050],[-1369,-11462],[-3884,-8015],[-2392,-2747],[-10476,-8496],[-5491,-6346],[-1233,-9908],[625,-12150],[-1140,-11127],[-4210,-7887],[-7243,-9625],[-11629,-10738],[-4063,-5584],[-3391,-10381],[-5409,-8551],[-6433,-7531],[-21764,6151],[-36206,-25908],[-5317,-4061],[-18147,-12026],[-20796,15401],[15632,-87578],[-35682,-68868],[-13904,-30358],[-62409,58827],[-26016,23836],[-19056,-7574],[-29944,-12052],[-12048,-13576],[-58058,52271],[-88546,79906],[9601,11416],[6250,4866],[5399,1224],[23513,1479],[10958,3386],[50375,35503],[51310,35298],[25389,19087],[44243,30842],[4751,5088],[6278,4659],[18741,10890],[15433,11508],[22492,14522],[24252,22053],[7186,8880],[20300,13914],[3581,2763],[16629,12050],[2249,2129],[20492,13838],[36613,24237],[23831,16757],[17376,11972],[3636,-6861],[-547,-12257],[-3578,-16880],[7061,-18580]]],"transform":{"scale":[2.3291700783401375e-7,1.541096522193525e-7],"translate":[-68.23408712799994,48.520753926000054]}}