{"type":"Topology","objects":{"09077":{"type":"MultiPolygon","arcs":[[[0]],[[1]]]}},"arcs":[[[182377,403161],[18373,-13881],[5346,6045],[20591,-15544],[-3826,-4162],[29761,-22028],[27645,-23159],[-15373,-8890],[-22853,-15418],[-3004,-2889],[-11777,-6648],[947,-2271],[-819,-1757],[2079,-1527],[-1737,-2117],[-3179,2378],[-3684,528],[-3898,-2522],[-7948,-2351],[-2462,-2173],[12792,-9652],[9052,11074],[-1346,863],[2154,2432],[900,-587],[1515,1756],[11868,-8858],[21999,-16714],[21467,-16806],[16003,-13601],[11532,8037],[21381,14150],[21307,13402],[21102,14194],[21201,13713],[21625,14412],[5894,682],[3838,-629],[2188,-1455],[1662,-2786],[3439,-9570],[670,-3476],[2283,-3158],[8571,519],[4916,-1932],[5207,2472],[2266,-10170],[7705,-4890],[13201,-934],[5256,-3578],[3528,-5793],[8264,-3854],[-15955,-9929],[-21879,-13897],[-33616,-20102],[-18815,-11476],[-2063,-1766],[-15268,-9993],[-3287,-2291],[-18639,-11540],[-6599,-7365],[-22265,-18291],[-20651,-12044],[-14167,-9545],[-17209,-9030],[-5763,-3867],[-4363,-4218],[-40619,-25580],[-23312,-15829],[-47109,-29277],[-46249,-29444],[-10060,-2809],[-21589,-1225],[-4958,-1016],[-5738,-4035],[-8814,-9469],[-17198,14036],[-35198,27215],[-18616,15134],[22836,14596],[6357,3458],[10089,6535],[57904,33057],[21171,11706],[2807,1410],[57880,36032],[834,-1029],[2626,1710],[-815,983],[11787,7327],[-16770,15366],[8021,4778],[-50501,41240],[23310,17523],[15359,13067],[-14189,11638],[-37053,29393],[38031,40427],[38214,40518],[-21002,16438],[3787,1884],[1694,-1281]],[[397108,498154],[-964,-14980],[3587,-441],[-268,-2554],[-4924,-97],[-4425,-3054],[-6062,-1343],[-3038,-3455],[-459,-2544],[-20981,17137],[-1277,546],[-8050,6761],[6114,1294],[7392,556],[7302,2107],[6909,463],[9542,1358],[9705,-158],[-103,-1596]]],"transform":{"scale":[2.536877733755894e-7,1.8581564363131494e-7],"translate":[-68.25210192199995,48.54874603700005]}}