{"type":"Topology","objects":{"09092":{"type":"Polygon","arcs":[[0]]}},"arcs":[[[453548,374101],[12314,-14330],[23281,-25770],[10856,-12686],[-31126,-38553],[-14824,-30414],[5977,-8567],[-26878,-32641],[-3849,3793],[-18305,-24647],[-47773,-26409],[-7820,-14230],[-2385,-7576],[30206,-36197],[-30288,-17981],[-51467,8717],[-7502,9018],[-4190,265],[-14683,-7075],[-3881,2251],[-26693,-28479],[-13060,-13696],[6073,-6441],[-6259,-11564],[-6542,6003],[-9146,-18337],[-18516,-28555],[-10895,11987],[-54818,62263],[-3240,-3522],[-59653,71931],[-7390,-1209],[-17338,21627],[-40729,51610],[-3005,4193],[1979,1594],[5948,8424],[1465,3194],[3347,4598],[2343,1949],[4518,5686],[2210,3553],[2255,5067],[1175,1500],[2375,1536],[2441,663],[253,1006],[4513,10592],[3052,2353],[2530,3733],[6500,5850],[4194,4404],[5253,4073],[2385,3048],[3445,3311],[1788,3558],[2454,2542],[1107,2007],[3415,3999],[3698,3859],[3687,2255],[2917,3224],[4083,3350],[3756,1933],[1884,1860],[1454,719],[3390,-265],[5396,4346],[3686,1887],[2798,979],[2790,-166],[2354,-2135],[587,-2161],[-1147,-2462],[-12,-2063],[732,-1521],[3052,-3424],[3270,-2419],[3628,-1964],[4479,-1238],[4587,-737],[11962,-2327],[3188,1295],[5507,-381],[6645,526],[2865,518],[7107,794],[4670,1233],[2588,1347],[3541,1154],[4678,2288],[6930,6250],[5381,7184],[763,3155],[-819,4456],[3303,2713],[2317,3001],[1040,2463],[3069,4551],[4438,3205],[3403,1705],[2947,2077],[4008,2292],[9317,3517],[4211,962],[3371,2163],[7746,6376],[4743,1138],[3731,3213],[2379,1531],[3382,3721],[2472,5013],[2139,2727],[4059,4309],[2714,4231],[1974,4425],[5109,8148],[1367,3467],[6941,12252],[3914,3898],[1615,3464],[4204,4719],[3518,7845],[2956,3175],[4356,6182],[1860,3143],[3854,5134],[2279,2587],[1832,4058],[1716,2684],[4056,3711],[4316,5634],[2562,2353],[3318,4316],[1494,1083],[3958,4904],[3438,3440],[10879,-12061],[1233,-720],[25195,-28712],[58149,-66525],[15646,-17880]]],"transform":{"scale":[3.8354150508300373e-7,1.9623782247564145e-7],"translate":[-68.4260564999999,48.48581051000008]}}