{"type":"Topology","objects":{"09904":{"type":"Polygon","arcs":[[0]]}},"arcs":[[[388587,334813],[55299,-122880],[13213,-26660],[-266,-90],[14592,-32522],[22156,-49325],[6418,-14629],[-2152,-25582],[-18389,-41902],[-21224,-21223],[-63390,55197],[-45141,40570],[-44625,40045],[-45082,39997],[-43209,39295],[-43871,38775],[-41713,38703],[-20406,18991],[-42195,37522],[-17392,15127],[-51210,46389],[30697,12679],[10391,4383],[1019,397],[25478,6489],[13234,3402],[28941,5161],[20146,3088],[17385,15162],[17811,15688],[25987,22938],[8754,-7677],[8553,-7465],[23739,-21793],[-15935,-16379],[-8007,-8303],[57576,-18116],[23373,-8038],[22356,-19855],[15722,-14221],[17483,-15758],[17900,-15815],[16201,-14482],[3750,-2869],[6033,5586]]],"transform":{"scale":[6.50815175630288e-7,4.811999063997693e-7],"translate":[-67.9432183959999,48.16438912000007]}}