{"type":"Topology","objects":{"10005":{"type":"Polygon","arcs":[[0]]}},"arcs":[[[489081,206619],[10918,-12089],[-91257,-92490],[-104872,-102040],[-52922,51205],[-35183,34746],[-19603,19871],[-43512,42963],[-7597,7618],[-6295,6402],[-12841,14018],[-382,253],[-12542,12672],[-13794,14255],[-12765,12640],[-12623,12583],[-16574,16067],[-9413,9626],[-17662,17698],[-10839,11113],[-7841,7965],[-11482,11137],[7799,7675],[39452,39380],[55994,55333],[55542,55724],[39216,39055],[22495,-22966],[23495,-24078],[47132,-48011],[23694,-24067],[48301,-48285],[23691,-24308],[47921,-48294],[48341,-48265],[6008,-5106]]],"transform":{"scale":[5.067913095825819e-7,3.373460806922154e-7],"translate":[-68.65942513199991,47.963613190000046]}}