{"type":"Topology","objects":{"10015":{"type":"Polygon","arcs":[[0]]}},"arcs":[[[499999,337379],[-58775,-63457],[-957,-912],[-20847,-25272],[-56025,-58331],[-109897,-118575],[-65507,-70832],[-16867,14909],[-3658,3325],[-31533,28345],[-62114,54807],[-36833,32762],[-36986,31973],[11354,11828],[64745,69089],[5038,-76],[39025,45153],[32900,38173],[23255,27024],[30188,-26548],[32495,34158],[35058,37179],[36747,39697],[7615,8173],[31062,-26921],[38448,40039],[35715,36910],[31025,-29175],[-20740,-23389],[23556,-21440],[6487,-5881],[-22587,-25507],[34451,-32416],[24162,-24812]]],"transform":{"scale":[5.274946369893076e-7,3.5815354630708715e-7],"translate":[-68.59767480599993,48.161531995000075]}}