{"type":"Topology","objects":{"10010":{"type":"Polygon","arcs":[[0]]}},"arcs":[[[251831,0],[-5198,4391],[-41823,41525],[-41461,41550],[-20496,20913],[-41788,41542],[-20501,20706],[-40776,41305],[-20327,20715],[-19461,19758],[33113,32819],[55097,55387],[15187,-13618],[58993,64699],[98964,108307],[48108,-45524],[85472,-81020],[38967,-37183],[66097,-63161],[-17061,-18808],[-49001,-53800],[-68882,-75749],[-76831,-84615],[-36392,-40139]]],"transform":{"scale":[5.85768759537444e-7,3.921072582145184e-7],"translate":[-68.55907824299992,48.03331574400005]}}