{"type":"Topology","objects":{"10025":{"type":"Polygon","arcs":[[0]]}},"arcs":[[[499925,284371],[73,-58],[-96882,-92855],[-96495,-91947],[-8361,7623],[-112798,-107134],[-80049,62101],[-33359,29817],[-47562,38956],[31184,30653],[-8956,7068],[-32523,25764],[28637,28107],[-42834,35061],[111063,101163],[31209,30329],[41563,40297],[39601,38090],[33556,32593],[3062,-2472],[1208,-2605],[1577,-1401],[1968,-1074],[1753,-1462],[2288,-955],[664,-729],[1137,-2697],[325,-2599],[2243,-1677],[2296,-351],[1404,-978],[971,-1669],[544,-1905],[1151,-1399],[5412,-2764],[3462,-659],[1118,-1155],[213,-3112],[2443,-2979],[6880,-7512],[476,-1755],[1348,-2697],[2115,-591],[2058,617],[1828,-1013],[1711,-4874],[1643,-1703],[2645,-596],[2341,-2464],[5702,-5301],[4711,-2393],[1116,-1277],[620,-1546],[-305,-1869],[-1088,-2405],[-487,-2472],[551,-1152],[1942,-197],[1369,-1008],[2642,-807],[1120,-854],[1007,-1669],[-14,-1267],[1256,-1369],[84,-1843],[2239,-2161],[3726,-1814],[1621,-375],[1350,-2578],[2173,-1558],[3068,-750],[3609,-2626],[2027,-2040],[3322,-59],[1473,-1069],[301,-1511],[943,-824],[4540,-1819],[2103,-1558],[624,-1032],[293,-2054],[2347,-1923],[481,-1182],[47,-1961],[1609,-1374],[-125,-1862],[126652,-98839]]],"transform":{"scale":[3.8207743815489444e-7,2.980289680579122e-7],"translate":[-68.37420417099992,48.26385759800007]}}