{"type":"Topology","objects":{"10030":{"type":"Polygon","arcs":[[0]]}},"arcs":[[[309289,402146],[1282,-1053],[42764,-37248],[19121,-16212],[-5036,-3836],[8691,-8288],[123888,-106042],[-66960,-66922],[2165,-1537],[3048,225],[1291,-515],[1297,177],[4826,-106],[1441,-1743],[777,26],[3582,1886],[4829,114],[1670,1933],[2626,323],[1252,-1333],[4391,-1392],[2448,-1468],[1760,-2216],[1080,-2369],[1123,-1143],[2510,-1721],[1101,117],[4001,1692],[1814,-17],[1095,-669],[1268,-2843],[993,-1203],[2338,-1562],[-30730,-33951],[-36266,-39680],[-38066,-41978],[-28582,-31592],[-76382,67647],[-39270,34288],[-42000,37679],[-6425,5619],[-6321,5379],[-10246,9752],[-21417,-31324],[-1524,1578],[-12948,11530],[-53821,52008],[-5716,-2059],[-54733,49818],[8052,21129],[17131,16683],[-32094,29557],[2561,2140],[-18968,18937],[12358,12713],[1469,-330],[1575,-1009],[5057,4385],[-506,545],[6154,6033],[781,3977],[1858,7880],[2537,11683],[42968,36621],[13350,-1148],[10219,33639],[-8030,7322],[56486,40168],[29750,1325],[8385,5092],[6650,742],[54838,-49339],[2979,2415],[50395,-42706],[10016,-8223]]],"transform":{"scale":[4.171978983957895e-7,2.8609666419329395e-7],"translate":[-68.47950814399991,48.37075783100005]}}