{"type":"Topology","objects":{"10060":{"type":"Polygon","arcs":[[0]]}},"arcs":[[[499999,216767],[-26820,-30639],[-37813,-43133],[-45135,-51338],[-5809,83],[-27005,-28306],[-47662,-50024],[-13096,-13410],[-60028,54510],[-91977,83389],[-59817,54148],[-84837,76685],[3177,2127],[6726,-5074],[15336,8071],[-12588,10819],[14287,7155],[57429,44365],[2564,65],[61175,36997],[6371,14155],[3864,5965],[2708,3210],[-1982,2182],[-8109,7942],[7011,3290],[32362,14248],[19611,10139],[5927,2923],[1499,-1391],[17547,14583],[11861,10346],[-3840,3191],[40781,16792],[12865,19167],[121651,-107415],[-49493,-26776],[-8359,-4486],[-14769,-8062],[60421,-53373],[91069,-80568],[2897,-2552]]],"transform":{"scale":[4.573976147952335e-7,3.158952877905163e-7],"translate":[-68.73336641499992,48.221028714000056]}}