{"type":"Topology","objects":{"10075":{"type":"Polygon","arcs":[[0]]}},"arcs":[[[382950,324990],[25302,-23987],[25193,-24578],[42489,-41117],[21570,-21266],[2494,-2502],[-41843,-45482],[-25154,-26957],[-25773,-27596],[-36500,-39377],[-36800,-39099],[-25927,-27828],[-4916,-5201],[-63680,68563],[-79163,85025],[2136,1851],[-44594,45887],[-36854,37871],[-58202,59712],[-22728,23285],[19845,22991],[-1576,1843],[24878,29100],[5024,-3955],[7316,9447],[896,1314],[12559,-11760],[51651,48501],[47223,44269],[2376,2815],[12197,2787],[-4923,4475],[6213,6316],[3052,-2729],[9048,5397],[3651,-3870],[3237,2055],[-1324,2176],[5583,1727],[-6417,6273],[1523,1602],[2262,1987],[5488,5044],[49743,-50166],[71711,-72469],[51714,-52374]]],"transform":{"scale":[7.711519943039039e-7,4.7739908279817e-7],"translate":[-68.89298835299991,48.065878575000056]}}