{"type":"Topology","objects":{"10902":{"type":"Polygon","arcs":[[0]]}},"arcs":[[[222753,497266],[1777,-1694],[20215,-15962],[41146,-32540],[44981,-37688],[13704,-11500],[59853,-48918],[41913,-34379],[23776,-19990],[2011,-1762],[27870,-23430],[-854,-65425],[-624,-59784],[-1880,12],[-21962,-136],[-1337,107],[-3080,-4],[-11767,37],[-5206,-86],[-39594,122],[-70179,-173],[-173,-176],[-180,-100276],[-123179,-155],[-62911,219],[-14868,41],[-31810,-347],[-259,-43379],[-5630,4623],[-36287,33347],[-27440,25177],[-40779,37353],[47666,41402],[41476,37524],[-4961,4904],[19118,18929],[40362,39904],[19705,19460],[42224,41632],[8963,8870],[-34724,29784],[-20471,17536],[-44902,38206],[-25274,21468],[26505,25126],[9863,10885],[451,393],[27805,27334],[27430,-22258],[38653,38400],[2864,-2733]]],"transform":{"scale":[0.0000011150201100401737,8.314782889565038e-7],"translate":[-68.50542627799989,47.88004844800008]}}