{"type":"Topology","objects":{"11":{"type":"MultiPolygon","arcs":[[[0]],[[1]]]}},"arcs":[[[376152,391649],[58823,-25905],[15577,-8165],[49447,-21778],[-110396,-143323],[-11628,-15322],[-12978,-21334],[-48410,-90868],[-629,197],[-34954,-65151],[-9236,2871],[5622,10959],[-68677,21476],[-44696,14489],[-97527,30638],[-63822,20619],[-2668,1832],[17507,13888],[17098,11691],[9831,8068],[14122,7967],[10432,-835],[11420,3997],[8527,5215],[7809,8636],[4910,9560],[4746,18931],[-4363,9635],[-2031,10230],[3021,5053],[5166,1324],[10251,8712],[1271,17173],[-615,14053],[6420,8854],[1014,11106],[4945,26694],[5666,14565],[-12878,3414],[-5844,-566],[-11644,-18724],[-8818,-11105],[-16092,-3673],[-5969,2095],[-9748,14000],[4647,9330],[16139,20217],[8057,14188],[6542,7076],[16409,11554],[6518,6453],[-976,4497],[10672,9839],[3654,12279],[11175,12972],[16351,6283],[3674,-916],[19878,13680],[4570,4402],[2302,-3335],[1949,7328],[4037,3705],[-968,-10262],[-11881,-12279],[-10793,-2354],[-19756,-10575],[-13133,-18742],[2680,-6928],[-12715,-11853],[-1017,-17718],[-4211,-11559],[-72,-16906],[6879,1900],[5322,13665],[5884,2483],[-3919,3953],[-1158,15546],[7169,6246],[4930,852],[-3421,5686],[7458,9250],[16541,15963],[22497,18402],[10938,3234],[14584,10665],[9055,20438],[4389,6359],[27167,-12208],[-1214,-2682],[113165,-51321]],[[211516,465739],[-4257,2246],[5805,25053],[5328,6797],[4803,-808],[1158,-11167],[-7049,-15047],[-5788,-7074]]],"transform":{"scale":[6.883810169161869e-8,6.348804180077457e-8],"translate":[-73.6706609041685,45.55456594356321]}}