{"type":"Topology","objects":{"11015":{"type":"Polygon","arcs":[[0]]}},"arcs":[[[406652,381528],[12304,-14583],[9621,-12574],[71422,-93025],[-57190,-76883],[-75772,-100596],[-37569,-50458],[-10493,-13755],[-41046,15577],[-37893,-8620],[-16795,-5062],[-14021,1170],[-19404,-12450],[-7991,-4957],[-3193,1347],[-4777,3206],[-1563,-64],[-8111,-1717],[-1818,342],[-3350,1870],[-1495,-939],[225,-1440],[-442,-3209],[-1553,-3425],[-1383,-313],[-2191,2291],[-841,160],[-482,-1420],[-2675,-1063],[-3483,991],[-963,-314],[-481,-1539],[-2854,-76],[-1772,2371],[-1981,830],[-691,-235],[-1802,1817],[-2249,4125],[-1414,604],[-3917,385],[-3166,-471],[-2395,22],[-3155,-1982],[-4392,-567],[-2760,-89],[-1676,344],[-791,1749],[910,5617],[-507,2097],[-1777,2432],[-3194,780],[-3454,-1348],[-6848,-1465],[-6224,2715],[-3209,667],[-3108,-17],[-6173,1115],[8271,10449],[-26657,34395],[-4837,6476],[-2733,4382],[2586,1458],[1112,1223],[24918,34441],[-34345,44953],[21852,29207],[-35076,45379],[6191,7620],[-32928,39362],[-3004,3820],[71033,101478],[79826,113860],[36161,-44021],[17181,22992],[33882,-45614],[2734,4929],[1235,1378],[42109,55632],[19349,-22284],[1863,100],[2376,-2296],[1142,-634],[2020,1219],[4456,1054],[1716,-990],[417,-2015],[1202,-2370],[2619,-243],[1800,-3400],[-247,-4774],[690,-1699],[409,-7777],[1379,-3477],[88,-1539],[1053,-1345],[386,-2328],[842,-1464],[807,-3001],[806,-5331],[1112,-633],[930,-1503],[2645,-2494],[3762,-917],[1026,1340],[1505,114],[964,1260],[1626,312],[723,-635],[627,-2526],[1173,-991],[1865,192],[1623,-1464],[2679,-877],[2614,-2690],[2826,-2336],[1561,-2057],[1442,-1070],[1895,-597],[686,-4067],[1172,-1187],[1205,232],[2250,-4269],[2554,-1626],[3217,-2693],[1290,-2529],[1082,-871],[3639,-1630],[3093,-3759],[4896,-5185],[2165,-678],[418,-2447],[1230,-1898],[-454,-1697],[-3069,800],[-966,-1221],[895,-4738],[2548,-5652],[746,-3278],[1321,-2017],[464,-1501],[14338,20310]]],"transform":{"scale":[4.452688585376278e-7,2.2796783993563306e-7],"translate":[-68.9922954389999,47.89086635600006]}}