{"type":"Topology","objects":{"11020":{"type":"Polygon","arcs":[[0]]}},"arcs":[[[499999,322342],[-2770,-2270],[-9206,-7034],[-52110,-37324],[-98447,-72982],[-50559,-37971],[2479,-2130],[75825,-57687],[-98267,-73301],[95,-70],[-40817,-31573],[-78866,59218],[-10624,8004],[-13586,9284],[-12912,9609],[-110234,81866],[124848,101787],[-37145,27532],[48108,39536],[-40267,28614],[167506,134549],[45261,-33876],[109697,-82223],[81991,-61558]]],"transform":{"scale":[4.0324066848130095e-7,3.5810928621857127e-7],"translate":[-68.86088335099993,47.950444814000036]}}