{"type":"Topology","objects":{"11025":{"type":"Polygon","arcs":[[0]]}},"arcs":[[[499999,462275],[-180773,-187336],[43457,-39839],[-51917,-55047],[40085,-38332],[-134734,-141721],[-76773,73439],[-139344,133059],[32570,34456],[22340,17623],[56696,41996],[4865,4756],[5361,3561],[153947,118145],[41053,-39231],[46923,37328],[9121,7741],[88030,67126],[39093,-37724]]],"transform":{"scale":[3.736509773019359e-7,2.5720261440520103e-7],"translate":[-68.94163572899993,48.010600485000055]}}