{"type":"Topology","objects":{"11030":{"type":"Polygon","arcs":[[0]]}},"arcs":[[[320008,393606],[68161,-90069],[111830,-148051],[-89302,-155486],[-71628,95560],[-96802,128923],[-64725,-89710],[-38723,46655],[4,520],[-10065,12536],[-19506,-16928],[-18260,-84676],[-1182,-4770],[-1028,-6259],[-887,-2256],[-1321,-1480],[-11572,-3561],[-2037,-1364],[-1684,-1842],[-1493,1140],[-20533,-6384],[-4342,4793],[-3355,5848],[-1983,1814],[-6789,4685],[-1656,4353],[-1229,1857],[-946,3509],[241,5636],[-1472,4086],[-831,4129],[-1097,3375],[-1324,1827],[-4363,1681],[-2954,3577],[-4433,3608],[-2497,373],[-2938,942],[-7287,200],[28114,32530],[4458,-7021],[7102,10631],[-10839,15427],[603,3094],[2658,21678],[17112,13962],[4653,6195],[11391,17894],[984,21303],[14301,12904],[8586,20602],[6541,-7141],[10851,10494],[8307,-11769],[31316,39846],[-4079,5969],[31335,43397],[12134,1850],[55,5974],[19063,3925],[12072,16327],[-3364,4076],[5854,8622],[-6055,7044],[4838,7567],[-24978,33826],[6691,10155],[9117,-12221],[7353,14391],[6365,9900],[15686,16171],[49287,-63497],[32496,-42896]]],"transform":{"scale":[4.669987139974704e-7,2.3149825299644084e-7],"translate":[-69.15834529099993,48.016690716000085]}}