{"type":"Topology","objects":{"11040":{"type":"MultiPolygon","arcs":[[[0]],[[1]],[[2]]]}},"arcs":[[[429324,311004],[70675,-76619],[-14549,-13588],[-13139,-77537],[-81569,-90114],[-48980,821],[22173,-25837],[-15648,-15137],[-56317,59194],[-78656,-72187],[-213314,220985],[22755,15912],[9129,10332],[4786,8864],[6281,5170],[7648,8874],[9368,6367],[5472,8735],[9478,9143],[5248,7148],[29363,20428],[6402,2528],[-6199,9625],[-9062,10544],[-4569,-3579],[-2293,2635],[8337,7421],[14460,-20964],[1829,1194],[5274,-4874],[-1475,-5684],[1966,-10299],[-1111,-16384],[1735,-8714],[-197,-15194],[4228,2127],[25169,1653],[4466,-2101],[5032,542],[9030,4780],[14297,2679],[13370,8755],[11092,2540],[13946,6641],[3639,12162],[10616,12578],[5817,9922],[8906,10327],[10177,3725],[-1043,6867],[14385,17473],[6626,5962],[-1837,3430],[2258,16651],[320,11890],[3981,13221],[1000,16119],[-1507,10829],[-2187,6204],[5491,4769],[137427,-148954]],[[206747,459610],[-7519,-17590],[-6637,-281],[-12698,-2941],[-4470,3160],[-938,12150],[3775,671],[5826,4639],[3780,-1443],[3307,5690],[11659,7296],[2752,-2768],[1163,-8583]],[[247192,494591],[-2150,-12293],[2191,-8713],[-3199,-3575],[-6977,-1998],[-4106,-7409],[-2744,-536],[-7343,8833],[-1151,3959],[-604,15984],[682,2511],[8930,-1298],[10623,9935],[2634,8],[3214,-5408]]],"transform":{"scale":[1.1746051092102459e-7,6.810432020867512e-8],"translate":[-69.19851384399993,48.110754246000056]}}