{"type":"Topology","objects":{"11050":{"type":"Polygon","arcs":[[0]]}},"arcs":[[[394918,453068],[-1587,-2129],[106668,-126546],[-15042,-18704],[-8757,10380],[-36164,-40232],[5590,-8161],[-30185,-31305],[-15460,19297],[-61315,-63021],[4034,-5379],[-52294,-53617],[-10415,13781],[-4961,-6293],[8800,-12777],[-4422,-10863],[-10983,-6569],[-4588,-10783],[-359,-2467],[-17888,-20935],[4056,-11979],[-4062,-12228],[-17858,-22199],[-23881,-30339],[-11944,13771],[-11980,-6104],[-17059,20966],[-14266,-19230],[-32040,39190],[-84634,100988],[-27867,33484],[13223,16742],[-17278,21918],[2548,3375],[3468,-4148],[2777,4413],[-4929,5731],[1937,2940],[2515,-2603],[5334,7944],[4157,-4129],[3209,5324],[5110,-4996],[10098,14631],[4480,-4626],[3983,5590],[-3712,4623],[5395,7091],[4607,-5164],[3109,3954],[-4607,5165],[10594,14155],[18594,-19780],[72033,69694],[11972,-10810],[21670,28379],[15500,20364],[33703,32574],[19112,22876],[1857,2479],[6052,-5123],[4142,8530],[-26,4864],[-1106,5327],[684,2661],[2843,1809],[1763,2235],[1396,3550],[2105,3584],[4236,2270],[2105,3548],[7320,22681],[3712,4501],[16439,-20537],[10729,14140],[8987,11191],[5392,-8244],[5400,-5302],[16175,21543],[1492,-1725],[40564,-45206]]],"transform":{"scale":[4.736316572632667e-7,2.533968047935938e-7],"translate":[-69.07928248399992,48.10542696400006]}}