{"type":"Topology","objects":{"111":{"type":"Polygon","arcs":[[0]]}},"arcs":[[[487643,280075],[12356,-8321],[-34661,-54543],[-47563,-79606],[-49562,-80425],[-1267,-3801],[-33401,-53379],[-185300,121737],[-148245,97575],[53765,43972],[14866,9166],[25178,7275],[24314,-285],[33247,1064],[25703,4430],[20581,6182],[18632,8990],[27659,19270],[21607,22457],[53729,67782],[31803,38659],[40829,51725],[-5380,-15498],[-5479,-8217],[-42222,-53405],[77535,-53284],[-17806,-29540],[27654,-18999],[61428,-40981]]],"transform":{"scale":[6.641931854477534e-8,4.498576260292339e-8],"translate":[-73.61241433236576,45.515781364170905]}}