{"type":"Topology","objects":{"112":{"type":"Polygon","arcs":[[0]]}},"arcs":[[[396785,22],[-48716,34591],[-89735,62016],[-8722,16376],[-155029,105933],[-29932,21122],[19272,32839],[-83923,59231],[45701,59368],[5930,9135],[5825,17228],[23919,28997],[17352,15777],[29011,18395],[16462,7275],[23055,7180],[16730,3133],[34661,783],[47428,-5373],[73594,-11045],[31796,-5298],[98859,-14455],[29675,-5124],[-34420,-98355],[-4182,-17127],[-41494,-194733],[-21165,-106111],[-1952,-41758]]],"transform":{"scale":[6.136273272495718e-8,4.0467579405792055e-8],"translate":[-73.58990934826582,45.52136438794272]}}