{"type":"Topology","objects":{"113":{"type":"Polygon","arcs":[[0]]}},"arcs":[[[338268,5670],[-4993,-5670],[-139673,69917],[8821,17342],[21150,23710],[2864,7982],[1101,23241],[-3709,5185],[-79011,39964],[-144818,68540],[26673,30886],[1774,3713],[69308,78530],[66517,77730],[48469,53258],[97113,-44908],[11266,-14386],[115938,-54472],[62941,-30404],[-609,-6522],[-76283,-174269],[-33752,-80047],[-9752,-21350],[-35355,-61084],[-5980,-6886]]],"transform":{"scale":[4.749494686628753e-8,4.607102942912843e-8],"translate":[-73.5893088980696,45.50497097179281]}}