{"type":"Topology","objects":{"11902":{"type":"Polygon","arcs":[[0]]}},"arcs":[[[496581,304599],[-68204,-69665],[-7066,-8032],[-36354,-38741],[-31808,40714],[-119277,-122610],[-4153,-3696],[-3768,-4939],[-43927,-43583],[-17309,-18289],[-25236,-35758],[-101853,129986],[-37626,47947],[14008,19662],[16755,-21437],[11765,6240],[11729,-14081],[23456,31023],[17537,22698],[3989,12501],[-3984,12249],[17569,21404],[354,2523],[4504,11025],[10787,6718],[4342,11104],[-8642,13066],[4872,6434],[10228,-14089],[51359,54819],[-3961,5500],[60217,64437],[15183,-19731],[29644,32009],[-5490,8344],[35518,41136],[8599,-10614],[14773,19126],[63471,-78535],[91417,-113297],[-3418,-3568]]],"transform":{"scale":[4.822652305304766e-7,2.478301856603745e-7],"translate":[-69.00890201999994,48.06371259000008]}}