{"type":"Topology","objects":{"12":{"type":"Polygon","arcs":[[0]]}},"arcs":[[[407993,430439],[73326,-50894],[18680,-13638],[-11466,-8538],[-41216,-35527],[-6872,-4615],[-9041,-4457],[-19483,-5463],[-14092,-6731],[-12401,-10882],[-4520,-5966],[-28516,-52372],[-8449,-18718],[-35354,-88079],[-26964,-66665],[-20145,-57894],[-19620,8291],[-17089,9252],[-80352,37267],[-36567,16781],[-9029,3132],[-13188,2288],[-17459,110],[-13503,-2367],[-12717,-4414],[-41221,-15247],[-585,288],[18397,46215],[3181,8638],[15906,39817],[26225,-12589],[3942,799],[5847,11528],[19480,-8769],[24096,-11461],[1792,11628],[5074,19728],[24006,-6278],[2620,15966],[6018,17862],[13325,36178],[5206,6620],[9611,25237],[29037,-13372],[42663,116884],[22144,60915],[352,-162],[28646,79234],[24770,-16949],[75505,-52611]]],"transform":{"scale":[1.2275187379535748e-7,7.677039994188232e-8],"translate":[-73.683124268159,45.52638745438617]}}