{"type":"Topology","objects":{"12010":{"type":"Polygon","arcs":[[0]]}},"arcs":[[[499999,352385],[-27379,-34888],[-4780,-5817],[-67883,-84507],[-28901,-36031],[-6887,-8633],[-22899,26994],[-3986,-4708],[-59953,-70254],[-51377,4464],[4314,-5326],[-19819,-24750],[-85871,-108929],[-14129,16320],[-41248,47406],[4732,4923],[-10692,-80],[44,79429],[-63285,1041],[50910,63296],[16416,18794],[43722,-54092],[44142,52134],[-11829,14359],[41077,49734],[68904,83291],[46323,55896],[15572,18977],[6638,7958],[10208,12403],[21138,-26424],[42911,54633],[5874,-6762],[15514,-18202],[18666,-21727],[29721,-34931],[-10723,-13690],[19427,-22633],[20288,-23623],[5100,-6045]]],"transform":{"scale":[6.795141070281932e-7,3.805058510117445e-7],"translate":[-69.3562454499999,47.68815909600005]}}