{"type":"Topology","objects":{"12015":{"type":"Polygon","arcs":[[0]]}},"arcs":[[[349607,282260],[76824,-1131],[-53,-86137],[12978,86],[-5745,-5337],[50071,-51412],[16317,-16837],[-48684,-54172],[-60413,-67320],[-58815,63704],[-59074,63894],[-71885,77619],[-93323,-143446],[-3782,-4941],[-52724,56361],[799,1809],[-29022,31025],[680,1190],[-235,1741],[-1833,3887],[-1562,4687],[976,2906],[1157,2206],[354,3209],[-605,2977],[-953,985],[-3387,1484],[-6147,824],[-1773,1321],[-158,2207],[1482,3119],[2136,2803],[2384,2876],[4506,6136],[4275,6768],[1766,2255],[4777,3723],[2402,3774],[2024,3472],[6888,9962],[1664,1950],[540,1394],[-625,4543],[-447,2358],[317,2671],[1294,2562],[-5595,-2055],[-6818,-3919],[-9726,1721],[-10514,2777],[-12320,4636],[19427,22820],[8637,10094],[-2399,2767],[37465,45268],[-5711,2472],[8128,9737],[4930,7497],[2280,3572],[13928,29327],[6930,12992],[54974,114278],[36531,-38802],[22114,-23834],[-481,-2406],[-1065,-1723],[4,-770],[-806,-953],[886,-586],[-1040,-2031],[634,-2664],[-543,-1003],[-1613,-1497],[-139,-847],[817,-1302],[-1947,-1629],[-1192,-314],[12,-2077],[-1660,-1909],[-540,-1490],[8,-1693],[1322,-1658],[2676,-932],[626,-1227],[935,-738],[267,-1152],[449,746],[838,-380],[54,-1127],[-1105,-3034],[-761,-5158],[106,-1770],[633,-2559],[1112,-3122],[1058,-1507],[561,-2483],[529,-742],[2057,-1270],[787,5],[2355,1349],[878,902],[2970,1813],[1355,1059],[860,-225],[270,-1486],[929,6],[876,1159],[723,3518],[518,1131],[738,209],[1147,-583],[441,-2075],[1073,-96],[1045,1084],[-103,1486],[-2996,2932],[230,1437],[978,-97],[4776,-1203],[5546,-2633],[1669,112],[265,-486],[-1374,-1881],[-3061,-2838],[505,-895],[2575,15],[957,-584],[534,-1664],[3529,22],[816,-1125],[270,-1614],[111,-3051],[273,-2254],[111,-2871],[-280,-4304],[83996,-88038],[23389,-332]]],"transform":{"scale":[5.597770535540939e-7,3.50872479744901e-7],"translate":[-69.55194779599992,47.645832546000065]}}