{"type":"Topology","objects":{"12020":{"type":"Polygon","arcs":[[0]]}},"arcs":[[[415809,349007],[44494,-38252],[-29302,-25338],[68997,-58707],[-90899,-75848],[43738,-38225],[-31856,-25785],[-98797,-86852],[-37390,422],[-134277,111393],[448,5445],[-177,3632],[-437,2854],[-176,3861],[-433,2042],[-1305,1421],[-5642,-26],[-852,2106],[-1529,739],[-4117,-19],[-808,1131],[4895,3592],[2196,2379],[-423,614],[-2669,-142],[-8867,3334],[-7634,1522],[-1564,121],[-370,-1819],[4791,-3708],[163,-1882],[-1668,-1370],[-1717,123],[-702,2623],[-1835,738],[-1180,-264],[-830,-1431],[-1153,-4452],[-1400,-1467],[-1487,-6],[-433,1880],[-1373,286],[-2165,-1342],[-4750,-2293],[-1403,-1143],[-3763,-1704],[-1258,-6],[-3289,1606],[-846,936],[-897,3143],[-1690,1907],[-1780,3950],[-1013,3239],[-167,2238],[1215,6528],[1766,3837],[-85,1427],[-1339,481],[-718,-944],[-428,1458],[-1494,934],[-1002,1551],[-4278,1181],[-2111,2098],[-15,2142],[865,1886],[2654,2413],[-18,2629],[1903,398],[3114,2060],[-1308,1649],[222,1071],[2581,1895],[868,1268],[-1014,3370],[1660,2571],[-1415,741],[1288,1205],[-5,975],[1700,2181],[770,3044],[-35351,30158],[-58399,49094],[14044,23111],[10107,-8147],[33237,-27032],[21685,29333],[13169,17677],[-335,2866],[326,2739],[1340,2544],[3597,3015],[2571,2523],[2516,3273],[1215,3029],[-28108,23551],[-63675,31712],[-12523,5884],[4721,3791],[19010,-9436],[24079,25797],[29294,-14449],[1083,4769],[3426,7220],[5418,6192],[4858,4631],[1514,1823],[4665,4695],[88,3992],[6156,4473],[821,2957],[2806,3031],[5214,2782],[26,1687],[7878,4126],[3938,-468],[1445,851],[2979,2495],[10537,-8143],[34919,-27262],[65568,82862],[120,-1002],[6216,-4907],[118378,-101565],[50652,-43517]]],"transform":{"scale":[3.501645163289956e-7,2.7730374460748706e-7],"translate":[-69.46906321299991,47.744869849000054]}}