{"type":"Topology","objects":{"12025":{"type":"Polygon","arcs":[[0]]}},"arcs":[[[385181,420351],[114818,-89042],[-20068,-16022],[-157224,-124440],[-137095,-108767],[22273,-17726],[-83118,-64354],[-124767,101158],[88202,68235],[-66951,52812],[28432,22794],[-43171,34413],[69298,55408],[37799,30173],[81433,65036],[41370,32939],[46786,37031],[86916,-65769],[-1376,-1141],[16443,-12738]]],"transform":{"scale":[3.608699177399024e-7,3.0824890849786144e-7],"translate":[-69.32581111799993,47.75552252500005]}}