{"type":"Topology","objects":{"12030":{"type":"Polygon","arcs":[[0]]}},"arcs":[[[406541,472651],[42068,-37816],[-47041,-42847],[42739,-40282],[55692,-52933],[-52352,-50155],[-46289,-44615],[-91120,-88089],[-42294,-40867],[-77542,-75047],[-83989,80961],[-99532,95816],[-6750,5979],[-131,1225],[10047,14042],[1036,955],[100535,148469],[30957,45872],[15205,22261],[61061,39687],[36103,22051],[95898,22007],[4767,-4069],[20492,4742],[30440,-27347]]],"transform":{"scale":[3.225113690227778e-7,2.2758357316713045e-7],"translate":[-69.38486854899992,47.84165091600005]}}