{"type":"Topology","objects":{"12065":{"type":"Polygon","arcs":[[0]]}},"arcs":[[[499998,360701],[-4207,-2573],[-16231,-22347],[-33044,-46049],[-107313,-149042],[-1108,-958],[-10723,-14098],[-75990,-101353],[-40469,33343],[-12213,9960],[-3453,-3051],[-1676,-1041],[-4561,573],[-9130,-5046],[-32,-2064],[-6041,-3403],[-3252,-3707],[-951,-3616],[-7135,-5474],[-102,-4881],[-5408,-5743],[-1756,-2231],[-5628,-5665],[-6280,-7572],[-3969,-8831],[-1256,-5832],[-33949,17673],[-12708,-14403],[-91413,48312],[11770,13335],[29323,-14158],[1836,4561],[1455,6894],[3792,6245],[15972,12556],[4016,4450],[1884,3926],[8038,12588],[3218,4838],[5083,-1307],[1486,2952],[3270,1626],[5710,1557],[3279,640],[3601,1762],[1892,2941],[6533,6570],[3510,8553],[3429,2678],[12440,-8772],[-603,-2136],[6213,-3170],[13684,42103],[-59419,51689],[3419,3067],[3640,-2973],[20086,24674],[-9765,8433],[-40654,35291],[-7718,6812],[5729,7911],[7156,10137],[5516,8515],[5847,2337],[7182,4324],[10727,4844],[7932,4331],[6442,8792],[5119,12972],[1754,5616],[2021,3796],[3313,-18],[2363,9794],[9234,923],[361,15244],[85510,102015],[42875,-33974],[6057,3951],[14025,-12561],[17350,17504],[5241,5145],[7048,11858],[4108,5304],[2560,3884],[10310,7548],[14810,-12166],[31013,-26515],[48911,-41597],[17063,-14640],[36613,-31176],[15388,-13204]]],"transform":{"scale":[3.0213875827749315e-7,2.2671074542148365e-7],"translate":[-69.48378026799992,47.85503887400006]}}