{"type":"Topology","objects":{"121":{"type":"Polygon","arcs":[[0]]}},"arcs":[[[498456,478139],[-6264,-12793],[-7419,-17307],[-1670,-4473],[-2283,-10556],[-1016,-14865],[-1629,-8204],[-3254,-7712],[-7100,-12331],[-7126,-11716],[-6646,-13586],[-2340,-7017],[-2425,-12803],[-1605,-12050],[-1167,-15247],[-1457,-33107],[101,-6569],[-544,-11934],[867,-14448],[466,-19921],[634,-10513],[-17481,1901],[-14923,3834],[-47028,13280],[-1957,-4558],[-4275,-8035],[-5966,-9334],[-2786,-2708],[-23445,-18961],[-24079,-20513],[-7837,-6371],[-5340,-4817],[-18359,-14675],[-38358,-31193],[-22463,-18044],[-14213,-9910],[-3740,-3026],[1376,-1068],[-33500,-27523],[-6541,-6104],[-6640,-6841],[-42488,-46321],[-10151,15912],[-11532,17490],[-4530,7332],[-7693,14400],[-14680,-18540],[-8396,13120],[-12871,20463],[-13516,20998],[-9215,14565],[-3086,4417],[-10866,16664],[26077,21227],[16580,13780],[14025,11871],[21063,17112],[24600,20586],[22010,17995],[58349,48342],[37597,31047],[4677,4331],[4483,4967],[7409,9725],[11354,17580],[7751,13156],[2748,5738],[3976,9844],[3642,12276],[9632,38517],[2779,7101],[3126,5004],[6018,6949],[9465,8232],[6417,4492],[7585,4426],[15468,7418],[18609,7570],[21920,8451],[14665,5121],[12293,3493],[15058,3059],[5504,216],[4321,-1614],[4677,-4639],[2283,-3526],[2885,-6617],[3864,-3808],[2469,-743],[3097,294],[13403,6894],[11961,4184],[3808,2060],[7188,5303],[8943,4319],[7301,1445],[3095,-789],[3296,-3551],[2095,-5074],[432,-5631],[-1542,-6815]]],"transform":{"scale":[2.3055203090941869e-7,1.3854162672975546e-7],"translate":[-73.5898582112291,45.63620032022946]}}