{"type":"Topology","objects":{"122":{"type":"Polygon","arcs":[[0]]}},"arcs":[[[492561,215223],[3138,-13173],[2621,-15554],[1678,-13975],[-72481,20329],[-1475,-6596],[-1975,-16836],[-68,-6641],[-1623,-5264],[946,-17943],[-1262,-2940],[302,-21842],[2248,-7491],[3112,-17574],[-1363,-6035],[2937,-3257],[-5515,2294],[-4243,-6762],[-3523,-8881],[-2457,-2470],[-5117,-10465],[-3998,-17327],[-3978,-4441],[-5475,-10071],[4678,-8991],[-3247,-8399],[-3321,-4918],[-43465,13201],[148,836],[-12588,3834],[-202,-798],[-76476,23311],[-76669,22900],[-9187,3988],[-103998,86396],[-56739,47430],[-9804,8847],[-4120,1963],[6377,5728],[24247,18767],[38319,34165],[65435,59066],[31318,27789],[9109,9120],[13371,12064],[41076,38842],[39995,35901],[4752,5129],[10176,17676],[7295,15214],[3336,8630],[80225,-25147],[25460,-7258],[29819,-3599],[2721,-38112],[2624,-17529],[7882,-33558],[3180,-19948],[3659,-17036],[7016,-28548],[8138,-25660],[13727,-32465],[11244,-28620],[2060,-7296]]],"transform":{"scale":[1.351502160599972e-7,7.316559650154325e-8],"translate":[-73.54505494576516,45.63286788408117]}}