{"type":"Topology","objects":{"123":{"type":"Polygon","arcs":[[0]]}},"arcs":[[[312528,471980],[6049,-7428],[18056,-24488],[26486,-35307],[41673,-56466],[28766,31174],[15076,-24212],[8878,-12328],[22597,-29407],[19889,-26755],[-74035,-69268],[-182537,-178167],[-12311,-10999],[-13310,-9976],[-14131,-8768],[-18749,-9585],[-40653,54339],[-44900,60985],[-36989,49893],[-62383,83340],[207329,182288],[11489,9898],[33945,30092],[8021,6648],[30450,22516],[21294,-28019]]],"transform":{"scale":[1.1765429220823735e-7,8.239728092678952e-8],"translate":[-73.62412325568117,45.61257183292931]}}