{"type":"Topology","objects":{"13":{"type":"Polygon","arcs":[[0]]}},"arcs":[[[495647,387339],[-1648,-5951],[6000,-3405],[-52364,-177709],[-33634,19173],[-11135,-36191],[-6030,-9493],[-15436,-51882],[-6970,-25615],[-3037,-22895],[-27806,9001],[-5879,-28293],[-2075,-16675],[-27913,16438],[-22563,12574],[-6776,-16533],[-4564,-1145],[-30380,18054],[-21397,-66792],[-62949,57316],[-12690,10265],[-10222,10091],[-20282,18287],[-34608,24780],[-64482,44491],[-5064,5864],[-10848,7473],[-895,5603],[8870,10895],[5722,-3380],[3565,5593],[-3071,4641],[3483,11609],[3777,3388],[6233,-251],[2743,7565],[4895,5261],[8032,-2455],[8847,4900],[-491,5583],[-4005,-1161],[-1997,3759],[1507,7334],[4736,3581],[8095,960],[9285,6293],[8736,48],[-343,-8132],[-21810,-9573],[470,-4691],[7089,-848],[24057,10163],[6779,-3499],[8377,1172],[8080,-2015],[31526,9441],[11330,7443],[1677,6386],[11231,12274],[6264,1031],[5859,-6906],[4742,-542],[18760,2380],[25065,10239],[5286,-4207],[3109,7580],[1137,8159],[17176,29651],[4435,9799],[2582,10731],[4748,7523],[14977,31569],[5429,20114],[1165,12274],[7132,30653],[5653,16149],[14209,33961],[4036,1215],[41460,-24454],[63353,-36334],[29027,-17180],[44622,-25474],[-2004,-7046]]],"transform":{"scale":[1.0596902876234468e-7,5.3533117111874816e-8],"translate":[-73.70430149291869,45.534331320175]}}