{"type":"Topology","objects":{"13005":{"type":"Polygon","arcs":[[0]]}},"arcs":[[[499924,448714],[-81,-5245],[-234,-8222],[390,-1477],[-277,-34008],[-1011,-217316],[-84,-25761],[-3732,-2473],[-16,35],[-40195,-25771],[-40827,-26518],[-48765,-31721],[-48860,-31977],[-54575,-35959],[-897,-573],[-5389,-1728],[-38693,17796],[-62759,29126],[-41539,19245],[-24619,11029],[-35061,16888],[-52700,29957],[16122,10246],[24510,5967],[-11615,3145],[39679,26814],[4409,-1093],[32791,29340],[65417,54626],[60782,52701],[8717,-4282],[22183,-12743],[406,-369],[1074,602],[7053,3776],[10643,-4840],[10783,-4601],[7728,-5484],[11235,-12384],[11342,-7209],[33292,21265],[-1697,697],[19586,12363],[44149,28488],[44110,28421],[-14914,10230],[-42436,27567],[-39900,25880],[55284,36079],[21373,13754],[57586,37001],[74,-28410],[158,-22874]]],"transform":{"scale":[7.810309260617438e-7,8.136061032122297e-7],"translate":[-68.7729370429999,47.425718422000045]}}