{"type":"Topology","objects":{"13010":{"type":"Polygon","arcs":[[0]]}},"arcs":[[[499999,227732],[-21196,-12428],[-58037,-34978],[-107082,-64652],[-85889,-51962],[-2182,-3223],[-666,649],[-101641,-61138],[-41519,48545],[-81787,93363],[31304,40203],[76191,96764],[36372,45771],[54857,68577],[-52803,60135],[36876,46641],[29779,-26623],[42219,-35096],[71231,-61238],[107620,-92683],[66353,-56627]]],"transform":{"scale":[4.55458456916848e-7,2.5568691937392654e-7],"translate":[-68.80121205799992,47.36749042400004]}}