{"type":"Topology","objects":{"13015":{"type":"Polygon","arcs":[[0]]}},"arcs":[[[345266,482568],[102332,-95729],[34364,-27229],[-41757,-46840],[59794,-60390],[-62119,-68867],[-41186,-45966],[-86278,-97173],[-35449,-40374],[-3745,3788],[-28403,29178],[-31736,33138],[-2615,-2570],[-479,-1005],[-3344,-3998],[-8229,-8476],[-39235,41633],[-112643,117610],[-43560,45488],[-978,981],[16945,19168],[59189,62167],[109699,121151],[32240,38702],[109916,3044],[17277,-17431]]],"transform":{"scale":[4.022163104325686e-7,2.5460672921347207e-7],"translate":[-68.91180878299991,47.40377454900005]}}