{"type":"Topology","objects":{"13020":{"type":"Polygon","arcs":[[0]]}},"arcs":[[[160044,481522],[802,-849],[35719,-39375],[92362,-101797],[32172,-36038],[6747,7338],[2741,3458],[393,871],[2145,2224],[26022,-28682],[23289,-25256],[79013,-84434],[38550,-42199],[-53173,-29992],[-58089,-33066],[-96417,-31054],[-132010,-42671],[-38431,45302],[-74728,85812],[-47151,52636],[26810,30535],[51582,57345],[30930,35904],[-32486,5965],[-32173,22040],[-11069,5152],[-18188,15195],[50564,56497],[76050,86525],[796,843],[17228,-18229]]],"transform":{"scale":[4.905295210589423e-7,2.941485402970836e-7],"translate":[-68.9903152899999,47.327255678000085]}}