{"type":"Topology","objects":{"13030":{"type":"Polygon","arcs":[[0]]}},"arcs":[[[499999,228814],[-13734,-363],[-32436,-36659],[-110366,-114753],[-59548,-58885],[-17048,-18154],[-21140,19949],[-59,269],[-31543,30627],[-14458,14778],[-11005,-10400],[-33635,-33506],[-20745,21876],[-9617,9898],[-15227,15095],[-4695,4789],[-31650,31569],[2538,5497],[2338,2940],[710,4924],[1453,4773],[2923,5542],[1013,5036],[-4810,4767],[-21517,20828],[-15692,16038],[-3881,-4155],[-8311,8534],[-29857,29738],[66140,68915],[31464,32555],[13789,14109],[-63784,64328],[1325,3884],[2294,5254],[1530,2344],[27912,29387],[24258,25701],[2288,2270],[10470,11231],[28717,30615],[13715,-12609],[52472,-49526],[45489,-42876],[13671,20297],[12648,-5050],[45777,61884],[63663,-60938],[23810,-46277],[22567,-20555],[26714,-35930],[14469,-57492],[18601,-22113]]],"transform":{"scale":[3.997893935788728e-7,2.688004876010054e-7],"translate":[-69.01849965,47.46889466800007]}}