{"type":"Topology","objects":{"13040":{"type":"Polygon","arcs":[[0]]}},"arcs":[[[261605,400928],[30,-22229],[-12449,-68910],[-5456,-16178],[31537,-17596],[66742,-98332],[39215,-30069],[101257,20300],[17518,-12349],[-89888,-86516],[-74516,-69049],[-12185,6301],[-15884,6087],[-18379,2373],[-37990,-5948],[-32359,-5016],[-12548,1019],[-13932,3755],[-14018,7282],[-54654,32864],[-10030,8158],[-6774,10644],[-9463,20998],[-5882,26457],[-3421,5266],[-12265,8636],[-71,-17],[-10455,10603],[-16613,12869],[-22732,14373],[-25940,11759],[55371,30595],[53197,30196],[47785,27177],[10774,6286],[421,1369],[4,925],[-1147,3399],[-192,2305],[81,1070],[1148,2794],[209,1960],[-385,4231],[-374,1472],[-1052,2126],[-295,1744],[390,3012],[-275,582],[112,2396],[889,1486],[2255,1447],[408,744],[-673,2144],[-1213,1256],[-137,2105],[-401,872],[1572,1558],[1360,-911],[632,0],[256,925],[-900,2199],[-2165,1583],[-1284,1220],[-2358,3999],[-349,1162],[79,927],[537,1286],[-122,1236],[282,579],[1215,580],[609,598],[-673,2198],[234,1850],[816,1686],[810,472],[916,1576],[537,1489],[134,1850],[-578,492],[-551,1235],[-473,1818],[333,1252],[1496,1086],[82,1325],[964,923],[1595,796],[608,34],[-1710,2165],[-247,1217],[1013,651],[56,1234],[1949,957],[794,2305],[1884,3245],[1624,1359],[841,1830],[-244,1799],[389,2413],[508,688],[-138,3341],[691,1850],[1170,1560],[893,2103],[7,1399],[1045,2230],[2792,2353],[-171,1489],[661,980],[1370,759],[3975,1625],[-1033,692],[79,580],[966,1270],[2661,1664],[918,1868],[-275,380],[260,1617],[684,451],[81,980],[-652,1473],[283,870],[1146,1831],[1726,1449],[484,1034],[1652,1739],[816,1740],[2312,2174],[1069,1884],[2184,2011],[2204,684],[1543,15],[1039,633],[1427,2430],[1524,1429],[399,-1434],[1081,-1074],[785,89],[1316,2921],[2552,3916],[972,1833],[854,5218],[425,1905],[3109,5461],[-1024,3177],[884,2770],[-651,2579],[1114,3604],[1162,1589],[2768,311],[4607,-228],[1168,900],[-6,2291],[-2254,2865],[-1147,1742],[2091,3242],[-355,2538],[-1586,4323],[-3115,4643],[-2151,1657],[458,1665],[5346,2163],[1338,1618],[-1882,1962],[-3211,1965],[-2829,3783],[1846,1976],[640,1807],[-479,2305],[1265,4288],[9903,-10781],[83,-157],[9055,-11007],[7819,-9822],[401,-782],[1042,-13801],[-155,-532],[2637,-39602],[530,-12613],[36,26]]],"transform":{"scale":[5.281377362754897e-7,4.956183912368113e-7],"translate":[-68.85573130599994,47.59740783000006]}}