{"type":"Topology","objects":{"13055":{"type":"Polygon","arcs":[[0]]}},"arcs":[[[317540,349947],[59836,-71372],[70356,-84061],[52266,-62549],[-14513,-17509],[-97697,-114456],[-2484,776],[-79284,93059],[-33999,39847],[-67461,78650],[-69528,-83505],[-27721,-33407],[-82735,97744],[-23524,26093],[-321,2940],[-731,3965],[726,3273],[4880,5900],[2986,1826],[789,1704],[308,3024],[762,2446],[2459,2696],[328,2976],[1430,3057],[2129,2091],[1916,3095],[4892,8625],[2669,1887],[711,1046],[720,3871],[4177,12740],[3402,3102],[2474,3460],[815,11519],[1559,2306],[-78,4939],[1784,4757],[3084,4195],[1236,2552],[3156,8869],[76,2201],[-891,3996],[-2159,7969],[-30,3119],[2586,5248],[2355,2781],[4184,4672],[785,4276],[427,3585],[1008,2476],[2843,4066],[811,1356],[800,4113],[1521,2284],[1279,3619],[2178,3989],[617,3758],[2366,3332],[759,2014],[-1191,1007],[-590,1807],[21,3274],[1105,1840],[484,1800],[-495,5621],[34,3110],[980,3832],[936,1837],[2097,3431],[1804,1289],[3533,592],[5531,2269],[552,1076],[331,2463],[1676,1622],[2643,240],[5470,-197],[6522,4374],[2732,1030],[3279,945],[1826,4976],[1797,3231],[1858,1144],[2005,1594],[2081,1103],[1002,1008],[488,1683],[3651,10205],[3678,12432],[2284,2704],[2285,3375],[271,4356],[1410,2333],[2596,710],[3440,-989],[14332,-2291],[7757,-5346],[4884,-971],[3732,-2013],[2033,-636],[14677,17157],[37743,-43328],[17003,-20041],[30519,-35041],[45905,-51642]]],"transform":{"scale":[5.842585845171831e-7,3.3450153100308916e-7],"translate":[-68.69095165099992,47.846554981000054]}}