{"type":"Topology","objects":{"13060":{"type":"Polygon","arcs":[[0]]}},"arcs":[[[499998,321877],[-25046,-19672],[-3472,730],[-6368,2308],[-8334,1114],[-13237,6130],[-24462,2627],[-5867,1133],[-4432,-814],[-2405,-2675],[-464,-4994],[-3900,-3869],[-3897,-3100],[-6277,-14253],[-6233,-11702],[-829,-1931],[-1711,-1153],[-3551,-1267],[-3422,-1826],[-3173,-1313],[-3066,-3703],[-3117,-5706],[-5592,-1083],[-4663,-1181],[-11131,-5014],[-9335,225],[-4510,-275],[-2860,-1859],[-565,-2825],[-945,-1234],[-9439,-2602],[-6029,-678],[-3077,-1478],[-3580,-3934],[-1596,-2105],[-1672,-4394],[-60,-3565],[847,-6446],[-828,-2064],[-1887,-2109],[-35,-3753],[1009,-2073],[2030,-1155],[-1292,-2310],[-4040,-3817],[-1053,-4309],[-3716,-4574],[-2184,-4149],[-2595,-2620],[-1364,-4714],[-1386,-1556],[-4850,-4661],[-1721,-2838],[-727,-4112],[-1341,-4903],[-7141,-5355],[-4021,-3188],[-4411,-6019],[51,-3575],[3685,-9136],[1518,-4584],[-128,-2522],[-5387,-10168],[-2108,-2925],[-5262,-4810],[-3045,-5455],[133,-5663],[-2661,-2644],[-1392,-13206],[-4221,-3967],[-5805,-3557],[-7129,-14607],[-1229,-4438],[-1212,-1199],[-4555,-2164],[-8349,-9887],[-3270,-3550],[-3633,-2398],[-2443,-3505],[-558,-3412],[-4196,-3091],[-1300,-2805],[-527,-3467],[-1347,-1953],[-5094,-2094],[-8330,-6765],[-1239,-3751],[1249,-4547],[547,-3369],[-6889,5131],[-31321,24300],[-52424,42472],[-93104,71642],[115743,89972],[-89308,70809],[-2921,2614],[59550,46605],[115956,89582],[61376,45814],[10843,8636],[2790,2422],[16996,-12878],[11609,-9211],[16044,-12849],[26146,-20464],[13934,-11132],[24534,-18576],[18687,-14550],[18895,-14614],[20421,-16484],[18566,-14651],[565,-295],[19006,-16207],[9322,-7403],[11244,-8808]]],"transform":{"scale":[3.423557447115064e-7,2.9175150150306514e-7],"translate":[-68.75324065099993,47.91989719300005]}}