{"type":"Topology","objects":{"13073":{"type":"Polygon","arcs":[[0]]}},"arcs":[[[204319,456214],[-1765,-7391],[-11691,-29098],[-8679,-13257],[-11543,-14578],[-15998,-18883],[-10154,-14692],[-7782,-16188],[-781,-12513],[3430,-11092],[11559,-12298],[18353,-15997],[11102,-7754],[31583,-11275],[22265,-9927],[19510,-12134],[14260,-10863],[8974,-8951],[60,13],[10528,-7290],[2937,-4446],[5050,-22333],[8119,-17727],[5817,-8987],[8607,-6887],[46910,-27742],[12032,-6148],[11958,-3171],[10771,-860],[27773,4234],[32607,5023],[15776,-2004],[13632,-5139],[10459,-5320],[-19077,-17408],[-41620,-40660],[-5595,1512],[-50366,-37158],[14742,-4359],[-31111,-8267],[-20463,-14199],[-11294,7558],[-62924,-1154],[-12087,10125],[-9401,26322],[-17356,16451],[-14662,9412],[-15471,21187],[-41362,27902],[-29743,-28334],[-8218,2312],[-8881,-9294],[-29556,19632],[-34093,22676],[-8911,5771],[8826,6953],[29932,75600],[6456,1356],[3258,28401],[19727,27112],[-1848,213],[-9349,1685],[-9900,510],[6379,3977],[-7371,23798],[2198,6053],[-11390,-4966],[-6349,873],[-6007,2238],[-6511,3465],[-7688,47],[-16246,3055],[-36666,12761],[3435,5548],[54727,96309],[64562,-10890],[18973,85335],[7998,-5537],[23258,-16253],[3099,-1766],[3576,-2885],[398,-431],[17917,-12342],[6376,-4571]]],"transform":{"scale":[6.153222306444558e-7,5.870903461806841e-7],"translate":[-68.98615131699995,47.526639868000075]}}