{"type":"Topology","objects":{"13075":{"type":"Polygon","arcs":[[0]]}},"arcs":[[[499999,382387],[-28454,-191099],[-96826,24387],[-82074,-215675],[-38395,27451],[-80,4106],[-47822,36886],[-36522,-18105],[-31021,1698],[-17,-164],[-9320,-345],[-79066,76792],[-10340,-11985],[-40062,39878],[47864,52297],[112425,122654],[7918,8442],[62437,69717],[5993,-3554],[7908,-9568],[10321,28138],[4384,-2476],[13693,40583],[26510,37553],[47359,-49948],[34280,-35396],[42618,46965],[5497,-4459],[25674,-27140],[2340,-3470],[3087,-6729],[2468,-7038],[2569,-4259],[6670,-4264],[3483,-1069],[4166,-1550],[1856,-1271],[4846,-3816],[13633,-14167]]],"transform":{"scale":[4.102910885821885e-7,2.621638863276829e-7],"translate":[-69.10410682899992,47.719936327000084]}}