{"type":"Topology","objects":{"13080":{"type":"Polygon","arcs":[[0]]}},"arcs":[[[315911,439702],[-5893,-10945],[62899,-25173],[27867,-6027],[13189,-94],[11170,-6834],[10304,-4415],[10890,-1726],[19539,9798],[-3770,-11942],[12644,-46948],[-10942,-7848],[16982,-1006],[16037,-3321],[3172,-423],[-33842,-53486],[-5588,-56030],[-11077,-2677],[-51344,-149148],[-15463,-14000],[-18890,-16295],[-24461,-21217],[-2550,-2049],[-9233,-7896],[-6953,4723],[-46647,41764],[-72613,58734],[5776,4818],[-87759,72391],[-5328,-4143],[-40875,32165],[9476,7114],[-82628,72153],[86489,-6097],[1855,-2650],[8292,-406],[18653,-1707],[5574,-594],[18176,-2449],[11062,-1287],[-1654,4704],[-26511,71567],[18012,134746],[35482,-1497],[41774,15950],[54698,-32496],[94,-3616],[43915,-24185]]],"transform":{"scale":[3.5870248140495137e-7,2.975864871730035e-7],"translate":[-69.09735573199993,47.58908669900006]}}