{"type":"Topology","objects":{"13085":{"type":"Polygon","arcs":[[0]]}},"arcs":[[[247724,499986],[38075,-28569],[4961,3681],[81745,-64293],[-5380,-4281],[67637,-52165],[43448,-37094],[6478,-4196],[-16584,-13606],[-28976,-23574],[-1588,-1881],[-2383,-4216],[-1375,-3114],[66216,-51609],[-14314,-11319],[-32665,-26116],[-68788,-55388],[-152983,-122246],[-68670,55294],[-46099,35233],[-56917,44345],[36544,30315],[3243,2519],[-36145,28333],[-23751,18215],[40036,30016],[-42521,33523],[-36968,29661],[34848,26728],[42407,33157],[35551,27638],[77864,60115],[57039,44907],[15,-13]]],"transform":{"scale":[3.8509602819200645e-7,3.3505763011523467e-7],"translate":[-69.16651363099992,47.48419004800007]}}