{"type":"Topology","objects":{"13095":{"type":"Polygon","arcs":[[0]]}},"arcs":[[[381460,409834],[18912,-22913],[21755,-25902],[-20483,-23191],[12150,-14074],[18495,-21890],[-1659,-1945],[-18698,-23422],[29121,-34263],[23586,-27222],[35135,-42722],[77,-419],[-41921,-50591],[22402,-26610],[-26218,-29776],[-1292,1102],[-3239,668],[-2371,1003],[-1225,1089],[-1018,1320],[-539,1505],[-1488,2120],[-710,1236],[-1129,1390],[-1341,627],[-735,-523],[-102,-1628],[-541,-594],[-1442,1238],[-1175,1804],[-1071,1158],[-1217,835],[-3063,632],[-2054,870],[-1025,-35],[-1786,-567],[-872,395],[-1641,2113],[-2008,873],[-3468,2304],[-804,-31],[-516,-928],[-30,-1430],[746,-1658],[179,-1044],[-253,-969],[-1136,-383],[-825,569],[-652,1450],[-1251,4238],[-354,717],[-1519,1082],[-649,816],[-1520,2495],[-989,445],[-850,20],[-1098,-544],[-2089,-352],[-1510,271],[-1071,522],[-564,559],[-342,1282],[-3361,2505],[-726,245],[-1260,1146],[-866,245],[-847,-583],[-84,-2299],[-1014,-2837],[-1517,-1724],[-2225,-2014],[-755,-375],[-656,70],[-1504,1574],[-1995,1500],[-347,1327],[474,747],[1480,-77],[422,1236],[-814,990],[-1461,2324],[-3687,1255],[-708,664],[-1134,1827],[-1294,536],[-2937,199],[-401,207],[376,1102],[-74,883],[-1042,334],[5,1046],[293,1451],[-660,508],[-1304,-747],[-1266,-182],[-361,314],[532,1345],[-534,929],[-564,227],[-2698,-862],[-394,433],[-332,1455],[-1055,379],[-245,-777],[-956,-1376],[-692,-434],[-2903,-555],[-1576,982],[-1067,-164],[-644,-1702],[-697,-359],[-2062,-21],[-1344,-875],[-1129,-1424],[-79,-1171],[-638,-645],[-994,31],[-949,1714],[-1449,1643],[-1774,689],[-2449,18],[-1769,-370],[-3077,-1681],[-1609,-1090],[-778,-1753],[-1416,-2232],[-1267,-633],[-570,656],[-1810,-781],[-685,255],[-401,1278],[126,462],[1158,319],[302,748],[-820,900],[-1792,1105],[-1425,-303],[-1000,418],[-1829,1880],[-967,345],[-1391,-260],[-1469,655],[-2536,2310],[-1166,214],[-3124,155],[-1458,1399],[-1828,635],[-2550,1766],[-347,438],[-881,2159],[-958,638],[-69064,-115465],[-5865,6849],[-75233,86004],[-63781,72744],[-51332,58435],[-39911,45364],[8393,10162],[28598,32884],[25933,31057],[24507,28693],[24676,28290],[24397,28244],[33722,39428],[20908,25120],[6961,6725],[387,-992],[10225,-12194],[4743,-5335],[15152,-16589],[44737,-52389],[2270,-2556],[20051,-23612],[33273,-39324],[28387,34122],[24140,28704]]],"transform":{"scale":[7.526672413345226e-7,4.336625253250561e-7],"translate":[-69.45362416099994,47.40947390600007]}}