{"type":"Topology","objects":{"13090":{"type":"Polygon","arcs":[[0]]}},"arcs":[[[395392,483194],[28376,-25139],[7324,7556],[56004,-48413],[6603,216],[-11143,-96323],[16417,-51216],[1026,-3366],[-6850,921],[-11258,1753],[-3450,425],[-11551,1222],[-5137,291],[-1148,1896],[-53560,4363],[51170,-51636],[-5880,-5080],[-37921,-36184],[-51768,-48438],[-23634,-22268],[-28194,-26717],[-23166,-21539],[-31365,-29932],[-36888,-35586],[-43236,41011],[-26055,24623],[-2949,2665],[-58134,54636],[-19688,17298],[-6163,5564],[-13288,12719],[-389,1119],[-49497,46873],[58383,56803],[47048,45711],[807,-728],[100738,99676],[23251,22647],[-5061,4872],[60270,-4083],[70335,64285],[4675,4307],[26863,-24701],[8083,7897]]],"transform":{"scale":[5.792313784627563e-7,4.158374156748074e-7],"translate":[-69.33312921999993,47.55995832700006]}}