{"type":"Topology","objects":{"131":{"type":"Polygon","arcs":[[0]]}},"arcs":[[[473982,303331],[1157,373],[24860,-18422],[-40056,-54428],[-29950,-38979],[-50598,-68343],[-20347,-22642],[-26049,-19430],[-17544,-9064],[-19384,-6232],[-24205,-4467],[-31308,-1074],[-22898,289],[-23710,-7336],[-14000,-9243],[-50632,-44333],[-66331,46474],[2047,14823],[-1626,15721],[-5994,14748],[-11690,13889],[-11136,6577],[-34588,10165],[9447,17148],[36767,63029],[12573,11158],[7483,11682],[34461,58111],[7864,18964],[17658,56718],[4327,10293],[18679,31590],[13461,24426],[42817,74483],[98821,-71356],[48247,-36156],[48313,-35087],[73064,-54069]]],"transform":{"scale":[7.052953880031716e-8,4.461693922026149e-8],"translate":[-73.62153511781007,45.52564733004302]}}