{"type":"Topology","objects":{"13100":{"type":"Polygon","arcs":[[0]]}},"arcs":[[[499912,244558],[87,-80],[-148354,-197118],[-35536,-47360],[-77205,71602],[-72082,66715],[-81519,75287],[-85303,78600],[25934,25137],[11452,11707],[253,-239],[42046,40191],[74595,72321],[37269,35540],[24240,23138],[48025,-43016],[61767,-55406],[76746,-68976],[90529,-81549],[7056,-6494]]],"transform":{"scale":[6.255079310159197e-7,4.5735535071076105e-7],"translate":[-69.58860236499993,47.29762398400004]}}