{"type":"Topology","objects":{"132":{"type":"Polygon","arcs":[[0]]}},"arcs":[[[318674,17972],[-13612,-17972],[-28158,15326],[-31146,18581],[-122927,71312],[-60808,36187],[-62023,35328],[28461,39729],[77834,114171],[86005,122953],[31768,46412],[68789,-26292],[171449,-66762],[2215,-1224],[-36137,-52103],[69615,-26254],[-31844,-66010],[-30560,-61844],[-18514,-39178],[-22197,-40419],[-43984,-55686],[-34226,-46255]]],"transform":{"scale":[5.596110932873404e-8,4.45770782277894e-8],"translate":[-73.60353981109478,45.538468592347044]}}