{"type":"Topology","objects":{"133":{"type":"Polygon","arcs":[[0]]}},"arcs":[[[443912,79918],[-16988,-45864],[-28540,4624],[-95073,13045],[-30578,4779],[-70778,9968],[-45611,4847],[-33336,-704],[-16087,-2828],[-22172,-6480],[-15835,-6565],[-27899,-16600],[-16687,-14237],[-21229,-23903],[-3099,2070],[41957,63845],[38575,55356],[19470,40179],[16236,38945],[26803,61476],[27929,65618],[-61055,26096],[89638,146414],[127986,-58734],[105123,-47863],[67336,-30041],[-7029,-108467],[-3863,-53285],[-45194,-121691]]],"transform":{"scale":[6.380542227448238e-8,4.484365036921249e-8],"translate":[-73.58646818948156,45.538375748175284]}}