{"type":"Topology","objects":{"134":{"type":"Polygon","arcs":[[0]]}},"arcs":[[[238067,481615],[5245,9680],[9479,-4527],[3439,8395],[11413,-5824],[1553,1083],[118172,-60644],[2795,-2992],[29492,-40890],[80344,-41514],[-47312,-107707],[-20179,-47841],[944,-37689],[3469,-110675],[-1392,-23655],[-2021,-16815],[-51119,24711],[-79804,39373],[-97164,48316],[-43989,-77836],[-1475,1001],[-114156,54594],[-45801,21499],[36206,63334],[19611,35595],[-10026,4820],[29183,50075],[88770,156651],[-10620,7099],[6888,10461],[27267,34849],[15053,25457],[35735,-18384]]],"transform":{"scale":[8.404702079580219e-8,5.451285281891655e-8],"translate":[-73.59100067987072,45.55467023725795]}}