{"type":"Topology","objects":{"14":{"type":"Polygon","arcs":[[0]]}},"arcs":[[[358420,499999],[571,-3978],[6916,-5307],[3230,-4162],[41116,-31584],[22070,-17596],[12927,-12977],[6518,-7164],[8093,-7288],[40138,-40688],[-14153,-49494],[-12465,-6589],[-11412,-19099],[-16174,2462],[-11004,-1775],[-14152,-4852],[-14251,-8850],[-31728,-24934],[-46071,-36523],[-12047,16659],[-11138,11423],[-8701,-16341],[-16452,23358],[-7338,-12493],[-19200,26442],[-21929,-40745],[-16323,-30723],[-22229,30846],[-24937,-39152],[44460,-61462],[-39647,-30600],[-120751,-96813],[-52357,74260],[8892,7864],[5880,7332],[8136,11894],[14074,30527],[5283,10045],[6176,6872],[5766,5069],[13553,6147],[10879,2497],[9911,3682],[17932,24585],[5780,8704],[8693,21334],[15917,49071],[5144,13205],[5028,9205],[5567,6869],[14721,16196],[10374,9486],[19421,13621],[7659,6419],[8724,9418],[8134,14240],[6250,11879],[6144,9871],[11210,13940],[10197,10248],[7249,5805],[12473,7048],[14040,2502],[6611,4395],[7020,6018],[14400,21961],[12286,23192],[7570,-10462],[5163,17330],[4792,2423],[3472,4459],[3406,-2651],[4493,3499]]],"transform":{"scale":[1.6619272401582294e-7,7.540890768749289e-8],"translate":[-73.76386833290584,45.506486207750726]}}