{"type":"Topology","objects":{"14005":{"type":"Polygon","arcs":[[0]]}},"arcs":[[[100752,496921],[38681,-29354],[3079,-2412],[-4725,-6344],[26626,-20078],[56866,-42829],[22709,-17127],[14091,-10590],[24896,-18594],[-7110,-5921],[45417,-34475],[38888,-29273],[59103,-44571],[-5768,-5316],[19099,-13849],[-5334,-4754],[18575,-13838],[-37527,-29261],[44012,-34691],[47669,-37511],[-8359,-9927],[-16816,-19160],[-28404,-32424],[-20250,-23108],[-10068,-11514],[-33480,25719],[-39633,30408],[-33932,26115],[-51957,39628],[-37711,28714],[-25188,18739],[-2967,-2668],[-27780,19270],[-14209,11526],[-47702,37740],[-24782,18760],[2039,3194],[24829,39797],[42078,67809],[-16305,12220],[-5454,4068],[-11349,-16219],[-25983,18981],[-13445,-10498],[-548,458],[-11024,8643],[-2512,1921],[-1448,1174],[-5866,4624],[-4058,3134],[-278,74],[-110,791],[-560,466],[6798,6268],[-27560,20760],[-6143,-4421],[-14927,12544],[-829,730],[-4106,3323],[15670,8589],[8125,6538],[2496,-3379],[844,-201],[2749,7824],[22080,20130],[13933,12586],[3373,-2536],[5683,4677],[9931,6825],[7457,605],[581,660],[3714,3889],[4116,-3078]]],"transform":{"scale":[8.154120988241795e-7,7.043869587739154e-7],"translate":[-69.9101809469999,47.12051890400004]}}