{"type":"Topology","objects":{"14018":{"type":"Polygon","arcs":[[0]]}},"arcs":[[[499999,340380],[-177088,-147626],[-45850,-37478],[-54379,-41448],[-43112,-32785],[-101996,-75963],[-6866,-5080],[-11654,10577],[9951,14727],[8356,11707],[-90,6487],[-7966,5469],[134,5809],[-1284,1106],[-51801,49671],[6231,6131],[-13361,12937],[-9224,9370],[8423,12177],[31141,40884],[9515,12623],[-12108,10551],[2421,4192],[-2819,1812],[19503,45308],[5110,12056],[14492,33762],[5153,5315],[-7396,7398],[10735,11817],[1383,-1230],[7809,8045],[6586,-6254],[9321,9635],[65733,122119],[-79,77],[18066,31269],[64424,-59229],[7214,10539],[19642,23270],[10141,-10518],[19915,20695],[18540,19695],[8856,-8367],[-3093,-3202],[41755,-39251],[1687,1837],[27216,-25516],[77566,-68536],[-2115,-2255],[15262,-14329]]],"transform":{"scale":[2.879720079440789e-7,2.0488370376747686e-7],"translate":[-69.84838867799994,47.470544432000054]}}