{"type":"Topology","objects":{"14010":{"type":"Polygon","arcs":[[0]]}},"arcs":[[[323085,412195],[-14,-15],[68925,-67071],[43888,-44010],[64115,-66714],[-13630,-15426],[-30863,-33123],[-115,118],[-68946,-74245],[-72672,-77866],[-31085,-33843],[-38620,37738],[-21860,21490],[-35228,34762],[-88221,86923],[-41305,40751],[7329,12872],[-4775,4897],[-60008,59577],[3762,2998],[55881,44845],[23618,19354],[29794,24467],[25119,22125],[97078,87199],[5529,-5724],[7881,-7948],[74423,-74131]]],"transform":{"scale":[5.25621395242794e-7,3.4706531213061464e-7],"translate":[-69.82802677899991,47.366768369000056]}}