{"type":"Topology","objects":{"14025":{"type":"Polygon","arcs":[[0]]}},"arcs":[[[380109,437347],[-13204,-24293],[34276,-25829],[-20203,-16132],[30211,-20357],[-2347,-3805],[178,-3401],[-532,-1421],[-4896,-1046],[-1162,-1254],[1618,-4272],[-1407,-3533],[-2031,-1741],[-11851,-2812],[-3300,-3033],[-5119,-4175],[-2496,-3571],[823,-1749],[7836,-582],[896,-2321],[1747,-2221],[4122,-1941],[408,-3299],[-1737,-3121],[-4538,-3549],[-4282,-2673],[-9963,-3868],[-3608,-2754],[-2953,-3773],[-3900,-2450],[-4488,-4343],[-1383,-4386],[-1277,-2918],[-6810,-3630],[-4673,-3642],[-3892,-4763],[-5010,-6647],[294,-2097],[2364,-1343],[3635,1379],[4005,-21],[2330,-878],[4577,-3883],[3534,-1329],[973,-2700],[-1125,-1721],[-2343,-1655],[-3871,-3467],[1248,-2869],[2937,-1626],[3476,-11],[4693,-2223],[3983,2264],[1077,4663],[2988,2234],[2658,-575],[-538,-5913],[20,-3001],[2858,-2321],[2795,235],[3900,3523],[3376,6591],[-1002,2285],[-2722,1699],[-2344,2640],[-822,3181],[2036,1218],[3410,-1752],[1483,648],[-77,1454],[-2214,3257],[1820,1861],[3442,2602],[1964,2865],[876,3544],[80440,-55777],[-22420,-27660],[-37621,-44430],[88744,-63158],[-82245,-69775],[-146232,103673],[-15484,11116],[-10464,7732],[-512,201],[-16430,11829],[2278,1862],[-83501,56582],[-29296,21066],[-1816,-1516],[-44952,32403],[3331,2645],[-9533,6907],[11067,9014],[3235,2468],[-29827,21797],[3479,2605],[-53097,38087],[8634,6604],[16968,13828],[31819,33946],[793,222],[21087,-14970],[14008,-10127],[5010,4713],[1172,1604],[3299,2561],[8048,4406],[10254,6961],[18450,11584],[4029,1716],[-4483,4692],[10831,9222],[12161,-7754],[5161,4025],[5690,6275],[12529,16038],[7744,9189],[8071,6870],[6549,6878],[35168,-23018],[6654,5138],[-3639,4508],[16124,17458],[32703,-22986],[2870,2435],[16165,12613],[1578,1580],[-36860,27554],[13590,27762],[13054,-9419],[69858,-49987],[5020,-3245]]],"transform":{"scale":[2.675086550173123e-7,2.481690083379238e-7],"translate":[-69.76995904499995,47.50982710200008]}}