{"type":"Topology","objects":{"14030":{"type":"Polygon","arcs":[[0]]}},"arcs":[[[475838,286502],[-16703,-34135],[40864,-33899],[-24383,-22782],[-104116,-92357],[-19071,-15128],[-106019,-88201],[-143458,116408],[20298,27562],[-72828,55581],[-793,-3532],[-1779,-2855],[-3115,-2593],[-1649,-1854],[2005,-3247],[70,-1447],[-1342,-645],[-3088,1745],[-1843,-1214],[746,-3170],[2120,-2630],[2464,-1695],[908,-2276],[-3057,-6568],[-3531,-3510],[-2529,-234],[-2589,2314],[-18,2989],[488,5892],[-2407,573],[-2706,-2226],[-974,-4647],[-3608,-2256],[-4247,2215],[-3148,12],[-2659,1619],[-1129,2861],[3505,3452],[2122,1652],[1018,1713],[-883,2691],[-3198,1323],[-4145,3872],[-2108,875],[-3628,21],[-3289,-1376],[-2141,1339],[-265,2089],[4535,6624],[3524,4745],[4231,3631],[6165,3616],[1155,2907],[1254,4372],[4062,4328],[3531,2440],[2675,3760],[3265,2746],[9021,3853],[3875,2664],[4110,3537],[1572,3109],[-370,3288],[-3730,1932],[-1583,2216],[-811,2312],[-7094,579],[-745,1743],[2259,3559],[4635,4161],[2987,3020],[10730,2804],[1839,1734],[1273,3522],[-1464,4256],[1051,1250],[4435,1041],[480,1417],[-160,3388],[2124,3793],[-27351,20286],[18289,16074],[-31031,25737],[11955,24209],[2218,11862],[4429,4656],[-5879,5434],[9009,6572],[20610,-13826],[12212,10563],[13832,13621],[3486,3306],[-14435,10754],[13652,12499],[14875,-10171],[15910,19800],[21344,-15051],[15231,22201],[-3925,2284],[9793,14908],[-2773,2089],[3021,3523],[30192,-23474],[2690,4770],[4648,3364],[4183,-3376],[3404,3867],[6133,3764],[5566,2330],[-13104,9670],[1283,2056],[2640,2562],[3903,1915],[6716,2377],[8772,2714],[5416,2376],[5465,4584],[113972,-88760],[-12999,-25858],[123655,-98879]]],"transform":{"scale":[2.9547288294576534e-7,2.4904701809401516e-7],"translate":[-69.68030009099994,47.52485214400008]}}