{"type":"Topology","objects":{"14035":{"type":"Polygon","arcs":[[0]]}},"arcs":[[[343951,474411],[18483,-5780],[15772,-3462],[14591,-2145],[10226,4886],[8394,2561],[-1940,-3193],[-477,-3330],[672,-2938],[936,-5664],[-811,-1737],[-2496,-2429],[-10334,-12419],[-3034,-4326],[-3604,-4705],[-7166,-4639],[-2650,-2812],[-6411,-8435],[-6760,-7650],[-3577,-3583],[-3205,-3495],[-2221,-3886],[236,-2751],[2659,-1648],[9223,-1027],[5080,-1850],[1431,-1227],[906,-3711],[-531,-4000],[-1737,-2748],[-1462,-3623],[2341,-5841],[2751,-4845],[353,-2172],[-1020,-1482],[43537,-38672],[-1199,-2252],[79092,-70251],[-16836,-18050],[-8769,-9744],[-51988,-115209],[-45641,-104127],[-97911,87479],[10292,22875],[-90244,78527],[-4328,-4055],[-4286,-2102],[-6949,-2401],[-5315,-2104],[-3093,-1693],[-2089,-2268],[-1015,-1819],[10374,-8554],[-4408,-2062],[-4854,-3330],[-2696,-3422],[-3312,2989],[-3682,-2978],[-2129,-4219],[-23907,20767],[-2392,-3117],[2197,-1849],[-7754,-13188],[3107,-2022],[-12061,-19640],[-16900,13316],[-12596,-17518],[-11779,8999],[-10811,-11059],[11430,-9513],[-2774,-2913],[-45416,39067],[-1179,-1097],[-24994,20090],[3164,6218],[5931,10307],[3125,5997],[-17511,12568],[10572,18348],[21156,-17091],[12392,21456],[-1813,3223],[5504,9473],[-1327,3064],[7927,18143],[8114,4592],[18070,30875],[7558,7735],[-61199,52433],[25039,23596],[26648,33849],[3939,-3424],[5313,-3212],[15230,581],[3892,3495],[-309,279],[5087,4233],[11404,1003],[23697,8141],[19791,19775],[16011,21993],[21304,23808],[8793,-8644],[6381,540],[4921,-83],[8041,-1697],[1679,140],[8115,8237],[4399,4935],[36964,3927],[11215,-3077],[24661,-13248],[7960,-3212],[16822,-6051]]],"transform":{"scale":[3.7315854831701994e-7,2.8150313500627796e-7],"translate":[-69.6802963959999,47.59620481700006]}}