{"type":"Topology","objects":{"14045":{"type":"MultiPolygon","arcs":[[[0]],[[1]]]}},"arcs":[[[155287,395039],[-390,-4908],[-3807,-7363],[-3712,-4496],[-2752,-285],[-1664,3486],[-1998,-468],[-1464,2343],[2651,4103],[-1088,2218],[2734,2256],[1891,-1253],[2523,4294],[6333,5351],[1894,-1380],[-1151,-3898]],[[389950,462413],[110048,-101551],[-6469,-9957],[-6498,-7069],[-15310,13620],[-13634,-16200],[5643,-8241],[-5071,-3012],[-23225,-20348],[-12907,-12227],[-10132,-7740],[-4153,-4499],[-1475,-2816],[-6307,-8277],[-17635,17787],[-26545,26294],[-997,-391],[-40056,-59626],[-21359,-24288],[-10868,-11598],[66839,-66900],[-4377,-4577],[37546,-38285],[-4072,-4336],[-39057,-44393],[-26989,-30009],[-13740,15253],[-26616,-33745],[-9777,-15282],[-87302,85888],[-24482,-45343],[-52538,55784],[-74256,75135],[-24179,26088],[6425,1916],[4455,5016],[5351,2923],[12521,5741],[6525,4463],[5418,2735],[9570,6662],[3337,4047],[1393,4538],[1237,7527],[2212,3909],[2416,2510],[159,2804],[1307,587],[2274,4163],[3300,1627],[2171,2062],[4116,7559],[2849,2832],[1476,2690],[1005,-497],[-126,-5989],[3903,-1996],[1408,3072],[4707,4953],[1669,8107],[-2045,4053],[-21,2102],[3790,8829],[5040,9161],[2015,4924],[2365,1299],[1406,3455],[1798,1610],[478,2235],[1865,1292],[1940,6262],[4909,3683],[1529,3391],[2134,-424],[582,-7890],[3655,-2446],[5958,-1020],[4633,49],[6877,964],[9675,2903],[3855,2717],[3366,7549],[438,6310],[1969,3331],[1931,7281],[1669,2055],[6527,4781],[5209,5085],[4861,2216],[7035,4148],[8322,6901],[8984,9518],[8627,7796],[4829,5399],[6268,12037],[10166,10675],[5883,6748],[4403,4311],[1716,3775],[5682,8146],[3079,5317],[1708,4603],[313,6498],[1672,1801],[4239,2145],[3903,4242],[1202,5171],[2158,3653],[10419,15665],[35819,-34980],[33277,39160],[40760,-37586]]],"transform":{"scale":[2.1250671101340072e-7,1.4128740657477205e-7],"translate":[-69.83009840599992,47.55993906400005]}}