{"type":"Topology","objects":{"14055":{"type":"MultiPolygon","arcs":[[[0]],[[1]]]}},"arcs":[[[237767,453811],[577,-3570],[-1608,-4067],[4995,-11611],[3510,-6234],[6757,-5550],[40221,-31609],[2674,-5951],[-232,-5339],[1773,314],[7057,23660],[17675,-2784],[27927,11291],[7505,4831],[118505,-111119],[1015,-1032],[-3920,-3887],[-8743,-6548],[-16342,-7505],[21835,-20987],[-8734,-9078],[39784,-37738],[-4483,-4744],[-12240,10825],[-2939,-2715],[8662,-7827],[-3683,-2667],[-68488,61886],[-5443,-3329],[44093,-42686],[-7458,-6485],[7065,-7148],[-5958,-5943],[-21443,20455],[-6027,-6135],[-2905,2760],[-16352,-15739],[85900,-85910],[-5165,-5258],[-90504,87873],[-7659,-5552],[6628,-6559],[-5399,-5606],[27600,-26291],[-5710,-5701],[-48170,44807],[-4945,-5553],[20598,-19502],[-7323,-6426],[29423,-30452],[-5281,-8873],[-31632,25860],[-2983,-443],[-6869,-3682],[-10642,-17076],[-8376,-16217],[2320,-3572],[229,-2505],[-5845,-8398],[-10562,-19255],[-11597,-14637],[-4372,-24633],[-6159,-46245],[-118588,114453],[-3514,-20005],[25358,-25198],[-10393,-41582],[-25027,27392],[-40245,-40426],[-44827,47360],[-19573,-12905],[-23481,22668],[-10040,-8444],[-25574,28491],[62893,60575],[-32273,33183],[12263,14585],[-6865,5976],[13677,16339],[6170,3450],[9070,7971],[3319,4264],[9708,13844],[3491,4677],[1323,3007],[11150,12161],[4014,5562],[10450,11391],[3835,5619],[3279,7606],[3151,3557],[7911,11124],[4564,4219],[1199,3416],[2331,3019],[5742,4763],[2762,6250],[2449,3022],[1788,3716],[5093,4695],[3656,5792],[10169,10623],[4311,872],[1730,-1211],[-321,-2701],[1660,-273],[12440,8947],[5952,6993],[2612,4196],[-61,4984],[1327,2831],[4360,6505],[893,4468],[736,7575],[-679,2219],[688,6755],[2772,5605],[209,7099],[-686,2923],[-2544,4603],[-2389,1848],[-3019,-36],[-1692,-2072],[-623,2455],[1599,4887],[2488,4663],[3328,3795],[3942,6967],[2924,2968],[608,-1341],[-2532,-6013],[-30,-2288],[2647,-3428],[3966,-71],[6401,4359],[2846,4549],[3685,3740],[8395,10774],[1151,2828],[2826,1324],[-1286,-6231],[56,-4634],[2783,-5011],[-400,-5986],[-1625,-2835]],[[282811,450062],[-1643,-1309],[-1229,3739],[2957,10122],[2415,6071],[2016,9584],[2328,3487],[5414,12732],[3550,5145],[1777,-38],[-1452,-2363],[550,-1520],[-1170,-6055],[-3326,-9187],[-3864,-8608],[-1334,-2187],[-3167,-7603],[-1634,-1896],[-878,-5817],[-1310,-4297]]],"transform":{"scale":[2.243895587791786e-7,1.5341715283433304e-7],"translate":[-69.98594916799993,47.460186325000045]}}