{"type":"Topology","objects":{"14060":{"type":"Polygon","arcs":[[0]]}},"arcs":[[[394905,444455],[12530,-11864],[18150,-16379],[-8464,-7765],[70371,-62891],[1746,-1399],[-184,-7355],[10825,-6924],[119,-8216],[-11350,-14822],[-14534,-20044],[-4137,-4656],[-11365,-13748],[-28686,-2630],[-38202,-29711],[-21861,-20362],[-12975,11040],[-53599,-54788],[-84933,-87621],[-10570,-34059],[-3252,871],[-9601,14710],[-31254,-28456],[-60277,-37386],[-103402,97317],[46628,26427],[12755,86885],[-185,160],[6519,43845],[4629,23355],[12275,13877],[11181,18256],[6187,7962],[-242,2374],[-2457,3389],[8868,15374],[11265,16189],[7271,3492],[3156,419],[33484,-24517],[5591,8412],[-31147,28873],[7752,6091],[-21802,18491],[5234,5263],[50990,-42480],[6043,5405],[-29214,24927],[5713,5313],[-7015,6221],[8109,5264],[95802,-83313],[5467,4983],[-90928,81451],[17308,14924],[3076,-2616],[6380,5816],[22698,-19394],[6306,5635],[-7477,6777],[7894,6147],[-46675,40471],[5762,3158],[72497,-58674],[3898,2527],[-9169,7421],[3113,2576],[12957,-10266],[4745,4499],[-42113,35780],[9244,8605],[-23112,19899],[17297,7114],[9255,6211],[4148,3684],[20761,-18115],[6031,-4778],[2436,526],[6164,6156],[56252,-48652],[4763,3652],[23113,-19371],[25424,25038]]],"transform":{"scale":[2.1197881995758943e-7,1.6181520763043834e-7],"translate":[-69.93210008699992,47.426077375000034]}}