{"type":"Topology","objects":{"14070":{"type":"Polygon","arcs":[[0]]}},"arcs":[[[306558,465365],[111242,-106173],[16992,-15788],[3429,-3461],[61778,-59580],[-11416,-9312],[-23901,-16575],[-6828,-3304],[-15572,-5803],[-17647,-5205],[11300,-9892],[-20952,-20017],[10329,-7679],[-17676,-10214],[-85926,-46869],[-12202,-6497],[-21140,14138],[-9626,-11916],[17848,-13529],[-13142,-16093],[33176,-24495],[-2372,-2574],[-4895,3561],[-8497,-7171],[-12418,10031],[-3973,1708],[-6448,-7172],[29129,-24929],[-4888,-4985],[-11021,6783],[-3824,-4184],[-9747,-12496],[-11874,8880],[-8016,-10311],[36285,-25121],[-19727,-19121],[-38381,29943],[-5551,5982],[-633,4331],[-5623,3239],[-4247,903],[-6405,-4],[-2956,1083],[-4161,4937],[-6161,9081],[-2376,1745],[-2884,-11],[-4840,-3219],[-6260,-2225],[-6769,-170],[-6048,-987],[-5722,962],[-4682,1380],[-1582,1742],[8,5746],[-1905,4173],[-24356,-13395],[-7925,-5441],[-9070,-12302],[-108239,98278],[10176,13785],[23230,31078],[9981,16122],[20565,30935],[-10340,8410],[-55388,46541],[10302,13797],[-16096,14715],[6328,7773],[24916,-21385],[3930,3826],[14213,-11712],[3295,3694],[41280,-30198],[2325,3366],[-14192,12382],[3246,4196],[-9716,9477],[3340,2540],[-12708,10227],[5602,3848],[-7689,6662],[7786,10639],[11041,-10020],[2616,519],[6224,5865],[11542,-9184],[8663,6583],[-7885,6826],[4168,3375],[14667,-11251],[3241,2846],[2432,-1963],[4798,4242],[-5785,5042],[5267,4256],[-8448,7603],[12763,10563],[21537,-19631],[3801,3492],[-22138,20799],[22532,13741],[3107,-6515],[7912,-3309],[3461,-2167],[4109,-6390],[7870,-15738],[8805,-1687],[4252,1698],[3630,2649],[3127,337],[7020,-4295],[2779,-3249],[29846,23242],[-1222,2335],[-7091,6523],[11237,9988],[-14811,13058],[-17175,-1634],[-15279,13821],[-13249,11586],[-2808,2787],[38978,12015],[-47268,42630],[-3283,-2691],[-5707,5208],[3208,2697],[-7515,6777],[20721,20131],[27054,-23507],[11910,10252],[30218,-28875],[12648,10170],[10117,-10274],[1209,316],[13910,6823],[8820,4055],[3026,-3594]]],"transform":{"scale":[1.9703968807932607e-7,1.4831910063822843e-7],"translate":[-69.99250433999991,47.37280213300005]}}