{"type":"Topology","objects":{"14075":{"type":"Polygon","arcs":[[0]]}},"arcs":[[[319610,0],[-12648,10746],[-138128,118127],[-85228,70539],[-52304,45004],[-22754,18038],[-89,3392],[1320,3960],[-328,2967],[379,6194],[-1046,4295],[-1076,8998],[1270,2572],[-84,2911],[1474,5940],[-2399,8088],[1479,-1357],[8436,-6624],[3507,4306],[-21391,18708],[2722,1655],[66,1992],[1018,-887],[24265,-18802],[12472,12007],[-22941,15775],[5069,6474],[7506,-5576],[6162,7846],[2418,2628],[6969,-4259],[3090,3130],[-18417,15654],[4078,4504],[2511,-1073],[7852,-6300],[5372,4504],[3095,-2235],[1498,1614],[-20974,15381],[8308,10106],[-11284,8496],[6086,7483],[13367,-8880],[7713,4081],[54326,29431],[11174,6413],[-6529,4822],[13246,12569],[-7143,6212],[11156,3269],[9845,3643],[4317,2075],[15111,10407],[12240,9919],[11050,9117],[72108,-61909],[-17785,-18692],[1465,-1392],[285,-2360],[725,-221],[10619,-9341],[15351,-13791],[3785,-3505],[6574,-5724],[28843,-25773],[1435,-1367],[35175,31304],[67978,-56605],[29697,48370],[12548,-10664],[44382,-37912],[-110095,-202212],[-64961,-118676],[-5333,-9529]]],"transform":{"scale":[3.1165715731432253e-7,2.3620433440869367e-7],"translate":[-69.94719747599993,47.29939851000006]}}