{"type":"Topology","objects":{"14080":{"type":"Polygon","arcs":[[0]]}},"arcs":[[[215926,474651],[18191,-14833],[41814,-37006],[68134,-58004],[110426,-97136],[10112,-8836],[35396,-31411],[-42172,-87928],[-61057,-139497],[-34078,29901],[-136081,120363],[-48905,44443],[-26338,24793],[-12025,11378],[-31170,-19093],[-819,-381],[-32123,-18959],[-1585,-835],[-8008,-4985],[-65638,58904],[90346,89496],[16651,18691],[8960,9996],[4241,-2862],[32407,43952],[2066,5770],[6505,14843],[7395,16151],[-2073,15955],[-3277,5350],[21974,33363],[2575,3765],[14585,-14286],[13571,-11062]]],"transform":{"scale":[3.8984178368354337e-7,2.8724916049835343e-7],"translate":[-70.02871050499992,47.22504819100004]}}