{"type":"Topology","objects":{"14085":{"type":"Polygon","arcs":[[0]]}},"arcs":[[[499908,382200],[-53238,-62885],[1830,-49125],[-2019,-3358],[-4614,-14703],[-10068,-21631],[-5358,-10957],[-7468,-12260],[-16244,-23358],[-8135,-8351],[-10135,-7785],[-9739,-5859],[-7443,-3915],[-18587,-8560],[-2106,-247],[12992,-7877],[-34649,-22873],[-5046,-3864],[3600,-1746],[-651,-2106],[-31249,-23601],[-7172,-5802],[-18731,-17053],[-14380,-11208],[-82537,-53076],[-4566,2479],[-2435,-1676],[-161760,104009],[9869,4705],[11247,3545],[3063,2361],[6252,6938],[13624,9923],[11436,11359],[5617,4251],[12069,10023],[9552,10525],[5167,5121],[10149,6799],[2802,2473],[8626,9351],[7992,6545],[2401,5269],[2371,2471],[6048,4370],[11303,9607],[13813,9515],[2184,3169],[1474,4093],[-3272,3644],[1076,2342],[5847,1570],[4976,6168],[3050,7432],[7350,8579],[5441,8854],[6867,6884],[406,5543],[11925,13402],[1541,5086],[1929,2933],[3908,3477],[3867,9888],[2161,4392],[6466,5248],[9098,3464],[4399,564],[1142,-981],[-2426,-4045],[-2983,-2241],[1278,-3371],[2619,-1200],[6123,754],[4781,3133],[-396,2503],[1596,2405],[-2348,621],[-1897,-4624],[-4187,-2544],[-4417,368],[-379,1746],[3322,2479],[2273,3111],[-1446,3193],[-11278,1822],[-2907,2656],[2576,5213],[6923,17146],[1292,4675],[1147,7533],[-45,11020],[2726,6438],[705,3621],[21,12011],[1196,13887],[136,6124],[1425,11032],[9413,785],[12462,-354],[10457,444],[26905,-168],[33994,4327],[2842,667],[22253,3228],[5962,1101],[2204,1479],[6273,11075],[3483,3239],[5757,2490],[-20338,14213],[824,8859],[9630,7434],[31218,-20030],[428,4765],[36160,-24185],[-6947,-5207],[3404,-3237],[-7353,-3627],[-1361,-4027],[-3555,-2801],[-6795,-3064],[4041,-3587],[77972,-52692],[-91,-107]]],"transform":{"scale":[1.5324680249367022e-7,1.543292766585264e-7],"translate":[-70.07857641399994,47.341404151000056]}}