{"type":"Topology","objects":{"14090":{"type":"Polygon","arcs":[[0]]}},"arcs":[[[339388,464482],[843,-886],[67008,-68663],[5685,8703],[4969,3849],[15269,9477],[1194,-2952],[-5,-4064],[991,-1234],[2936,-976],[3587,-681],[3792,699],[4244,120],[3923,1575],[3034,2277],[1808,8],[1491,-1235],[3863,-6425],[2608,-3493],[1853,-766],[4016,3],[2662,-639],[3525,-2291],[396,-3065],[1843,-2033],[884,-2322],[-1546,-2398],[-1474,-590],[21212,-21078],[-3478,-4853],[-8365,7465],[-1467,1529],[2379,-9115],[-1462,-6691],[84,-3281],[-1260,-2896],[1067,-10141],[1038,-4838],[-376,-6979],[324,-3343],[-1308,-4462],[88,-3823],[-16834,15159],[-18089,19573],[-3194,-5159],[-27254,-45714],[4063,-7331],[2572,-21860],[-9174,-22131],[-8067,-20338],[-2563,-7906],[-40194,-60222],[-5261,3920],[-11112,-13695],[-20654,-25612],[-112059,-122630],[-52157,49510],[-68194,64890],[-305,724],[-14045,14356],[-2080,1911],[-2984,-2776],[-26928,24572],[5979,5533],[-58729,58406],[5485,5190],[1850,3330],[4045,2848],[4237,4396],[2941,3605],[4614,4401],[3267,1421],[1703,1784],[474,2281],[3016,4249],[6047,7556],[3418,5713],[421,3097],[817,1900],[2934,4162],[319,4427],[1322,1950],[1253,3837],[2565,3427],[3975,2117],[1653,2256],[608,1855],[3824,2838],[78870,-76568],[1188,1233],[2225,-1825],[40244,39073],[7010,8250],[9133,12554],[3497,4272],[15236,17374],[317,1551],[-1754,1284],[2459,2845],[16895,16839],[-6335,5798],[1027,182],[9062,6303],[3630,2881],[4749,4312],[4940,5732],[3966,6148],[7921,17196],[3640,9026],[2613,8066],[4910,15924],[2249,10822],[984,2474],[-891,36163],[25958,46296],[34112,-34610],[745,-907]]],"transform":{"scale":[3.1430423660851886e-7,2.09638175276357e-7],"translate":[-70.09768226499995,47.29557009600006]}}