{"type":"Topology","objects":{"141":{"type":"Polygon","arcs":[[0]]}},"arcs":[[[253073,485401],[1194,280],[4851,6357],[12455,-13328],[6588,9325],[8433,-6520],[9121,-9508],[625,374],[11770,-12932],[3715,-3142],[22604,-23300],[3351,-3605],[37074,-38307],[17012,-17405],[24456,32326],[19835,-20655],[7354,-7898],[10106,-10079],[837,-1456],[8552,-8028],[795,-94],[12427,-11838],[10187,-10826],[3601,-3060],[2720,-919],[3058,1132],[2484,4227],[1721,-708],[-858,-2381],[-13720,-19442],[-2499,-3819],[-9034,-11825],[-21411,-28462],[-2632,-2833],[-23131,-29682],[-4412,-5322],[-4906,-4270],[-15770,-8861],[39842,-44977],[-25130,-152058],[-46679,50008],[-1263,1252],[-6716,-44057],[-19912,22823],[-25587,28488],[-4058,3783],[-13652,15301],[-7336,7440],[-3621,4279],[-50473,54998],[-3361,-2887],[-5583,-6417],[-34046,-43068],[-49306,-64797],[-346,-886],[-36983,-48142],[-54921,58903],[1508,2253],[-27980,46880],[4183,3829],[-1110,1221],[7608,8406],[-13147,13432],[-23557,25239],[27325,22104],[1496,6951],[3957,2060],[2260,4026],[364,5979],[-1225,9816],[-2051,3942],[11514,9715],[-16351,30851],[1163,1300],[-13330,14316],[-12394,12276],[5522,5334],[3207,2154],[-10122,10485],[13794,7681],[-7517,7911],[7016,6325],[8024,4589],[9122,-9567],[7043,3977],[1219,1435],[3568,-3937],[3369,4169],[13039,-13774],[1280,890],[5867,7444],[5437,-5564],[7218,3161],[8842,6979],[7455,2819],[760,-815],[5580,5878],[-15397,15900],[90946,54964],[30018,17462],[-33661,35075],[18879,22342],[16829,-17602],[12358,17533],[16603,23251],[14047,-14597]]],"transform":{"scale":[2.195147703711973e-7,1.3214092571739393e-7],"translate":[-73.77417295407264,45.46067443809936]}}