{"type":"Topology","objects":{"142":{"type":"Polygon","arcs":[[0]]}},"arcs":[[[393001,458889],[68216,-41208],[18053,-12732],[20729,-11412],[-8290,-31594],[-8306,-29622],[-16094,-52453],[-5207,-14470],[-22624,-70702],[-9153,-30854],[-25039,-81214],[-20519,-71611],[-3251,1677],[-4690,-10016],[-5780,-2678],[-5138,2174],[-6804,7249],[-19247,25648],[-23476,28041],[-1501,221],[-16158,19016],[-1583,3449],[-19092,23880],[-13895,18707],[-37473,48928],[-46204,-76578],[-32142,41234],[-70040,90741],[-6332,8543],[-42706,55192],[-7019,7441],[-22236,30637],[64715,48487],[45382,33707],[20384,11962],[20243,6561],[15741,2399],[23135,-3328],[16322,25819],[62156,30213],[13434,6074],[14264,3258],[18445,-150],[13936,-3152],[9537,-4308],[55307,-33176]]],"transform":{"scale":[1.1618982712858557e-7,5.5782957558539296e-8],"translate":[-73.70912185382467,45.50443476480846]}}