{"type":"Topology","objects":{"14904":{"type":"Polygon","arcs":[[0]]}},"arcs":[[[499998,120105],[-18475,-24762],[-8235,-11006],[-25369,-34010],[-37110,-50327],[-99623,86126],[-59508,51790],[-94207,80848],[-21306,18214],[-86089,74364],[-50076,42547],[39260,89620],[27114,56489],[10572,-9375],[64154,-59454],[19112,-18158],[37360,-30357],[3989,4202],[33877,-29520],[50718,-45237],[69876,-62428],[45636,-41145],[53303,-47902],[45027,-40519]]],"transform":{"scale":[6.062950325900842e-7,4.4711864023728404e-7],"translate":[-69.87403296899993,47.066817196000045]}}