{"type":"Topology","objects":{"14902":{"type":"MultiPolygon","arcs":[[[0]],[[1]]]}},"arcs":[[[243235,2294],[-3251,-2294],[-51040,24944],[-47124,23071],[40180,19458],[-19887,9202],[5709,3163],[-20447,9209],[6174,3534],[-51575,24163],[-53345,24946],[-48629,22927],[29067,15025],[50157,25514],[47586,24329],[62997,-30511],[44787,-21732],[52500,-25516],[28170,-13711],[71296,-34756],[-26297,-18481],[-37525,-26408],[-44776,-31560],[-34727,-24516]],[[304131,319169],[-19911,-9991],[-30611,-15346],[-61268,-31227],[-34534,-17355],[-44459,21963],[-30291,14420],[-47571,21978],[28899,16353],[-31174,14798],[13216,10409],[55659,-27371],[41135,20738],[7399,3558],[40394,21715],[9461,5357],[-15855,7971],[28843,35699],[25474,30618],[4298,2591],[8248,4797],[2780,1637],[68596,47518],[52839,-25712],[43423,-21166],[35528,-17339],[45350,-22165],[-6965,-2787],[-20663,-10286],[-33331,-16142],[-24112,-11565],[-24388,-11582],[-24219,-11747],[-25632,-12715],[-28263,-13463],[-8295,-4161]]],"transform":{"scale":[7.615583371166338e-7,0.0000010592083904167638],"translate":[-69.68523756999991,47.18823463600006]}}