{"type":"Topology","objects":{"15035":{"type":"Polygon","arcs":[[0]]}},"arcs":[[[289368,32370],[-4510,5585],[16914,26834],[-24949,32067],[-37499,47755],[-12760,-16793],[-54383,69381],[-25286,-36401],[-12548,-1586],[-26882,-19048],[-2578,-814],[1394,4435],[-1195,-133],[-915,3091],[1417,1352],[-1266,2345],[-32,2530],[1183,976],[-675,6104],[-998,3301],[255,1853],[1319,2719],[1804,2414],[2372,1478],[4088,1252],[1281,2666],[3738,3723],[3320,5349],[3563,4985],[1650,5048],[3339,3765],[2894,-1939],[3159,-828],[1500,-1917],[5110,5598],[4355,2313],[3819,3617],[1619,4415],[3908,6046],[2338,1160],[4147,2939],[3468,-28],[2878,-570],[3311,2973],[1856,4420],[1876,2877],[-5939,4103],[-5500,1527],[-2481,205],[-3880,1266],[-1653,1153],[-1276,2095],[-2322,5558],[-5973,10621],[-1476,1617],[-2461,244],[-6311,-1004],[-7949,-3335],[-2959,-141],[-1735,-1381],[-1446,-4347],[-744,-4912],[-1494,-5205],[-1247,-2085],[-2626,-131],[-2119,2845],[-5539,11916],[-2100,5787],[-643,2917],[-1045,1679],[-3591,2388],[-2815,338],[-2351,-1331],[-6871,-5980],[-2857,952],[-1564,2133],[-1793,4406],[-1190,7623],[-2144,4071],[-1650,625],[-2885,-439],[-3842,-1826],[-5144,-5002],[-3568,-1549],[-5147,734],[-6626,138],[-4011,-441],[-9149,-2183],[-2878,1220],[-1333,1812],[-1772,3849],[-1534,2143],[-2860,2165],[-2765,383],[-4434,-2026],[-2716,-1829],[-4185,-5356],[-4799,-4997],[-3493,-2039],[-2104,-377],[-2175,1014],[-1603,1741],[27661,25199],[99613,84885],[149161,126884],[127242,-159407],[-5939,-7915],[18108,-5884],[10384,-10095],[5648,-12040],[8950,12825],[15332,-16618],[8957,5135],[11656,-19914],[6525,1177],[1742,-7443],[2475,5256],[5293,7960],[5519,-762],[1671,-786],[-91620,-145627],[-10433,-16328],[7225,487],[2581,-1109],[5642,-5388],[1724,-4219],[1421,-4779],[2232,-1851],[2670,1958],[4060,6719],[1747,1153],[2017,-11],[2961,-1489],[2242,-2089],[1061,-2164],[-27762,-39390],[-36549,-51594],[-3379,3807],[-15417,-3222],[-9732,13825],[-27190,-40177],[-26131,32370]]],"transform":{"scale":[3.3449807299613576e-7,1.7057425914846377e-7],"translate":[-70.34173557899993,47.67348899400008]}}