{"type":"Topology","objects":{"15065":{"type":"Polygon","arcs":[[0]]}},"arcs":[[[460352,372871],[19176,-8067],[15546,-2496],[-12411,-14039],[524,-2641],[-1094,-2665],[-1932,-3261],[-1886,-5916],[-2759,-5031],[-6477,-5113],[-3045,-3861],[-817,-2943],[-213,-4114],[-1970,-1523],[917,-2905],[9891,-11840],[3188,-1990],[10884,-3020],[4874,-1974],[6360,-4874],[891,-2623],[-834,-1181],[-5359,-2448],[-5591,-7148],[-4490,-2722],[-4772,-4205],[-4458,-6245],[-2452,-6204],[-1017,-5882],[-2142,-7682],[-5328,-5667],[-1618,-5043],[-2420,-1904],[-2936,-521],[-16802,280],[-3186,1990],[-1758,2590],[-3155,1120],[-4750,-3901],[-1096,-2362],[323,-2651],[609,-1732],[-1358,-3561],[-3622,-5042],[-3855,-6828],[-1959,-2393],[-1616,-5021],[-2492,-3856],[-1311,-5887],[-606,-12928],[-2213,-4440],[-1678,-910],[-3710,-366],[1756,-2614],[350,-3215],[-1316,-5300],[-1118,-16458],[-776,-4426],[146,-8198],[-1879,-5917],[-435,-6747],[-2471,-5923],[-1316,-5299],[-1355,-3539],[-1667,-1825],[-3659,-3000],[-2553,234],[-3453,1420],[-1705,-324],[-751,-4707],[2294,-1714],[3753,-2005],[3114,666],[1144,-552],[2362,-4063],[355,-3826],[899,-3493],[2891,-2319],[1178,-1702],[1201,-4124],[2364,-4346],[722,-8757],[1471,-1441],[459,-9980],[717,-8193],[-1307,-6193],[-1881,-5634],[-903,-2970],[-157,-2609],[-2256,-4418],[-343,-2189],[-1596,-2225],[-916,-1654],[-1463,-1729],[-4422,-3969],[-1771,-2721],[-1246,-482],[-422,-745],[-65758,1648],[-85560,1604],[-62459,1126],[-79086,1790],[-65008,1297],[-28515,1747],[6358,16483],[3853,7451],[24794,54008],[40757,89075],[63890,141911],[37169,82919],[29540,65416],[15117,33524],[5757,-19285],[16747,-26480],[25801,-25591],[37714,-21617],[17085,-5757],[26827,1788],[19411,-375],[32192,-12817],[32137,-6175],[25203,-10819]]],"transform":{"scale":[5.890069220136926e-7,3.829371838743392e-7],"translate":[-70.00126415199992,47.99016315300008]}}