{"type":"Topology","objects":{"151":{"type":"Polygon","arcs":[[0]]}},"arcs":[[[150757,472329],[60722,-44697],[41670,-31410],[91832,-68190],[25111,-18305],[-3103,-7872],[11938,-2082],[16152,-9806],[18928,-15459],[29277,-19037],[9461,-27754],[-2997,-20365],[3653,-24071],[22825,-66231],[21057,-18263],[692,-6881],[-645,-23919],[2669,-7165],[-20755,-11082],[11960,-21007],[-3951,-3855],[-8537,-82],[-400,-4882],[-6038,-3575],[-3391,-5864],[-7501,-1309],[-5631,-5392],[-672,-3774],[-46954,26424],[-9417,2896],[-31721,2252],[-15732,-15],[-17864,-3276],[-8716,-3212],[-25896,-15354],[-6776,-2971],[-13357,-1596],[-8580,1789],[-23108,12775],[-31303,25568],[-16748,16514],[-16471,22442],[-10198,19344],[-12976,29741],[-35179,64543],[622,1171],[-12069,16417],[-20182,15715],[-736,-1147],[-32805,24922],[-14220,14535],[-13074,17456],[-8563,19104],[-6886,12487],[-8240,10676],[746,1816],[-8680,11654],[20825,42725],[32277,63149],[13496,21857],[16657,21867],[14050,-22266],[12250,11358],[-5444,8526],[12056,10112],[15306,-13707],[19284,-13962]]],"transform":{"scale":[1.0145485941768719e-7,5.975222812016781e-8],"translate":[-73.61467650442998,45.58134555592583]}}