{"type":"Topology","objects":{"152":{"type":"Polygon","arcs":[[0]]}},"arcs":[[[146265,462246],[4621,-9243],[10992,-14680],[12022,-12295],[27663,-21016],[621,968],[17019,-13251],[10178,-13842],[-524,-987],[29663,-54422],[10943,-25078],[8599,-16310],[13889,-18924],[14123,-13924],[26397,-21559],[19486,-10771],[7236,-1508],[11264,1345],[5712,2506],[21838,12946],[7350,2707],[15063,2762],[13267,15],[26748,-1900],[7914,-2429],[31650,-17813],[-2402,-6459],[-6622,3483],[-3173,-7726],[-25456,14420],[-10514,-19582],[-19048,-26808],[-4812,-8047],[7418,-5461],[-62011,-120504],[-20576,-38859],[-48908,36888],[-71343,53351],[9115,17378],[-9291,3759],[-1672,2965],[-4243,-2855],[-3480,6562],[-13006,11520],[-57806,42112],[-29243,23095],[-49902,37389],[-20226,16251],[-8163,9241],[-9312,3033],[-11513,8468],[-10956,-23116],[-1391,1244],[-4789,-9248],[-6674,7845],[15415,31770],[108802,222347],[7321,-9826],[-629,-1532],[6949,-9002],[5806,-10529],[2601,-6864]]],"transform":{"scale":[1.2031265542422803e-7,7.086451742448496e-8],"translate":[-73.62962154354271,45.56638869618818]}}