{"type":"Topology","objects":{"15904":{"type":"Polygon","arcs":[[0]]}},"arcs":[[[499999,245076],[-38848,-128685],[-23743,-78379],[-3689,-10812],[-6088,-23921],[-1119,105],[-38551,-550],[-76156,-1018],[-122134,-1816],[-63577,281],[-67038,232],[-57936,144],[-1120,-212],[29344,98253],[37900,126717],[36811,122880],[45525,151703],[36576,-26471],[86816,-62944],[88838,-64574],[96506,-70337],[41683,-30596]]],"transform":{"scale":[6.151392602785461e-7,2.6386494572991706e-7],"translate":[-70.26431740499993,47.99282605700006]}}