{"type":"Topology","objects":{"15902":{"type":"Polygon","arcs":[[0]]}},"arcs":[[[255658,499602],[-4655,-12468],[651,98],[33735,-67],[40033,-111],[36020,-128],[64923,777],[50535,543],[22448,256],[651,-49],[-6990,-23300],[-25726,-86345],[-14728,-49520],[-20475,-43424],[-32092,-68170],[-17150,-36485],[-27,31],[-5178,-10685],[-48415,-42819],[-49352,-43748],[-14619,-9898],[-42087,-34017],[-36681,-29699],[-8757,-7582],[-1238,1021],[-711,266],[-973,-29],[-1029,557],[-1032,1219],[-379,839],[-206,3362],[-578,2941],[-464,1328],[-2601,4340],[-666,1772],[-370,1657],[-357,1064],[-1468,1571],[-1516,2886],[-675,2765],[-487,2882],[-732,1918],[-1225,2471],[-2531,6219],[-2010,3674],[-279,913],[-96,2138],[-765,4903],[-496,1481],[-1584,2724],[-1583,1598],[-296,1310],[-218,2076],[-1596,5661],[-615,1495],[-705,729],[-4468,2457],[-2834,1238],[-2258,2425],[-1262,892],[-1643,835],[-1579,12],[-1102,230],[-955,-372],[-1658,217],[-3147,1055],[-2839,-270],[-1335,620],[-10437,943],[-4892,1933],[-23555,6013],[-35340,-560],[-27859,-10229],[4364,-3925],[3383,-1521],[1333,-412],[1508,465],[1433,1274],[2371,263],[2748,-1235],[479,-719],[259,-4643],[1308,-4493],[616,-714],[555,14],[800,573],[307,-293],[63,-2396],[1709,-2784],[335,-789],[384,-3],[-542,-1742],[-740,-1954],[-458,-568],[-1049,-875],[-103,564],[-736,-226],[-5708,-6824],[-3770,-5280],[-3464,-4766],[-10817,-13967],[-6784,-8590],[-6389,-8190],[-4473,-6226],[413,84741],[214,38886],[780,93854],[673,94952],[854,100035],[779,87467],[8810,48],[77734,7],[72587,-109],[35688,-94],[47736,-166],[9390,-19]]],"transform":{"scale":[0.0000010564567849135423,5.669304498609134e-7],"translate":[-70.5294914879999,47.71677232800005]}}