{"type":"Topology","objects":{"16050":{"type":"Polygon","arcs":[[0]]}},"arcs":[[[389294,303584],[5979,-2405],[20517,-7797],[17528,-6114],[16717,-6382],[13358,-5166],[9895,-6136],[26710,-15771],[-38597,-22567],[-45328,-27482],[-53298,-32474],[-85040,-51364],[-110686,-67492],[-30255,-18353],[-4202,-34081],[-69390,1659],[-14111,138884],[-1031,10694],[-17068,-641],[-2066,3665],[-23549,1309],[-5377,52011],[6384,13646],[4062,9526],[9813,23646],[1491,4652],[5670,18339],[11974,10118],[9266,27522],[4304,11899],[9430,4706],[16681,20432],[-17608,21034],[11004,4832],[16388,9444],[31821,18951],[107452,63987],[50234,29683],[-10194,-44848],[-7712,-34391],[-3912,-17106],[-7474,-33173],[-760,-3108],[21033,-9577],[11704,-5197],[40474,-18196],[9244,-4101],[18020,-9133],[14302,-6222],[20649,-9128],[5554,-2234]]],"transform":{"scale":[4.4767500135002495e-7,2.3307529415057357e-7],"translate":[-70.49487887899994,47.52556956900008]}}