{"type":"Topology","objects":{"161":{"type":"Polygon","arcs":[[0]]}},"arcs":[[[320715,496325],[11232,-9886],[21952,-16608],[6721,-8434],[4115,-10145],[6259,-27428],[3562,-11656],[6967,-13733],[13243,-13417],[8490,-5001],[65474,-24676],[10140,-6208],[6265,4034],[2030,-7094],[8352,-16831],[3483,-14626],[801,-16146],[-6544,-37126],[-198,-4967],[-8031,-47064],[-7540,-27192],[-6556,-1799],[-23634,-28306],[-6552,-8699],[-24131,-20857],[-21844,-20994],[-9730,-8291],[-2682,-4831],[-10028,-8842],[-6753,-3179],[-15789,-5260],[-6758,4272],[-14212,14751],[-3081,687],[19004,-19363],[-29685,21073],[-16394,12452],[832,2140],[-39195,29554],[-4826,2829],[-9556,1895],[-7436,-1671],[-11741,-4834],[-6129,19932],[-15606,2506],[-12620,5229],[-6498,3874],[-8915,-21220],[-6240,-11834],[-14332,-30720],[-13584,-23789],[-8848,-11303],[-14779,-17402],[-15515,-11189],[-16376,-14074],[-14196,-5509],[-10040,-6106],[-9170,-7246],[-5429,-5997],[-6189,5457],[-6340,8645],[-29233,47504],[-6702,7950],[15112,25205],[3315,2284],[3544,6825],[16003,17462],[1855,4763],[9904,44703],[44735,61156],[25241,35097],[7870,-7466],[6517,12727],[28116,38529],[-4697,11416],[19048,24650],[26169,39807],[21833,33732],[42225,-39855],[14238,31753],[8972,22392],[9311,26896],[7861,27034],[2775,-2724],[4059,10696],[2805,3361],[3904,-3674]]],"transform":{"scale":[1.2875220489942674e-7,6.520633381701154e-8],"translate":[-73.6015380888098,45.46530944098748]}}