{"type":"Topology","objects":{"162":{"type":"Polygon","arcs":[[0]]}},"arcs":[[[495342,405563],[-1709,-29060],[-2690,-2975],[-27404,1922],[857,15572],[-11703,807],[-1979,-3424],[-8258,578],[-916,-14125],[-14185,1020],[-1913,-6854],[-1390,-20130],[1095,-20089],[4273,-25640],[514,-10895],[-274,-18038],[-917,-9952],[-2673,-16142],[-3200,-11244],[-7934,-19276],[-8069,-13635],[-7040,-9737],[-12256,-13967],[-12170,-15977],[-17566,-28714],[-6078,-4289],[-8972,-14576],[-5809,-11310],[-19088,-31120],[-12014,-23316],[-25284,-50977],[-97308,25343],[9467,41215],[2576,8710],[3838,8058],[22646,33079],[14232,21301],[2071,9997],[-15800,72849],[-41397,31101],[-11804,9608],[-51028,-37107],[-5600,-4375],[-11730,-11601],[-25306,-29389],[-11349,-15181],[-14243,-23960],[-24850,15427],[-25005,16025],[1207,2498],[27949,23838],[22944,33440],[-71,658],[18331,27095],[14715,15044],[33466,38958],[2096,93],[12185,7127],[23805,16393],[23599,17580],[4627,-1100],[25757,19429],[9022,5269],[4206,4795],[6144,3077],[1719,4074],[19329,19397],[4487,-655],[8247,10246],[6768,-6704],[29515,-40051],[6404,-7289],[6247,-4601],[5483,5056],[9260,6110],[10134,5147],[14336,4645],[16534,11867],[15665,9434],[14922,14671],[8936,9531],[13714,20057],[14473,25899],[6299,9979],[9002,17892],[6560,-3268],[12742,-4408],[15758,-2113],[6186,-16800],[5021,-16399],[2276,-4114],[-2319,-3091],[-2338,-44243]]],"transform":{"scale":[1.2751572328623156e-7,7.733865409518515e-8],"translate":[-73.63517224970663,45.43748987959446]}}