{"type":"Topology","objects":{"16902":{"type":"Polygon","arcs":[[0]]}},"arcs":[[[281110,499682],[11660,22],[9761,-8],[9770,14],[9793,80],[9717,-76],[9725,-55],[9675,88],[6834,22],[224,21],[15211,-29],[4542,10],[1614,29],[9140,-61],[9132,-88],[18211,92],[7443,85],[18947,6],[968,15],[9163,65],[18326,-29],[18282,53],[10750,0],[-463,-43607],[-508,-49875],[-402,-47339],[-465,-46793],[-127,-19387],[-246,-42248],[-16958,-19776],[-20656,-24268],[-21197,-24989],[-30852,-36257],[-17002,-19953],[-16680,-19648],[-8262,-9554],[-15518,-17706],[-4067,-4809],[-1881,-2118],[-9160,-11259],[-1188,-1372],[-8536,-9951],[-7341,-8920],[-4398,-5311],[-13252,-34798],[-1182,1778],[-13080,20562],[-17109,26673],[-17016,26831],[-17431,26416],[-16811,27003],[-17069,26876],[-17170,26829],[-17196,26824],[-17219,26819],[-17389,26599],[-17503,26638],[-17289,26428],[-32179,49079],[-6993,10565],[-25174,37981],[-28070,41965],[2228,-37],[10779,190],[601,1257],[710,2269],[1183,1630],[282,689],[472,2667],[-562,147],[-1186,2],[-849,-147],[-611,202],[-758,885],[-612,250],[-189,294],[94,644],[1093,2125],[1559,2218],[231,886],[282,397],[522,0],[613,-597],[334,-45],[235,245],[-330,1732],[-328,589],[-381,400],[-1040,442],[-281,251],[45,295],[432,489],[46,697],[-193,192],[-567,6],[-846,-298],[-895,-100],[-337,-144],[-803,75],[-849,614],[-1129,399],[-1277,-247],[-661,153],[-1045,606],[-2160,230],[-2836,-440],[-474,199],[-405,667],[-492,521],[-656,-6],[-1510,-538],[-1088,2],[-284,396],[-91,542],[140,346],[83,1514],[-83,2536],[-378,1286],[-82,686],[462,2024],[-98,1777],[-188,968],[-655,2692],[-176,1347],[123,677],[1182,1431],[470,943],[286,1029],[930,809],[2815,-38],[12757,-13],[12787,-28],[12847,51],[25061,-37],[6,39],[22355,-39],[8263,16],[241,-28],[8253,-31],[13013,31],[12223,73],[13686,15],[12964,67],[12974,95],[12944,-4],[18316,-108],[10011,-71],[9789,-122],[9785,-71],[19612,63],[9725,-33],[17692,29]]],"transform":{"scale":[0.0000017739138258275263,0.0000011371280202560785],"translate":[-71.41252367799989,47.431706716000065]}}