{"type":"Topology","objects":{"17005":{"type":"Polygon","arcs":[[0]]}},"arcs":[[[499999,273203],[-47403,-69302],[-20248,-30054],[-62768,-93166],[-12397,-18440],[-37253,-54564],[-48625,44314],[-22013,-26637],[-13184,-16553],[-7155,-8801],[-35843,32660],[-4317,4152],[-40167,38183],[-80475,78458],[-8285,8039],[-20211,19311],[-49,-54],[-39606,37064],[96558,103777],[108927,116849],[57473,61560],[87336,-83914],[149705,-142882]]],"transform":{"scale":[4.034642189285309e-7,2.6951347502690557e-7],"translate":[-69.82669290599995,46.99318529300007]}}