{"type":"Topology","objects":{"17015":{"type":"Polygon","arcs":[[0]]}},"arcs":[[[499983,384381],[-5338,-7863],[-15741,-21305],[-5717,-8661],[-23809,-33250],[-8750,-12248],[-38337,-53577],[-39372,-55143],[-57301,-80281],[-7204,-10145],[-7614,-10055],[-21242,-30455],[-40070,-56294],[-4167,-5104],[-33421,33933],[-27403,27337],[-75447,75168],[-27011,26996],[-36898,37147],[-4471,4449],[-20670,20126],[9305,8859],[54949,53664],[2120,1983],[40614,37365],[139,309],[31858,30956],[28730,26920],[72228,67459],[3498,-3228],[9605,-8446],[60531,59002],[103,-3698],[-149,-1414],[253,-941],[2664,-2321],[1336,-765],[1608,-554],[1965,-280],[2399,-19],[2575,243],[1073,-279],[1919,-997],[1357,-1139],[939,-293],[4884,-355],[1059,-488],[5434,-5459],[1201,-2488],[836,-1204],[2004,-1048],[4287,-289],[2163,77],[2351,624],[1211,636],[2864,2475],[903,1477],[45,1508],[-563,1944],[14,1291],[1773,1201],[693,887],[1178,32],[1822,-397],[3052,-1192],[1603,-809],[1221,-986],[2351,31],[2882,-731],[5565,-1900],[1339,-1181],[3132,-1393],[1526,-1298],[13,-1620],[565,-1036],[1141,-820],[3437,798],[424,-479],[23102,-19985],[82852,-70984]]],"transform":{"scale":[5.451757143513981e-7,3.899088398177185e-7],"translate":[-70.08364162099991,46.73234950400007]}}