{"type":"Topology","objects":{"17010":{"type":"Polygon","arcs":[[0]]}},"arcs":[[[499997,353903],[-23954,-32708],[-39954,-52541],[-21479,-28774],[-37272,-51053],[-33636,-45018],[-1718,-2102],[-13868,-19251],[-16741,-22051],[-6950,-9333],[-19352,-25479],[-33466,-44821],[-15326,-20772],[-104993,86659],[-29277,24396],[-536,584],[-4357,-972],[-1445,1001],[-717,1265],[-16,1978],[-1935,1585],[-3967,1700],[-1699,1440],[-7052,2321],[-3653,893],[-2977,-40],[-1548,1204],[-2032,987],[-3867,1457],[-2310,485],[-1492,-40],[-878,-1082],[-2246,-1466],[-20,-1576],[713,-2376],[-56,-1839],[-1142,-1803],[-3631,-3023],[-1533,-775],[-2982,-761],[-2740,-95],[-5433,351],[-2539,1281],[-1061,1470],[-1520,3039],[-6887,6664],[-1343,594],[-6187,434],[-1192,358],[-1720,1391],[-2432,1217],[-1359,340],[-3265,-295],[-3039,21],[-2490,341],[-2037,678],[-1694,933],[-3377,2834],[-318,1150],[187,1724],[-130,4515],[96269,95017],[43781,43150],[-71385,61739],[29183,28262],[23076,21778],[113145,105984],[3016,2922],[18953,-16297],[7771,-6783],[75475,-66207],[37669,-32222],[4050,-3504],[33615,-27560],[8779,9745],[10296,11650],[20646,22479],[45601,-37397]]],"transform":{"scale":[4.3019968639940997e-7,3.1938301076608524e-7],"translate":[-69.91271173199993,46.882223260000046]}}