{"type":"Topology","objects":{"17020":{"type":"Polygon","arcs":[[0]]}},"arcs":[[[327148,427775],[2970,-2740],[8455,-8192],[4161,-4150],[4105,-3834],[5591,-5401],[2571,-2348],[4787,-4064],[2173,-2243],[432,-1053],[2386,-2374],[603,-72],[1479,-1939],[9468,-9186],[10069,-10050],[4420,-4069],[5116,-4964],[7567,-7172],[2600,-2693],[4998,-4641],[88900,-85888],[-78385,-77307],[-31180,-30851],[-34573,-35478],[-154,-352],[-44077,-42822],[-2300,-2275],[-59633,-61500],[-10066,-10117],[-91410,94630],[-33193,34473],[-56123,59783],[-15293,16087],[-43612,44702],[101013,98812],[114156,113301],[19888,19770],[18365,18441],[70557,-68976],[3169,-3248]]],"transform":{"scale":[5.023398526796138e-7,3.402237984475231e-7],"translate":[-70.2040008649999,46.820151982000084]}}