{"type":"Topology","objects":{"17025":{"type":"Polygon","arcs":[[0]]}},"arcs":[[[451512,415071],[-33528,-39078],[82015,-85363],[-68571,-81347],[-92333,-109690],[-88128,-99593],[-13985,14257],[-5095,5443],[-119218,126458],[-6751,6880],[-3489,3968],[-10150,10563],[-6837,7282],[-5958,6022],[-13507,14805],[-12699,13528],[-1988,2856],[-807,105],[-3201,3499],[-579,1549],[-2914,3303],[-6424,5987],[-3449,3459],[-7499,7955],[-5508,5648],[-5584,6111],[-11341,12067],[-3984,4035],[37681,43986],[36902,42098],[100124,109846],[84394,-86155],[108727,124444],[63310,-65262],[20374,-19666]]],"transform":{"scale":[3.7444788489572773e-7,2.3099320798640006e-7],"translate":[-70.0396609629999,46.90429804200004]}}