{"type":"Topology","objects":{"17035":{"type":"Polygon","arcs":[[0]]}},"arcs":[[[434807,486798],[48204,-42233],[16988,-15119],[-58274,-58378],[-58339,-58536],[24329,-21889],[-55518,-57533],[-31427,-32669],[-6189,-6284],[1982,-1622],[-24222,-25490],[1659,-1322],[-24180,-24768],[-1730,1567],[-28885,24913],[-56123,-57627],[-78039,-80284],[-28807,-29524],[-76236,71766],[85365,86340],[50220,50694],[28866,28928],[-3176,2864],[24044,24241],[89202,90256],[53331,53155],[39030,38843],[33198,34063],[10152,9142],[305,422],[9672,9284],[14598,-13200]]],"transform":{"scale":[6.298749797499372e-7,4.5044119088234223e-7],"translate":[-70.14790781699992,47.00577379200007]}}