{"type":"Topology","objects":{"17030":{"type":"Polygon","arcs":[[0]]}},"arcs":[[[499999,347396],[-30568,-35523],[-57934,-67429],[-51356,-59885],[21064,-21388],[-1682,-1967],[-64166,-72475],[-13087,-14893],[-10057,9727],[-31250,32278],[-53670,-61548],[-41659,42611],[-49422,-54328],[-18214,-20822],[-18601,-21754],[-2099,2366],[-46722,50246],[-16739,17778],[-13837,15427],[23920,28479],[64800,77430],[46601,55577],[23984,-24027],[1437,-1512],[20076,23889],[-1376,1273],[20111,24585],[-1646,1564],[5139,6061],[26095,31506],[46099,55488],[-20202,21110],[48439,56456],[48388,56303],[54700,-56611],[17027,-17436],[75295,-77399],[1112,-1157]]],"transform":{"scale":[7.585850411701557e-7,4.670463980927765e-7],"translate":[-70.09989057199994,46.96569144900007]}}