{"type":"Topology","objects":{"17040":{"type":"Polygon","arcs":[[0]]}},"arcs":[[[499998,359186],[-11128,-9755],[-350,-441],[-11680,-9605],[-38198,-35788],[-44906,-40807],[-61362,-55843],[-102631,-94822],[-27665,-25466],[3656,-3009],[-33214,-30392],[-57779,-53258],[-35229,27927],[-49461,39013],[-1266,2168],[-1551,1469],[2306,2048],[-28749,23365],[38920,39749],[36932,51062],[-3278,2779],[2148,5155],[-54780,46955],[-1429,-2634],[-19304,17832],[3832,2284],[-2271,6283],[9743,9018],[-5198,4579],[3735,10624],[16504,-14368],[2281,867],[5070,2639],[2525,2461],[1892,1465],[2467,6315],[1893,5829],[-876,731],[-2239,2594],[-3108,2626],[3541,6133],[19698,36004],[2656,-2105],[15511,23481],[1965,-1300],[1883,2380],[-1975,2389],[9619,12534],[-2329,914],[-663,663],[-333,1234],[5443,5941],[14973,876],[5604,-27],[7602,10236],[7583,2983],[9355,655],[44993,10538],[95412,53298],[596,574],[9314,5455],[1128,559],[22874,12703],[584,254],[22197,12792],[8562,-7623],[18755,-16610],[34827,-29777],[96904,-80637],[7469,-6166]]],"transform":{"scale":[5.474503769007562e-7,4.287534115067936e-7],"translate":[-70.15695283399992,47.07699141100005]}}