{"type":"Topology","objects":{"17045":{"type":"Polygon","arcs":[[0]]}},"arcs":[[[467250,392129],[-100958,-101931],[90162,-84730],[19704,-18888],[23841,-21764],[-17322,-16442],[-18760,-17632],[-107668,-101031],[-32152,-29711],[-15192,13934],[-10015,9243],[-57620,55835],[-52045,-50493],[-2135,2724],[-162,-145],[-17364,21769],[-7595,8018],[-10390,13606],[-2530,2872],[-2936,4627],[-5158,7193],[-6861,7162],[-50788,48421],[2863,4890],[243,224],[-35927,36364],[-37693,35272],[-12792,12347],[17729,18631],[25922,27432],[29371,30786],[30769,31867],[26408,27205],[25868,23848],[14615,14051],[4504,4196],[5499,5485],[9861,9513],[3966,3927],[4677,4505],[3606,3645],[3571,3420],[13504,-12726],[22388,-21588],[23329,-21418],[54009,86757],[331,831],[1646,2311],[1907,1798],[4225,1747],[4266,2097],[3156,2421],[12544,12654],[2452,2741],[29550,-26257],[-2370,-2302],[1595,-1650],[1301,-2435],[50840,-43843],[36211,-31383]]],"transform":{"scale":[5.326007852015778e-7,3.8153673107344227e-7],"translate":[-70.34299600599991,46.927379676000044]}}