{"type":"Topology","objects":{"17055":{"type":"Polygon","arcs":[[0]]}},"arcs":[[[432024,409866],[5229,-3521],[3767,-3479],[1475,-979],[-3186,-7815],[-4151,-8467],[-3182,-1964],[-4249,-3298],[-8534,-3538],[-3839,-1164],[-27774,19262],[-6285,-14243],[8749,-6138],[-16398,-12092],[3824,-8420],[-6450,-3064],[32488,-23906],[2402,3530],[92188,-62951],[-3616,-6911],[5517,-3723],[-62152,-68459],[-69512,-56559],[-20537,-15097],[-5166,-2889],[-6985,-2500],[-6916,-2084],[-3121,-2147],[-2695,-2757],[-544,-991],[-88421,-103502],[-38131,25510],[-36716,25795],[-43775,30080],[-2692,1808],[-28657,20269],[-13745,9951],[-18562,13332],[-11408,7920],[-27493,19725],[-5289,4386],[-7482,4472],[1283,2295],[5920,5047],[9031,8993],[8928,7865],[3230,4062],[4934,5471],[7811,7817],[7241,9588],[6896,5057],[3885,2099],[4601,4384],[9000,8824],[10657,10774],[-5675,4517],[125973,110503],[10543,9214],[21064,22265],[29485,21172],[742,710],[-12175,8271],[-468,7071],[8616,3714],[609,4168],[17867,12861],[-5481,4850],[5094,4675],[-1410,5769],[4268,4147],[2334,1514],[7265,3300],[-4522,3010],[-1696,1729],[4706,3877],[4477,4867],[5052,12271],[4706,-3258],[15208,-10225],[4991,-3577],[38159,-25943],[9809,-6569],[569,-273],[8486,-5823],[6722,-4826],[3209,-2077],[11209,-7793],[4731,-3129],[17037,-12744],[6163,-3596],[940,-300]]],"transform":{"scale":[3.253152986306141e-7,3.198073156147296e-7],"translate":[-70.27765146799993,47.07489787500003]}}