{"type":"Topology","objects":{"17060":{"type":"Polygon","arcs":[[0]]}},"arcs":[[[428176,382407],[71823,-72193],[-5551,-3871],[-915,-1049],[-146664,-97538],[-69159,-19285],[-14379,-1198],[-11656,-5459],[-11685,-18728],[-8614,47],[-23017,-1604],[-8367,-10872],[513,-2259],[1019,-1213],[3579,-1673],[-14785,-22937],[3036,-4370],[-2894,-4354],[-3021,2378],[-23841,-42974],[-4085,3853],[-30278,-65888],[-5441,-11220],[-860,409],[-5630,4908],[-15562,17396],[-4322,4271],[-10237,10637],[-2933,2837],[-6138,6589],[-7753,7946],[-519,374],[-8960,8968],[-34855,35409],[-4560,4885],[-13891,13955],[-7532,7794],[-42,383],[2706,7724],[2021,3874],[3761,6626],[4660,11288],[2163,4220],[2365,3224],[2719,4344],[1296,2747],[1969,7520],[1077,2552],[3262,5274],[1902,1989],[12274,23658],[2224,1757],[-730,2682],[1199,1862],[2333,344],[911,1167],[1237,4242],[3719,4552],[976,1896],[197,1809],[1113,2513],[2441,654],[395,965],[-453,3066],[2717,2077],[380,1888],[-9,3265],[3482,5623],[1573,1674],[931,2320],[1642,1946],[850,2931],[1276,1594],[1475,637],[750,2087],[-1251,4359],[1209,1208],[3628,670],[320,1004],[-3549,2499],[788,993],[54589,67080],[10646,13134],[-31175,29647],[16340,5822],[7031,2005],[6018,2724],[14629,8796],[4872,1737],[4321,2302],[21037,12335],[4455,2984],[8651,2970],[2334,3069],[1515,-428],[11201,7349],[22658,12044],[28062,16557],[26951,15518],[19356,18269],[1838,-1711],[12394,-12845],[269,-649],[60182,-58060],[46053,-44327]]],"transform":{"scale":[3.561496162992978e-7,2.342898105795184e-7],"translate":[-70.18119624799994,47.205975994000084]}}