{"type":"Topology","objects":{"17078":{"type":"Polygon","arcs":[[0]]}},"arcs":[[[388844,386208],[6070,-4999],[4293,-4904],[22306,-22046],[9257,-8853],[15440,-15277],[10773,-10749],[23252,-22654],[19764,-18671],[-4719,-4538],[-4815,-4884],[-6211,-6007],[-5270,-5238],[-13098,-12687],[-7304,-7314],[-5986,-5596],[-19413,-18735],[-34364,-31802],[-35081,-36280],[-40872,-42494],[-39016,-41056],[-34434,-36579],[-23553,-24845],[-1701,1648],[-59664,56740],[-45637,44950],[-9006,8967],[-109855,106926],[4179,3877],[951,1840],[141,1198],[1538,2072],[6595,5651],[1830,2232],[3697,6009],[1732,2201],[6080,5232],[1245,1910],[3270,4271],[4320,4415],[1507,1946],[2336,1644],[1121,1497],[1722,1132],[2351,2494],[4309,3281],[2310,4758],[1920,2771],[2189,634],[2918,2126],[2021,2646],[3312,2195],[931,1117],[-31,1636],[811,2309],[1888,1040],[2155,2553],[3943,5258],[2967,1277],[4524,4230],[-298,1818],[2665,1619],[6031,4474],[1644,1758],[957,1589],[1209,336],[3487,3394],[2733,1524],[2199,1988],[2271,1643],[672,985],[596,3345],[1662,2513],[1690,1003],[963,-486],[910,2342],[2160,2271],[1700,2387],[2375,1329],[2327,2180],[1593,970],[1776,1760],[2010,3241],[1899,474],[1678,1727],[2881,2406],[1839,1982],[3234,4647],[1197,2818],[762,3316],[-1165,6113],[-345,6160],[713,671],[3336,969],[6094,3028],[3054,2001],[2681,2592],[689,1900],[2743,2907],[1314,1847],[1679,1664],[-470,2319],[-1051,1712],[-1911,1982],[-1917,564],[-1730,-784],[-597,337],[2269,1767],[2285,919],[3577,469],[143,1166],[-1305,1174],[-969,-960],[-801,678],[1055,1653],[3670,2516],[2073,-60],[1098,-643],[-32,-1887],[1904,-1541],[2212,-498],[4344,-115],[1736,343],[3365,1252],[2603,1583],[1295,1155],[3382,2132],[2687,2340],[2766,1650],[1316,1814],[3936,2331],[2776,2908],[3374,4427],[904,927],[5604,4779],[4178,1800],[2284,2930],[8548,5709],[1875,1823],[1347,1940],[2966,1590],[2486,2588],[-867,2472],[283,728],[2489,2525],[1351,-136],[512,733],[2251,-782],[-1337,1268],[577,2683],[2085,1104],[1279,2065],[2794,1932],[1485,1597],[2468,1802],[309,1138],[2418,2775],[1955,1070],[2592,2275],[1386,1627],[3184,5965],[551,481],[4933,1967],[3296,3419],[1244,396],[882,2186],[1036,992],[2322,792],[3325,2248],[37148,-37987],[20065,-20627],[1569,-1296],[42404,-42590],[11183,-11291]]],"transform":{"scale":[4.009357778715862e-7,2.861124102248454e-7],"translate":[-70.43355295999993,47.01660699600006]}}