{"type":"Topology","objects":{"171":{"type":"MultiPolygon","arcs":[[[0]],[[1]]]}},"arcs":[[[218618,360733],[-1679,-16470],[-375,-19358],[-2457,-20950],[-246,-18491],[-1538,-31351],[-2329,-16760],[-4018,-12428],[-8577,-18090],[-20069,1153],[2238,9311],[2756,36474],[-41568,3002],[-43999,2773],[-44007,3497],[-45627,3149],[-5706,35239],[-1417,24944],[1800,24995],[2480,8511],[18382,-1269],[1186,17538],[10703,-717],[2565,4252],[15166,-1002],[-1109,-19335],[35513,-2388],[3486,3694],[3814,62506],[1431,28511],[3005,3838],[-2950,5109],[-6502,20353],[15362,5061],[9731,1749],[12505,-1983],[6314,-2961],[51287,-30939],[-1090,-2240],[21451,-13036],[46079,-26114],[-2386,-5546],[-6496,-3904],[-9487,-2465],[-9612,-8386],[-2855,-5783],[-1295,-8957],[140,-14736]],[[499610,364961],[-1300,-1733],[-12347,860],[-59757,-62584],[-8290,-59958],[-69182,-156356],[-16741,-38439],[-56365,-32978],[-60143,-13773],[-21622,77704],[22304,65750],[1018,32361],[13358,37575],[16475,44362],[4228,94341],[7007,19075],[40156,6965],[19352,23417],[40408,29787],[14543,29336],[28322,27756],[5328,1591],[18065,9979],[19374,-14148],[29920,-57337],[-124,-14880],[4812,-4077],[5847,-1551],[10020,-30768],[5723,-9676],[-389,-2601]]],"transform":{"scale":[9.839567543764681e-8,6.228803067375553e-8],"translate":[-73.5810988106852,45.444143470105494]}}