{"type":"Topology","objects":{"172":{"type":"Polygon","arcs":[[0]]}},"arcs":[[[375874,207286],[-16261,-23282],[-22025,-21537],[-15416,-19081],[-7958,-14002],[-14063,-13134],[-15582,-17509],[-11686,-16805],[-11857,-13306],[-28788,-37115],[-12026,-13308],[-13546,-18207],[-199860,47126],[-6806,1838],[42414,76008],[20324,35053],[32290,46788],[9827,17004],[15178,21915],[10279,6448],[29716,43171],[20587,24020],[20734,20998],[11909,14638],[13649,20500],[13422,28981],[5412,16903],[4522,24268],[1550,14962],[-186,39378],[59558,-3813],[57445,-4234],[57264,-3348],[54426,-3644],[-3596,-44167],[-2922,-11274],[26197,-1396],[-7774,-14145],[-9652,-23623],[-19136,-38151],[-12355,-32721],[-4235,-5952],[-12426,-24393],[-6543,-9734],[-18128,-23107],[-7961,-12254],[3736,-4542],[-6273,-3505],[-23378,-28710]]],"transform":{"scale":[7.538011445740239e-8,5.144114956812286e-8],"translate":[-73.59936562980559,45.435003682686826]}}