{"type":"Topology","objects":{"18005":{"type":"Polygon","arcs":[[0]]}},"arcs":[[[327033,499963],[131098,-89664],[41868,-28843],[-4374,-20157],[-7506,-34284],[-9977,-45760],[-11261,-49430],[-765,-5787],[-29076,-133447],[-9728,-46436],[-6863,-29718],[-3570,-16437],[-131012,86771],[-30495,19885],[-91557,63334],[-46497,31607],[-42200,28578],[-75118,52438],[54999,36818],[54817,35650],[144812,97815],[72352,47102],[53,-35]]],"transform":{"scale":[3.437356714714363e-7,3.519058378117244e-7],"translate":[-70.18974838199995,46.46419209600003]}}