{"type":"Topology","objects":{"18010":{"type":"Polygon","arcs":[[0]]}},"arcs":[[[499983,455042],[16,-10],[-68865,-55829],[-86814,-68244],[-7237,-27314],[-17429,-61457],[-2456,-9632],[-6296,-25719],[-33833,-125396],[-21983,-81441],[-61746,34489],[-193340,107212],[39356,21142],[106156,56325],[56717,30564],[-121146,71049],[122432,65773],[27169,14166],[2557,997],[6640,4114],[5330,2452],[4200,2783],[2611,1179],[4210,2447],[3055,1335],[7098,3719],[41914,22527],[113510,57726],[78174,-44957]]],"transform":{"scale":[2.3307431214853536e-7,2.943046566094151e-7],"translate":[-70.0773350419999,46.598428583000036]}}