{"type":"Topology","objects":{"18015":{"type":"Polygon","arcs":[[0]]}},"arcs":[[[444029,314428],[55969,-59723],[-26202,-25690],[-49044,-47347],[-18183,-17771],[-37,36],[-49298,-47340],[-98668,-98313],[-19058,-18280],[-23817,23993],[-52960,53889],[-65428,65144],[-41173,41329],[-48691,48547],[-7439,6809],[75801,72950],[95677,91903],[12089,11678],[459,557],[17395,16674],[24876,23452],[19123,20623],[4247,4389],[8880,8199],[9480,9863],[50293,-51550],[9904,-9952],[18265,-20253],[31381,-33437],[45958,-48946],[20201,-21433]]],"transform":{"scale":[5.044896529793543e-7,3.501249222498212e-7],"translate":[-70.28244488199994,46.58274721400005]}}