{"type":"Topology","objects":{"18025":{"type":"Polygon","arcs":[[0]]}},"arcs":[[[310083,435312],[-63566,-47814],[41422,-32633],[14526,-11745],[53305,-43643],[31526,-25168],[86820,-69084],[-32,-26],[21308,-16840],[4607,-3722],[-83590,-64667],[-62568,-48505],[-9024,-7424],[-8470,-6161],[-4051,-3295],[-18240,-15496],[-23729,-17619],[-16592,-12526],[-438,-418],[-11203,-8526],[-766,731],[-68388,54011],[-78572,61943],[-108718,85524],[75489,58362],[-81139,66450],[3546,2711],[32501,23726],[29974,22368],[28811,21322],[20664,14953],[-1326,6169],[4623,2830],[49005,36674],[4319,3117],[2149,-2231],[52411,41339],[58023,-45712],[10085,-7567],[15298,-11408]]],"transform":{"scale":[5.288980837961775e-7,4.6603048006101146e-7],"translate":[-70.33438394299992,46.72451092700004]}}