{"type":"Topology","objects":{"18020":{"type":"Polygon","arcs":[[0]]}},"arcs":[[[499999,224020],[-78637,-72157],[-29038,-28157],[-4917,-4649],[-2116,-1670],[-2917,-3057],[-1808,-1476],[-2910,-3477],[-3693,-3065],[-4600,-5144],[-1773,-1246],[-18821,-17709],[-84819,-82213],[-30291,31873],[-68918,72787],[-47056,49723],[-27389,30117],[-14848,14802],[-75448,76688],[98361,96007],[131410,128002],[59793,-61518],[43770,-44708],[166665,-169753]]],"transform":{"scale":[3.364327188653512e-7,2.3544359288717816e-7],"translate":[-70.1472383279999,46.692836284000066]}}