{"type":"Topology","objects":{"18030":{"type":"Polygon","arcs":[[0]]}},"arcs":[[[499998,207809],[-82144,-84649],[-91703,-94676],[-770,747],[-27391,30188],[-44320,-47778],[-11512,-11641],[-9425,9081],[-100776,108961],[-81269,87694],[-50688,54947],[6162,5470],[318,397],[36659,-39805],[40713,45797],[281,-295],[5665,6609],[8145,9110],[3050,3016],[4643,4997],[4837,5924],[5392,5933],[5927,6808],[1408,2147],[6028,7087],[562,1016],[1477,1172],[4153,4626],[1681,1648],[6421,7180],[8025,8593],[-34708,34062],[-475,598],[8522,8434],[103091,108792],[115322,-123582],[96312,-103451],[59575,-64102],[812,-1055]]],"transform":{"scale":[4.986089712179802e-7,3.22515213030386e-7],"translate":[-70.44506667799993,46.657489472000066]}}