{"type":"Topology","objects":{"18035":{"type":"Polygon","arcs":[[0]]}},"arcs":[[[453621,225171],[626,-702],[45752,-39970],[-10578,-10083],[-8467,-8422],[-2213,-1936],[-5474,-5428],[-1949,-1374],[-738,-1193],[-7948,-8316],[-1857,-2519],[-7814,-7990],[-7104,-6960],[-6378,-6950],[-6121,-5866],[-4017,-3538],[-10737,-10690],[-7469,-7755],[-371,346],[-53666,-53739],[-48322,46707],[-422,-464],[-10058,-7947],[-77893,-74152],[-6603,-6230],[-2387,2675],[-2888,1271],[-1101,1085],[-849,2726],[798,3454],[-1068,2134],[-2222,1467],[640,2246],[2088,1338],[559,5123],[-780,1498],[573,6582],[277,5262],[-875,3500],[-2824,1836],[-4940,293],[-1818,1143],[-2169,3996],[-2571,714],[-1886,-1303],[-4831,268],[-2258,-438],[-2334,839],[-1957,309],[-660,1311],[-22,2329],[-1575,3540],[-2576,1923],[-180,1840],[1230,2297],[-489,2158],[-2823,2197],[10219,10931],[-17003,14686],[-1073,1203],[2162,1570],[1470,2307],[137,2542],[822,2521],[-6786,2952],[-1248,173],[-3191,2013],[-1807,4287],[-2913,2376],[-3168,407],[-1730,744],[-2920,482],[4026,4979],[4174,5879],[3840,1715],[1303,1948],[4612,1925],[1380,-800],[2408,101],[2105,3529],[2355,1738],[400,-1580],[-954,-1203],[314,-1517],[2511,482],[1972,2968],[2338,607],[3763,221],[4543,949],[3300,149],[4394,1531],[2148,188],[2038,878],[1969,298],[1484,1582],[-1789,552],[-166,1145],[1859,1364],[-216,-902],[1202,-768],[1539,216],[181,1871],[3075,1120],[2301,1292],[515,1692],[2099,1238],[3365,1507],[-659,1770],[1975,2088],[3226,1625],[2663,1878],[-60680,55023],[4771,4453],[-103608,95056],[-62929,57653],[138682,128752],[125797,-114035],[69890,-63455],[113671,-103367],[5581,6029]]],"transform":{"scale":[3.782560145119964e-7,2.7485374970743805e-7],"translate":[-70.55863135499993,46.719050560000085]}}