{"type":"Topology","objects":{"18045":{"type":"Polygon","arcs":[[0]]}},"arcs":[[[319320,345061],[12366,-11635],[36431,-33242],[34726,-34272],[-234,-210],[-2768,-4609],[49091,-45636],[6630,-6748],[4986,-6779],[2840,-4361],[2444,-2707],[10042,-12822],[7343,-7558],[16782,-20514],[-3987,-3451],[-47040,-42219],[-4437,-3257],[1273,-7102],[-19833,-17212],[-27655,-24544],[-28771,-25752],[-31196,-27312],[-3404,-3119],[-74543,73077],[-86223,84357],[-5849,-5223],[-5573,5120],[-13966,12915],[-20235,18503],[-22325,20872],[-1738,1530],[-14842,13991],[-5256,4898],[-13824,11742],[-66074,62309],[-4501,4030],[5357,2311],[1222,868],[2506,2378],[2521,1601],[3839,1381],[3581,2265],[4671,2752],[2215,1418],[5579,3834],[2911,2386],[1839,2322],[2035,903],[2340,2332],[6730,4831],[851,393],[3978,4028],[3797,3446],[1102,2198],[2246,2239],[2604,3470],[964,727],[2331,2820],[6091,4710],[2655,2157],[2625,2381],[1397,1846],[1064,464],[673,1056],[2219,2418],[2158,3128],[831,1482],[607,2988],[-93,1087],[3785,4157],[1276,1890],[1008,3329],[139,1404],[-139,2109],[253,2915],[-85,1799],[99,3403],[-1047,3405],[-955,2317],[-1408,1065],[-1194,-21],[-1817,-1076],[-278,683],[847,1905],[2133,1950],[811,124],[-44,-1379],[1328,-733],[1287,157],[2147,1415],[994,1574],[2573,1623],[1386,2291],[2626,2558],[1456,2425],[1141,2688],[1413,4559],[948,5129],[1579,3518],[2553,3801],[1360,1312],[2530,3668],[1995,4213],[24,2445],[364,2073],[1146,2444],[1984,2368],[3540,3484],[2991,2229],[2302,2041],[418,630],[29,2156],[3983,4002],[2191,2794],[2980,2808],[1976,1656],[3823,2489],[2394,3464],[958,1061],[944,1839],[1326,623],[811,1392],[4646,5083],[79933,-75568],[6553,-6337],[33207,-31768],[43413,-40101],[1238,-1164]]],"transform":{"scale":[5.510202340405466e-7,4.0483828367661424e-7],"translate":[-70.51894781399994,46.87691307100004]}}