{"type":"Topology","objects":{"18040":{"type":"Polygon","arcs":[[0]]}},"arcs":[[[409438,302510],[90561,-95956],[-84253,-84275],[-108471,-108718],[-8967,-8429],[-4456,-5132],[-85871,83319],[-119014,115229],[-43135,41693],[-45832,44971],[74774,72293],[95061,91743],[52669,50751],[44059,-46475],[91989,-97176],[50886,-53838]]],"transform":{"scale":[4.7388098576191903e-7,3.227323774647206e-7],"translate":[-70.5284091179999,46.779282969000064]}}