{"type":"Topology","objects":{"18050":{"type":"Polygon","arcs":[[0]]}},"arcs":[[[499999,245449],[-95985,-125272],[-91893,-120177],[-96304,129085],[-2791,-1840],[-47059,65765],[-47547,73074],[-35096,42718],[-913,-798],[-1433,-2181],[-7080,-11342],[-22890,-28744],[-2670,-3197],[-3183,-2740],[-826,-1802],[-2047,-2092],[-2012,-928],[-2223,-2823],[-10582,-10481],[-1860,8963],[-14187,-7237],[708,-15938],[-8551,-7972],[-3575,4724],[1446,23002],[4110,61337],[1467,14478],[4982,3862],[960,27],[2491,981],[2953,2225],[1024,1047],[1945,3576],[1598,1824],[4915,4607],[6722,5165],[3632,3188],[3854,4248],[1252,1814],[1483,770],[5290,4652],[1225,1776],[664,1871],[281,2547],[442,739],[2201,861],[1916,2051],[1450,2837],[662,2122],[1737,1502],[411,991],[3584,4603],[2283,2496],[3842,3449],[1723,702],[2608,2144],[1560,2620],[3647,4096],[2506,3519],[7150,7062],[311,4072],[2095,-957],[1148,-40],[2426,1956],[2574,2650],[1957,1070],[1766,1430],[1452,2871],[1208,1269],[2332,1009],[3912,2504],[1458,549],[4008,-287],[2632,583],[5325,2508],[5595,4113],[4141,3200],[3250,2123],[911,1585],[2506,-1600],[2121,-921],[1953,-380],[3682,29],[4231,2622],[3345,1108],[4566,3430],[2284,1334],[2153,1728],[3704,2208],[3828,975],[1095,-114],[1024,1080],[2428,3696],[1584,1060],[2708,1054],[2153,532],[3999,291],[848,350],[4007,-253],[5364,-34],[9731,-2856],[7005,-2749],[1303,-1561],[1713,-281],[2873,551],[5521,295],[2849,331],[4627,-602],[6425,356],[1392,1634],[213,-1808],[-1249,-397],[398,-3510],[129,-5258],[925,-2953],[1653,-3619],[1123,-79],[377,1533],[-1266,2617],[317,226],[1764,-3837],[655,817],[1355,399],[2561,1883],[-176,1193],[2465,4712],[705,2887],[-94,2863],[-1133,4471],[-1368,2395],[-546,2670],[-1375,2758],[-89,2465],[1355,2250],[2571,1158],[1865,268],[6346,2167],[3653,351],[2115,1291],[2871,875],[3288,1467],[1462,365],[2888,1421],[3646,2565],[4091,3302],[5214,4893],[1694,1026],[984,1356],[466,1730],[3975,2029],[2632,651],[5142,679],[3318,1249],[3325,1952],[5035,-6581],[73876,-101728],[15457,-19174],[5875,-7993],[16595,-22844],[1946,-2497],[24961,-34079],[22622,-30209],[15617,-21086],[6231,-8359]]],"transform":{"scale":[4.928185516370884e-7,2.479598939197087e-7],"translate":[-70.67260108999994,46.87767267600009]}}