{"type":"Topology","objects":{"18055":{"type":"Polygon","arcs":[[0]]}},"arcs":[[[466478,212472],[-25595,-23815],[57743,-54500],[1372,-1275],[-139468,-132882],[-1323,1243],[-28752,26066],[-26605,24885],[-195,811],[-99333,94278],[-32328,32295],[-113087,108328],[-796,1010],[1307,356],[2956,2379],[1329,2222],[1226,2776],[-875,684],[-64054,65234],[5994,5492],[7913,6236],[13776,11332],[-4790,5261],[24721,18098],[2543,-2632],[1757,-1010],[1383,1133],[-3391,3753],[7657,11070],[4642,-4461],[11203,7423],[-927,14840],[18588,6738],[2436,-8346],[13866,9760],[2912,2628],[2636,865],[2684,1947],[1080,1677],[4172,2553],[3499,2977],[29990,26762],[9277,10562],[1877,2030],[1197,743],[45984,-39776],[62300,-68039],[61658,-61233],[3658,1713],[126183,-120191]]],"transform":{"scale":[3.761236202472791e-7,2.6630858861713436e-7],"translate":[-70.69423565099993,46.82108941900009]}}