{"type":"Topology","objects":{"18060":{"type":"Polygon","arcs":[[0]]}},"arcs":[[[499999,141606],[-14160,-16662],[-110186,-124944],[-15855,17892],[-15488,17551],[-15590,17437],[-15415,17592],[-15521,17252],[-46454,52157],[-5373,6275],[-2097,-2007],[-5325,-2159],[-2180,-1275],[-6248,-2985],[-3038,-11587],[-2965,-14688],[-5088,-26056],[-2541,-11653],[-6979,-15965],[-3843,-7900],[-6310,-12349],[-5559,-8012],[-6849,-6939],[-9242,-7876],[-9401,10677],[-16288,18215],[-11992,14333],[-22806,27554],[810,678],[-17932,22312],[-2922,2736],[-3478,4907],[-7792,8815],[-2175,2910],[-5944,6950],[-5240,5797],[-7971,9145],[858,1050],[-12932,14931],[-9488,11261],[-1589,1493],[-25367,31836],[-16044,16524],[9840,14667],[-4695,6149],[3420,3288],[11124,-11688],[2088,2148],[-13189,17753],[2557,2597],[933,-1124],[7845,9109],[15977,17883],[-2597,4052],[3317,3467],[-2984,3132],[2254,3979],[-6556,7631],[1010,2065],[2901,-1581],[6988,10110],[3564,-3234],[1657,3835],[-2735,3412],[2640,4521],[-11197,13494],[4706,3115],[-1512,2665],[4734,4728],[2087,-2397],[8290,9970],[12213,-13836],[11828,10354],[14124,13907],[190,4473],[12859,12098],[7691,10212],[-3011,4154],[-3831,4920],[-4344,3226],[1725,13760],[14763,3544],[9295,-7196],[10033,7142],[4738,5023],[-840,5102],[277,2925],[4713,6044],[8163,-687],[5209,2372],[3621,4264],[2217,5950],[-135,4024],[5048,5135],[4481,-4609],[3841,3165],[2118,-2162],[2150,8191],[10659,4429],[1403,-2322],[7198,10753],[-6885,6189],[8231,8880],[62787,-75313],[859,-790],[-1201,-3205],[-1304,-2564],[-2896,-2748],[-1282,-411],[781,-1165],[110853,-125063],[31689,-37285],[97371,-108842],[133,-1007]]],"transform":{"scale":[3.837016614033942e-7,2.3067288534574736e-7],"translate":[-70.77182351899995,46.80230818400008]}}