{"type":"Topology","objects":{"18065":{"type":"Polygon","arcs":[[0]]}},"arcs":[[[484966,337687],[-12437,-19421],[5540,-6620],[-2261,-1997],[-2869,1782],[-4156,4642],[-40385,-31927],[7826,-9280],[-22505,-19991],[-12929,-11003],[-23510,-23254],[11473,-9459],[-11996,-16430],[-2338,3548],[-17763,-6767],[-3584,-12516],[-3528,3303],[-6405,-4835],[-7467,7042],[-8411,-7845],[224,-6151],[-3694,-9091],[-6033,-6515],[-8683,-3624],[-13605,1047],[-7855,-9236],[-460,-4468],[1397,-7796],[-7895,-7676],[-16720,-10913],[-15492,10998],[-24604,-5416],[-2876,-21026],[7241,-4929],[6385,-7519],[5017,-6347],[-12818,-15606],[-21430,-18483],[-316,-6839],[-23538,-21249],[-19714,-15820],[-15836,16556],[-7607,7543],[-12753,13345],[-32824,29753],[-51749,54736],[-16297,19215],[-24726,22518],[3888,-1075],[10239,-3989],[2721,-1902],[395,-5058],[2912,-2792],[-1550,3122],[637,2221],[4283,2307],[9479,2133],[10894,-41],[15557,-2017],[3767,-90],[3855,1045],[2619,2864],[2394,5362],[3263,2043],[8472,9202],[6486,6114],[8857,9804],[2017,1718],[9982,10607],[10584,11872],[2251,4046],[1543,5282],[1885,15783],[-547,12267],[-1067,4506],[544,9251],[1615,9816],[1925,3383],[973,5150],[2850,2868],[2761,1613],[1399,3909],[2725,3342],[9433,7135],[7791,6560],[6586,4148],[8822,6404],[5427,5134],[5635,3291],[5734,4127],[-257,-1378],[-2746,-2389],[-1548,-4984],[2416,-3638],[7477,-5432],[4599,-1622],[5925,436],[6021,3954],[2539,4053],[2882,9426],[-133,3634],[-1016,4863],[-4173,3005],[-2988,1004],[2276,2972],[-4797,5554],[450,307],[5315,-5719],[10242,6794],[4628,2433],[3135,2873],[4198,1170],[3045,1681],[6039,5920],[9036,7183],[2929,1796],[895,-1767],[-4872,-4464],[-590,-1743],[337,-5178],[3110,-4101],[1579,-4495],[1839,-613],[2323,829],[8073,6801],[9246,-8133],[4115,-3066],[8484,-4515],[4312,-1571],[4414,-911],[4782,467],[8973,4794],[6456,5095],[3628,3959],[7781,4528],[7539,7862],[6062,4907],[4687,2371],[3991,2953],[1384,2057],[3475,3001],[3950,2235],[3692,3601],[3891,2233],[2595,4172],[6242,4493],[4526,1951],[2837,3521],[3774,2411],[5230,9358],[5984,5977],[4715,1000],[2359,1901],[723,3654],[1341,1460],[7311,5232],[5531,3046],[1490,2477],[4065,2238],[3067,3525],[4519,2248],[1683,1468],[7281,3979],[1059,1215],[3910,1459],[3437,2223],[4192,4267],[3043,4778],[5571,1137],[4171,2598],[5029,5298],[4077,1582],[3036,2272],[2061,2550],[16054,10346],[-3138,-23781],[-8797,-100750],[-3098,-37781]]],"transform":{"scale":[2.3022953245910775e-7,1.5095974191942105e-7],"translate":[-70.78425474499994,46.882291655000074]}}