{"type":"Topology","objects":{"181":{"type":"Polygon","arcs":[[0]]}},"arcs":[[[239307,465953],[25539,-17827],[40699,-30245],[1910,-3924],[-567,-17591],[-1476,-6041],[-10893,-17944],[-4545,-13125],[39943,-29230],[71830,-53158],[25782,-20222],[2707,-590],[21952,-16167],[8860,-8049],[32107,-34050],[-585,-1994],[7428,-5405],[-3917,-3602],[-5668,-11455],[-3874,2918],[-10978,-28959],[-12973,-28760],[-12555,-24036],[-19881,-34012],[-58959,42692],[-30486,-36134],[-36541,-42641],[-26597,-26402],[-6868,12835],[-13149,16237],[8759,3842],[-46475,22429],[-65054,31942],[-33633,15840],[-8530,-14711],[-51405,32808],[3045,9326],[-20849,3643],[1155,8664],[-8196,-4058],[-10951,-1080],[-13561,4245],[-11857,5889],[25751,-1649],[11955,24779],[11789,16346],[14750,18957],[12276,20764],[22470,24428],[32388,20298],[6479,7834],[-15948,11835],[44965,65819],[-29567,28185],[7398,12145],[-9266,6359],[-6551,-97],[-18526,10517],[-2448,3810],[1328,15625],[-1754,5113],[-6180,2594],[-15031,-1424],[11223,17265],[10876,6548],[13605,325],[40766,-1794],[7005,3911],[20500,33655],[49054,-34046]]],"transform":{"scale":[9.220858943514945e-8,6.087406256923589e-8],"translate":[-73.60685198407364,45.486322686584856]}}