{"type":"Topology","objects":{"182":{"type":"Polygon","arcs":[[0]]}},"arcs":[[[238645,446206],[5632,4022],[40860,41917],[58698,-26565],[54378,-23900],[15496,-6394],[-22527,-40642],[-6136,-33960],[-34096,-49829],[21670,363],[11834,19754],[4702,16690],[12743,-7962],[-9649,-42442],[-48184,-1554],[-13453,-18340],[56632,-1455],[-3890,-14058],[-64443,-2741],[-8869,-17139],[67699,3960],[-5005,-14046],[-69197,-5389],[-4520,-16238],[69883,2671],[-5786,-15555],[-64893,-3233],[7725,-31576],[40258,-2501],[-8100,-109704],[16649,-338],[16361,114141],[24591,-1441],[-8261,-66883],[13873,-420],[9680,71150],[18717,105046],[5772,8114],[8623,-3386],[953,-88790],[2112,-52531],[20238,-88525],[32584,-42067],[-13989,-4430],[-18884,5663],[-121948,22510],[-15808,4561],[-24666,12240],[-12976,12525],[-6635,10634],[-11659,25018],[-7663,9256],[-12519,7692],[-50658,19027],[-28322,13095],[781,1699],[-42829,28997],[-11817,6855],[-29281,13767],[-3611,501],[-34390,17223],[-53125,25099],[7538,8092],[24290,39368],[6702,13761],[23188,51591],[52409,112318],[1113,20883],[3981,17624],[39897,-17651],[79527,-36142]]],"transform":{"scale":[6.912913549886785e-8,7.148288217967005e-8],"translate":[-73.57348000188334,45.48807515648766]}}