{"type":"Topology","objects":{"183":{"type":"MultiPolygon","arcs":[[[0]],[[1]],[[2]]]}},"arcs":[[[409889,316757],[24175,-80481],[44680,-150866],[21255,-71476],[-6332,-1291],[4901,-12643],[-16812,6299],[-30288,8854],[-28652,18695],[-24342,19443],[-14943,17811],[-7131,36426],[3392,29750],[18522,41213],[-4639,52593],[-6534,65407],[5265,5166],[7663,-4239],[8626,995],[-7792,37747],[2696,2153],[6290,-21556]],[[355888,399472],[1559,-22432],[-4295,-1871],[-30593,2484],[-6487,-10278],[3197,-5377],[14760,-3623],[5049,-14116],[8078,-3488],[14612,-9218],[4572,-28497],[-744,-18764],[11667,-34069],[2257,-18860],[2238,-9844],[-854,-9846],[-21115,-65067],[-6330,-14698],[-6008,-6981],[-19480,-1355],[-7217,5132],[-20114,33373],[-10348,35353],[-3024,12321],[3250,41022],[-10262,33442],[-6091,33598],[9602,23322],[20113,27303],[19430,27326],[12051,10296],[14674,-1598],[5853,-4990]],[[233364,328657],[-14532,-48489],[7251,-1216],[-5469,-10528],[-11610,5109],[-40736,19103],[-43973,21230],[-33759,-37236],[-60648,29406],[-29888,14107],[11870,39498],[27593,88107],[2780,7749],[22890,44502],[36213,-4076],[61445,-6289],[8101,-1445],[13163,-5475],[9798,-7670],[36698,-46972],[10475,-25661],[1499,-8049],[11604,-5832],[-7338,-14088],[3045,-1007],[-7618,-14388],[2774,-806],[-7336,-14489],[3044,-906],[-7336,-14189]]],"transform":{"scale":[9.227752709909104e-8,8.94406757476398e-8],"translate":[-73.5652383566418,45.49518262064169]}}