{"type":"Topology","objects":{"19005":{"type":"Polygon","arcs":[[0]]}},"arcs":[[[499040,246296],[959,-999],[-15229,-13254],[-78961,-74879],[-2280,-2418],[-107977,-102186],[-55448,-52560],[-12331,12215],[-16654,16663],[-11576,10417],[-66000,65560],[16957,18341],[-21270,20071],[65204,61186],[525,363],[12930,12040],[-50562,47139],[-50623,45451],[-75507,-71846],[-31197,30664],[6264,5878],[6067,5981],[12196,11748],[18550,17541],[6558,6364],[-1992,11137],[11880,-773],[-20013,85953],[40109,-37274],[7978,8650],[-6904,6165],[3458,3693],[5649,-5004],[4007,3950],[1391,-1207],[7891,7131],[15795,-15746],[6658,6498],[3086,2663],[1444,1472],[45649,44145],[63114,61501],[1568,1268],[54137,-53477],[71333,-70126],[123100,-121262],[10067,-8837]]],"transform":{"scale":[4.668408776817129e-7,3.313887887775565e-7],"translate":[-70.55729649099993,46.575869855000064]}}