{"type":"Topology","objects":{"19015":{"type":"Polygon","arcs":[[0]]}},"arcs":[[[342903,413112],[157096,-174290],[-7923,-8272],[-100043,-101391],[-2124,-2564],[-15446,-15846],[-13590,-14650],[-21159,-21461],[-13740,-14402],[-1310,-1135],[-36156,-36897],[-30661,32702],[-26156,-27312],[-27046,-27594],[-114361,130232],[-90284,104815],[161533,158981],[102945,105971],[78425,-86887]]],"transform":{"scale":[2.638924317847688e-7,1.7855340110674274e-7],"translate":[-70.7125154479999,46.50760848800007]}}