{"type":"Topology","objects":{"19010":{"type":"Polygon","arcs":[[0]]}},"arcs":[[[400039,235500],[-156700,-149556],[-89880,-85944],[-119397,121406],[2971,2408],[3887,4392],[6551,6376],[1428,1783],[23866,21293],[-15962,15939],[57298,60218],[-2808,1938],[-2191,2170],[-3893,4350],[-1525,990],[-6056,5185],[-3149,2960],[-6014,5012],[-1731,1724],[-13153,11476],[-2037,2031],[-42725,37100],[-3451,2883],[-12389,10715],[-6834,6083],[-4173,3255],[-1972,2466],[175399,106213],[31986,18472],[7241,-6796],[5861,-5283],[41945,-39643],[101523,92882],[68062,-58758],[67982,-60941],[-17384,-15567],[-706,-468],[-87668,-79102],[28599,-25948],[-22801,-23714]]],"transform":{"scale":[3.4721592043184384e-7,2.563316586632969e-7],"translate":[-70.63385315499994,46.550251151000055]}}