{"type":"Topology","objects":{"19025":{"type":"Polygon","arcs":[[0]]}},"arcs":[[[468842,419963],[-116743,-106446],[65249,-70180],[82651,-87198],[-5210,-4930],[-9281,-9209],[-1935,1209],[-2628,2601],[-2366,3127],[-2347,1317],[-2459,-195],[-5097,-1828],[-3262,-840],[-5347,-35],[-3780,1688],[-2770,907],[-1514,-504],[-2108,-2500],[-3723,-2811],[-2205,-4726],[-1905,-2407],[-2670,-1801],[-3586,-2028],[-1668,-1830],[-3160,-1657],[-1641,150],[-3407,-1335],[-2089,-524],[-1240,198],[-9425,2858],[-5564,-604],[-3036,-24],[-4594,-1189],[-2214,-2023],[18179,-22839],[7122,3999],[31371,-29926],[-90153,-78428],[-98361,104769],[-27957,-25447],[-20006,18785],[-8081,9207],[-9861,-9201],[-573,-693],[-98398,107483],[-6272,6882],[-8835,9462],[-11329,12709],[-15225,-13534],[-40395,51504],[-5351,7005],[-13643,17320],[55862,31150],[-2200,3612],[-1251,990],[-3642,5701],[-1727,3963],[-2246,2372],[-1328,959],[-5361,2855],[-2060,1748],[31334,18046],[2001,1427],[2163,689],[3799,2512],[9058,5192],[3552,1622],[4396,-3221],[14811,-11899],[5029,-7836],[7193,-3179],[26811,14827],[-5403,7171],[52899,29471],[3985,-4044],[9430,-9163],[29015,27747],[7566,5980],[3522,5107],[4869,4875],[-889,895],[31656,29418],[37036,34760],[20301,-20956],[15288,-16656],[1524,-1014],[8727,-9272],[4801,-5369],[1567,-1284],[3405,-3574],[10209,9924],[18727,17695],[3109,3169],[6140,5748],[2626,-2904],[2957,-2708],[5680,-6096],[8350,-8774],[3083,-3550],[2525,-2580],[26994,-28819],[2949,-3015]]],"transform":{"scale":[3.6514580029164014e-7,2.6667446534893405e-7],"translate":[-70.84108336999992,46.465970206000065]}}