{"type":"Topology","objects":{"19030":{"type":"Polygon","arcs":[[0]]}},"arcs":[[[499999,410102],[-30564,-21598],[-167594,-124195],[1885,-2884],[3988,-3805],[6529,-7112],[11838,-12529],[3298,-3372],[40822,-43381],[7266,-8287],[5160,-5217],[3743,-4305],[5748,-5860],[3008,-3461],[5785,-6065],[1459,-1157],[3721,-5088],[2092,-2536],[2683,-2266],[-54750,-70413],[15253,-18637],[-22805,-24899],[-1363,-2083],[-6260,-7455],[-3715,-5137],[-2836,-2817],[-56954,70768],[-74757,-86311],[-2963,3666],[-27125,35059],[-2537,3139],[-3098,4317],[-8390,10675],[-5707,7415],[-2973,3292],[-2639,3535],[-6169,-6993],[-3124,-3853],[-18779,-21482],[-10296,-12118],[-3424,4348],[-1574,1562],[-4791,6493],[-3643,4548],[-5158,6770],[-1532,1233],[-15363,20262],[-20400,25492],[-19378,26128],[-33616,44328],[4847,500],[33433,3924],[6444,706],[-14113,21648],[29275,8101],[44824,12569],[-24220,29690],[-16404,20414],[21231,4496],[-11785,14626],[1856,3908],[-28385,34505],[30500,4780],[3018,3163],[40039,44264],[30248,33284],[3850,5074],[24874,-29035],[20566,-23486],[10150,10891],[3522,4109],[1946,1731],[5281,6244],[3385,3653],[3232,4141],[3919,4117],[8213,9107],[7746,9177],[55646,61795],[5513,4944],[45585,-52310],[67430,71453],[78333,-89897]]],"transform":{"scale":[3.633859767719183e-7,2.1921822043642785e-7],"translate":[-70.74353831899992,46.57796379000007]}}