{"type":"Topology","objects":{"19037":{"type":"Polygon","arcs":[[0]]}},"arcs":[[[295251,459170],[57922,-46548],[95365,-76741],[-4391,-3595],[55852,-44424],[-2452,-1517],[-2969,-1310],[-1817,-1686],[606,-1429],[-3098,-1217],[-1932,-1000],[-474,-1366],[-2116,-1042],[-2832,-905],[-167,-1511],[-1415,-175],[-1107,621],[199,728],[-1711,-1102],[152,-923],[1648,-446],[-1367,-1278],[-1813,-240],[-1876,-709],[-1976,-151],[-4044,-1236],[-3038,-122],[-4180,-764],[-3465,-179],[-2153,-490],[-1813,-2397],[-2312,-389],[-289,1226],[877,969],[-368,1277],[-2167,-1404],[-1938,-2849],[-2215,-81],[-1272,646],[-4245,-1554],[-1198,-1574],[-3535,-1383],[-3842,-4747],[-3706,-4021],[2688,-389],[1594,-599],[2913,-330],[2683,-1918],[1663,-3461],[2936,-1625],[1150,-140],[6246,-2383],[-758,-2036],[-124,-2051],[-1355,-1862],[-1989,-1269],[987,-971],[15651,-11857],[-9407,-8826],[2599,-1773],[450,-1741],[-1131,-1855],[164,-1485],[2373,-1552],[1449,-2859],[21,-1881],[606,-1057],[3951,-928],[2078,352],[4447,-215],[1735,1052],[2366,-577],[1997,-3227],[1672,-922],[4548,-235],[2600,-1482],[803,-2827],[-254,-4248],[-527,-5315],[718,-1209],[-514,-4135],[-1923,-1080],[-588,-1813],[2044,-1185],[985,-1723],[-737,-2789],[784,-2202],[1011,-875],[2659,-1027],[2198,-2158],[-45778,-37943],[-1643,-1432],[-3507,-2593],[-7562,-6324],[-17943,15327],[-8963,-6942],[-1579,1174],[-4552,-3845],[-6418,4872],[-3929,-3595],[7843,-6002],[-9064,-8418],[-45565,36283],[22736,-83670],[-13494,752],[2262,-10838],[-7450,-6195],[-21073,-17076],[-13854,-11436],[-6892,-5823],[-7118,-5720],[-4951,3978],[-75384,63002],[-59625,-46010],[-40310,33684],[3987,3896],[10527,8456],[7706,5806],[-41190,32180],[-9513,-7821],[-14971,12768],[-26988,21665],[2180,3473],[-41161,32858],[46204,37969],[-55009,45341],[59181,47127],[99922,79451],[-31946,26130],[102940,84708],[13277,11338],[24351,-19465],[26314,-20390],[1212,-974]]],"transform":{"scale":[4.109524379047676e-7,3.4043958487910847e-7],"translate":[-70.6799655869999,46.664769652000075]}}