{"type":"Topology","objects":{"19045":{"type":"Polygon","arcs":[[0]]}},"arcs":[[[338592,466205],[63217,-77201],[-53098,-64649],[47304,-55951],[-2504,-5912],[31015,-36887],[17204,-21740],[10933,13314],[47336,-54792],[-8856,-9887],[-12097,-14399],[-4582,-6630],[-5600,-5422],[-56549,-67753],[-7871,-10062],[-8347,-9984],[-3981,-4513],[-3286,-4542],[-3440,-4004],[-5366,-6847],[-1978,-1898],[-3579,-4504],[-10315,-11942],[-20898,25751],[-25278,31834],[-3913,-5563],[-37967,46417],[-8628,11106],[-45393,57093],[-14934,-12554],[-23193,-19887],[-25588,-24859],[-42392,47514],[-16174,-21223],[-37583,48610],[-8708,11966],[-38111,46763],[-15392,21656],[87108,97028],[58590,66149],[28804,35054],[26189,34831],[17915,-23432],[32415,-39216],[61197,64961],[26374,-33794]]],"transform":{"scale":[3.5758852117698345e-7,1.999410478820337e-7],"translate":[-70.80104222399989,46.65708988400007]}}