{"type":"Topology","objects":{"19055":{"type":"Polygon","arcs":[[0]]}},"arcs":[[[383317,472887],[13850,-18789],[10763,-14472],[104,-2812],[-1837,-3863],[68609,-89945],[25193,-32200],[-4192,-5897],[-3034,-6179],[-6516,-7232],[-24981,-33564],[-8120,11081],[-3431,4895],[-45550,-35651],[4653,-8674],[-23085,-17937],[-6194,3845],[-4329,9481],[-12755,14392],[-3784,3897],[-3059,-1964],[-7799,-6278],[-3270,-3039],[-1864,-834],[-1723,-1725],[-26981,-21831],[1775,-2116],[4617,-3451],[1144,-1161],[1932,-2868],[1487,-4795],[3137,-6897],[1076,-1197],[1894,-4370],[-48098,-37680],[11564,-20627],[4790,-8799],[34783,-62303],[-20426,-25515],[-972,-642],[-2275,-3625],[-17221,-21546],[-65205,123365],[-28720,-22863],[-53810,97302],[-3670,8011],[-9222,19602],[-8986,-8331],[-3567,7221],[1282,1190],[-2993,5818],[-1326,-1053],[-5281,10160],[-16268,30925],[-8694,16616],[-35008,1920],[-3926,5848],[-9997,9400],[-339,583],[-4388,2632],[-1610,2110],[-2171,2089],[-1537,7137],[-1023,1928],[-1371,4120],[-1096,4373],[-1306,2284],[-6683,7842],[-2859,3724],[-1745,2718],[-3661,4901],[-5606,8306],[-2406,5178],[14503,9436],[18459,12983],[22056,17330],[40005,31534],[20495,16537],[1736,2267],[6777,6183],[2982,1511],[3886,-1953],[2871,-2829],[3955,-5037],[3279,-2631],[5185,-826],[6615,530],[6806,156],[2820,-228],[5352,1484],[6235,-1780],[3082,-3116],[3102,-6658],[779,-2976],[3768,3156],[4021,2754],[5669,766],[13271,-2971],[2858,-773],[8465,163],[15247,9964],[124,2711],[-2296,4480],[245,1225],[7836,6363],[30840,25544],[11784,9643],[2557,-3054],[20449,-27863],[12333,-16685],[3872,-4860],[19263,-25969],[42031,51320]]],"transform":{"scale":[4.2407248214499326e-7,2.2045166890335376e-7],"translate":[-70.96107407399995,46.51343587000007]}}