{"type":"Topology","objects":{"19050":{"type":"Polygon","arcs":[[0]]}},"arcs":[[[499998,373713],[-33635,-31962],[-44521,-42508],[-3356,-3038],[-33915,-4590],[31563,-33137],[-2064,-3751],[13104,-14046],[-23608,-4317],[18242,-19605],[26929,-28511],[-49840,-12072],[-32553,-7778],[15693,-20790],[-7165,-678],[-37177,-3769],[-5389,-478],[37379,-42570],[21549,-25090],[-41382,-40609],[-35402,-34414],[-31664,30101],[-89031,86860],[2383,3732],[-135,2715],[-13967,13976],[-17973,18143],[-64056,64227],[-24962,26365],[-30274,30669],[2148,1473],[5153,4837],[-52072,53134],[3585,12869],[1438,15273],[-2416,5594],[5836,4235],[3229,4402],[1561,4487],[1326,1986],[11796,8098],[3759,5205],[2836,5880],[3137,2671],[5380,3518],[5004,6686],[-2331,3894],[-3370,4169],[541,476],[17229,18114],[-4667,7782],[2621,6674],[-1737,3205],[10225,7883],[5756,1833],[9573,929],[18043,3201],[12923,378],[15407,1569],[22251,3307],[16453,4474],[9367,3456],[10700,2604],[7948,1728],[21485,7186],[9529,-10479],[41123,-42577],[17698,18588],[46385,-41615],[28001,21775],[25379,17418],[16339,10995],[49671,-50007],[9441,-9727],[41544,-40656]]],"transform":{"scale":[3.26798775597565e-7,2.2827687655366812e-7],"translate":[-70.85213545699992,46.582181019000075]}}