{"type":"Topology","objects":{"19068":{"type":"Polygon","arcs":[[0]]}},"arcs":[[[352294,489128],[7316,-8952],[20524,-25562],[20727,-26059],[22275,-28803],[1621,1311],[1040,-379],[7486,-9164],[23231,-27772],[13363,-15449],[12457,-14561],[17665,-24756],[-7910,-3673],[3835,-4929],[-11958,-12822],[2255,-4485],[-20045,-17817],[1518,-3295],[-10631,-9658],[-5096,4885],[-6686,-12112],[-2284,-360],[-5329,-2782],[-2906,-2484],[-4349,-6564],[-19754,-17608],[-11088,-10047],[-26682,-26273],[-4336,-4617],[1299,-4741],[-1421,-4555],[-1966,-2852],[-3443,4423],[-22526,-25446],[-4576,4263],[-5683,-14128],[-3133,-5183],[-7902,-10744],[-25224,-27967],[-22587,-27235],[-2327,-3268],[-3914,-3482],[-1650,-2606],[-2150,-5460],[-4022,-6636],[-9971,-11405],[-8797,-10945],[-8334,-9372],[-4782,-5967],[-1942,-1035],[-24428,8586],[-8340,13300],[-7921,-2361],[-13209,15314],[-1356,8911],[-15381,15206],[691,4716],[11898,18850],[-22585,21960],[-1060,-1017],[-18186,-21657],[-22598,-29001],[-22556,-27243],[-9073,10536],[-30469,36450],[-3675,5487],[-16486,19321],[-2118,1665],[-16650,20140],[7360,10111],[31039,35375],[20835,24695],[-41,5034],[-1137,45801],[-22809,-791],[8160,20371],[784,21842],[-9603,10112],[823,7500],[9951,720],[1072,38765],[396,9304],[-15471,-16231],[-4832,6167],[-215,4754],[-2017,3273],[20470,23468],[8031,9286],[13654,15475],[3051,-5851],[9885,11211],[7033,7812],[27367,30713],[4007,-4458],[5337,-1210],[4026,-10602],[736,-3443],[5887,-373],[29015,33307],[42102,48475],[5277,-5048],[1479,124],[3671,2419],[2433,-252],[1634,-641],[2751,-200],[2123,1667],[2435,273],[5719,1882],[3516,-6638],[6250,-696],[2939,-8602],[4026,-4646],[19686,-19948],[2687,744],[4571,49],[760,-2577],[1581,-2374],[18875,22844],[1332,-1662],[5594,-90],[17484,-855],[14841,7063],[5703,3504],[5925,2058],[4106,955]]],"transform":{"scale":[4.059006718013204e-7,2.4173105946212795e-7],"translate":[-71.15104598799991,46.62386376100005]}}