{"type":"Topology","objects":{"19062":{"type":"Polygon","arcs":[[0]]}},"arcs":[[[445097,411840],[35520,-39497],[19382,-21108],[-43921,-42169],[-41132,-41230],[-19696,-20254],[5086,-2681],[11760,-2378],[6964,-2278],[3389,-3475],[5347,-4714],[3774,-1028],[9825,-2010],[2531,-2791],[6538,-14621],[5501,-4554],[5723,-3560],[5383,-8068],[-262,-6476],[-5087,-6469],[-6343,-5913],[49,-5834],[6686,-6435],[7939,-3060],[6938,-1086],[7585,-5089],[12781,-13251],[-25232,-16122],[-57087,-35599],[-31473,-19565],[-26340,-14656],[-20696,-10653],[-29648,-16806],[-31281,-17651],[-10835,-6527],[-3826,5600],[-2032,2342],[-3778,-1805],[-11095,-6238],[-3475,-1613],[-4499,-1086],[-7953,2000],[-4328,-898],[-5717,-2534],[873,8331],[-77696,4717],[874,11991],[-77486,7142],[1277,13582],[512,9508],[1931,22468],[899,12403],[678,2830],[3910,7111],[894,2973],[225,3371],[-1203,10676],[-17234,6199],[-15714,5417],[-38381,14431],[2402,7773],[17047,-5832],[4020,7198],[1079,6116],[2829,5257],[3426,3273],[8305,16250],[-8906,1043],[-3571,1507],[-5429,14033],[-23623,-6282],[2551,5103],[2653,1281],[6530,7387],[11385,11601],[12015,13548],[13618,14119],[5493,8213],[2937,6759],[2252,3226],[5347,4310],[3178,4045],[30852,33715],[34449,34618],[10794,13300],[4279,6415],[7761,17487],[6250,-5275],[30768,31498],[4702,-5476],[2686,3533],[1941,5637],[-1774,5868],[5922,5715],[36443,32524],[15143,12437],[26981,21797],[5942,8125],[3967,3073],[4663,1930],[7563,-10712],[4640,9028],[9155,-10392],[26394,-29574],[16419,-17443],[9343,8459],[53088,-57165],[18767,19640]]],"transform":{"scale":[2.971816683632595e-7,1.952809965619619e-7],"translate":[-71.0610843039999,46.58508311500009]}}