{"type":"Topology","objects":{"19070":{"type":"Polygon","arcs":[[0]]}},"arcs":[[[331646,403142],[-1493,-2868],[-1759,-6482],[-3636,-6356],[-6571,-6119],[2719,-8077],[-1620,-22063],[-4036,-18587],[58639,-76747],[-5804,-6986],[-2418,-2127],[34089,-44297],[28112,-38082],[72130,-92767],[-61419,-71584],[-28145,36222],[-5660,6781],[-18023,23273],[-29880,38867],[-3737,4259],[-17220,-13452],[-45065,-35630],[-11452,-8876],[-358,-1710],[3356,-6247],[-181,-3782],[-22281,-13899],[-12368,-229],[-4179,1081],[-19390,4145],[-8284,-1070],[-5879,-3841],[-5503,-4403],[-1139,4153],[-4535,9285],[-4504,4346],[-9111,2483],[-7818,-2070],[-4120,320],[-9947,-219],[-9666,-740],[-7578,1152],[-4792,3671],[-5780,7027],[-4193,3944],[-5680,2723],[-4355,-2106],[-9904,-8625],[-2538,-3162],[-4109,-3145],[-13089,16374],[-7767,6288],[-7105,1342],[-8130,3780],[-6847,7951],[-50,7208],[6496,7306],[5208,7996],[269,8001],[-5513,9969],[-5860,4397],[-5633,5628],[-6695,18066],[-2592,3448],[-10062,2485],[-3865,1270],[-5475,5825],[-3470,4294],[-7131,2813],[-12043,2938],[-5207,3313],[20170,25026],[42119,50945],[44976,52105],[-19847,26081],[-36374,48802],[-2218,2626],[22711,25303],[5957,7490],[22628,26431],[-14033,19374],[2891,4075],[19578,23315],[13698,17207],[31631,-42870],[26136,-35338],[19382,24518],[8088,9603],[3994,-5251],[7693,-11379],[18119,-25503],[6512,29322],[-2052,5296],[8106,10229],[191,10543],[-7234,10392],[17955,14778],[12331,-16380],[35231,-44428],[23307,-30388]]],"transform":{"scale":[2.9020636441275137e-7,1.580441980884116e-7],"translate":[-70.94362288199994,46.60637111200003]}}