{"type":"Topology","objects":{"19075":{"type":"Polygon","arcs":[[0]]}},"arcs":[[[499999,292469],[-77057,-83775],[13616,-18699],[33712,-40378],[-17368,-7084],[-6426,-1703],[-8651,-2567],[-7573,-3407],[-13301,-4411],[-17987,-3259],[-12457,-1549],[-10447,-370],[-14586,-3155],[-7739,-918],[-4654,-1807],[-8266,-7770],[1404,-3159],[-2118,-6581],[3772,-7670],[-13929,-17856],[-438,-469],[2725,-4111],[1886,-3838],[-4046,-6592],[-4349,-3469],[-2536,-2631],[-2294,-5797],[-3038,-5132],[-9536,-7982],[-16732,20739],[-25294,30323],[-8850,11178],[-12890,-10085],[5192,-7091],[-137,-7197],[-5819,-6982],[1472,-3614],[-4675,-20012],[-13007,17405],[-5523,7766],[-2867,3585],[-5808,-6555],[-13915,-16734],[-18763,24119],[-22707,29260],[-9834,-11745],[-14055,-15913],[-2076,-2781],[10075,-13222],[-16245,-18040],[-4277,-5112],[-16305,-17268],[1593,-1794],[-13797,-16560],[-39028,48206],[-6869,-7134],[-12071,14711],[-19403,24938],[-6732,8765],[-3410,-7614],[-5561,9036],[1925,1276],[2292,375],[6713,12643],[5117,-5099],[10674,10083],[-1522,3440],[20128,18597],[-2266,4683],[12008,13384],[-3853,5147],[7978,3865],[5761,-6681],[48420,52621],[20894,-26039],[4878,23725],[5876,4162],[-1707,3893],[1791,1894],[673,2916],[-5152,6621],[3913,4403],[1407,549],[2222,3408],[1431,4482],[4514,3217],[4037,1537],[4565,3948],[221,5168],[3192,3358],[3463,3076],[1592,1821],[1590,3191],[-389,3873],[820,3876],[1999,3038],[4647,4279],[1255,5709],[7095,8645],[-353,5258],[-476,3531],[1799,3708],[559,9107],[2369,6362],[11933,19108],[9848,14856],[3909,8775],[2085,4218],[1933,2193],[4843,3986],[2904,3776],[6683,7654],[858,762],[2264,3485],[1779,3354],[3073,6694],[2031,5384],[3955,4814],[7960,10216],[3754,5120],[3918,6640],[5658,10460],[743,1730],[-750,3478],[-70,5205],[772,1888],[8975,8221],[15369,14270],[2093,3984],[2784,3421],[8957,5888],[4281,3192],[1766,827],[2653,1823],[2029,2310],[1847,4309],[23382,-26738],[24339,-28647],[18060,-21708],[20311,-23929],[18719,-18817],[14030,-17876],[38513,-48499],[19708,-21316]]],"transform":{"scale":[4.0423639647279884e-7,2.3156688313380185e-7],"translate":[-70.97201081499992,46.661672588000044]}}