{"type":"Topology","objects":{"19082":{"type":"Polygon","arcs":[[0]]}},"arcs":[[[189409,499815],[430,-225],[8021,-11411],[10936,-15129],[-725,-1064],[6740,-9266],[4430,-5874],[5027,-7042],[1839,-2949],[6588,-8933],[2941,-4970],[2472,-2772],[15161,-22609],[-684,-686],[19285,-27921],[10138,-14524],[13774,-18456],[7948,-10819],[7817,7982],[5791,7029],[4700,8120],[5336,12513],[3250,8003],[5901,16178],[2148,11809],[4302,26400],[2508,14884],[2568,11741],[5284,3024],[1843,1291],[4503,2187],[1774,2034],[4542,-6358],[39281,-52849],[13123,-17482],[13035,-17825],[13184,-17667],[13097,-17784],[13406,-18130],[-56,-76],[28932,-39074],[-50143,-65811],[-93947,-123477],[-20783,29679],[-48225,-57054],[-25545,34442],[-14117,20581],[-20638,-30591],[-22697,-30787],[-46172,-58097],[-17556,21681],[-34310,49333],[-12498,18184],[-16673,19141],[-18094,24340],[-16091,22082],[-21679,29140],[-20831,27196],[599,1106],[2456,1621],[1195,2608],[499,4600],[1169,2529],[1993,1684],[1546,2421],[1635,4086],[2130,1964],[2818,683],[3977,2183],[2163,1769],[1668,2110],[1083,2564],[1928,3699],[1808,2349],[2045,3741],[1213,3399],[1754,3773],[1660,2621],[2315,4739],[714,577],[1278,2965],[1733,1676],[1351,1979],[3721,7037],[2617,2375],[1103,1459],[1319,3955],[1394,2970],[1330,1544],[2483,1700],[925,1768],[3264,3306],[1779,2387],[2903,5261],[-13091,18333],[-3218,4129],[-11842,16978],[-6974,9266],[-6676,8681],[-2368,3285],[-12200,15856],[-1483,1362],[9566,13074],[20530,22665],[1508,2641],[2618,2336],[-2092,684],[-1779,-2428],[-1421,-1310],[-1444,-85],[-1147,1149],[-933,2263],[110,2060],[661,3500],[-514,1405],[354,4677],[1616,3490],[1183,1778],[361,2580],[1862,968],[-308,1137],[871,1491],[1155,36],[173,1746],[1278,1305],[4239,5669],[4673,5564],[584,1322],[1475,1668],[2620,3996],[4756,4144],[2639,2969],[2028,1408],[1935,3540],[1413,1862],[654,170],[3437,2829],[1440,-2310],[41900,-58105],[11603,-16286],[2469,4037],[1336,1228],[1830,4681],[2604,5022],[2302,2324],[3601,-1073],[1413,123],[563,926],[1428,4471],[1535,1630],[1924,730],[2280,149],[1695,528],[2949,-68],[1567,-386],[916,503],[1076,3076],[370,3886],[1079,1100],[1433,-982],[3038,-264],[447,2702],[-1137,4116],[221,2339],[1581,4081],[2356,2564],[1043,1574],[2645,2689],[248,2499],[-850,2463],[465,1518],[2525,1184],[1729,2068],[926,3429],[2311,3550],[6,5021],[231,1667],[1419,3363],[2610,3046],[1745,2899],[3666,3788],[494,-183]]],"transform":{"scale":[4.5377370154737715e-7,2.2765251130503346e-7],"translate":[-70.84146792799993,46.72939894600006]}}