{"type":"Topology","objects":{"19097":{"type":"Polygon","arcs":[[0]]}},"arcs":[[[445216,394425],[-2904,-2038],[7166,-7691],[-3586,-3463],[4469,-4605],[-3436,-3647],[3357,-4524],[-11801,-9656],[5913,-6197],[-16566,-17958],[-6517,5736],[-1325,-1165],[968,-2377],[-2512,-1779],[-2844,2958],[-4646,-4494],[4936,-4252],[-4967,-4928],[1272,-2587],[-4340,-2649],[-1486,1953],[-3848,-3693],[3369,-3750],[-10614,-9540],[9407,-9208],[-4411,-3684],[8914,-8737],[11675,-9533],[37677,-33749],[1668,6634],[1210,8465],[8516,8869],[9002,8715],[16474,-14239],[4593,-3744],[-1659,-2089],[85,-4410],[890,-2945],[-884,-1466],[-6727,-8859],[-4658,-5625],[-4462,-4337],[-9466,-8653],[-4701,-4078],[-2414,-4560],[-3656,-5670],[-2114,-2842],[-2692,-2951],[-1022,-647],[-7943,-6482],[-3453,-3198],[-5760,-3377],[-2296,-1858],[-2481,-3572],[-4648,-7434],[-11708,-12583],[-14188,-16186],[-2818,-5389],[-665,-7715],[-2138,-3139],[565,-2991],[421,-4454],[-8436,-7322],[-1494,-4836],[-5524,-3624],[-2376,-2574],[-973,-3283],[460,-3281],[-1890,-2702],[-1894,-1543],[-4116,-2606],[-3796,-2845],[-262,-4378],[-5429,-3343],[-4798,-1301],[-5367,-2726],[-1704,-3797],[-2640,-2885],[-1674,-465],[-4653,-3731],[6127,-5608],[-802,-2470],[-2129,-1605],[2030,-3298],[-6987,-3523],[-5797,-20097],[-24843,22055],[-57572,-44570],[-6890,5631],[-21088,21890],[-14872,12875],[-15954,13659],[-27737,24558],[-8935,8102],[-1242,337],[-1934,-1160],[-26595,25469],[-24746,23041],[-24501,22604],[-22263,20169],[-10633,9030],[-16558,15397],[-28920,25327],[13840,12341],[14345,11345],[6292,4880],[9456,-7839],[16143,13003],[9722,5537],[14670,12140],[10557,7273],[16183,16991],[11135,-11535],[868,-300],[13872,14572],[17156,17758],[3535,-625],[5904,1515],[5635,3692],[3854,3729],[1676,4320],[14,5250],[-3289,3141],[-3160,1567],[1876,4464],[5492,6889],[5190,7785],[3294,4576],[4020,3195],[11410,6056],[6599,3251],[7439,2037],[10158,1972],[18720,2426],[7249,-575],[3240,-2076],[5608,3135],[3408,4260],[543,3965],[-1035,4750],[845,2825],[4392,-3221],[11982,9482],[-9841,9014],[4446,2828],[3038,-2584],[4824,4012],[10324,10896],[7129,8229],[-3619,4451],[5422,4080],[6288,-7009],[1993,1198],[7597,9750],[276,11927],[903,6044],[849,3068],[4180,4764],[-4499,4144],[812,8414],[1980,5893],[15421,-13070],[16572,-13974],[18141,-15727],[9343,-7972],[15323,-12069],[20297,-17319],[23262,-20238],[5917,-5205]]],"transform":{"scale":[3.3998632197263174e-7,2.733823227647103e-7],"translate":[-71.03172553299993,46.69701483100005]}}