{"type":"Topology","objects":{"19090":{"type":"Polygon","arcs":[[0]]}},"arcs":[[[499999,401676],[-8790,-3308],[-1672,-198],[-3615,-2179],[-4948,-4140],[-5186,-1645],[-6747,-3471],[-12165,-4844],[-6700,-4673],[-3771,-1951],[-1496,-1546],[-11953,-6505],[-10842,-6630],[-3268,-1526],[-442,-2040],[-2954,-42],[-2227,-1742],[788,-1329],[-4762,-1134],[-921,-3017],[-3028,-2078],[-4134,-4081],[-905,-5468],[1316,-1645],[-1694,-4091],[-280,-2407],[2388,-2646],[2933,-1345],[3691,100],[3638,1532],[4551,2840],[5349,-802],[-6697,-2731],[-3858,-3087],[-52507,-26501],[-24465,-15286],[3792,-1591],[31206,-18542],[6053,-3840],[17075,-10151],[17837,-10833],[30286,-19853],[8230,-4825],[33480,-21436],[-7423,-6152],[-4550,-2792],[-8351,-3865],[-2360,-2067],[-6352,-1987],[-3405,-1805],[-3564,-3472],[-3374,-4626],[-2818,-1705],[-6692,-2778],[-9517,-8226],[-3460,-2314],[-4432,-1960],[-3269,-3469],[-1820,-673],[-5925,-5539],[-4242,-3066],[-4489,-4412],[-3102,-3973],[-5229,-4374],[-4623,-2749],[-4934,-4325],[-2768,-2997],[-4266,-2467],[-5534,-2067],[-10169,-2552],[-7206,-799],[-5452,-2299],[-4179,-4776],[-3954,-2831],[-5096,-1969],[-2991,-2955],[-1275,-5381],[-3061,-3050],[-6279,-1894],[-5739,-6416],[-4622,-2749],[-10071,-3152],[-9751,-3795],[-20409,-7002],[-6344,-4069],[-4767,-4739],[-35016,-16972],[-19030,-9089],[-8803,5256],[-31564,19994],[-17250,-12236],[-16321,-12455],[-2319,-11883],[-3195,-9316],[-72197,47386],[-22371,13386],[-17085,12268],[8454,5172],[-18024,12928],[20338,13396],[-6458,5267],[7375,5182],[2846,-2740],[8316,3718],[-2435,3635],[9517,6916],[-9459,5972],[8906,6311],[5448,-4155],[4811,2499],[-1855,3337],[2541,1636],[12487,-8054],[31747,25213],[-11333,8703],[22613,13557],[-6431,6353],[6582,5120],[-8562,6467],[6871,4864],[-13733,10797],[19609,10566],[-5668,3051],[-2418,3090],[747,3513],[6970,8977],[6281,3430],[11319,5657],[-6226,7397],[7549,6280],[-10741,11486],[9066,7978],[9294,5173],[2582,2568],[670,4175],[4713,4317],[6645,4086],[11794,8128],[4333,2010],[3483,4213],[-7482,5646],[20417,15281],[-11584,7810],[12001,10104],[9222,6107],[9853,7258],[12488,6968],[4267,3496],[2057,2681],[857,4778],[1982,3616],[9459,6010],[47797,31434],[14224,7955],[-9421,5328],[29522,17371],[-6288,3002],[11530,7082],[7199,-808],[10372,6043],[-11231,7922],[20156,13685],[31263,-21227],[22843,-13539],[41220,-25024],[22819,-16132],[34323,-22400]]],"transform":{"scale":[1.7742444284883816e-7,1.9470334140672557e-7],"translate":[-70.8973373689999,46.762399265000056]}}