{"type":"Topology","objects":{"191":{"type":"Polygon","arcs":[[0]]}},"arcs":[[[239490,475736],[22912,-14899],[64263,-39581],[37660,-24448],[74441,-44578],[16748,-12196],[4483,-6947],[5463,3021],[2154,-3136],[11964,-3980],[-11736,-18396],[32156,-19728],[-43589,-67272],[-15783,-25590],[-36922,-58089],[-6994,-9691],[-11776,-12723],[-13472,-11209],[4748,-2909],[-33406,-52065],[-9789,-15737],[1974,-1275],[-22597,-34308],[-30682,18506],[-1194,2014],[-17700,9921],[-1947,10692],[-7682,-4447],[-25095,16103],[-68604,41457],[-126944,77244],[-32544,19436],[7592,15546],[8569,14531],[80896,135051],[-408,1363],[38749,60686],[7911,-5079],[32613,50952],[7203,12868],[1793,-1316],[14106,24471],[14829,-8967],[11992,-3210],[13645,-12086]]],"transform":{"scale":[9.342616833334146e-8,6.694180703098294e-8],"translate":[-73.64535113529742,45.551991630389715]}}