{"type":"Topology","objects":{"192":{"type":"Polygon","arcs":[[0]]}},"arcs":[[[485275,401788],[14724,-6696],[-22160,-38314],[-43393,-72095],[-21418,-36930],[-64704,-108224],[-58559,-100494],[-21413,-34969],[-47039,31767],[-22128,-35833],[-46579,30196],[-113450,74754],[6473,11117],[-43904,28878],[-1725,3047],[23554,16634],[10344,5269],[2444,-14132],[22232,-13115],[1502,-2662],[38536,-24461],[28382,45348],[-2480,1685],[12297,20802],[41958,68822],[-5963,3845],[16920,14815],[14793,16816],[8783,12810],[46376,76785],[19823,33825],[54749,88920],[78313,-50735],[72712,-47475]]],"transform":{"scale":[7.43822650197097e-8,5.064390082309562e-8],"translate":[-73.6235005117779,45.54614098437806]}}