{"type":"Topology","objects":{"193":{"type":"Polygon","arcs":[[0]]}},"arcs":[[[374479,3926],[-2058,-3926],[-32160,26787],[-86522,45133],[-250141,128425],[-3598,2207],[13453,32907],[54614,112111],[8658,12771],[23753,23295],[26991,14408],[37313,11695],[17320,9540],[19488,15652],[67236,65068],[2002,-4304],[50955,-40780],[-7513,-15699],[131609,-105516],[54120,-42691],[-36249,-72449],[-20557,-39302],[-4762,-12806],[-19433,-70563],[-8567,-23428],[-35952,-68535]]],"transform":{"scale":[6.408991406458901e-8,3.586261257444817e-8],"translate":[-73.64072956590417,45.53570461440576]}}