{"type":"Topology","objects":{"194":{"type":"Polygon","arcs":[[0]]}},"arcs":[[[496916,113808],[-2825,-630],[-57239,-105131],[-20091,9310],[-9787,-17357],[-406974,190835],[52218,130371],[47791,120573],[23435,58220],[3640,-2015],[252916,-117325],[87482,-41230],[32517,-24473],[-8325,-13277],[-13992,-12682],[-40910,-71636],[-10511,-19488],[38486,-11552],[12391,-7477],[13008,-15787],[6668,-16759],[1811,-17869],[-1709,-14621]]],"transform":{"scale":[6.338647761725234e-8,3.9256233872716815e-8],"translate":[-73.64855431037772,45.52334059099579]}}