{"type":"Topology","objects":{"20010":{"type":"Polygon","arcs":[[0]]}},"arcs":[[[499999,400411],[-11487,-9956],[-14974,-12755],[-16322,-10991],[-30904,-33518],[-34560,-37994],[-25284,-27692],[-13398,-33426],[-25504,-28444],[-5767,-6858],[-20095,-22272],[-12833,-13753],[-25214,-26510],[-10621,-12359],[-12897,-9934],[-24935,-19509],[-11350,-8541],[-10480,-11321],[-2305,-2064],[-12429,-13041],[-4730,5515],[-7952,-8785],[-2086,2159],[-21903,-21879],[-1284,2015],[-21188,-25931],[-4170,3666],[-15065,-16233],[-12000,7356],[-31751,40263],[-5461,5650],[-31930,34565],[-19120,21239],[8945,6481],[10422,6475],[7760,5007],[3709,3450],[5660,4759],[5050,3860],[5151,4933],[4730,4872],[6473,7895],[5544,4339],[4515,5145],[5514,5592],[2482,2021],[7945,7982],[8660,10002],[2969,2777],[1302,1988],[6639,8086],[1956,2842],[4709,7751],[2496,3229],[4803,5524],[1376,2455],[2789,3330],[6296,10166],[3519,4652],[6227,9559],[2278,1736],[1680,2090],[628,1970],[2719,4582],[2829,3470],[8860,8703],[5790,8571],[3254,6920],[1705,4693],[1101,1657],[722,3412],[3305,4783],[4837,7848],[5902,7318],[1278,1290],[2466,4622],[4590,5794],[2616,5417],[3627,5443],[-297,1988],[-3485,3064],[-3555,4269],[541,739],[4273,-4741],[2742,-1969],[2875,1475],[2815,2307],[4198,4484],[3430,4880],[4931,5618],[5564,7494],[7804,9134],[3005,5054],[5431,5958],[2247,1270],[3747,4005],[2662,5369],[167,3721],[2439,4063],[1937,2005],[1463,551],[1990,3353],[1529,1435],[2956,1661],[451,2382],[1917,2933],[2203,1409],[1423,2361],[1943,1725],[3283,3994],[1908,1446],[3769,4841],[2893,2681],[3238,2272],[1798,2558],[10763,8934],[13290,9236],[21550,-20],[4815,3522],[3217,1341],[4280,998],[6344,3007],[4442,1281],[4712,2403],[2308,528],[7020,2976],[3828,381],[1590,601],[2598,2671],[3306,1205],[5281,3394],[7242,2469],[2753,1423],[3314,785],[2419,1273],[4372,1238],[16137,-17648],[58650,-58215],[21705,-23725]]],"transform":{"scale":[3.1189947779894746e-7,1.9369443538886833e-7],"translate":[-71.0271757029999,46.90930533300008]}}