{"type":"Topology","objects":{"20015":{"type":"Polygon","arcs":[[0]]}},"arcs":[[[495186,403253],[852,-2622],[1935,-2013],[2026,-5983],[-2,-4119],[-2496,-4525],[-2636,-2468],[-2044,-3631],[-4494,-3886],[-1933,-2205],[-6360,-11142],[-3729,-4260],[-7708,-7890],[-2555,-3988],[-3496,-6216],[-4340,-2264],[-1420,-1949],[-2397,-6778],[-5503,-9259],[-6720,-7619],[-2967,-2429],[-2428,-3297],[-1671,-3376],[-3602,-5581],[-5644,-11323],[-4695,-7376],[-2309,-4372],[-1968,-2746],[-2221,-6040],[-1524,-1558],[-4608,-2860],[-2355,-2316],[-3731,-6174],[-2432,-7171],[-917,-1201],[-1905,-5441],[-667,-5904],[-5327,-10579],[-1934,-6277],[-447,-3101],[-2418,-3641],[-1367,-4202],[-1679,-2984],[-4106,-4125],[-1882,-6422],[-2031,-4073],[-1308,-6703],[-1396,-4989],[-2191,-1182],[-954,416],[-3938,-1177],[-1249,-1060],[-1713,-3526],[-1944,-1667],[-1405,-2536],[-1910,-5197],[-7028,-4297],[-2829,-118],[-1810,-3381],[-6130,-8394],[-3729,-8186],[-1682,-2739],[-4265,776],[-3378,-871],[-2753,-3453],[-1485,-3078],[-2497,-2221],[-3675,-2349],[-4427,-8497],[-306,-1039],[-1543,5407],[-7136,-1603],[-5861,-3630],[-5703,-8481],[-3962,-100],[-5090,-2287],[-5129,-4691],[-6373,-3938],[-1748,-1956],[-3417,-5187],[-11227,-6219],[-3332,-771],[-2463,-1632],[-2678,-2570],[-4748,-2721],[-4569,-4382],[-1587,-728],[-7737,-2109],[-3384,-2588],[-4623,-20],[-4886,-4930],[-2573,-900],[-3061,-323],[-5415,-2443],[-5115,-3221],[-1971,-444],[-2217,1956],[-3221,554],[-4530,31],[-3848,3090],[-1225,-129],[4872,-4436],[2208,-1611],[-1706,-3675],[27,-1176],[-3722,-4214],[-4895,-2432],[-2780,-2228],[-4983,1245],[-2475,-1045],[-4373,-2613],[-2198,-2804],[-3768,-6228],[-2779,-267],[-3026,-1697],[-3076,-3562],[-4393,-5703],[-3335,-625],[-6297,2926],[-1653,56],[-5437,-3475],[-2665,-1002],[-5047,-31],[-2799,-1396],[-4552,-2963],[-5653,-4266],[-3731,39],[-8054,9181],[-28855,31889],[-30720,34381],[-33645,38372],[-1447,1734],[24547,23096],[2339,-2278],[8913,9273],[5302,-5820],[13931,13766],[2583,2178],[11745,11953],[12721,9017],[27950,20595],[14456,10487],[11903,13046],[28261,27988],[14384,14519],[22522,23509],[6465,7241],[28585,30029],[15017,35286],[28339,29234],[38736,40111],[34639,35383],[18294,11603],[16784,13466],[12873,10509],[93897,-96746]]],"transform":{"scale":[2.7827465054922685e-7,1.834785089570306e-7],"translate":[-70.98289518399991,46.89512355900007]}}