{"type":"Topology","objects":{"20025":{"type":"MultiPolygon","arcs":[[[0]],[[1]]]}},"arcs":[[[22978,145081],[-1668,2022],[-228,10439],[7193,7731],[2253,1459],[230,-3516],[-1320,-2372],[-3340,-9868],[-3120,-5895]],[[379090,499999],[23070,-28770],[38523,-46823],[6589,-7652],[26420,-37541],[11889,-16998],[14418,-9924],[-7387,-10305],[-6948,-11700],[-14478,-9720],[-21440,-10069],[-17672,-13899],[-25837,-32701],[-22760,-23250],[-31231,-47147],[-23052,-26114],[-15023,-5615],[-12986,-1697],[-21414,-23251],[4109,-4416],[-2971,-3977],[-17640,-18703],[-7193,8784],[-24210,-14092],[-8201,-4514],[-8705,2124],[-51453,-40445],[-18421,-11065],[-40318,-23547],[-35479,-24390],[-4386,-2582],[-64903,69281],[8249,20237],[4589,8336],[4134,10650],[3080,5452],[2644,6823],[5638,6859],[5866,8001],[9512,10829],[3270,1431],[2918,3558],[2225,452],[1843,1635],[3542,5215],[1421,4706],[6032,12159],[939,1163],[2308,5994],[1059,350],[2307,3600],[4179,4042],[4291,3478],[8804,6145],[3685,3332],[14234,15704],[5931,7559],[-133,1506],[-2491,4828],[-3202,82],[-3886,-3465],[-1229,526],[-984,3177],[3498,4962],[6221,5934],[2556,-3188],[-271,-1519],[-2403,-1653],[-470,-1716],[4729,-7333],[6969,20622],[926,6514],[1350,3380],[2507,1467],[2131,2526],[3665,6666],[5930,5293],[2820,1100],[4484,4050],[5815,3590],[2626,653],[2502,1783],[6608,2104],[7282,3828],[2196,1835],[7778,4408],[7473,6791],[9177,7916],[2372,3098],[3607,7105],[5021,5137],[2600,1972],[5626,5345],[2961,4061],[5684,5032],[5730,7615],[4185,3849],[4580,6758],[4112,4980],[3977,4032],[7065,9417],[3326,3696],[3471,6470],[2140,6867],[5773,10508],[3498,5148],[4596,8520],[4903,8341],[3609,7165],[3388,5585],[1694,1629],[6824,4061],[2597,2160],[4844,6450],[3891,1008],[1954,1320],[5528,5341],[9728,6104],[5503,4205],[9582,5847],[2017,757],[6972,4315],[5656,1755],[4778,2356],[3901,503],[9814,4593],[4709,3236]]],"transform":{"scale":[2.585110930221211e-7,1.4299126598245424e-7],"translate":[-71.12517492899991,46.85893666700008]}}