{"type":"Topology","objects":{"20030":{"type":"Polygon","arcs":[[0]]}},"arcs":[[[335806,300687],[164193,-217775],[-2215,-5031],[-3989,6428],[-9562,756],[-8550,-12180],[-6524,11030],[-10683,5603],[-11300,-2884],[-5054,-5840],[-97,-8842],[-7950,4392],[-3206,-1065],[-6461,14606],[-13782,5669],[-19726,-770],[-13114,-2581],[-2133,-3280],[-11471,-7595],[-3818,11135],[-14087,8288],[-10266,-3034],[-26422,-1598],[-14877,-11867],[-20609,12167],[-12200,-3111],[-11054,-9273],[-5976,9168],[-5213,2804],[-7339,-853],[-3189,4952],[-12168,2156],[-7801,3266],[-5666,-601],[-11434,-9664],[-14800,-9047],[-6211,-5887],[-14384,-17494],[-781,-6614],[-10341,-12822],[-16227,-22457],[-10658,-9637],[-5651,-8309],[-4749,-1318],[1698,5899],[-3963,4920],[-10993,-12472],[-6891,2925],[3452,8601],[-10335,-6240],[-11121,1440],[-2409,4607],[-12818,2501],[-1929,13463],[-4051,9620],[-13784,-1111],[525,13373],[-5914,-1174],[-1436,7841],[-12415,15305],[-4298,-4685],[-7483,6851],[-2396,10812],[-82,11281],[3595,7855],[-646,6931],[-4463,10920],[-104,5638],[7239,33765],[15082,14517],[9692,19944],[3535,4277],[7259,18908],[12978,23648],[5547,6991],[9994,17698],[4955,11104],[10579,13961],[6970,6858],[6771,10613],[4414,19358],[10754,25439],[6650,24147],[8315,17820],[3445,22893],[5203,18636],[8711,17459],[2612,19098],[8909,26086],[165040,-207031],[11152,7719]]],"transform":{"scale":[1.0166401532802884e-7,4.785065970140554e-8],"translate":[-71.1414020279999,46.84491791700003]}}