{"type":"Topology","objects":{"21":{"type":"Polygon","arcs":[[0]]}},"arcs":[[[420153,87068],[-18954,-28772],[-2092,-6175],[143,-9175],[-2874,-6958],[27970,-12346],[-3359,-5857],[-7893,-17785],[-107228,47975],[-2581,-6565],[-27143,13879],[-17551,11270],[-14975,7151],[-11068,1517],[2877,5739],[-23281,13346],[-85142,49713],[-38633,22901],[-35545,20758],[-38634,22006],[-14190,9994],[12163,7147],[-7018,9629],[19809,9336],[15192,8815],[14311,10029],[13239,11058],[196259,179122],[51805,45179],[154701,-88476],[29537,-17381],[-21307,-32732],[-69541,-105531],[-49394,-75209],[-4915,-7228],[-4210,-9093],[-4243,-13058],[-5367,-10610],[-6633,-9141],[28767,-10176],[15962,-7498],[42151,-24519],[-1115,-2279]]],"transform":{"scale":[1.0942705233510003e-7,8.195826390718553e-8],"translate":[-73.60289076616583,45.5932166140603]}}