{"type":"Topology","objects":{"21015":{"type":"Polygon","arcs":[[0]]}},"arcs":[[[468980,478944],[-12283,-115327],[32564,-39653],[10738,-40364],[-7335,-40975],[-41278,-80484],[-120174,-98899],[-164613,-63242],[-126784,428300],[-27069,-1816],[-12746,47754],[25175,2405],[-4055,17129],[50541,4679],[125940,1548],[271379,-21055]]],"transform":{"scale":[1.4004786009599115e-8,1.7991925983799796e-8],"translate":[-70.80790141999994,47.057260012000086]}}