{"type":"Topology","objects":{"21025":{"type":"Polygon","arcs":[[0]]}},"arcs":[[[358400,217660],[141599,-144334],[-1943,-242],[-18291,-4211],[-26118,-6994],[-6436,-2407],[-14568,-3034],[-849,-1653],[-8352,-1736],[-9200,-3923],[-5982,-289],[-7044,3027],[-3411,2746],[-2641,-694],[3582,-3503],[6627,-1800],[-18874,-9263],[649,-1515],[-1078,-3475],[-3825,-5519],[-3729,-3878],[-5777,-4561],[-5806,-3623],[-5692,-2510],[-8604,-1570],[-22238,-7921],[-11470,-4778],[-93942,96383],[-34586,32939],[-7382,6650],[-10977,10386],[-15265,12762],[-3740,3449],[-153037,154598],[101012,30202],[-77938,77407],[9306,5839],[-2082,2748],[6051,3537],[-3402,3954],[35690,18694],[40802,16434],[-4884,4772],[33511,19245],[89001,-82993],[-7912,-3654],[49469,-46008],[-20948,-14210],[37294,-34597],[3648,-3026],[-10073,-16497],[79855,-81354]]],"transform":{"scale":[1.779920159840071e-7,1.5367599935197758e-7],"translate":[-70.95381326599994,47.03311289700008]}}