{"type":"Topology","objects":{"21030":{"type":"Polygon","arcs":[[0]]}},"arcs":[[[266771,479896],[43726,-53407],[-4057,-2492],[1396,-1938],[-6241,-4115],[52267,-54564],[-67741,-21289],[102629,-108977],[2508,-2431],[10237,-8995],[7361,-7322],[4951,-4686],[23193,-23221],[62999,-67940],[-14279,-6733],[-10773,-4677],[-11188,-5757],[-2551,-960],[-4513,-3312],[-5836,-2264],[-3655,-2138],[-3477,217],[-4681,2341],[-635,-344],[3306,-2780],[-1144,-1592],[-2611,-548],[-4588,-2530],[-9629,-4696],[-9308,-5514],[-6399,-1575],[-4903,-225],[-2629,-3273],[-4787,-2451],[-6091,-3633],[-2707,-2325],[-2553,-837],[-2233,77],[-4941,-2289],[-5688,-2138],[-1153,-2914],[-3468,-1722],[-3186,430],[-1837,-1606],[1141,-1710],[-3132,-1345],[-3506,2900],[-1913,-700],[-3708,-3708],[-3790,-904],[-3414,-1928],[-6154,-1406],[-2787,-1296],[-4810,-3320],[-4881,-2536],[-5941,-1940],[-8481,-4838],[-6522,-4058],[-9996,-5573],[-3833,-2762],[-13497,-7753],[-9252,-7209],[-4583,-2532],[-6374,4285],[-3143,677],[-5981,2723],[-9532,3804],[-5453,3312],[-5654,1698],[-3269,1542],[-1663,2447],[-89604,88821],[-104185,107851],[89149,50446],[-117094,134522],[139091,79826],[19603,-36648],[32391,15689],[200,6078],[59020,32793],[16466,-20103]]],"transform":{"scale":[2.6541738483479246e-7,2.1801185202367158e-7],"translate":[-71.02975496599993,47.00727403800005]}}