{"type":"Topology","objects":{"21040":{"type":"MultiPolygon","arcs":[[[0]],[[1]]]}},"arcs":[[[335211,4218],[1982,1272],[1349,-2020],[-1247,-1953],[-2037,-1517],[-2279,2844],[2401,3484],[1486,-332],[-1655,-1778]],[[411905,262276],[72288,-89170],[2638,-2635],[517,-2700],[1905,-2753],[3057,-2255],[2579,-2829],[590,-2090],[18,-4302],[447,-3497],[4055,-6297],[-970,-2413],[-4758,-4854],[-3975,-5771],[-3715,-3656],[-2294,-3151],[-3743,-4220],[-3332,-2851],[-3519,-2483],[-3104,-4810],[-2111,316],[-4238,-4185],[-13607,-10807],[-6665,-5519],[-9931,-5606],[-2242,-1700],[-546,-1419],[-2070,-1320],[-1991,833],[-6041,-3676],[-2304,-951],[-5849,-4139],[-2806,-546],[-5465,-3380],[-250,-2533],[-1394,-1442],[-2656,534],[-3265,-1868],[-7371,-5865],[-1640,-654],[-3011,-3032],[-6517,-7759],[-1762,-2857],[-2955,-1765],[-2658,674],[-1857,-894],[-5093,-3884],[-3302,-3929],[-788,-2455],[-2532,-772],[-12093,-10163],[-5184,-5524],[-3812,-3194],[-1418,-556],[-2307,-2543],[-973,-2752],[-204644,255014],[-19254,-17463],[-59395,-37312],[2113,6719],[-2272,12983],[-3626,9170],[-225,6104],[-4608,5748],[-3442,5076],[-4435,15807],[-1481,7071],[-1986,2795],[-2803,2001],[-11215,15800],[-3763,8759],[-165,7655],[-957,6560],[-2091,5386],[-3260,7204],[-4376,5422],[16897,10346],[20780,12188],[18830,13777],[11747,10110],[34168,37250],[31330,13608],[34872,31696],[46507,36318],[88442,-96923],[-3698,-2780],[112030,-138020]]],"transform":{"scale":[2.9335411870820655e-7,1.923816607633134e-7],"translate":[-71.20571308299992,46.90183986100004]}}