{"type":"Topology","objects":{"21045":{"type":"Polygon","arcs":[[0]]}},"arcs":[[[494232,130526],[-2359,-2210],[654,-1409],[3575,1642],[3897,-4120],[-8552,-4799],[-1815,1787],[1025,4091],[-2611,277],[-5626,-8810],[-4427,-443],[-4468,-4039],[-3550,-1575],[-4355,-239],[-14512,-3532],[-9719,-30],[-2012,-1741],[-2459,279],[-5304,-1754],[-3440,-2657],[-3568,-899],[194,-3858],[-2380,-2293],[-7417,-178],[-4041,-3012],[-4701,-1468],[-6622,-3682],[-2519,-2704],[-5035,-3036],[-5144,555],[-6057,-4687],[-9408,-10120],[-3656,-3070],[-5632,-6033],[-9100,-7674],[-4042,-2943],[-1894,-3097],[-3352,-487],[2035,-4016],[-3456,2898],[-5723,-2985],[-5920,-6581],[-6647,-2804],[-6684,-4092],[-13122,-11228],[-5928,-6311],[-1058,-5381],[-2609,-2058],[-17461,13730],[-9824,21243],[-1063,4399],[-4367,7480],[272,11252],[-6570,5276],[-9882,4537],[-545,5563],[-5692,3727],[-6308,2111],[-11221,1219],[-6529,-466],[-12606,-11079],[-6483,-3011],[-7853,-1724],[-5032,1459],[-10707,9679],[-9890,10043],[-12072,11648],[-1871,7758],[-6621,9289],[-6100,11665],[-3128,7458],[1003,1541],[1833,7819],[-8940,490],[-4893,1232],[-2434,4854],[413,6444],[9940,24608],[9153,16477],[-13528,19369],[-40814,56556],[-63500,88547],[-21368,28024],[1708,7750],[8074,23672],[101568,54059],[32925,25301],[349957,-369473]]],"transform":{"scale":[1.715456170912445e-7,1.3278319156638754e-7],"translate":[-71.19313632099994,46.88531781200004]}}