{"type":"Topology","objects":{"21902":{"type":"Polygon","arcs":[[0]]}},"arcs":[[[499999,451327],[-2627,-2855],[-1182,-1842],[-3483,-7551],[-693,-1121],[-1703,-4331],[-1403,-4356],[-2172,-4338],[-869,-2266],[-2947,-5546],[-1828,-3079],[-3309,-6236],[-2907,-4092],[-4108,-7988],[-774,-1238],[-1703,-4301],[-2556,-4344],[-4561,-4401],[-3270,-3383],[-4360,-5367],[-2790,-3690],[-875,-2067],[-5837,-10009],[-3874,-4504],[-2789,-2379],[-3605,-3502],[-5587,-4358],[-5597,-4072],[-2621,-2204],[-3508,-2533],[-3529,-1845],[-4907,-1526],[-1119,-1071],[-7196,-10172],[-1574,-2875],[-3408,-4356],[-1779,-1793],[-3632,-2618],[-5498,-4387],[-4177,-4337],[-3617,-4416],[-6855,-8713],[-8649,-11335],[-4089,-5650],[-1256,-788],[-1357,-1645],[-3457,-49],[-4671,-3433],[-1062,-1498],[-4745,-3862],[-2631,-3176],[-2322,-2115],[-8070,-3967],[-2828,-1010],[-1041,-815],[-1512,-3444],[-1366,-5354],[-1781,-4362],[-1762,-2279],[-1425,-3473],[-1430,-2018],[-1721,-908],[-4127,-3083],[-3193,-6894],[-1536,-2674],[-1596,-4787],[-1393,-1817],[-165,-1457],[-1461,-1048],[-1840,-3794],[-1542,-3845],[-3126,-6292],[-3444,-1733],[-2789,-3463],[-231,-2114],[-1011,-1699],[173,-1394],[-4441,-2603],[-3209,-1045],[-3687,-795],[-2920,557],[-4959,299],[-3088,-816],[-3184,-1842],[-1379,-3559],[-5702,-3105],[-3745,-1653],[-2910,-2353],[-1107,-2698],[226,-8240],[-945,-2440],[-3377,-5041],[-3785,-4306],[-1237,-3954],[-190,-2029],[-1240,-2556],[-399,-2174],[-1911,-1540],[-2772,-70],[-1389,-534],[-5745,-4362],[-3806,-2367],[-2401,-891],[-3032,99],[-1418,-991],[-829,-2038],[-582,-3090],[58,-1795],[-2308,-6367],[-1263,-1845],[-2864,-2380],[-3544,-2535],[-2387,-1319],[-3568,-3076],[-1324,-2558],[231,-4447],[-1344,-4527],[-2759,-5576],[-1943,-1911],[-5338,-2361],[-6861,-2754],[-4688,-1380],[-2935,-244],[-4933,-1727],[-5777,-3280],[-6805,-4409],[-3202,-2472],[-6380,-5686],[-3221,-3128],[-851,-1354],[-2175,-1260],[-4373,-606],[-3551,-2192],[-1593,-2107],[-1229,-5353],[-3624,-6473],[-3565,-4359],[-5402,-4217],[-3941,-4568],[-3020,-4038],[-2871,-2097],[-5497,-2650],[-6735,-2553],[-4391,-1321],[-4828,-928],[-700,208],[-78050,70678],[24572,27656],[29812,32435],[12471,24917],[14747,19887],[23783,35208],[51499,58369],[35886,43319],[14063,17031],[-4391,2578],[11992,14608],[4512,5352],[3606,4668],[40926,50942],[23015,29224],[49937,62919],[16381,-6090],[6299,-2275],[35907,-10442],[91197,-26009],[12305,-3655],[1480,-201]]],"transform":{"scale":[3.0905454210903854e-7,3.1543802887602955e-7],"translate":[-70.77360057099992,47.08505811100008]}}