{"type":"Topology","objects":{"22":{"type":"Polygon","arcs":[[0]]}},"arcs":[[[462621,337070],[-13060,-32760],[-122627,16202],[-7605,2349],[-26766,-14934],[-22066,-24391],[39297,-9266],[-18547,-23897],[26528,-8319],[64645,-12997],[-9575,-22391],[16400,-5522],[-15913,-15455],[90150,-28820],[-5295,-6850],[13827,-3270],[14358,-33697],[-4724,936],[2692,-9113],[-59680,18453],[-2971,-2745],[-60618,19529],[-16623,-17150],[70663,-23902],[-22353,-18926],[-88705,20997],[-6196,-15577],[5062,-4307],[-6669,-12848],[11596,-1275],[-4230,-6769],[5974,-2198],[6671,-20400],[7682,-1967],[-31428,-35790],[-84397,26515],[24663,23906],[17557,25610],[8278,15345],[8947,26489],[4699,28603],[-41860,5209],[-40229,3745],[-76337,4436],[9234,23686],[11499,20219],[30106,34188],[6438,5158],[-59697,19707],[-111416,37708],[177011,154096],[51503,45378],[271485,-89871],[-35073,-60591],[-2305,-12466]]],"transform":{"scale":[4.527083865878195e-8,5.9114105663763293e-8],"translate":[-73.55852239127549,45.59596279173301]}}