{"type":"Topology","objects":{"22005":{"type":"Polygon","arcs":[[0]]}},"arcs":[[[194454,272223],[33348,-33288],[1026,-947],[3684,-3989],[31608,7383],[2826,762],[3202,1741],[38197,27735],[4789,3025],[3244,1339],[19849,6545],[13047,-12962],[11601,-11177],[11778,-11019],[11643,-11040],[1960,-1770],[8854,1012],[24100,-24530],[1341,-1187],[-39339,-10453],[20061,-21298],[15434,-16090],[-17710,-5259],[18150,-17211],[14960,-14293],[1538,-1091],[1218,-1690],[17040,-17618],[16746,-17832],[31349,-31915],[-2784,-889],[-12635,-3330],[-24872,-5027],[13699,-15993],[3420,-3569],[-66720,-17828],[-24416,-5794],[-4976,-1286],[-1490,-20],[-6010,-1370],[-18814,19628],[-16379,17021],[-27272,-4717],[-7575,8183],[-23035,25312],[-71962,-14249],[-12116,-2094],[-22293,23691],[-13281,13722],[-43208,45488],[-45208,45857],[-470,422],[-30016,30729],[11584,13468],[-8146,8423],[4395,7206],[1333,1521],[1508,1123],[2750,1522],[-8026,9157],[-4421,5358],[4429,4413],[-3489,5478],[6734,5576],[-1456,1893],[-3263,3186],[-3187,3324],[2897,2427],[12460,13507],[-22149,22555],[-35538,35190],[12642,11777],[37189,34508],[-13265,14431],[3221,2851],[-11205,11642],[16157,15832],[29368,28901],[26493,25737],[-2708,-15461],[12816,-5903],[1236,-4041],[2738,-8084],[-15830,-28528],[-15051,-30227],[-8917,-317],[-8845,-23636],[10708,-17019],[21293,-9000],[7054,3551],[28442,-28125],[20453,-20295],[1876,-1385],[1538,-2040],[6146,-6064],[30905,-31202]]],"transform":{"scale":[4.82974437948902e-7,3.356612453224216e-7],"translate":[-71.73356122799993,46.78414410700008]}}