{"type":"Topology","objects":{"22010":{"type":"Polygon","arcs":[[0]]}},"arcs":[[[499999,162320],[-70005,-21896],[-11440,-4478],[-16894,-10115],[-134708,-92769],[-11292,-5821],[-9970,-2551],[-111466,-24690],[-12995,13339],[-3617,3167],[-117612,111343],[12876,13072],[8709,13448],[21556,13212],[22671,8836],[10742,3204],[6854,4401],[13024,5915],[5855,5329],[585,-843],[11683,11007],[10319,23514],[-503,25580],[-4231,40078],[-9865,18296],[-15065,44051],[-17635,21324],[-18676,26092],[47060,45843],[4201,-737],[55795,-2292],[1018,-461],[12720,-13024],[51359,52961],[18292,13344],[4219,-8660],[3190,-3398],[3655,-1338],[-2382,-3300],[668,-10656],[-5753,1257],[-4210,6885],[-4784,-77],[-5984,-8188],[-2707,-5477],[618,-5467],[4431,-3746],[-2414,-3082],[-6417,-3609],[-127,-1304],[38455,-34310],[77622,-69059],[18970,-17235],[-20128,-20375],[39956,-37994],[39816,-38057],[73961,-70489]]],"transform":{"scale":[1.3694633989274387e-7,1.003563827128068e-7],"translate":[-71.63964468599994,46.862688725000055]}}