{"type":"Topology","objects":{"22015":{"type":"Polygon","arcs":[[0]]}},"arcs":[[[406942,179382],[-37039,1334],[-2762,414],[-30916,-25759],[12270,-14661],[11585,-11981],[9898,-24752],[6480,-10281],[2780,-22519],[330,-14373],[-6779,-13212],[-7674,-6185],[-385,474],[-3848,-2995],[-8555,-3323],[-4502,-2473],[-7058,-1801],[-14894,-4964],[-14162,-7424],[-5722,-7555],[-8459,-7346],[-71604,58638],[-14243,11395],[-3563,3835],[-4344,2604],[-47387,38140],[-65900,52856],[-16344,-6673],[-49337,16913],[-24808,31987],[20493,44419],[20660,596],[34873,56807],[36675,53617],[-6343,15188],[-2862,7596],[-29695,11093],[6278,29057],[17356,13672],[47838,-19624],[30144,-5302],[29881,-5411],[10942,-1773],[-1702,32534],[-1116,24066],[11764,9405],[28942,2448],[23908,2143],[28043,19773],[21559,-16893],[-963,-6838],[15388,-5735],[3308,3082],[38626,-30632],[11694,-9125],[33280,-24521],[-8518,-6012],[73971,-56414],[5575,-4204],[-66317,-53323],[6569,-20567],[8351,-26559],[-57360,-51087],[15700,-11789]]],"transform":{"scale":[2.0845360890719683e-7,1.7860481720962274e-7],"translate":[-71.7016660939999,46.87551919300005]}}