{"type":"Topology","objects":{"22025":{"type":"Polygon","arcs":[[0]]}},"arcs":[[[479847,171384],[-32042,-20257],[52194,-70433],[-34717,-20473],[-1859,1535],[-683,713],[-1406,1144],[-1889,1765],[-20377,-17825],[557,-502],[-791,-769],[-6527,-5199],[-13053,-10739],[10063,-9419],[4507,-4270],[-4736,-4163],[-1993,-1635],[-3086,-2696],[-9020,-8161],[-11097,10047],[-1261,-978],[-9946,8741],[-5443,4864],[-8753,7638],[-1693,1620],[-9149,8313],[-472,453],[1943,1443],[1277,1317],[947,1165],[-11900,10410],[-10376,9275],[-29138,26238],[-19107,17368],[-9602,8682],[-9619,8635],[-9615,8656],[-9529,8657],[-2185,1864],[-6749,6243],[-3945,3588],[-15904,14413],[-11644,10573],[-27262,24921],[-32092,29106],[-11315,9943],[-5068,4592],[-50787,45429],[-45260,39098],[-30960,26711],[-19285,17026],[59366,33022],[42667,23694],[72044,39923],[49386,27309],[43199,-55049],[28767,-36713],[31843,-40692],[47131,-60332],[40471,-51904],[41630,-53486],[1301,-1975],[22042,-28464]]],"transform":{"scale":[8.192948425897039e-7,6.367529175057216e-7],"translate":[-71.81461940399993,46.87280815000008]}}