{"type":"Topology","objects":{"22020":{"type":"Polygon","arcs":[[0]]}},"arcs":[[[499999,90664],[-39245,-35139],[-24842,-22953],[14240,-15409],[-20382,-5178],[-10639,-2650],[-29575,-7753],[-5777,-1582],[-1647,1506],[-29602,31105],[-10874,-1282],[-2407,2244],[-14302,14000],[-14466,13974],[-14249,14173],[-14034,14373],[-27748,28792],[-13868,14429],[-13915,14405],[7010,7725],[-6605,6534],[-27035,26185],[-13392,13008],[45,495],[2234,1366],[841,1170],[-1543,1421],[-216,2072],[943,2076],[2085,3105],[1666,30],[1466,-2612],[2002,-475],[-231,4039],[828,1252],[-1271,507],[-1112,1287],[-1470,3285],[-6369,-5061],[-17888,-20080],[-4430,4940],[-8473,8098],[30408,34472],[-4427,17920],[-3483,13878],[35157,35981],[-2957,2836],[-39213,38067],[4515,4057],[-17640,16546],[-6201,6158],[-20476,20669],[-1753,-2080],[-8157,3869],[510,4615],[-11429,11398],[-14868,-13342],[-12672,-1445],[-15344,-1652],[-6236,-6346],[592,-16241],[903,-21951],[-5801,1195],[-15841,3651],[-15981,3579],[-25358,13241],[10928,11073],[13306,13320],[13180,13281],[13184,13163],[13508,13565],[13627,13564],[27816,27176],[18157,17695],[24260,-25434],[33135,-34671],[8221,-8631],[14063,-15021],[4550,-4483],[19856,-20825],[20032,-20826],[20043,-20773],[20004,-20885],[39811,-41778],[60711,-63121],[21622,-22311],[24791,-25042],[-1970,-2805],[-2661,-3168],[-4050,-3471],[982,-1089],[19063,-19998],[3445,-3808],[18322,-18462],[11340,-11701],[20723,-21031]]],"transform":{"scale":[3.932197984396283e-7,2.6469105738207485e-7],"translate":[-71.68135517099995,46.854584840000086]}}