{"type":"Topology","objects":{"22030":{"type":"Polygon","arcs":[[0]]}},"arcs":[[[357789,0],[-18227,22915],[-70850,82836],[-152923,-91336],[-22090,43822],[-9998,10834],[-14930,10458],[-23044,30271],[-18047,36680],[-27680,47495],[131074,79088],[-64616,87194],[180842,139742],[27342,-34477],[197341,-251314],[28016,-33068],[-80207,-64983],[11128,-20353],[19322,-22618],[-92453,-73186]]],"transform":{"scale":[4.783767967525259e-8,3.728534857075246e-8],"translate":[-71.41560911799989,46.959413236000046]}}