{"type":"Topology","objects":{"22035":{"type":"Polygon","arcs":[[0]]}},"arcs":[[[416669,294000],[-9628,-5347],[-7743,-4257],[6031,-12714],[-3644,-1300],[845,-2715],[3895,192],[21448,-43],[-3044,-13282],[6005,-1299],[6083,-7901],[7975,4139],[2659,257],[1513,1466],[1162,758],[1232,1155],[408,738],[213,1621],[-1006,2128],[-369,547],[42303,-33275],[-7580,-5679],[14571,-12913],[-47,-38],[-19994,-1296],[436,-770],[65,-668],[-257,-1154],[-41,-837],[-292,-928],[295,-915],[859,-1079],[567,-1086],[780,-806],[355,-601],[252,-879],[446,-874],[864,-841],[1816,-853],[815,-650],[441,-684],[232,-1129],[973,-1975],[695,-797],[416,-802],[307,-991],[-34838,-20119],[9258,-11679],[-67671,-40777],[-508,664],[-16298,20204],[9,-138],[-6247,-4650],[-50072,-39432],[-18583,-14653],[-2281,-1881],[-1779,-1338],[-2528,-2219],[-803,-510],[-1348,-1083],[164,-168],[21668,-26916],[8328,-10037],[343,-512],[-6010,-3264],[807,-1176],[-1943,-1192],[-8272,-4829],[497,-391],[-4099,-2403],[-785,-669],[-2034,-1314],[-8117,-3955],[2651,-4108],[-7919,-4189],[-4997,-2889],[-4460,5851],[-1883,2512],[-3595,5040],[-13712,19113],[-2350,3148],[4685,3627],[-978,1121],[-565,1008],[4066,3218],[-1421,1638],[-10001,12451],[-1385,1709],[-9163,-6924],[-28723,36163],[-1127,1671],[-28879,36177],[-34039,42572],[-32570,40669],[-23065,28761],[-33902,42216],[-34070,42352],[-18337,22763],[-4041,2960],[-74,-358],[-6985,4321],[33730,20285],[33541,20143],[54566,32715],[31207,18676],[60521,36154],[30599,18247],[21610,-26078],[43050,-52035],[28237,-34189],[7409,-8699],[1209,-1512],[3189,-3653],[51770,-60878],[14389,-16947],[1642,-2008]]],"transform":{"scale":[9.439850979702518e-7,7.525945931890987e-7],"translate":[-71.64447230299993,46.93257186800008]}}