{"type":"Topology","objects":{"22040":{"type":"Polygon","arcs":[[0]]}},"arcs":[[[338667,423012],[50704,-72504],[81133,-112435],[29495,-43911],[-60960,-42939],[-7693,-5361],[-8942,-6470],[-11304,-7794],[-126198,-86195],[-69327,-45403],[-11920,19566],[-8321,-3373],[-3473,5559],[-1806,-2446],[-3647,-6135],[-2202,-6119],[-11472,14372],[1275,1363],[3265,1734],[-13273,18482],[-12866,17170],[-3347,-2171],[-6046,8483],[-38878,51550],[-1172,1875],[-28080,37036],[-73063,99294],[-549,624],[4544,3993],[2710,1886],[8521,8181],[5995,4935],[7698,6940],[99794,86085],[131696,113448],[21069,17156],[-31,510],[54955,-74534],[1716,-2452]]],"transform":{"scale":[2.799574059148164e-7,2.0399579199167876e-7],"translate":[-71.36477607499995,46.93135874300003]}}