{"type":"Topology","objects":{"22045":{"type":"Polygon","arcs":[[0]]}},"arcs":[[[346092,180516],[-37074,-21020],[-27799,-18345],[-24976,-7878],[-27237,-21559],[-9363,-5851],[-15011,-7974],[-16566,-7054],[-13470,-5988],[3488,-3138],[2600,-4169],[1666,-3117],[764,-3797],[132,-4431],[2998,-5069],[8940,-9145],[2235,-1159],[1583,-1616],[1181,-4093],[3535,-9149],[2745,-2937],[3673,-3328],[179,-3532],[2891,-5308],[1811,-7514],[-1302,-2927],[-4145,-10418],[-1192,1699],[-6036,7211],[-30361,34387],[-6220,7115],[-7119,8697],[-7667,8153],[-27348,30858],[-892,975],[-22437,26950],[-61724,69003],[-38574,44497],[173585,92324],[-23747,26446],[89370,45554],[-789,2242],[-1069,1817],[-1784,1805],[-2492,4468],[-596,2560],[-1130,1546],[-2096,1471],[-4652,1932],[-2218,1902],[-1148,1981],[-647,1988],[-909,1362],[-2000,1827],[-1452,2459],[-2203,2445],[-757,2067],[745,2102],[110,1896],[654,2613],[-164,1513],[-1121,1742],[51292,2938],[69887,49454],[110850,-108444],[54479,-53377],[-19520,-17469],[-25142,-34074],[-19434,-26853],[-21341,-41564],[-28118,-17360],[-2701,1834],[-4377,-3324],[-33273,-18852]]],"transform":{"scale":[3.679948479898291e-7,3.323931767863094e-7],"translate":[-71.26996369,46.93802834000007]}}