{"type":"Topology","objects":{"23":{"type":"Polygon","arcs":[[0]]}},"arcs":[[[493542,112158],[-9008,-12036],[-33739,11564],[-18820,-19198],[38063,-12058],[-57090,-80430],[-208081,62190],[20547,31115],[8743,10245],[-72805,21595],[7480,12173],[-373,16053],[5444,10803],[49357,50350],[2884,3968],[-109718,42893],[-41548,13116],[-74878,17802],[17264,15991],[13970,18560],[11041,22843],[10960,15909],[12792,12644],[118969,121749],[119981,-47578],[64285,-24866],[-6931,-6508],[-32419,-43136],[-12385,-25513],[-9943,-29888],[82205,-5597],[43323,-4725],[45076,-6572],[-5059,-36091],[-9635,-33423],[-8916,-19363],[-18905,-32312],[-26559,-30165],[90885,-33455],[-6457,-8649]]],"transform":{"scale":[4.2039270671599616e-8,4.685014058608936e-8],"translate":[-73.56629954311087,45.590302980202395]}}