{"type":"Topology","objects":{"23015":{"type":"Polygon","arcs":[[0]]}},"arcs":[[[421814,499999],[14112,-141298],[64073,-130421],[-123603,-52309],[-310122,-175971],[-66274,251104],[35883,18994],[3755,203341],[200166,-878],[182010,27438]]],"transform":{"scale":[7.759581519167309e-9,3.4521989043384322e-9],"translate":[-71.23513261999994,46.81342463800007]}}