{"type":"Topology","objects":{"23057":{"type":"Polygon","arcs":[[0]]}},"arcs":[[[392029,407863],[60588,-55870],[-14932,-11094],[-51931,-41759],[25542,-21348],[25530,-26898],[-5551,-4270],[47142,-41525],[14213,-10987],[-20353,-16515],[-10007,-7221],[37728,-32994],[-7768,-8509],[-20570,-16581],[-113189,-90048],[-24492,-22244],[-8393,6280],[-21427,17863],[-36956,33302],[-18076,14828],[-8011,7416],[-31383,27171],[-61575,54492],[-16644,13961],[-15975,14391],[-16584,15843],[-24784,21421],[-14630,13284],[-40076,34462],[-19465,17582],[41325,37652],[54057,46298],[29106,26564],[17042,-14318],[12083,9631],[26177,27214],[27098,23550],[-27699,27040],[-10297,8159],[18897,15913],[50761,-21773],[96285,-38318],[35232,-15565],[6896,-3800],[15066,-12680]]],"transform":{"scale":[9.396167992342206e-8,7.350751901504681e-8],"translate":[-71.38161957599993,46.78573733700005]}}