{"type":"Topology","objects":{"23802":{"type":"MultiPolygon","arcs":[[[0]],[[1]]]}},"arcs":[[[408489,73936],[44381,16720],[40428,-38136],[6700,-21700],[-29543,-2145],[703,-13968],[-17615,-6744],[-11332,-7498],[-9373,-465],[-13891,7891],[-16271,-5159],[-21719,22138],[-25298,3133],[2649,6885],[-13805,4723],[-2721,-4219],[-25889,1206],[-25013,8485],[38188,3262],[14586,-920],[14524,-6533],[25107,-714],[-7738,7131],[-23628,-257],[-5536,3739],[42841,-903],[-2131,-7456],[10719,-1489],[2849,8539],[10527,-216],[-2699,24670]],[[408489,73936],[-13402,-4806],[-54172,50939],[-22610,19184],[-18126,-6454],[-84298,78415],[-9678,-3887],[3282,-2992],[-26340,-10199],[-27838,24611],[-34618,-10742],[-106517,102385],[-5947,-1695],[-8225,11679],[6023,2801],[45228,-20792],[6523,8858],[6896,-6561],[29228,10223],[-43711,41864],[6864,6940],[-5306,4981],[-20991,3833],[-12893,20632],[-3295,15883],[6667,5709],[19198,3083],[34043,-35629],[13786,3129],[-18860,21507],[10874,-227],[15600,5240],[-7979,5377],[8962,5220],[4950,-3135],[33216,26824],[-26751,22210],[19528,1699],[4311,3442],[-10440,12595],[14329,4801],[4635,9118],[147939,-135453],[-26708,-12455],[169540,-149448],[-11868,-5534],[3615,-7323],[-7911,-2370],[-25344,23556],[-12529,-6723],[10534,-8710],[-8242,-2964],[3612,-11278],[-13515,-4545],[-8224,10885],[-17528,-6003],[23606,-24830],[-14443,-4585],[46164,-40769],[-12237,-6061],[21187,-22371],[-4759,-3220],[4965,-5862]]],"transform":{"scale":[4.6837673675334966e-8,5.3501761003523516e-8],"translate":[-71.37382852799993,46.85483392500003]}}