{"type":"Topology","objects":{"26005":{"type":"Polygon","arcs":[[0]]}},"arcs":[[[453968,312394],[29708,-29103],[-33345,-27534],[2035,-614],[2781,-1707],[1869,-1876],[-39324,-32534],[82307,-83721],[-97410,-80254],[-7117,-5749],[-60787,-49302],[-10994,12589],[-3359,3697],[-2281,2852],[-2143,2368],[-6149,7131],[-27218,31337],[-13886,15949],[-4260,4788],[-28859,-26742],[-4094,4480],[-54582,75541],[-64952,88236],[-1930,2314],[-18702,19537],[-2804,2432],[-5012,4659],[-5280,5278],[-4903,5177],[-18158,17567],[-7615,7503],[-9004,8257],[-9440,9606],[-19118,19595],[-6850,7219],[-3092,3022],[35005,29613],[649,625],[118264,96654],[9907,8121],[2306,2402],[988,425],[33995,27767],[9889,-10192],[7713,-7587],[5475,-5520],[85889,-86188],[500,558],[8609,7377],[7054,-7382],[17462,-15064],[24405,20407],[85858,-84014]]],"transform":{"scale":[4.183176606353654e-7,3.325630191259852e-7],"translate":[-70.89796796099995,46.36207926000009]}}