{"type":"Topology","objects":{"26015":{"type":"Polygon","arcs":[[0]]}},"arcs":[[[499291,340431],[708,-1049],[-2362,-14796],[-8163,-41736],[-4865,-20053],[-2191,-18066],[-1868,-12761],[-2185,-7534],[-1266,-16756],[816,-8511],[1210,-5533],[1285,-10826],[3221,-19124],[2101,-14510],[-56894,-39959],[-96251,-68260],[-5760,20635],[-1324,10748],[-640,14061],[-3628,26409],[-141262,-112810],[8314,112896],[-78913,65818],[-31370,-22595],[-52544,43451],[390,286],[-25850,21435],[26607,21472],[-6174,6474],[44397,34599],[94703,73406],[-7993,2192],[-14598,10281],[8162,7888],[-4321,6295],[-1300,2919],[9064,7534],[6478,-9421],[54244,40420],[99615,74648],[34540,-28132],[76283,-64598],[46902,-39464],[32682,-27373]]],"transform":{"scale":[1.6187591575183274e-7,1.3932680865366523e-7],"translate":[-70.97753596799993,46.33877796300004]}}