{"type":"Topology","objects":{"26010":{"type":"Polygon","arcs":[[0]]}},"arcs":[[[183168,486282],[4234,-4279],[9308,-10145],[25507,-27045],[13655,-14380],[12328,-11693],[10382,-10581],[24899,-24918],[6713,-7330],[7226,-7473],[6861,-6600],[3839,-3443],[25603,-27663],[2641,-3278],[88914,-124945],[74721,-106966],[-110218,-95543],[-16607,15950],[-10948,10424],[-28367,27454],[-7657,-6600],[-33281,31095],[-14033,-11902],[-57332,78296],[-34280,-29198],[-17312,16239],[-24987,23544],[-40270,38189],[-17633,16015],[-10838,10225],[-17254,17480],[53559,46567],[-18023,17287],[-6856,6287],[-13162,12435],[-8268,7980],[-2645,2057],[-19341,4393],[-29434,7626],[-2130,1562],[5209,4255],[18930,16591],[30103,25801],[-34849,32417],[-32075,30063],[55215,47467],[45546,-42373],[24395,-22271],[58012,50927]]],"transform":{"scale":[3.0557811715619755e-7,2.3485711171429137e-7],"translate":[-70.9539403249999,46.359078588000045]}}