{"type":"Topology","objects":{"26022":{"type":"Polygon","arcs":[[0]]}},"arcs":[[[499999,121143],[-48187,-47842],[-1097,1121],[-14389,-14755],[-25737,-25715],[-2273,-2653],[-5382,-5120],[-2746,3433],[-11341,12927],[-4727,5823],[-43573,-46256],[-2538,-2106],[-8946,10540],[-8042,9139],[-9817,10920],[-7900,9114],[-7171,8125],[-7392,8082],[2527,3169],[-10010,12155],[-11622,-10705],[-4062,-4135],[-11343,-10890],[-5352,-5628],[-5102,4999],[-2059,1247],[-11884,4504],[-31539,-30379],[-3007,1378],[-6049,4287],[-3701,5134],[-10752,6822],[-4532,4468],[-2294,1208],[-8653,13584],[-28709,29779],[-2893,29565],[-50358,40230],[-45003,66203],[-32344,87074],[13766,13861],[8415,8634],[2275,1944],[17416,17245],[-12,428],[16323,14945],[21239,20965],[63570,62335],[21431,20289],[19535,18699],[11318,10664],[17809,-38447],[590,-1403],[6550,-19450],[2410,-7640],[2605,-6561],[3495,-5349],[6307,-9169],[17889,-25794],[6687,-9319],[6908,-10395],[4935,-6882],[6363,-5180],[15027,-11569],[16791,-13043],[26627,-13322],[-1181,-36102],[1488,-1915],[5866,-5901],[10862,-12322],[14600,-15865],[17869,-19844],[11787,-12685],[3974,-4072],[3034,-1836],[5661,-2151],[8180,-2583],[10304,-3447],[2985,-1339],[1548,-1454],[6713,-7491],[2113,-1939],[3487,-3780],[2207,-2779],[3451,-3774],[12785,-13091],[5434,-6489],[7120,-7636],[1959,-3245],[2932,-2300],[5343,-6694],[7056,-7282],[6153,-7316]]],"transform":{"scale":[3.525374070747663e-7,2.3475226150450611e-7],"translate":[-71.1590919699999,46.34501020700009]}}