{"type":"Topology","objects":{"26030":{"type":"Polygon","arcs":[[0]]}},"arcs":[[[210412,487687],[7163,-5890],[28278,-22748],[18498,-15573],[11112,-8579],[28853,-23363],[13397,-11175],[24065,-20396],[44030,-37536],[42168,-35842],[31192,-26318],[-26944,-20949],[-16946,-13468],[-4662,-3455],[1908,-1268],[26345,-6192],[17313,-3566],[2366,-1671],[7402,-6480],[11781,-10094],[6134,-5104],[16134,-14035],[-47940,-37807],[15444,-14192],[9106,-7751],[-47233,-35955],[-25720,-19467],[-3070,4539],[-4299,-3630],[617,-1405],[2050,-3033],[-3871,-3798],[6921,-4952],[3790,-1056],[-44903,-35355],[-21052,-16665],[2928,-3118],[-12616,-10340],[-11494,9711],[-7637,6845],[-2709,2651],[-7287,5909],[-5518,5433],[-3027,1866],[-2025,2635],[-7351,6196],[-5611,5267],[-13141,10568],[-3624,3116],[-2280,2255],[-3599,3068],[-2182,1574],[-6933,6079],[-1598,1180],[-3082,1086],[-10640,2798],[-8448,2096],[-5845,1744],[-3132,1491],[-4105,3306],[-12171,10292],[-18453,16103],[-15076,12876],[-11215,9999],[-6060,4789],[-1535,1554],[1218,29296],[-27494,10812],[-17338,10584],[-15549,9407],[-6539,4186],[-5098,5584],[-7133,8435],[-6905,7563],[-18472,20932],[-6511,7440],[-3612,4342],[-2687,5323],[-2489,6200],[-6765,15785],[-610,1137],[-18389,31202],[44201,32772],[36310,30503],[39304,31454],[21314,16077],[-3382,6758],[-3883,8101],[-3367,6138],[-2220,7155],[-3159,12929],[13291,10463],[15552,11177],[2077,-1405],[9882,7162],[1288,-8561],[5919,4043],[1591,-3888],[2602,-3529],[2522,-4850],[3124,-4343],[7223,-6918],[6215,4759],[14008,10975]]],"transform":{"scale":[3.414008228016644e-7,2.8927976455945975e-7],"translate":[-71.09025001299995,46.369609865000086]}}