{"type":"Topology","objects":{"26035":{"type":"Polygon","arcs":[[0]]}},"arcs":[[[499999,267281],[-127462,-154356],[-749,-1067],[-40301,-50512],[-48787,-61346],[-20517,26828],[-38304,51040],[-46437,-57178],[-12891,17302],[-41122,55358],[-22611,30266],[-12588,16580],[-27111,34663],[-10440,12728],[-17382,23109],[-26566,33751],[-6731,8738],[10365,13403],[11371,15156],[11546,14701],[11328,14985],[11569,14217],[11388,12685],[11386,12402],[2101,-3194],[21353,22485],[5213,-6739],[11146,12031],[20164,21583],[1810,1203],[14627,10712],[40197,29947],[4995,-10788],[21944,16383],[6810,-12341],[22673,17343],[15719,11767],[1720,-3097],[34539,27092],[19327,14877],[4285,-9055],[62802,-110022],[33518,25850],[76103,-139490]]],"transform":{"scale":[3.63352312704647e-7,1.9496652793309658e-7],"translate":[-71.01841480199994,46.46132499300006]}}