{"type":"Topology","objects":{"26048":{"type":"Polygon","arcs":[[0]]}},"arcs":[[[432990,446827],[6959,-15460],[-2103,-4296],[491,-16655],[-2717,-15900],[2376,-7706],[4557,-21745],[2617,-6948],[333,-5032],[3035,-15694],[1585,-4471],[-21428,-6724],[4525,-12569],[4726,-4729],[9909,-4701],[11792,-8009],[8034,-13905],[-586,-30815],[662,-4507],[-289,-6212],[505,-6788],[6318,-20495],[4442,-11342],[6734,-9729],[7768,-12839],[6763,-10713],[-42632,-25484],[-78617,-49857],[-72626,-48350],[-76845,-45152],[-81743,72435],[5816,4356],[1962,2402],[30546,46090],[2383,3295],[17274,25547],[22879,34170],[-6610,1898],[5612,9722],[-20215,9570],[-25403,12347],[-12163,5092],[-15091,3729],[-15264,21136],[-12482,20956],[-11673,23352],[-14121,24174],[-18215,18062],[-23205,16576],[-15731,-1283],[-8129,-4945],[-9377,-3528],[-17174,-3612],[-9154,7049],[29792,11476],[57279,20766],[71137,26680],[70250,26591],[72917,27945],[56157,21602],[39547,14807],[4438,1542],[31473,-53172]]],"transform":{"scale":[1.7068359936711032e-7,1.82498236996473e-7],"translate":[-71.12740986899989,46.463626720000036]}}