{"type":"Topology","objects":{"26040":{"type":"Polygon","arcs":[[0]]}},"arcs":[[[499999,300031],[-22905,-16525],[-40937,-30085],[-2036,3438],[-18630,-13067],[-26870,-19261],[-8071,13706],[-26007,-18197],[-5921,11982],[-47639,-33257],[-17336,-11899],[-2145,-1335],[-23898,-23969],[-13209,-13363],[-6180,7484],[-25305,-24971],[-2490,3547],[-13495,-13771],[-13496,-14089],[-13710,-15789],[-13426,-16643],[-13685,-16326],[-13475,-16832],[-13788,-16706],[-14096,-16263],[-6923,-7840],[-8043,11396],[-3478,7160],[-2808,7989],[-2899,5818],[-1771,6406],[-6591,-6663],[-1434,14106],[-11003,-11800],[-2316,2316],[-17316,-18419],[-14800,-17242],[-281,7059],[161,6456],[-369,4687],[325,32033],[-4471,14455],[-6565,8325],[-5517,4889],[-2630,4916],[-2520,13065],[11930,6989],[-884,4650],[-1688,16313],[-187,5232],[-1455,7224],[-2538,22604],[-1323,8011],[1513,16529],[-275,17314],[1171,4466],[-3873,16071],[15879,10739],[24776,16956],[24623,17017],[25200,16883],[25127,16912],[25129,17223],[14004,9365],[-3856,8315],[8438,7909],[-11330,22062],[-9311,18705],[26755,21874],[47422,34906],[29570,20448],[30323,19634],[28737,18696],[3330,-6501],[7752,-10432],[5065,-6155],[2413,-3413],[3884,-4601],[9316,-9923],[1805,-2868],[1518,-5492],[1895,-5172],[1414,-2423],[2129,-8961],[3002,-2623],[2226,-2649],[6071,-3307],[467,-732],[13828,-11804],[5431,-7342],[48423,-2412],[12027,-20864],[22502,-38835],[7304,-12758],[1834,1322],[4140,-7308],[-1773,-1492],[4935,-9070],[12428,10462],[12756,-24615]]],"transform":{"scale":[3.0658562717128935e-7,1.7555342910686541e-7],"translate":[-71.05423862499993,46.506136609000066]}}