{"type":"Topology","objects":{"26055":{"type":"Polygon","arcs":[[0]]}},"arcs":[[[360533,416383],[5567,-4895],[10446,2508],[5705,2450],[4945,3433],[9570,889],[14113,-11507],[11080,-12537],[8591,-16782],[7099,-16211],[7593,-14549],[9285,-14671],[9180,-2590],[7399,-3534],[15452,-8571],[12297,-6643],[-3414,-6751],[4021,-1315],[-13917,-23723],[-10507,-17732],[-1450,-2288],[-18580,-31997],[-1195,-1666],[-3537,-3024],[49723,-50285],[-21256,-14243],[-24541,-16698],[-26925,-18117],[-79869,-55664],[-26686,-18719],[-20505,-13346],[14,-381],[-21882,-15402],[-2860,-1733],[-10572,-7711],[-17294,-12378],[-417,797],[-75063,74134],[-1112,1587],[-7923,8019],[-1062,848],[-160189,155194],[-1857,1733],[72533,49473],[58516,29256],[-11970,7407],[-38451,28308],[-17994,13462],[57706,42850],[-20479,15737],[-8325,6299],[-44145,33074],[1350,987],[5693,1342],[8016,-2958],[8871,-6767],[36899,-11549],[10672,811],[9326,-1296],[8515,-1780],[60691,44800],[13019,8230],[7143,-2133],[19203,-3114],[23084,-13060],[10708,-15507],[4758,-13753],[6522,-4178],[5832,-2004],[12069,-1897],[18456,-7894],[6404,-4219],[4088,-3292],[4948,-4576],[6479,-5240],[4004,-2632],[2887,-326],[4047,-3240],[8995,3857],[463,-407]]],"transform":{"scale":[2.8059748519500694e-7,2.628905137810111e-7],"translate":[-71.22857438499993,46.41778075000008]}}