{"type":"Topology","objects":{"26063":{"type":"Polygon","arcs":[[0]]}},"arcs":[[[311460,397147],[-1833,-4058],[16985,4995],[3904,-11157],[2567,-1199],[6404,-829],[-5972,-12923],[-2462,-2602],[-2034,-4181],[-777,-4865],[-2890,-5722],[-12257,4637],[-1727,-6182],[27596,-11474],[11299,-4309],[12392,-4929],[865,-8490],[-161,-2681],[-644,-2364],[-2812,-5655],[-487,-2251],[-665,-10130],[-1369,-17600],[-368,-7562],[-920,-10799],[55714,-5680],[-628,-9537],[55865,-3750],[-627,-6625],[4111,2015],[3111,715],[5719,-1592],[3234,865],[2499,1283],[7978,4960],[2715,1435],[1463,-1862],[2751,-4453],[-14145,-9427],[-35175,-24955],[-19847,-15636],[6905,-13374],[8406,-15771],[-6259,-5654],[2859,-5945],[-10386,-6693],[-18641,-12313],[-18638,-12090],[-18694,-12070],[-18264,-12166],[-18378,-12122],[-11778,-7677],[-12998,39516],[-1833,-1146],[-16331,-11005],[-23190,-16053],[-30111,-20768],[-29011,-19761],[-29377,-19827],[-23655,-15434],[-12303,-8527],[-314,435],[-6106,-4128],[-2748,3469],[-1960,346],[-2719,2820],[-4396,5609],[-3361,4897],[-2776,3526],[-4346,4518],[-12530,8449],[-8193,2032],[-3960,2144],[-4428,4473],[-3231,14722],[-7268,16602],[-15672,13982],[-13038,3334],[-4847,2283],[1827,1816],[11695,14020],[20056,22985],[6005,7070],[2429,3814],[-7484,163],[-6296,950],[-2168,-451],[-1217,-1397],[-3127,-2410],[-3150,-460],[-3174,1698],[-3161,-102],[-2842,635],[-4166,4020],[-2205,1560],[-3207,986],[-5058,2708],[-2562,2806],[-1258,680],[-3934,574],[-2686,1008],[-13789,10899],[-1737,5085],[-3918,3189],[-3093,17128],[-9042,14207],[877,17082],[6097,7472],[6688,7996],[991,-659],[16841,21429],[10183,12536],[67149,78155],[13693,16349],[19549,23476],[8800,10758],[4734,5138],[13517,16096],[-87,99],[22152,26816],[22192,28548],[17860,21318],[1041,1002],[22181,-21617],[-11686,-18556],[-678,-4643],[15105,-14968],[1331,-8771],[12972,-15075],[7779,2323],[8190,-13092],[23989,-8452]]],"transform":{"scale":[4.1331626663255267e-7,2.4556741913485485e-7],"translate":[-71.18905835599992,46.52633714700005]}}