{"type":"Topology","objects":{"26070":{"type":"Polygon","arcs":[[0]]}},"arcs":[[[499915,408726],[84,-98],[-13171,-15946],[-4613,-5089],[-8516,-10586],[-19107,-23328],[-13341,-16194],[-65429,-77424],[-9924,-12419],[-16410,-21229],[-964,653],[-6518,-7921],[-5939,-7401],[-855,-16924],[8810,-14072],[3014,-16967],[3818,-3159],[1692,-5038],[13435,-10798],[2617,-1000],[3835,-567],[1225,-675],[2497,-2777],[4928,-2683],[3123,-977],[2149,-1546],[4059,-3981],[2770,-632],[3081,104],[3092,-1683],[3069,456],[3047,2387],[1187,1385],[2113,446],[6135,-942],[7291,-162],[-2367,-3777],[-5852,-7003],[-19541,-22772],[-11395,-13889],[-10395,-10526],[-40146,-47512],[-5633,1890],[-6169,1372],[-7060,-860],[-24409,12250],[-5868,7176],[-5302,3137],[-3767,-1424],[-39015,-45749],[-6715,8690],[-2240,4502],[-4580,13857],[-1880,3811],[-2409,4239],[-1575,3580],[-1767,5515],[-676,8368],[-739,4890],[-2237,6141],[-1629,3990],[-11506,-14079],[-4767,-5363],[-38972,-45848],[-5389,-6545],[-6051,7180],[-28610,34137],[-41951,49816],[-71587,84143],[47012,58383],[9865,12134],[9692,12180],[61702,72386],[17265,20447],[7118,8749],[3346,4986],[16824,26415],[9972,18419],[27950,-33623],[14705,-17982],[1832,4078],[2413,11757],[4154,14128],[-1541,3396],[-2913,-166],[-3451,-1142],[-5907,219],[-3480,3973],[-5529,9731],[118,8045],[6072,8101],[4793,6698],[1156,6792],[-1524,9052],[-3168,12336],[3708,4622],[2816,2609],[8274,10704],[18127,22125],[3871,-15924],[14130,-56149],[-581,-22297],[173,-11780],[-1400,-24615],[4120,-21041],[3422,-19436],[723,-3516],[1945,2743],[24499,27417],[19812,25865],[2503,3015],[29222,35642],[69263,83344],[1721,1902],[15933,-19639],[2027,-1622],[15776,-18842],[3516,-5352],[29155,-35543],[8684,-10274]]],"transform":{"scale":[4.241831243662592e-7,2.4788846377691393e-7],"translate":[-71.3312495529999,46.528725088000044]}}