{"type":"Topology","objects":{"27008":{"type":"Polygon","arcs":[[0]]}},"arcs":[[[374950,474106],[22179,-20964],[10493,-9425],[16931,-15974],[-43361,-37212],[67696,-73229],[-15226,-14043],[-7614,-2689],[-13044,-9773],[4919,-5468],[-37646,-27277],[2520,-2131],[59869,-65248],[57332,-62018],[-63331,-48362],[-14977,-11131],[1833,-2075],[71,-1443],[1674,-563],[1901,-2347],[3043,-2922],[1957,-4376],[3401,-3123],[3276,-3523],[2915,-3481],[14235,-18991],[-15138,-12576],[-4005,-3448],[-12257,-9699],[-2819,-586],[-1941,-9],[-1851,589],[-1738,1665],[-6971,7198],[-6081,6857],[-2187,1963],[-18258,18288],[-48660,49694],[-9322,9011],[-1200,-1054],[-1925,-544],[-1885,-1948],[-2560,-1840],[-2530,-2913],[-3448,-1590],[-687,-1183],[-25152,-19318],[-83877,90699],[-40008,-26332],[-28065,29918],[-10552,11917],[-10613,11451],[-3645,4024],[-6743,7164],[-4675,5267],[-7473,7924],[-2810,3102],[-4918,5055],[-1917,347],[-2281,-466],[-2048,-13],[-1920,407],[-1866,1064],[-3664,3261],[-190,474],[-3625,4306],[-4637,5120],[-6960,7248],[-3560,3323],[-9217,8214],[-6394,5946],[-16904,15168],[38410,27408],[-4017,3537],[-26764,25432],[-3253,3002],[-21195,15739],[8628,6949],[8529,6661],[21478,16883],[12876,10233],[3770,2763],[2131,2073],[1455,3369],[1410,1283],[2309,825],[4325,1939],[1361,839],[10666,8451],[4012,3282],[13687,10255],[5121,3730],[11099,8492],[5012,3676],[14342,11460],[620,579],[20295,15256],[58875,-50176],[11571,7851],[2991,-3122],[38782,31191],[-7658,8645],[-7303,8050],[22348,17362],[21830,16619],[12206,-12083],[26546,-26534],[2867,803],[3478,-14],[5089,-1650],[4523,104],[2712,642],[3654,504],[2156,667],[3835,1741],[7169,5918],[2555,2441],[1605,976],[1993,592]]],"transform":{"scale":[3.6656887313774457e-7,3.0184200568404774e-7],"translate":[-71.01416248499991,46.06339132700003]}}