{"type":"Topology","objects":{"27015":{"type":"Polygon","arcs":[[0]]}},"arcs":[[[391314,76609],[-37198,46209],[-72770,-63079],[-62149,-51996],[-7289,8371],[-2221,2071],[-1117,2544],[-5856,7407],[-5478,7974],[-13788,17352],[-513,858],[-57108,-54320],[-27332,35071],[-94515,122236],[-3980,3993],[59432,51098],[-7764,10242],[20592,18311],[12020,5039],[24040,26308],[-106873,137184],[88893,90516],[45637,-57191],[24974,-30200],[12051,-14355],[-852,-809],[19812,-19379],[47407,43293],[-2142,3790],[-40,1730],[1725,2665],[19479,15788],[3072,-12134],[-5973,-3624],[5935,-15766],[7386,3611],[24291,-58138],[2226,-786],[70632,-15771],[12617,-2178],[3517,2877],[3273,1024],[42767,-51166],[-7512,-6867],[43146,-49263],[-5184,-5090],[41414,-50211],[-2893,-3381],[-8420,-8640],[-18691,-19559],[-28078,-25204],[-19811,-19210],[-19496,-18258],[-11295,-10987]]],"transform":{"scale":[2.3219372438747972e-7,1.6112120624236877e-7],"translate":[-70.87476494999993,46.11529376800007]}}