{"type":"Topology","objects":{"27028":{"type":"Polygon","arcs":[[0]]}},"arcs":[[[483074,379433],[16924,-13531],[-42784,-29248],[-90660,-62054],[22427,-18566],[15613,1127],[-8649,-6557],[-6614,-4688],[-5419,-3979],[-12301,-8879],[5080,-1209],[6798,-955],[2726,-1703],[4533,-4125],[3862,-2683],[-101672,-75828],[5433,-13064],[1907,-4402],[808,-2268],[2146,-2506],[4610,-4746],[2843,-3053],[1611,-2363],[565,-2121],[-1906,-9070],[-32201,-22694],[-1794,-8425],[-1301,-6777],[-309,-1027],[18469,-21009],[-60776,-43030],[-21106,19056],[5989,4232],[10337,7033],[10504,7401],[14888,9708],[9909,7534],[4465,3329],[1534,1303],[-21958,19342],[2749,1960],[-22878,18976],[3983,2646],[-22675,19709],[-1735,-395],[-1864,-1108],[-6691,839],[-37448,6076],[-1181,302],[-12879,22396],[-3918,-1391],[-3145,6073],[3165,1396],[-1628,4674],[-10327,-6082],[-916,-1027],[22,-665],[1136,-1460],[-25137,-16677],[-10504,7464],[453,311],[-6391,5530],[-13242,11634],[-24196,22030],[-10838,-8013],[-14171,11528],[-8784,6801],[-18565,15128],[2331,103],[1832,-219],[4253,-1080],[1735,-237],[1511,239],[2939,2255],[1306,1384],[847,1607],[-91,1006],[-1802,2808],[-69,1813],[570,766],[4494,1576],[761,1173],[-333,2830],[267,1827],[1139,2292],[813,966],[1998,1710],[2832,830],[3017,-232],[4730,433],[2206,512],[1225,1144],[519,1731],[-1325,1737],[-1840,1022],[-1386,1167],[550,1226],[3602,1894],[2828,1893],[2340,1997],[-34423,25755],[110317,81946],[-89,1847],[61932,43198],[67348,46917],[6262,4319],[57939,38435],[13742,9558],[3107,2258],[10354,-7941],[9609,-7709],[3981,-3266],[2021,-1129],[11048,-8411],[10248,-8222],[11774,-9228],[14750,-11412],[4682,-3865],[4768,-3799],[5407,-4433],[29018,-22920],[5802,-4796],[8129,-6329],[11923,-9436],[9626,-7670]]],"transform":{"scale":[4.3792704585406055e-7,4.182697045393364e-7],"translate":[-70.87671755999992,46.11966633600008]}}