{"type":"Topology","objects":{"27035":{"type":"Polygon","arcs":[[0]]}},"arcs":[[[352193,398028],[-52,-373],[-3750,-2926],[126517,-123080],[9043,-9285],[2601,-2823],[4061,-4034],[9386,-10098],[-58224,-57463],[-80368,-79427],[-109425,-108519],[-9313,10571],[-12435,14026],[-8205,9103],[-5854,6897],[-29284,32957],[-5457,6377],[-4812,5463],[-4723,5558],[-14886,16408],[-11737,13106],[-7205,8163],[-3283,3825],[-11150,12096],[-2039,1624],[-4052,4737],[-9663,11044],[-10448,11419],[-9221,11189],[-10979,12283],[-1376,1360],[-15789,17153],[-12668,14006],[-9145,10341],[-6781,7488],[-3119,2991],[-2816,1358],[-3661,349],[-4669,-169],[-4014,93],[-8640,606],[-4558,715],[38136,34649],[58598,56369],[6861,6572],[93900,91761],[-5,8],[58962,57503],[95741,-101971]]],"transform":{"scale":[4.3394647189294536e-7,2.908675657351217e-7],"translate":[-70.77451234299991,46.27837170400005]}}