{"type":"Topology","objects":{"27043":{"type":"Polygon","arcs":[[0]]}},"arcs":[[[320393,453723],[4463,-5971],[31459,35634],[4643,-6378],[13713,-19251],[31096,-43761],[6705,-9504],[2336,-3155],[2485,-3800],[3661,-4928],[11986,-16775],[-43127,-40382],[5156,-835],[9768,-704],[4541,-108],[5281,197],[4139,-406],[3184,-1584],[3527,-3486],[7634,-8689],[10378,-12091],[14324,-16323],[17854,-19992],[1556,-1586],[12417,-14316],[10426,-13039],[-3545,-3785],[-15685,-16017],[-66121,-64418],[-7144,-7237],[-76859,-78632],[-70678,-72401],[-251,1519],[-1332,2252],[-2064,1696],[-5190,1234],[-2892,1294],[-6173,3886],[-3413,1955],[-6869,5612],[-1983,2293],[-3493,8333],[-3501,7395],[-2585,3846],[-2921,3263],[-6875,6278],[-2997,4625],[-2941,6170],[-1758,2995],[-1612,1843],[-1926,1332],[-2672,1290],[-7181,2823],[-6903,484],[-4755,-377],[-10514,-1370],[-7416,-426],[-8829,-1164],[-3786,-341],[-4346,-20],[-2961,848],[-2587,1336],[-3126,2396],[-2357,2271],[-1103,1775],[1035,952],[-1187,1975],[-3487,9289],[-1058,1956],[-3215,4608],[-2826,8367],[-313,3417],[128,7974],[-642,9107],[-1743,5329],[-1242,2529],[-3184,7747],[-616,1859],[-2910,6020],[-3998,6319],[-1290,3141],[-1826,2982],[-1238,906],[520,988],[-3850,8666],[-2436,4554],[-5009,12025],[-2713,4764],[-783,232],[-287,2009],[-1404,-1294],[-1512,1938],[-3905,3547],[-6493,5083],[-3833,2783],[-8738,4883],[-7372,4496],[-4801,3079],[-2447,2137],[-4523,5269],[-1790,3029],[-1793,3679],[-2121,5639],[-1801,5804],[-1223,2314],[-2130,2303],[-2979,2301],[-4711,5846],[-6949,4340],[-4339,3361],[-7347,6409],[-2769,3949],[-1207,2365],[-297,3049],[784,3108],[1003,2295],[673,4919],[218,4966],[-203,3655],[-1432,5020],[40603,38107],[23999,22307],[-885,8103],[-1359,10676],[-542,6043],[-510,3090],[-346,4751],[535,9354],[922,4206],[787,7125],[925,10084],[2053,11196],[3442,23301],[997,8258],[-298,587],[27298,27478],[45654,-73681],[11174,11199],[26503,-29262],[6098,6211],[22590,-25836],[8716,-9809],[13224,-15010],[87770,89912]]],"transform":{"scale":[3.8373748147502814e-7,2.495672511344665e-7],"translate":[-70.92409849599994,46.26828328500005]}}