{"type":"Topology","objects":{"27050":{"type":"Polygon","arcs":[[0]]}},"arcs":[[[102935,458961],[2197,-5136],[310,-3740],[-334,-5079],[-1033,-5033],[-1537,-2346],[-1202,-3182],[454,-3119],[1850,-2418],[4248,-4042],[11261,-6555],[6653,-3439],[10649,-4441],[7222,-5980],[4568,-2354],[3263,-2356],[1875,-2367],[2762,-5938],[3252,-5768],[2748,-3765],[2744,-3099],[6932,-5389],[3753,-2186],[7360,-3151],[11302,-4601],[13391,-4994],[5876,-2846],[9954,-5201],[5988,-3627],[2316,-1985],[2152,1324],[440,-2055],[1202,-237],[4158,-4874],[7676,-12303],[3736,-4659],[5900,-8865],[-796,-1009],[1900,-927],[2798,-3052],[1975,-3213],[6131,-6463],[4459,-6161],[946,-1901],[4882,-7924],[1901,-2587],[2671,-5452],[985,-9318],[-195,-8157],[480,-3497],[4331,-8560],[4929,-4713],[1622,-2002],[5347,-9502],[1820,-2021],[-1589,-973],[1690,-1816],[3615,-2324],[4793,-2452],[3963,-1366],[4542,-866],[6658,20],[5805,349],[13534,1189],[11370,435],[16117,1403],[7288,387],[10581,-497],[11008,-2886],[4097,-1321],[2951,-1363],[2472,-1885],[2694,-3063],[4507,-6313],[4596,-4731],[10540,-6423],[4476,-3339],[3964,-3935],[5367,-7566],[5354,-8525],[3039,-2345],[10528,-5741],[5234,-2000],[9464,-3975],[4432,-1324],[7955,-1263],[3165,-1735],[2043,-2305],[538,-4720],[-192986,-140501],[-6493,4758],[-11358,-7684],[-72983,61316],[-26045,-14339],[-3906,3353],[-24298,21639],[-6475,5070],[-4550,4837],[-21484,18827],[-10913,-7033],[-10534,-7229],[-5216,-3369],[-50402,60681],[45121,31024],[-14036,17231],[39100,29706],[-27956,33161],[-11484,-7895],[-2528,-1241],[-7908,10210],[1946,4915],[-2346,1164],[-5065,4008],[-2415,844],[51962,37782],[-24605,8863],[-92141,71058],[4248,50986],[91347,64430],[2346,-15085],[414,-8030],[856,-6138],[3724,-11785]]],"transform":{"scale":[2.5033108866217443e-7,2.4394790189577977e-7],"translate":[-70.9494660339999,46.23252189900006]}}