{"type":"Topology","objects":{"27055":{"type":"Polygon","arcs":[[0]]}},"arcs":[[[454472,283706],[45527,-67822],[-3095,-5264],[-3741,-4983],[-4764,-4987],[-726,-3230],[1832,-3074],[2434,-2689],[1752,-4572],[-687,-4561],[-1619,-3014],[-2919,-1345],[-6254,-1143],[-3991,612],[-3746,-2188],[-2642,-4501],[-1074,-2544],[-1507,-6033],[-352,-4812],[439,-7454],[-1007,-3091],[-5942,-4147],[-755,-2019],[92,-4775],[2382,-7393],[120,-2652],[-1118,-4231],[-1730,-3643],[-3884,-5936],[-2000,-633],[-2293,625],[-5626,2845],[-2422,574],[-3375,-291],[-3692,-2956],[-2829,-4638],[-7935,-11250],[-4247,-3306],[-2386,-1268],[-4045,-958],[-3003,-1219],[-5006,-197],[-5635,3134],[-3850,29],[-3173,-1529],[-29387,50425],[-13514,22962],[-24168,-31581],[-24738,-32995],[8085,-15300],[8476,-16427],[-42931,-59273],[-3314,5934],[-12808,-14922],[-65177,95354],[-22468,-28993],[-684,-1101],[-15911,-21820],[-5517,-6942],[-12286,-16139],[-5668,-7091],[-5628,10699],[-44055,80959],[-834,2361],[-13664,27097],[-11060,21299],[-11362,22816],[-2833,5421],[-8037,16055],[-3848,7225],[-9457,18975],[-9200,17681],[-5443,11131],[-8549,16203],[41672,56628],[4450,-8779],[5263,-9781],[9686,-18514],[3575,-7406],[5143,-9673],[14798,-28939],[44869,59692],[-7878,15125],[-919,2095],[-16548,30398],[-2550,5316],[9840,14894],[2993,3677],[27472,39541],[10023,-19205],[3369,-6848],[8628,-16406],[2963,-5979],[95102,132973],[38105,-93199],[3942,5177],[7965,11102],[8249,10801],[16244,-28918],[3439,-7426],[4895,-7786],[18369,-33237],[2954,-5149],[19689,22022],[55176,-94174],[8586,11803],[4908,-7309]]],"transform":{"scale":[3.3112527025052235e-7,1.5883319166640977e-7],"translate":[-71.02309876399994,46.18817374200006]}}