{"type":"Topology","objects":{"27060":{"type":"Polygon","arcs":[[0]]}},"arcs":[[[499999,307468],[-125894,-145015],[-4778,7944],[-13912,21793],[-5433,9096],[-16163,25510],[-44303,-52523],[-4825,-4886],[-15869,-19784],[4114,-7063],[26686,-40376],[1481,-2783],[12704,-20091],[-72357,-79290],[-23862,38440],[-8293,12849],[-5768,9837],[-15618,24593],[-8487,12992],[-7174,11662],[-67203,-75221],[-7139,11862],[-28324,45355],[-13464,21039],[-13598,22042],[-42520,71530],[68263,69382],[-3706,5785],[71202,82745],[-5839,9943],[31435,37867],[22258,-29833],[25301,26835],[-5782,14538],[3946,5127],[2107,1450],[6801,-9874],[15329,13117],[3421,-5587],[2226,-2405],[-5898,-6796],[18504,-25107],[5371,5559],[-6402,8943],[10054,9315],[29844,-39517],[105255,121531],[11391,-16028],[11162,-16909],[5402,-7443],[28220,-40945],[50134,-111205]]],"transform":{"scale":[2.0533714467424611e-7,1.1957287714577668e-7],"translate":[-71.0446685789999,46.22704457200007]}}