{"type":"Topology","objects":{"27065":{"type":"Polygon","arcs":[[0]]}},"arcs":[[[412040,388723],[-3159,-55582],[68513,-77467],[18296,-9660],[-38638,-41191],[1797,-920],[3765,-4369],[1745,-1269],[-1448,-5358],[5882,-11132],[1880,1353],[8538,8606],[20788,-36150],[-29075,-32386],[10437,-18782],[-50304,-50719],[-30579,59423],[-17211,21879],[-3295,3979],[-6809,9033],[-6946,8566],[-64199,-64942],[-18202,21118],[-6131,-4979],[3904,-4779],[-3276,-2970],[-11285,13416],[3596,3631],[-1358,1285],[-2086,2986],[-9351,-7009],[-4147,5276],[-1284,-773],[-2407,-2740],[3526,-7770],[-15431,-14339],[-13577,15941],[-19172,-20235],[3561,-5312],[-43428,-44216],[2260,-3091],[-41635,-37075],[-17427,25675],[-4476,6435],[-3213,5221],[-4590,6393],[-6007,9007],[-3908,5244],[-1946,3405],[-3302,4577],[-7635,10974],[-9788,13732],[-3489,5414],[-4153,5720],[-1819,1840],[-1332,2337],[-4274,5957],[-10652,14269],[-1896,3328],[-1821,1879],[-3958,5645],[-9099,12218],[-4481,6474],[-2227,2633],[-1448,2415],[-4320,6116],[-2865,3501],[-2449,2346],[-1586,3255],[-1934,2690],[37542,38430],[2650,-4398],[2440,-3433],[6896,-8941],[13217,-17981],[5501,-7175],[40353,43871],[-2123,2741],[43019,38922],[-6611,9155],[169859,168875],[4414,4339],[9987,10114],[962,146],[49988,46634],[37942,-40983],[-3996,-70293]]],"transform":{"scale":[3.3666037132080486e-7,2.237684495369416e-7],"translate":[-71.08712000699995,46.25179375000005]}}