{"type":"Topology","objects":{"27070":{"type":"Polygon","arcs":[[0]]}},"arcs":[[[465210,479929],[11529,-15613],[-175,-210],[23435,-31650],[-32375,-38096],[-891,-171],[-9266,-11832],[-4093,-5074],[-157553,-197563],[6133,-10710],[-39903,-45534],[1969,-3207],[-37430,-51322],[-5102,8394],[-12259,21036],[-6397,10460],[-2261,4015],[-2461,5147],[-34822,-44960],[1794,-3147],[1471,-3808],[2273,-2744],[2657,-4097],[2992,-5329],[-41777,-53914],[-63210,104735],[44674,59393],[12045,1793],[-31277,42544],[-2596,3860],[-4560,6050],[-10257,15074],[-7250,9814],[-70267,91420],[58047,50802],[6667,-11285],[15290,12494],[40023,34166],[8107,-16086],[2228,-1480],[4403,-5487],[10443,-8370],[3595,-6301],[5876,-5261],[2918,-1693],[30635,37284],[11542,-5527],[2000,-1531],[4957,-6135],[5199,6908],[11016,13365],[3946,5076],[11288,13136],[9723,-14916],[-2455,-3890],[7181,-9918],[6964,-9973],[7633,-11127],[9576,-13462],[7811,-11215],[8688,-12936],[2466,2586],[42322,56769],[4592,-7147],[11016,-15863],[2666,-4214],[5228,6284],[2209,3255],[24996,31558],[13977,18111],[1066,-1376],[46803,58715],[3756,-5381],[10812,-14689]]],"transform":{"scale":[3.6295656791304154e-7,1.9127701255410054e-7],"translate":[-71.1463869559999,46.27781046300003]}}