{"type":"Topology","objects":{"28015":{"type":"Polygon","arcs":[[0]]}},"arcs":[[[499998,431729],[-1262,-10576],[-946,-2783],[-2248,-2846],[-5097,-2869],[-305,799],[-4379,-5768],[-829,-2550],[77,-1302],[1833,-1919],[2920,-1129],[1396,-2464],[-558,-434],[-120,-2419],[467,-1794],[1905,-2837],[-304,-1848],[-2106,-44],[-632,-1625],[1510,-2193],[-375,-814],[-1749,3],[-1725,-2107],[-750,-1590],[-2606,-2739],[-3712,-4490],[-1201,-3477],[-164,-3648],[-611,-3313],[-1544,-4559],[-1523,-1566],[-1298,-2980],[74,-1150],[-972,-2935],[-812,-1399],[-2713,-1170],[-693,-1586],[689,-2901],[-1364,-2332],[-2618,-1742],[-1742,-574],[-1023,-1210],[-1249,-4438],[-1887,-884],[-1548,-4367],[200,-4140],[-1312,-1677],[-1005,-252],[-1553,889],[-1096,-176],[-342,-1044],[685,-5050],[-995,-980],[-1018,785],[-787,-1014],[474,-2369],[-1266,-794],[-4372,-3620],[-964,-1134],[-1765,-1073],[752,-3283],[-461,-969],[550,-1369],[1610,-657],[1256,-3196],[1943,-1380],[-272,-1847],[623,-2480],[-1458,429],[238,-4713],[-691,-1626],[662,-3247],[-204,-2332],[-1649,-1160],[-65738,-43674],[-144432,-96175],[-89719,-59882],[-116556,-77950],[-29542,72850],[25551,31765],[96726,119880],[10591,12585],[16394,20766],[110356,135800],[54178,66563],[22004,-41734],[636,399],[120418,81125],[15306,-19666],[641,-1521],[5096,-6493],[6068,-8391],[5670,-7401],[10363,-24798]]],"transform":{"scale":[4.370795381590599e-7,2.3459515119026772e-7],"translate":[-70.48635718999992,46.119802004000064]}}