{"type":"Topology","objects":{"28030":{"type":"Polygon","arcs":[[0]]}},"arcs":[[[493108,402732],[-27551,-33395],[23014,-28925],[11428,-13726],[-55075,-66596],[-48364,-58288],[-3470,3084],[-62357,-70427],[-70898,-80593],[-12433,-13505],[23134,-29127],[-2919,-2122],[-2989,-43],[-1458,902],[-4380,-784],[-3634,-1085],[-1853,-1020],[-3444,-829],[-2355,933],[-1265,-542],[-4511,-5351],[-1799,-1291],[-3331,178],[-507,464],[-1267,3397],[-1990,885],[-3029,2036],[-712,56],[-4510,-1698],[-4240,-854],[-2597,-292],[17741,22394],[-62850,79415],[-56665,-64173],[-573,391],[-4211,987],[-960,-474],[-3266,-4212],[-1108,-991],[-2057,-289],[-1645,-854],[-2954,-3754],[-1227,-721],[-3197,-125],[-2787,-417],[-8031,347],[-2004,249],[-2373,-473],[-4573,-2285],[-977,-1911],[-4411,-5740],[-1094,-257],[-2338,913],[-3992,2036],[-2947,2379],[3770,977],[1268,-533],[822,-1477],[1726,-407],[874,1105],[-516,1520],[-1888,929],[-431,2045],[2538,770],[695,652],[-238,1528],[-1220,1355],[-3483,2760],[-2646,4165],[-1315,1577],[-2833,4383],[-527,2194],[93,1946],[-706,3911],[75,3068],[1255,215],[1170,-2067],[3324,-2353],[2934,-1053],[875,1030],[217,1762],[-1358,2474],[1023,1257],[2459,-16],[850,655],[1469,2278],[1,3813],[-2694,5396],[-1262,3973],[0,3926],[1386,3771],[1701,3105],[1970,1767],[1415,1865],[1686,4227],[937,955],[3533,8],[4558,-755],[1159,671],[-24398,32967],[2681,4631],[-62196,79336],[16586,19755],[50415,59398],[27786,37155],[6781,8561],[37960,46233],[54057,65742],[9193,-11498],[5142,-6265],[625,1421],[-364,3769],[1088,1257],[1261,29],[449,869],[1143,-385],[258,1315],[1317,328],[2130,-401],[483,608],[1307,-980],[1453,1677],[1267,-346],[2306,2108],[-172,1156],[1540,1941],[6,1720],[2235,685],[622,1660],[765,315],[401,1991],[961,-539],[75,1122],[1161,587],[99,1572],[1491,-863],[826,318],[225,-2726],[1138,25],[2261,1172],[-211,1753],[2208,2592],[276,2024],[3991,4837],[-1274,2814],[-898,355],[-49,1270],[1625,2465],[-64,2168],[1004,844],[-134,2727],[-1572,191],[12,1195],[1112,1783],[1102,398],[777,1663],[835,-356],[1213,1185],[29,2171],[989,3835],[1814,2284],[582,2256],[2532,-617],[942,926],[1479,-1913],[2614,-802],[2887,915],[9751,-11976],[8915,-10506],[18644,22287],[6393,7830],[8658,-9292],[75466,-90478],[53963,66158],[51220,-63655]]],"transform":{"scale":[4.224252008504804e-7,2.4069701739400787e-7],"translate":[-70.54060040099995,46.24963579100006]}}