{"type":"Topology","objects":{"28035":{"type":"Polygon","arcs":[[0]]}},"arcs":[[[499999,339612],[-477,-571],[-449,-9721],[301,-2586],[-554,-5974],[-1584,-5432],[80,-3359],[-2150,-3071],[-2265,-2511],[-2333,-6165],[-245,-1859],[-3352,-3342],[-2498,-124],[-2341,-2932],[-2720,-4146],[-179,-2057],[305,-3267],[-910,-2571],[90,-1718],[1591,-2277],[0,-2720],[-583,-1598],[-2249,-2153],[-617,-3519],[814,-2560],[-639,-2804],[-1970,40],[-1142,2361],[-868,203],[-2311,-1743],[-180,-1809],[938,-2034],[75,-1612],[-5808,-7036],[-1321,-2157],[-1012,-2598],[-3895,-5352],[-1628,-3220],[166,-2941],[649,-1908],[-510,-3460],[-1861,-2047],[-860,-1594],[979,-1055],[-2076,-1832],[-956,-3165],[85,-1402],[1634,-573],[-1515,-2245],[715,-2262],[-979,-842],[-492,-2323],[-1489,125],[-2808,-3117],[-1358,-5070],[417,-3113],[-1555,-5616],[84,-2094],[1082,-3326],[-191,-2039],[-810,-1333],[-2229,-933],[-749,-1493],[212,-1777],[2711,-4043],[2976,-1415],[1779,-2812],[-600,-3892],[267,-1579],[1702,-4713],[19,-2040],[-1483,-1956],[-2976,-2302],[-2534,-3275],[-1246,-2140],[-2060,-1883],[-539,-2025],[2195,238],[1066,-1211],[-909,-1147],[-2593,-1452],[-1509,-3731],[132,-3924],[-1945,-3659],[-791,-2897],[668,-3426],[-153,-1782],[-1663,-2492],[-2010,-1861],[-1788,-2570],[-416,-1993],[3324,-2638],[-819,-10276],[-2443,-4692],[-868,-3750],[-207,-5285],[-458,-1922],[-2327,-3571],[1885,-708],[-653,-3027],[-1418,-2147],[-2952,-2404],[-2972,-472],[-1004,-1224],[-718,-2701],[603,-2349],[-1161,-1405],[-2882,-4540],[-430,-2144],[-3465,-2244],[-11,-1479],[3039,-4648],[148,-1630],[-850,-2933],[-3961,-7235],[-11071,25143],[-6055,7503],[-6480,8508],[-5444,6581],[-685,1542],[-16348,19938],[-128612,-82247],[-679,-405],[-23502,42312],[-56293,-65652],[-87367,112093],[-2092,2846],[-2886,4526],[2485,3442],[-33025,39143],[4466,5214],[-2767,1970],[-1784,1652],[-1637,798],[-740,-1538],[-1186,-986],[-1286,867],[-1023,1843],[-3308,-13],[-23879,30300],[12833,14048],[73185,83835],[64368,73261],[3582,-3210],[49924,60634],[56850,69274],[73706,-89276],[52991,65051],[78249,-94539],[34311,-41623]]],"transform":{"scale":[4.0922801245600676e-7,2.3138975477939876e-7],"translate":[-70.4360914319999,46.21257360100009]}}