{"type":"Topology","objects":{"28045":{"type":"Polygon","arcs":[[0]]}},"arcs":[[[499998,269868],[-22099,-23896],[-25916,-28157],[-38052,-41459],[-13450,-14159],[-14182,-15439],[-18413,-19921],[-2091,-2360],[-15254,-16624],[-3493,-3608],[-3545,-4033],[-10130,-10997],[-11736,-12515],[-5852,-6584],[-5864,-6367],[-19133,-20425],[-12278,-13210],[-5086,-5676],[-20727,-22043],[-55549,60943],[-58519,-63338],[-81841,86620],[-9388,8896],[30390,33028],[-65030,68811],[-5618,6015],[26841,29561],[-33983,34479],[28366,30246],[-8589,9063],[8693,9377],[12419,13570],[-10984,11248],[-17410,18789],[-8172,8614],[11006,11964],[49849,54404],[2686,-2596],[15241,17075],[16473,17860],[5196,5720],[31491,-30915],[12381,-13113],[13211,-14526],[19555,-21216],[13166,14322],[25370,27420],[14562,15843],[17533,19288],[17637,19593],[9781,10559],[1495,-1450],[78795,-81760],[140247,-146921]]],"transform":{"scale":[3.8952504105011955e-7,2.514185688371797e-7],"translate":[-70.43073030199992,46.345969644000036]}}