{"type":"Topology","objects":{"28040":{"type":"Polygon","arcs":[[0]]}},"arcs":[[[499759,283623],[-599,-652],[839,-2774],[-409,-1488],[-1964,-957],[-2335,547],[-1698,1586],[1289,2707],[-164,1358],[-882,805],[-2256,590],[-1648,-179],[-2011,-1375],[-576,-1256],[-15,-2922],[-1526,-2153],[-3054,-369],[-2730,-2696],[-9,-1294],[-2070,-2578],[-1345,-467],[-4770,5321],[-3892,1604],[-2730,1433],[-2692,-117],[-3000,-878],[-3615,-2181],[-3163,-2443],[-2155,-5868],[-2655,-3587],[-1347,-1001],[-6291,-2825],[-2916,-2794],[-898,-5800],[-629,-1863],[-2251,-1598],[-2296,-558],[-2649,1224],[-3436,-3596],[-2997,-1833],[-3278,-2518],[-1549,-293],[-2861,1979],[-4159,-1087],[-2532,-3421],[-268,-1579],[1437,-651],[1082,-3543],[-914,-1529],[-2557,-1037],[-1472,-1794],[-909,-3551],[-1205,-2376],[-3173,-4722],[-1797,-4065],[268,-1631],[1236,-2980],[-1205,-3567],[-261,-1702],[-930,-1185],[-2736,-1742],[-3175,-4816],[-3305,-2864],[-1155,-2418],[-2551,-2794],[-3154,-7029],[-5145,-3764],[-2981,-3596],[-647,-3294],[-2902,-2908],[-2749,-1738],[-3043,-5044],[-1144,-3203],[508,-1401],[3069,-4397],[2944,-11507],[1335,-2523],[188,-2865],[-392,-1182],[-2853,-5632],[433,-2706],[840,-1813],[-296,-2725],[-1051,-2467],[-66,-1887],[2229,-4667],[2178,-3244],[2984,-2622],[55,-2433],[1408,-3564],[1743,-1861],[717,-2037],[-280,-3272],[-1438,-4182],[-1829,-3437],[-1841,-4358],[-2758,-3208],[-244,-4845],[157,-3557],[-1099,-6144],[398,-3295],[1232,-3245],[543,-3770],[1049,-2589],[-685,-3164],[-2814,-3312],[-258,-1361],[612,-1311],[2398,-1869],[-933,-3060],[-1894,-1680],[-6497,-1829],[-2173,-1612],[-1976,-912],[-1571,120],[-1590,1442],[-2038,-1390],[-2827,-2684],[-760,-1652],[936,-2897],[-2171,-1832],[-110,-2020],[-1702,-503],[-4297,406],[-1007,-309],[-539,-1220],[1572,-2615],[-409,-594],[-2196,-109],[-1944,-618],[-2701,-1401],[-3280,-2255],[-4809,-297],[-4401,-1979],[-4504,292],[-3508,-1083],[-1998,-1648],[-2155,1836],[-1059,-1520],[32,-2165],[-2614,-872],[-2748,-202],[-1601,-920],[-37720,39258],[-86026,89167],[-58261,-61355],[-94000,97671],[-26117,28379],[31266,32765],[21692,22589],[18418,19614],[19776,20673],[6135,6525],[6022,6637],[12382,12935],[10603,11272],[3710,4134],[3654,3696],[15963,17037],[1448,1638],[20009,21198],[14841,15820],[14074,14512],[39668,42324],[27274,29021],[23126,24489],[55695,-57351],[14792,-15943],[26697,-26816],[30330,-31178],[82060,-84945],[124,-143]]],"transform":{"scale":[3.7222750845496416e-7,2.453270006540421e-7],"translate":[-70.34393708699992,46.29115646300005]}}