{"type":"Topology","objects":{"28060":{"type":"Polygon","arcs":[[0]]}},"arcs":[[[349889,397978],[30119,-24393],[17699,-14091],[41743,-34256],[42191,-34393],[13500,-11175],[-3718,-1832],[-1241,-888],[-791,-3262],[-2182,-3412],[-1566,-1265],[-3513,-208],[-1333,-2766],[-3337,-2160],[-1516,-525],[-1872,-2404],[901,-1730],[-2108,-691],[-1494,-1474],[-1390,-179],[-753,1020],[-1681,-525],[-48,-874],[-1985,-291],[-809,-2416],[1219,-1014],[-648,-722],[-3557,-1292],[-4527,-2390],[-2630,-1041],[821,-2630],[-409,-3943],[-1696,-1346],[-1186,-440],[-2905,-2128],[661,-1392],[71,-1716],[-446,-825],[-2724,-2786],[-302,-4364],[-1917,-1798],[-5008,-3031],[-1370,-2582],[85,-819],[1162,-36],[351,-867],[-1126,-1602],[-2750,-1651],[-2509,-537],[-1306,-970],[-65,-1507],[731,-1549],[-1460,-1474],[-1769,-2456],[-1423,-1254],[66914,-49051],[-2202,-1996],[7213,-5646],[-27812,-24931],[18737,-16227],[-17585,-13792],[-36471,-29190],[18342,-15816],[-53273,-43284],[-2536,-2007],[-2513,1977],[-42201,32804],[-12295,8804],[-56662,-45271],[-51838,40788],[-36580,29642],[-3725,-121],[-3370,328],[-1016,-880],[-113489,89326],[23942,18609],[263,160],[37897,30554],[-56409,44671],[-5722,4563],[-19157,14919],[-718,833],[-6462,4945],[-10636,8473],[-2071,1817],[-36638,29797],[84760,69018],[138498,112557],[78431,-63787],[13756,-10136],[19789,-16212],[14655,-11886]]],"transform":{"scale":[3.9285189170374986e-7,3.405937171875068e-7],"translate":[-70.5826601739999,46.44032101100004]}}