{"type":"Topology","objects":{"28065":{"type":"Polygon","arcs":[[0]]}},"arcs":[[[499999,303382],[-79402,-74435],[-97135,-97148],[-13307,-13002],[-23993,-24129],[-23850,-23753],[-19812,-19513],[-34514,-33765],[-17910,-17637],[-26602,26126],[-17971,17889],[-16844,16149],[-42838,38072],[-7071,-7045],[-22409,-21995],[-20733,-21028],[-3656,3196],[5278,5213],[-25164,26385],[50039,48695],[24125,23010],[-25707,27071],[38160,41592],[-9897,9419],[3020,3331],[-91806,81828],[1952,2094],[2429,4099],[2002,2459],[-1003,2582],[90,2515],[1790,1619],[3444,897],[3774,2754],[1543,2671],[-482,1447],[-1594,61],[-116,1363],[1878,4310],[6873,5055],[2631,2999],[412,7280],[3739,4650],[613,1377],[-98,2864],[-908,2320],[3986,3552],[1627,733],[2326,2244],[562,6578],[-1128,4388],[3612,1738],[6210,3985],[4878,2156],[890,1205],[-1670,1690],[1109,4031],[2724,487],[64,1456],[2306,878],[1033,-1701],[1908,296],[2049,2461],[2893,1151],[-1251,2445],[14198,-12998],[30251,30571],[40307,40321],[20274,19562],[9700,9445],[23186,-21104],[5469,-5613],[11515,-11391],[23698,-22339],[17727,-16443],[23746,-22274],[23468,23063],[33856,33119],[10641,-10193],[18353,-17370],[34420,-32851],[16933,-16598],[17001,-16563],[51245,-49670],[10914,-10389]]],"transform":{"scale":[2.863329446659501e-7,2.0415837031680818e-7],"translate":[-70.41449096799994,46.44477079100005]}}