{"type":"Topology","objects":{"28075":{"type":"Polygon","arcs":[[0]]}},"arcs":[[[286963,470646],[6617,-7014],[43308,-50010],[36624,-42574],[58196,-67106],[47107,-55510],[21184,-24717],[-16270,-18081],[-33332,-38118],[1219,-1453],[-53899,-62033],[2336,-3034],[-35118,-38994],[-1258,1595],[-24493,-27253],[-32614,-36344],[-5511,6240],[-25869,29835],[-8583,9949],[-8549,9969],[-17375,19732],[-9267,10434],[-5372,6124],[-17092,-19894],[-11846,-13854],[-11987,13380],[-8951,9875],[-11963,13420],[-5812,6843],[-2762,3371],[-11706,12676],[-4896,-5675],[-10236,-11749],[-20347,-24219],[-15273,-18362],[-7167,7807],[1304,2676],[1049,523],[2313,2166],[922,2772],[1657,-19],[1322,689],[785,1286],[1265,2940],[548,3268],[861,890],[2574,1834],[-9349,11199],[-29225,34465],[-28911,34327],[-12260,14120],[-20861,24443],[86381,96949],[48131,53927],[1877,2358],[64991,73007],[12535,12921],[-788,975],[10118,11045],[38962,45336],[24080,-28644],[676,-709]]],"transform":{"scale":[5.671817943636366e-7,3.398890417780941e-7],"translate":[-70.44520554699993,46.506708701000036]}}