{"type":"Topology","objects":{"29013":{"type":"Polygon","arcs":[[0]]}},"arcs":[[[365808,476083],[49750,-111764],[51209,-115265],[33232,-72417],[-22778,-13957],[-67044,-41416],[-91989,-56953],[-73151,-45806],[-30299,-18505],[-18652,44967],[-11215,28402],[-1109,4753],[-3677,5130],[-4760,3631],[-3875,653],[-6858,-799],[-2064,-2535],[-531,-3638],[551,-2431],[3262,-2446],[2699,-3237],[700,-5326],[-2152,-7379],[-4108,-7046],[-1173,-5617],[-3196,-6988],[-973,-3221],[-2352,-5802],[-2301,-3461],[-2805,-3606],[-2165,-4816],[-990,-4197],[-1407,-3545],[-4579,-41],[-25898,-911],[-44803,-529],[-57636,-779],[-4561,-31],[-1037,78786],[-2842,158894],[-4231,249623],[2483,45],[125823,2675],[56426,821],[707,-3109],[2224,-5435],[3605,-6454],[3242,-6125],[4838,-8230],[2919,-2012],[3445,-1779],[1965,-1623],[-143,-9616],[1116,-6879],[1891,-4485],[-154,-5995],[-2103,-9804],[139,-4218],[2822,-11467],[195,-5326],[-856,-3716],[-3928,-7697],[-860,-3987],[290,-2921],[847,-1795],[4036,-3921],[1870,-2475],[10737,6090],[23979,15006],[2672,1615],[52957,33184],[21896,13787],[3114,1921],[37614,23550]]],"transform":{"scale":[4.6315662231318895e-7,2.7265339130681075e-7],"translate":[-70.73114470899992,45.77890751500007]}}