{"type":"Topology","objects":{"29025":{"type":"Polygon","arcs":[[0]]}},"arcs":[[[204299,431798],[14093,-14488],[51884,-55491],[47674,-51288],[-15476,-34364],[-3762,-7843],[10592,-10805],[13850,28007],[25319,-25123],[45,6868],[-706,6953],[3273,781],[2366,-772],[1179,-892],[13306,-14008],[14497,31412],[26620,-55105],[10050,-120],[39551,142],[-766,-53802],[-470,-21198],[42581,-1067],[-200,-13525],[-55,-8149],[-324,-12408],[-159,-1880],[13,-30093],[-3186,-112],[-12199,-118],[-2279,194],[-2260,699],[-3062,2349],[-2092,3238],[-6834,14357],[-45939,-114147],[-68937,68893],[-38920,39087],[-36209,-64114],[-45033,48731],[-17045,20653],[-12513,-25716],[-81195,88027],[-25666,28010],[-21466,-44385],[-7330,7996],[-19383,20173],[-7506,7502],[-8732,9257],[-4878,5297],[-7630,8839],[-7288,7990],[-11692,12351],[12729,28145],[20178,43020],[35679,76286],[33774,77095],[5068,9500],[12947,27362],[7806,-8236],[184,-441],[69853,-71083],[714,-695],[5367,12254]]],"transform":{"scale":[4.987649915299839e-7,2.3087775775554667e-7],"translate":[-71.10651381299994,45.89091908200003]}}