{"type":"Topology","objects":{"29020":{"type":"Polygon","arcs":[[0]]}},"arcs":[[[120755,482662],[11634,237],[14090,154],[17505,385],[140328,1748],[108684,2867],[76053,998],[5713,-248026],[3836,-157876],[1400,-78282],[-48893,-251],[-43708,27],[-74452,-535],[-55767,800],[-55515,-2052],[-90206,-467],[-631,-276],[-9110,-86],[-103290,-2027],[-3338,66210],[-6634,138140],[-2109,57735],[-3659,73577],[-2686,56543],[7509,11669],[66850,96125],[9934,-12078],[3044,-2727],[4450,-1974],[3286,-589],[3311,-162],[17738,98],[4633,95]]],"transform":{"scale":[3.430625001249527e-7,2.744105848212326e-7],"translate":[-70.89891930599993,45.78006800300005]}}