{"type":"Topology","objects":{"29038":{"type":"Polygon","arcs":[[0]]}},"arcs":[[[376016,404511],[384,-94597],[62966,-1017],[-317,-10815],[29650,1932],[31300,2138],[-3685,-184317],[-2406,-110676],[-76807,-1119],[-109763,-3211],[-118596,-1641],[-23126,-317],[-17479,-430],[-14429,-177],[-11750,-264],[-20,28375],[232,1772],[477,11701],[81,7684],[293,12752],[-62521,1007],[689,19989],[1126,50732],[-58074,-134],[-4241,33],[696,44102],[1952,90055],[1022,71836],[-46,0],[-755,50655],[-195,10584],[133297,2556],[484,30983],[1063,65317],[78167,-500],[40497,-442],[-1251,-93977],[10230,-8],[91093,-1180],[19762,619]]],"transform":{"scale":[3.396897433795133e-7,2.448473916948321e-7],"translate":[-70.89892062899992,45.912515650000046]}}