{"type":"Topology","objects":{"29030":{"type":"Polygon","arcs":[[0]]}},"arcs":[[[499927,357822],[72,0],[-1624,-124782],[-3101,-156433],[-1105,-76607],[-16698,139],[-62076,90261],[-33806,-51453],[-31029,22945],[-2748,1463],[-5519,1263],[-7632,-1281],[1647,-11389],[-107,-11247],[-59040,41149],[-32298,-45873],[-24702,17695],[8777,12846],[36087,56288],[-111173,84008],[-120990,90893],[-32862,23728],[36974,59435],[3485,1979],[19645,29765],[34035,49620],[26928,37765],[91572,-122255],[6001,10029],[12752,8079],[28271,-3861],[47269,-3501],[3190,3],[-1069,-35095],[87427,3812],[103447,612]]],"transform":{"scale":[2.138862497724515e-7,1.4095473390954143e-7],"translate":[-71.00461658699993,45.94530358900005]}}