{"type":"Topology","objects":{"29045":{"type":"Polygon","arcs":[[0]]}},"arcs":[[[278193,494021],[-739,-22890],[-8559,-114919],[237,-3228],[-1891,-26796],[-180,-1643],[-1048,-15788],[50464,16554],[39130,-52250],[80795,-106984],[63597,-86471],[-52961,-20175],[-4572,-1719],[-30890,-11834],[-70993,-27070],[-8022,-3002],[-28253,-10763],[-14613,-5043],[-2546,2049],[-5494,3247],[-1154,1487],[-393,2419],[1171,3301],[5345,6377],[1168,3077],[-268,4410],[-3840,9499],[-189,3493],[2864,8120],[206,4965],[-2574,3715],[-1517,5698],[196,7965],[-2676,1343],[-4689,1472],[-3972,1669],[-6586,6815],[-4414,5072],[-4905,5346],[-3027,4503],[-962,2573],[-76803,-679],[-171256,-2215],[-3380,-37],[2400,82317],[3680,137106],[129939,3447],[-4676,25637],[1094,21935],[2789,67064],[1151,29749],[48516,442],[10969,171],[277,10952],[-3567,10232],[-2231,9119],[5632,6144],[6499,-279],[75721,-5699]]],"transform":{"scale":[3.402823165646192e-7,3.2919731239453995e-7],"translate":[-70.73114470899992,45.88276976600008]}}