{"type":"Topology","objects":{"29050":{"type":"Polygon","arcs":[[0]]}},"arcs":[[[499999,146395],[-94571,-25625],[74223,-68983],[-188481,-51787],[-138068,126072],[-66867,61574],[-86235,-19509],[1789,18608],[310,1935],[3230,31577],[-406,3804],[14626,135426],[1378,29407],[1196,22625],[-84,3609],[2183,47857],[144016,37014],[66212,-61329],[-6152,-82044],[28736,8020],[87233,-74957],[72117,-64874],[83615,-78420]]],"transform":{"scale":[1.9912888625784304e-7,2.79350276700602e-7],"translate":[-70.64062514699992,45.937442246000046]}}