{"type":"Topology","objects":{"29057":{"type":"Polygon","arcs":[[0]]}},"arcs":[[[339074,483724],[33655,-72171],[31519,-67283],[21409,-46447],[23999,-50489],[27621,-58472],[6791,-16370],[-88,4],[16018,-33753],[-72232,-40715],[-1626,1718],[-1581,2964],[-2563,-1733],[-37903,-22186],[-17297,38358],[-45325,-42993],[-5250,-8265],[-3087,-4400],[-1547,1894],[-80,2523],[1720,8708],[-1483,-947],[-24415,-18001],[-27973,-16654],[-65881,-39014],[-35853,74908],[-30922,61969],[-37404,71597],[-12323,-7660],[2639,78369],[-28349,58492],[-6778,14750],[-29280,6497],[-8422,1369],[-6783,1822],[16803,17669],[7429,7749],[1922,-3600],[2945,-3351],[3278,-1592],[1179,-332],[4739,-492],[4953,963],[1598,846],[1452,-7],[3099,-1390],[3526,-2423],[1660,-1962],[1604,-1299],[3977,-830],[2487,745],[1095,2404],[2476,1941],[2019,-360],[4497,-2183],[3202,-3611],[1206,-1788],[1025,-5211],[970,-2152],[7499,7434],[4787,5421],[31286,35572],[12755,-7528],[2060,-1689],[8977,-5874],[3016,3021],[30253,32051],[19557,-12630],[21746,-15524],[10125,72648],[1427,10314],[48037,-10173],[47550,-5203],[3117,30312],[7741,-16275]]],"transform":{"scale":[4.6440050280103204e-7,2.924485128970272e-7],"translate":[-70.63091118099993,45.978337847000034]}}