{"type":"Topology","objects":{"29065":{"type":"Polygon","arcs":[[0]]}},"arcs":[[[499999,264496],[-40250,-39080],[33581,-64666],[-5218,-46489],[-79583,7981],[-80400,15602],[-2388,-15819],[-16948,-111415],[-36396,23808],[-32732,19371],[-50636,-49156],[-5047,-4633],[-15027,9008],[-3447,2590],[-36681,19836],[-37329,21901],[-29594,16763],[47053,44643],[-48611,51873],[-60346,63002],[166998,171326],[-3336,7677],[96440,91380],[19606,-21046],[8299,-8816],[13973,-15210],[50582,-54806],[10990,11223],[-14531,-124341],[150978,-22507]]],"transform":{"scale":[2.7746774293554553e-7,1.9068602737207466e-7],"translate":[-70.61392286099993,46.093908869000074]}}