{"type":"Topology","objects":{"29073":{"type":"Polygon","arcs":[[0]]}},"arcs":[[[450601,486151],[222,-371],[36671,-56234],[112,-209],[12393,-18337],[-109988,-72633],[39744,-26710],[32016,-21991],[-30990,-18928],[19492,-7106],[24584,-9285],[10100,-3514],[-34487,-23129],[-5278,-3526],[-8265,-4832],[-1070,1399],[-1131,3388],[-1330,1163],[-3528,2348],[-4959,1418],[-2225,234],[-2729,-1262],[-1207,-1563],[-2741,-483],[-4385,539],[-1767,844],[-1829,1275],[-3888,1577],[-3417,903],[-1598,6],[-1762,-551],[-5461,-625],[-5223,319],[-1301,216],[-3613,1036],[-3246,2178],[-2119,2341],[-8189,-5040],[-18524,-11488],[7479,-1183],[9284,-891],[32276,-4225],[7425,-9531],[-68071,-22987],[-1033,-29724],[41,-2241],[-620,-15563],[-61161,4171],[-5249,203],[-4549,-4494],[1802,-6675],[2881,-7489],[-223,-8016],[-8861,-124],[-39187,-325],[-930,-21774],[-2251,-49082],[-885,-16055],[3778,-18764],[-104955,-2522],[-25238,-1176],[-23907,-1051],[255,5885],[-50770,555],[-307,51496],[4091,86],[-1122,18871],[27576,94],[-4816,7822],[16667,10919],[21578,13154],[37345,23765],[2130,906],[-49113,35215],[27015,16706],[20045,12887],[-3063,2689],[-48888,38394],[-21767,17357],[-44387,35821],[8473,5665],[63174,40015],[82513,53462],[1570,-2916],[2642,-10157],[-189,-2001],[51520,32801],[-2117,1520],[36927,23829],[-7078,-32157],[18611,-23123],[134630,87138],[50628,33301],[9297,-13848]]],"transform":{"scale":[4.212901705802846e-7,4.497868295737346e-7],"translate":[-70.77823059999992,45.98550059300004]}}