{"type":"Topology","objects":{"29095":{"type":"Polygon","arcs":[[0]]}},"arcs":[[[425223,105887],[-157381,-105887],[-267842,263995],[390311,236004],[28035,-50335],[14226,-17423],[-7839,-32985],[4178,-13172],[10312,-12582],[38511,-28794],[17225,-25712],[5040,-18797],[-605,-13251],[-14357,-21567],[-30897,-17180],[-13607,-12728],[-6458,-11875],[167,-26724],[8214,-21934],[11622,-10844],[33233,-16445],[-62088,-41764]]],"transform":{"scale":[3.7854735709578706e-8,3.670576941143786e-8],"translate":[-70.82883285699995,46.089623531000086]}}