{"type":"Topology","objects":{"29100":{"type":"Polygon","arcs":[[0],[1]]}},"arcs":[[[286718,469899],[35018,-32225],[-13523,-10301],[70849,-65138],[34741,-31565],[78030,-69813],[4889,-4893],[-31993,-23433],[-43121,-30379],[78391,-64036],[-3403,-1648],[-59605,-43214],[-34440,-23917],[-26604,-19858],[7689,-14222],[-44016,-173],[1792,-34316],[-31966,-768],[-117230,1167],[-13165,7],[1609,93026],[-52117,440],[-100641,493],[159,42756],[-2137,77750],[694,11293],[21023,15345],[-19768,23174],[-4048,4249],[-4550,4300],[-4724,3812],[-2717,5337],[-4226,3567],[-2641,2865],[-2323,687],[-101,1761],[-2543,2532],[20800,13584],[87952,59015],[-55580,52835],[50236,35383],[453,-558],[12129,-11303],[4820,-5193],[5149,-4826],[983,-1655],[1956,-1351],[6411,-5453],[54672,33871],[64014,41088],[32723,-30099]],[[177486,331927],[8903,6199],[-4766,2439],[-1666,1611],[-1178,3254],[-23,3966],[926,1761],[1951,1890],[4431,2549],[2058,3201],[88,1966],[-723,2790],[-2470,3815],[-5523,4272],[-1480,1867],[-599,1956],[1124,4895],[-2040,2584],[-4020,7471],[-55977,-35022],[38413,-39177],[22571,15713]]],"transform":{"scale":[2.639502639005001e-7,2.473497626995332e-7],"translate":[-70.85958358599993,46.011407840000054]}}