{"type":"Topology","objects":{"29112":{"type":"Polygon","arcs":[[0]]}},"arcs":[[[498892,299776],[-523,-11418],[1630,-79644],[-121,-43796],[33,-2],[-1043,-66229],[-475,-31418],[-130771,-2592],[191,-10732],[742,-51364],[-63900,-357],[-54005,-2224],[661,20485],[-1972,-2],[-29199,2044],[-17462,2255],[-7878,-4718],[-3707,-5852],[-56566,71363],[-16633,-22044],[-18206,-25097],[-32436,25631],[38851,55503],[-73944,99872],[-2886,3860],[-4039,4705],[-5709,7200],[-1746,2565],[-5081,6057],[-1822,2601],[-2076,2333],[-2524,3813],[-1491,1414],[-4785,6405],[37202,37470],[-25688,30584],[-6223,7718],[43096,38651],[-11781,12275],[40483,38095],[22349,20614],[18341,16746],[20356,18397],[21427,19056],[2700,-3401],[11172,-14894],[29711,-37400],[42355,32915],[88799,-113375],[26628,24147],[727,1478],[3652,1989],[2676,3642],[2710,2300],[1996,2433],[2039,682],[1270,1318],[9868,-11264],[51516,-62119],[19329,-22863],[2314,-2453],[6439,-8571],[7381,-8997],[1840,-2081],[1960,-738],[2053,11],[2985,735],[12976,12123],[4234,4160]]],"transform":{"scale":[3.462528545057506e-7,2.4146754893513894e-7],"translate":[-71.02530269399995,45.99511690700007]}}