{"type":"Topology","objects":{"29125":{"type":"Polygon","arcs":[[0]]}},"arcs":[[[499999,184043],[-181792,-120935],[-94744,-63108],[-38226,48839],[21102,98585],[-2569,7987],[-2261,5590],[-2092,6225],[-5285,11295],[-3238,6461],[-1508,3740],[-1144,8226],[95,2959],[991,2677],[2340,3921],[3431,7445],[717,5293],[-388,2217],[-68683,-47429],[-3532,5173],[-7826,7624],[-8685,8793],[-2057,5042],[-766,6159],[1838,5816],[-1152,2394],[-2570,7231],[-3422,6249],[-6753,5609],[-5155,3138],[-2791,2285],[-6278,6545],[-5978,7100],[-5164,7237],[-3504,2824],[-11291,7148],[-9679,8102],[-5820,3342],[-14516,1879],[-10846,2372],[26267,17442],[11570,7816],[14118,9203],[18468,12880],[-33336,-2214],[-47885,36466],[210155,132313],[4021,-3168],[7756,-5010],[46840,-33231],[6358,-5025],[10723,-7163],[12168,-8790],[8336,-5672],[15916,-11443],[8872,-6681],[24845,-18041],[12029,-8582],[9498,-6546],[61163,-43660],[24447,-18095],[-35018,-24799],[7948,-11704],[5510,-8588],[13340,-20081],[11330,-17788],[8734,-13014],[2137,-3574],[18825,-28820],[4066,-6481]]],"transform":{"scale":[2.0510321020646894e-7,2.1295632391268038e-7],"translate":[-70.71619365899993,46.15622202800005]}}