{"type":"Topology","objects":{"29120":{"type":"Polygon","arcs":[[0]]}},"arcs":[[[491812,289403],[-94555,-71432],[5418,-4559],[-131927,-98330],[487,5999],[-6768,30446],[-4018,8743],[-211292,-160270],[-49157,58568],[819,2861],[3467,18894],[4772,23488],[85714,63268],[5075,25282],[-1508,5913],[-4284,6587],[-7568,8513],[-12270,13232],[-5715,6983],[-2150,6322],[-5079,12271],[-14457,36420],[270631,211397],[8162,-6675],[6437,-10273],[7453,-10075],[7826,-9291],[3480,-3243],[6427,-4454],[8419,-7961],[4267,-8868],[4637,-13661],[-2290,-8256],[955,-8743],[2564,-7157],[10827,-12480],[9756,-10819],[4403,-7344],[85626,67319],[483,-3146],[-895,-7513],[-4275,-10567],[-2919,-5565],[-1233,-3800],[-120,-4201],[1426,-11675],[1881,-5307],[4036,-9174],[6589,-16030],[2607,-8836],[2819,-7933],[3204,-11336],[-8187,-43532]]],"transform":{"scale":[1.6452278104547675e-7,1.5003644207287463e-7],"translate":[-70.7561338559999,46.13766473900005]}}