{"type":"Topology","objects":{"30010":{"type":"Polygon","arcs":[[0]]}},"arcs":[[[498242,420683],[-1018,-11862],[-5726,-27796],[1408,-24097],[5,-15653],[3298,-55486],[314,-33728],[3153,-31593],[323,-21280],[-5338,974],[-12080,1623],[-7654,-1726],[-3070,-1392],[-5783,-506],[-5222,954],[-4686,74],[-4917,-858],[-2263,2171],[-8485,1548],[-2820,1297],[-2235,4508],[-1158,3337],[-3807,889],[-6207,548],[-6300,2127],[-3472,1413],[-3138,1940],[-3917,715],[-3147,1355],[-4412,5101],[-6834,3004],[-7274,2890],[-3904,1884],[-6744,1424],[-2293,-167],[-7512,-8394],[823,-4445],[3877,-4221],[1279,-2577],[-1373,-5608],[2050,-1935],[-2116,-3910],[2930,-1121],[7730,-1018],[8367,-2309],[4542,-3171],[2368,-2579],[959,-1934],[2930,-1119],[-674,-1635],[-4921,-1445],[-2875,-3380],[-10244,-9260],[-3552,-5601],[-13685,-5507],[-4645,-1008],[-4932,-2613],[-7630,23],[-9930,-1311],[-5222,952],[-3158,185],[-2956,-1219],[-12586,-4929],[-7579,-5645],[-5338,191],[-13457,5185],[-5873,1070],[-10022,264],[-9489,-613],[-15501,-2643],[-4745,-600],[-6946,2826],[-3689,1647],[-5984,894],[-5571,-1329],[-5774,76],[-6987,-1267],[-4831,-3610],[-8426,-3541],[-15630,-5158],[-3606,-1101],[-9270,-852],[-6631,1597],[-7003,-3021],[-6000,-860],[-7432,-2553],[-8068,-679],[-5183,-718],[-9283,-2605],[-8189,-2026],[-4068,-4139],[-4063,-3554],[-7782,-5416],[-4272,-2737],[-2967,-2973],[3895,-3049],[-667,-1634],[-5572,-1915],[-4709,-2852],[-4417,-7003],[-2745,-2622],[-1651,-2042],[201,-1988],[4336,-2348],[4998,-1298],[7307,1209],[-4566,-5511],[-1120,-3503],[-4496,-3671],[-5463,-2324],[-5134,-1799],[-5349,-1566],[-5559,-746],[-3386,-1335],[-687,-3973],[724,-4619],[-1013,-3912],[-4051,-2970],[-6009,-2617],[-1987,-3151],[1717,-3042],[2810,-2461],[-555,-1460],[-2623,-1278],[-6244,-4719],[-7928,-4510],[-353,-3447],[742,-2281],[-1970,-1397],[-8165,-274],[-1326,-2685],[-4814,-3027],[528,-2047],[-1245,-6016],[-3612,-2855],[-377,-598],[-2489,433472],[46,11378],[152428,226],[-776,37378],[67787,-891],[143283,-539],[75,18975],[21176,-355],[33413,-1721],[-6719,-75634],[87529,-1606]]],"transform":{"scale":[3.269310078619712e-7,4.300676281353305e-7],"translate":[-71.1322757879999,45.24671605900005]}}