{"type":"Topology","objects":{"30015":{"type":"Polygon","arcs":[[0]]}},"arcs":[[[364724,499962],[-1949,-68230],[-2655,-67048],[-462,-7504],[4998,101],[135343,-138],[-908,-35980],[-3125,-133116],[-328,-127116],[-158384,910],[-74931,1500],[858,-62961],[-168507,-380],[-2162,23192],[-334,56023],[-92178,-37],[5718,253056],[106901,149],[37212,-643],[-324,54350],[401,72806],[69302,-262],[31,5615],[704,3717],[185,7761],[528,6498],[297,8291],[350,2616],[306,6653],[141857,213],[1256,-36]]],"transform":{"scale":[2.957610115219881e-7,2.5531494662982836e-7],"translate":[-71.16026593099991,45.438032182000086]}}