{"type":"Topology","objects":{"30020":{"type":"Polygon","arcs":[[0]]}},"arcs":[[[386899,496263],[4175,-9328],[-383,-348938],[1940,60],[45334,387],[38569,-178],[15322,-538],[1888,-2060],[1184,-2752],[1476,-2160],[1263,-2931],[2180,-3534],[-77,-5705],[-1600,-1168],[-2433,967],[-647,-3656],[-1744,-1485],[1615,-1573],[-2544,-3551],[-1576,-108120],[-34558,354],[-85728,3125],[-121023,4329],[-65086,1249],[-53840,2857],[-36,-964],[-84408,3447],[6479,162313],[-32222,3690],[-20419,763],[214,121227],[2725,169590],[54005,-754],[43209,442],[23534,-270],[65660,753],[51166,3009],[17972,72],[-563,1898],[-1173,15059],[979,7810],[43874,-2091],[85297,-1645]]],"transform":{"scale":[3.3902145604287486e-7,2.004026828053787e-7],"translate":[-71.01365081199992,45.42544372300006]}}