{"type":"Topology","objects":{"30035":{"type":"Polygon","arcs":[[0]]}},"arcs":[[[343725,429869],[-6884,-11662],[-12635,-21883],[-3714,-5713],[1157,144],[21133,-330],[8629,-379],[10390,-1411],[14356,-1703],[13870,-23148],[32229,-53618],[-1026,-11465],[-5086,-50848],[29898,-77198],[53957,-141553],[-84352,1912],[-43387,2430],[-969,-9079],[1160,-17502],[557,-2207],[-17774,-81],[-50598,-3500],[-64933,-876],[-23273,317],[-42731,-516],[-53405,876],[783,53283],[-116765,203],[-4312,-149],[399,11111],[2290,99289],[2020,121404],[522,29618],[8441,-496],[51522,-2716],[734,-16894],[89,-9218],[33211,-1527],[24955,-965],[838,110199],[13193,-487],[7364,153],[1790,474],[94581,-3817],[-10166,14892],[56165,94766],[55777,-70130]]],"transform":{"scale":[3.428194296389149e-7,1.7241153882296966e-7],"translate":[-71.05389321199993,45.51987857800009]}}