{"type":"Topology","objects":{"30030":{"type":"Polygon","arcs":[[0]]}},"arcs":[[[436167,351565],[4895,-11836],[1482,-5782],[-2090,-5359],[-4677,-2954],[-5515,2391],[-6972,9205],[-7133,4859],[-4328,3722],[-5110,607],[-3312,-3545],[-1275,-5873],[662,-6229],[2406,-4016],[4538,-601],[3842,-2708],[2171,-4876],[3219,-10391],[2298,-6055],[491,-6157],[1381,-6622],[2460,-4279],[8587,-9102],[3803,-7995],[7476,-13198],[1331,-5397],[-853,-5252],[-2855,-3502],[-9748,-2681],[-3933,-2612],[14173,-16170],[56418,-62658],[-38837,-63090],[-434,-2152],[1706,-2899],[2780,-570],[298,-87788],[-132024,90],[-70767,3416],[-13286,-559],[-18694,11],[-66354,-1098],[8741,79134],[1765,17845],[-55392,83444],[-23835,36023],[-24671,2650],[-17857,2198],[-14830,589],[-36321,514],[-1987,-224],[6384,8889],[21714,34057],[11829,18149],[8834,-9588],[15723,22166],[24350,33977],[4368,6290],[18642,-18667],[452,-59189],[684,-5584],[3271,-9813],[5477,-8438],[61019,89827],[6735,9300],[5014,10305],[3738,6288],[9873,15084],[18543,29398],[17626,26851],[20611,32384],[25120,39016],[3099,5264],[7802,-7746],[39203,-40778],[42072,-44375],[36135,-37300],[17849,-18235]]],"transform":{"scale":[1.9947728495452662e-7,1.1078475956946661e-7],"translate":[-70.94402239599992,45.56240504800007]}}