{"type":"Topology","objects":{"30040":{"type":"Polygon","arcs":[[0]]}},"arcs":[[[339446,493844],[62959,-47996],[-7241,-8815],[-12278,-14737],[44964,-38045],[-20835,-26117],[44946,-36910],[13339,-10760],[32248,-25203],[-28230,-35990],[26666,-449],[4015,-30],[-1791,-71427],[-319,-13405],[-1017,37],[-114887,-208],[-248,-6485],[-283,-2549],[-240,-8082],[-427,-6334],[-151,-7562],[-570,-3624],[-25,-5473],[-56127,254],[-325,-70962],[264,-52972],[-30138,625],[-86576,-144],[-347,13381],[291,36379],[-13564,-944],[-37398,36455],[-33667,33630],[-35002,35076],[-13132,12781],[-9791,9298],[-7582,7470],[-42782,42375],[18888,21012],[50033,57315],[-54572,48726],[-28514,24410],[12890,14020],[61000,65334],[9627,-8871],[5546,-4862],[47523,56533],[78480,-59802],[9497,11779],[3020,3859],[18910,22935],[5991,7063],[49376,-37289],[3663,4582],[4057,4642],[7860,9514],[4011,4983],[3448,3733],[14547,17846]]],"transform":{"scale":[3.651923903847175e-7,2.619466838933615e-7],"translate":[-71.2342202989999,45.52273072900004]}}