{"type":"Topology","objects":{"30045":{"type":"Polygon","arcs":[[0]]}},"arcs":[[[499999,159767],[-5412,-7707],[-8090,-11171],[-8510,-12231],[-4531,-6276],[-1716,-2615],[-2302,-4288],[-3090,-3870],[-28006,-37369],[-2514,3508],[-1501,4083],[-315,2325],[-206,24623],[-8556,7766],[-2006,-2617],[-11174,-14136],[-7218,-9220],[-4052,3988],[-43995,45406],[-44301,-61355],[8020,-9642],[-74603,2471],[-1412,-309],[-5808,-98],[-10407,315],[-661,-71348],[-19684,623],[-26195,990],[-70,5968],[-580,10938],[-40638,1759],[-6659,321],[1095,51084],[-3373,30],[-22406,443],[23720,35402],[-27097,24791],[-11207,10585],[-37765,36309],[17506,25690],[-37781,37427],[10317,14494],[6084,8673],[-52900,47214],[5400,7723],[20245,27233],[14559,22451],[36341,49098],[57522,80753],[37500,-34507],[13184,-12025],[3509,-3362],[1942,3215],[91444,-88159],[61479,-59735],[6162,-5824],[79198,-74438],[71514,-65397]]],"transform":{"scale":[4.3462951525899516e-7,2.6628832257662365e-7],"translate":[-71.1102568899999,45.56881248600007]}}