{"type":"Topology","objects":{"30050":{"type":"Polygon","arcs":[[0]]}},"arcs":[[[232814,411855],[13887,-11803],[5738,-4801],[1876,-1439],[5869,-4996],[2604,-2451],[5944,-5025],[2911,-2586],[3859,-3218],[3656,-3226],[907,-1010],[4990,-4418],[98531,-86856],[45468,-40145],[283,-372],[17456,-15365],[3733,-3512],[43840,-39683],[501,-431],[964,-2672],[2469,-2154],[1357,-2031],[342,-2911],[-484,-2503],[-690,-2111],[-989,-1288],[-2972,-907],[-2503,-102],[-1594,339],[-2570,-73],[-3157,-780],[-1048,-2058],[-2200,-3392],[-792,-1788],[-255,-1912],[1169,-3064],[38,-1857],[-1156,-3403],[-1162,-1614],[-1664,-1704],[-2262,-1696],[-2079,-1259],[-2659,-4006],[-898,-2057],[-1021,-1643],[-2552,-1498],[-2196,659],[-1970,-904],[-4856,-5898],[-2536,-1704],[-1258,-1580],[15,-1705],[-351,-2615],[-1827,-3590],[-2125,-673],[-1716,102],[-1675,-422],[-1915,-1295],[-1637,-2280],[-1630,-1347],[-2237,-631],[-3558,1360],[-4764,667],[-2545,170],[-4424,-855],[-2275,151],[-3577,-194],[-4109,-1459],[-2165,-970],[-3700,-2497],[-2296,-747],[-2314,-62],[-5018,821],[-2974,2460],[-5165,1077],[-2151,-353],[-3447,-1575],[-1755,-1356],[-998,-1567],[229,-2214],[702,-1973],[3142,-4057],[5769,-4936],[1529,-2042],[977,-1967],[-99,-3218],[-3125,-4818],[-3848,-4564],[-886,-1695],[-503,-3316],[-1256,-3420],[2765,-2409],[1910,-1933],[617,-1345],[-393,-1631],[-4099,-3333],[-2112,-3031],[-1993,-1972],[-961,-1948],[-215,-2607],[1214,-2259],[1797,-2229],[734,-2693],[-380,-1834],[-2143,-1233],[-3662,-2881],[-3083,-3189],[-995,-1483],[-395,-1800],[-69,-2623],[296,-1697],[983,-864],[353,-983],[1507,-137],[3944,-4500],[2115,-4393],[1759,-3009],[213,-2519],[-612,-1942],[399,-865],[-7003,6430],[-14176,13154],[-16507,15649],[-15381,14381],[-3062,2732],[-4378,-6240],[-10152,-14261],[-61134,55434],[-67702,63098],[-5267,4937],[-52555,50635],[-78171,74729],[-1660,-2726],[-3001,2851],[-11268,10194],[-32058,29249],[55160,76690],[7281,10617],[10537,14866],[474,329],[9128,12466],[4404,6369],[9328,12876],[3597,5059],[20645,29616],[313,-257],[7292,11122],[21638,-18017],[10079,-8643],[6463,-5479],[2715,-1969],[4749,-3761],[7413,-6406],[5665,-4713],[2836,-2501],[5071,-4185],[7599,-6523],[5534,-4574],[4972,-4305],[9473,-7963],[9714,-8558],[734,-547]]],"transform":{"scale":[5.084301628603516e-7,3.141437602875471e-7],"translate":[-71.05198743599993,45.60135303800007]}}