{"type":"Topology","objects":{"30072":{"type":"MultiPolygon","arcs":[[[0]],[[1]]]}},"arcs":[[[197451,337173],[-95,-1319],[-984,-1013],[-1023,23],[-849,852],[-1495,275],[-390,-1160],[462,-2610],[688,-2268],[243,-2599],[1597,-5165],[118,-2135],[-1013,-3327],[148,-2251],[-315,-618],[-1099,-155],[-1312,-746],[-1350,-296],[-714,-722],[-4020,-1064],[-850,-527],[-758,-1037],[-888,-229],[-1498,1965],[-1055,378],[-1151,-1765],[-1187,-4571],[-499,-1414],[65,-1384],[493,-2176],[734,-1505],[1632,-1319],[25128,-85558],[22118,-68124],[25025,-79383],[10460,-27415],[-138,-7069],[-1256,-1751],[-1177,-2259],[-976,-3533],[-559,-1542],[-1353,-1604],[-1485,-2510],[-1131,-939],[-814,-3187],[-114,-3623],[-364,-2444],[-660,-1356],[-1976,-1283],[-1715,-346],[-1459,573],[-2340,-375],[-1257,-1145],[-1826,-2418],[-14095,16296],[-9262,10289],[-4853,5499],[-51890,59288],[-2925,3118],[-6089,6833],[-1245,1297],[-4601,5143],[-937,1229],[-11311,11478],[-55868,62590],[-18200,19842],[-12747,14177],[-92,2596],[430,919],[908,835],[2050,3060],[229,1771],[477,996],[-861,1897],[-1584,1972],[-1456,527],[-2272,-1347],[-1649,-801],[-2852,-1956],[-1411,-1468],[-3783,3910],[-3707,4327],[-12460,14209],[-21161,23320],[6836,14362],[19499,40627],[33781,68295],[15608,33909],[35929,598],[27523,405],[15911,694],[2813,31],[863,2703],[610,3198],[1330,3671],[1723,2751],[1413,2638],[1445,4423],[599,2455],[1962,5327],[721,4282],[2524,5373],[1322,5626],[-430,4060],[-1659,2467],[-2003,1864],[-338,1853],[325,2774],[1269,1932],[4213,609],[2380,-497],[2925,-2769],[2258,-3910],[682,-3623],[6889,-21652],[11459,-34281],[-25049,-19000],[19341,-55136],[1840,-5407],[-231,-777],[53,-1894],[1115,-2654]],[[487027,438607],[1209,-771],[2185,3],[2304,-751],[1717,-3854],[955,-4854],[459,-3607],[1483,-4099],[670,-2617],[1044,-4790],[-1266,-4178],[-344,-4474],[1039,-2734],[1516,-3641],[-287,-3403],[-507,-2961],[-542,-2392],[-246,-2903],[-35674,101232],[15986,12186],[10623,-29890],[-3355,-1377],[-956,-1301],[-433,-2449],[-14,-2044],[2169,-5811],[1461,-2841],[-191,-2684],[-602,-3681],[-181,-3790],[-796,-3872],[574,-1652]]],"transform":{"scale":[7.539153258306242e-7,3.576488892977834e-7],"translate":[-70.78275858699992,45.627965043000074]}}