{"type":"Topology","objects":{"30085":{"type":"Polygon","arcs":[[0]]}},"arcs":[[[487822,460093],[989,-27214],[7442,-155673],[3746,-74611],[-6900,48],[-48595,-1278],[-34678,-47509],[35965,-23165],[-37235,-44865],[-17933,-24245],[-1454,-2308],[-20578,-25394],[17023,-11290],[-8732,-9018],[-11032,-13571],[-1223,707],[-16150,11041],[-15753,10272],[-8267,5552],[-9202,5902],[-12634,8415],[-8433,5401],[-4715,3226],[-9419,6080],[-12327,8263],[-7896,4851],[-4514,2543],[-10748,7067],[-16758,11150],[-35979,23243],[-31652,20194],[-11427,7244],[-24984,15978],[-36877,23270],[-13290,8441],[-4140,2755],[-47723,30024],[-13387,8686],[-8352,5225],[13259,15498],[10546,12469],[30057,35206],[3455,3888],[15440,18176],[56676,66976],[31239,36040],[10036,11871],[14560,16812],[-11387,7172],[31411,40360],[19996,-12192],[15509,-9237],[22290,-13821],[16712,-10174],[20018,-12544],[17517,-10815],[33610,42453],[75343,-50369],[157,18030],[359,1701],[703,16989],[50316,-706],[10000,780]]],"transform":{"scale":[3.057743735486914e-7,2.43507529015091e-7],"translate":[-71.0454848949999,45.73073458600004]}}