{"type":"Topology","objects":{"30080":{"type":"Polygon","arcs":[[0]]}},"arcs":[[[495864,499955],[4135,28],[-28292,-49158],[-61238,-99009],[-35348,-58896],[-12392,-20821],[38360,-33808],[22589,-20597],[6718,-6273],[6856,-5668],[-1671,-3314],[-1562,-2274],[-2260,-1596],[-3356,380],[-1766,816],[-1779,2058],[-4149,5388],[-2108,1793],[-2789,890],[-2770,-1192],[-1407,-3818],[-866,-9151],[-566,-2384],[-144,-2369],[1130,-2642],[5525,-1665],[1952,-2854],[1086,-3054],[-320,-2882],[-1442,-2179],[-3143,-1856],[-7375,-1641],[-2854,116],[-2479,-651],[-1544,-1277],[-2278,-3529],[-1781,-4409],[-314,-2330],[-1733,-4429],[-1376,-2575],[-2063,-2971],[-2069,-1742],[-2054,-1069],[-5509,-956],[-1364,-1788],[-426,-4730],[645,-5456],[-535,-3007],[-1016,-2317],[-3166,-459],[-4181,4119],[-1961,1334],[-5366,571],[-2678,955],[-3960,849],[-1994,-85],[-1665,-2459],[-554,-5548],[3385,-5944],[466,-2563],[-777,-3444],[-267,-5085],[-1192,-3052],[562,-3274],[2342,-3145],[-817,-2803],[-3381,-1983],[-2067,-725],[-1444,3630],[-65,7191],[-1000,2555],[-3971,2106],[-1769,1212],[-2909,-878],[-1856,-4034],[562,-4706],[623,-2805],[-353,-3170],[-2184,-2290],[-5160,-3411],[-3791,-1055],[-755,-2334],[275,-2305],[1812,-1454],[1841,-837],[4888,-778],[1338,183],[2357,1831],[3431,-208],[2425,-1634],[-605,-2607],[-2213,-2457],[-2117,-3074],[-2185,-3731],[-1035,-2610],[-2537,-8714],[-559,-2553],[-1697,-1114],[-2445,-630],[-1987,-1899],[1442,-3546],[2748,-3355],[1003,-2429],[1970,-1415],[2510,-190],[1048,-2482],[109,-3510],[-1006,-2514],[-1440,-1905],[612,-2197],[1485,-2769],[-794,-2097],[-3506,-2290],[-4382,-3417],[-4226,-1927],[-1440,-2012],[-2107,-9971],[-2036,-5740],[-613,550],[-53594,50527],[-4563,4475],[-21341,19563],[-344,474],[-121700,111853],[-54338,49863],[-6100,5627],[-1076,1256],[-4503,4137],[-4718,4098],[-3558,3294],[-7267,6397],[-3183,3121],[-7175,6364],[-2294,1831],[-7015,6113],[-16974,15028],[8111,13396],[6420,8900],[-12515,11145],[15127,25063],[1070,2279],[13184,23931],[27376,44283],[-26441,22866],[25495,46893],[35728,1261],[5072,-48],[85203,2256],[7514,95],[520,306],[74410,520],[45792,2282],[45999,-888],[61416,595],[36052,-31],[40331,280]]],"transform":{"scale":[4.158977477954471e-7,2.4670613741219173e-7],"translate":[-70.93361723599992,45.65806187700007]}}