{"type":"Topology","objects":{"30090":{"type":"Polygon","arcs":[[0]]}},"arcs":[[[499996,274273],[-6510,-15494],[2312,-74517],[3145,-96968],[1056,-44263],[-7665,-911],[-38565,823],[-538,-19868],[-276,-1988],[-121,-21087],[-57747,58907],[-25763,-49650],[-13293,12524],[-15477,14794],[-12808,11898],[-17085,16166],[-11887,10803],[-15326,14258],[-24136,-47321],[-71965,67748],[-19401,16743],[25904,46629],[-6518,5756],[-2342,871],[-23529,22890],[-8826,8863],[468,192],[-59386,57376],[-21617,21686],[-72100,69626],[58275,97679],[7909,-7655],[26837,49215],[32092,-31057],[101511,-97606],[15644,28514],[21312,-22901],[56298,-54036],[45272,71093],[48657,-43340],[86189,-76392]]],"transform":{"scale":[3.9893763987517796e-7,2.0821638643275637e-7],"translate":[-71.0957899629999,45.833811001000065]}}