{"type":"Topology","objects":{"30095":{"type":"Polygon","arcs":[[0]]}},"arcs":[[[160649,466894],[16819,-8431],[10483,-5454],[10973,-6033],[7013,-3616],[12559,-6320],[10798,-5120],[27880,-13770],[1441,-748],[-67041,-60131],[82944,-42862],[24870,-13350],[68318,-35321],[-539,-120],[10103,-5428],[27118,-14118],[2694,-537],[7499,-3544],[-29800,-28703],[22319,-10309],[82789,-41707],[69,74],[10041,-5162],[-12838,-12105],[-8850,-8547],[-27543,-25947],[-59474,-57378],[-7162,-6726],[-26504,-25346],[-9298,-8976],[-11693,-11159],[-5845,2961],[-14101,7353],[-39841,20366],[-46293,24046],[-8186,4336],[-24993,12898],[-4465,2779],[-61709,31819],[-14736,7329],[-6934,3734],[-10219,5306],[-20866,11060],[-20074,10430],[-8353,4258],[-10934,6033],[-11649,7416],[45771,39717],[-9079,14088],[-5817,7820],[-11656,11848],[-7386,5904],[-11336,10660],[-5296,6823],[-3739,6843],[-3031,9284],[-3457,10258],[-1893,5367],[-770,4462],[-827,6692],[-610,9965],[1402,14231],[709,8540],[267,12764],[610,14897],[1966,8393],[885,4222],[-829,6219],[-1680,8166],[-2748,6842],[-7063,6614],[-1832,1600],[23583,22213],[71743,73443],[2506,-1189],[1840,-1428],[6013,-2600],[8844,-4648],[7481,-4063],[6702,-3118],[3606,-1875],[5529,-2608],[22802,-11576]]],"transform":{"scale":[3.4677912955828143e-7,3.382281284561982e-7],"translate":[-71.16222395799991,45.78808787500009]}}