{"type":"Topology","objects":{"30110":{"type":"Polygon","arcs":[[0]]}},"arcs":[[[194067,437824],[19263,-15232],[23983,-18868],[36644,-27437],[3381,-2625],[7023,7814],[7013,7978],[9140,10639],[5862,6691],[8983,-5547],[18321,-13238],[6228,-4835],[986,1048],[18819,20758],[16332,19614],[58392,-45157],[35537,-27374],[10155,-6958],[19870,-15741],[-48673,-53836],[-54942,-62198],[-55432,-60848],[-56699,-61647],[-51644,-56368],[-31557,-34457],[-15552,13197],[202,196],[-56037,49520],[-10385,10434],[-31218,31580],[-6348,5982],[-28675,26265],[-27175,26696],[-27,-28],[-25837,21674],[3492,15402],[9759,-2358],[5870,1242],[16906,7655],[13231,9879],[22508,22511],[35160,39228],[9709,16425],[3623,13289],[1439,56213],[3039,26682],[375,20628],[-4230,19651],[-6008,12775],[-18193,17631],[-4205,13201],[2207,11328],[5682,13101],[4128,-205],[8496,-735],[6217,-3001],[6828,-4538],[68023,-53707],[11,11]]],"transform":{"scale":[4.27095308190601e-7,3.2285953771907473e-7],"translate":[-71.39216661799992,45.70891091000004]}}