{"type":"Topology","objects":{"31":{"type":"Polygon","arcs":[[0]]}},"arcs":[[[491092,448895],[8907,-4213],[-16178,-21365],[-36909,-45599],[-4669,-7120],[-8685,-23748],[-31201,-38814],[-27942,-18026],[-6201,-6019],[-14645,-26909],[-31147,-40420],[22395,-10629],[62810,-31915],[2856,-2584],[-137224,-171534],[-30317,15658],[-122341,61082],[-55345,29051],[-65256,32378],[13231,13064],[31107,38539],[-3350,1714],[65372,79852],[-1168,14926],[13796,15698],[-5964,3055],[3852,9887],[56542,74405],[36457,70999],[15790,-5371],[20205,25927],[104873,-32406],[19547,23583],[20433,27958],[36749,-18277],[63620,-32827]]],"transform":{"scale":[5.4569592337704843e-8,4.846204595838271e-8],"translate":[-73.64804397241583,45.49234917305807]}}