{"type":"Topology","objects":{"31008":{"type":"Polygon","arcs":[[0]]}},"arcs":[[[459086,392898],[-9395,-16367],[-3648,-14154],[6952,-16490],[30077,-22028],[9935,-15961],[6991,-24551],[-622,-25772],[-5021,-33335],[-2378,-70229],[-5991,-16603],[-16053,-20522],[-58130,-49009],[-37211,-28122],[-21874,-12345],[-27949,-9563],[-9704,-1552],[-16135,2946],[-5774,-19241],[-21968,13921],[-50004,35910],[-13201,9334],[-14398,11435],[-72299,45559],[-439,-317],[-120847,79238],[32344,134461],[17236,72397],[23673,-12810],[68887,65948],[7023,7114],[15181,14569],[12182,11299],[12388,11940],[133755,-71899],[24634,-13862],[286,-5462],[104561,-15619],[6936,-258]]],"transform":{"scale":[2.583336006672442e-7,2.584215668431718e-7],"translate":[-71.4678985939999,45.76880690300004]}}