{"type":"Topology","objects":{"31015":{"type":"Polygon","arcs":[[0]]}},"arcs":[[[371399,13912],[-10546,-13912],[-32957,19102],[-22153,9134],[-12946,12921],[2677,4633],[4660,25118],[-90,11189],[-3918,13077],[-5280,8677],[-944,5039],[-16687,15635],[-6875,4506],[-8326,7170],[-4147,5059],[-9512,8665],[-5560,2424],[-17025,3373],[-8051,5529],[-6191,12536],[334,4305],[-68562,12837],[-8705,5143],[-6088,4882],[-2123,7160],[-18638,3002],[-103746,15818],[5631,26352],[13492,71576],[9770,50017],[738,6149],[3775,14847],[67051,104124],[396500,-310421],[3042,-2243],[-13576,-18577],[-15993,-20979],[-8673,-12865],[-16865,-22421],[-15135,-18952],[-22546,-31781],[-14334,-18810],[-21478,-29038]]],"transform":{"scale":[1.1268423336858264e-7,7.639533279062872e-8],"translate":[-71.37223524099994,45.87655580000006]}}