{"type":"Topology","objects":{"31025":{"type":"Polygon","arcs":[[0]]}},"arcs":[[[499999,362500],[-2544,-1767],[-4888,-6614],[-1746,-2838],[-2859,-3121],[-721,-3007],[-8755,-8479],[-34881,-45292],[-40555,-58410],[57194,-38004],[-46005,-60583],[-558,-1423],[-2279,-2010],[-1226,-6306],[889,-771],[427,-5459],[-2195,-3053],[-58,-1394],[3212,-4929],[-84,-2193],[-2553,-3012],[-2479,-2115],[-5497,-3301],[-15805,-5750],[-5545,-169],[-7908,-2727],[-1393,-986],[-7650,-2820],[-5120,-703],[-8286,-2041],[-5177,-3690],[-4423,-1776],[-5036,-3338],[-3216,-1342],[-5058,-4284],[-4726,-3426],[-2415,-920],[-1416,-1885],[-6488,-5720],[-2399,-2959],[-1588,-2935],[-903,-8387],[995,-5642],[-680,-2657],[-3078,-5617],[-2425,-2215],[-1394,-2579],[-4029,-4551],[-3792,-764],[-873,-1369],[-2474,-673],[-3242,1145],[-1077,-2969],[-3344,-3685],[-941,-2367],[-787,-8618],[-29366,22215],[-10152,-18164],[-207977,140783],[38621,54121],[-17085,13197],[-15555,11457],[-9942,6844],[41465,57953],[1497,2399],[-11023,7832],[-5433,4110],[-5006,3212],[-19342,14735],[42328,62769],[-12878,9358],[-20270,13598],[-19260,13779],[-20767,15121],[43128,64680],[46497,-34481],[2812,-1670],[24494,31752],[46253,-35355],[26977,33191],[94878,-75904],[51099,62792],[99255,-71345],[16426,-11695],[20806,-15086],[27374,-19698]]],"transform":{"scale":[2.532392144784552e-7,1.8088405176807682e-7],"translate":[-71.56045374299993,45.89129265100007]}}