{"type":"Topology","objects":{"31020":{"type":"Polygon","arcs":[[0],[1]]}},"arcs":[[[456046,292157],[-2553,-2968],[-8243,-1897],[-2139,-643],[-2293,-80],[-1509,-669],[37785,-34375],[19289,-16205],[2436,-1854],[-11386,-16334],[-16878,-23414],[-14497,-20007],[515,-395],[43426,-36020],[-49359,-64489],[47542,-38447],[-6086,-8890],[-3591,1217],[-2431,1323],[-23330,-28010],[-74596,68066],[-7486,5753],[-6818,3804],[-9317,931],[-9126,521],[-69356,15844],[-191,5540],[-16340,14062],[-88719,72939],[-8339,-12289],[-7957,-11286],[-10070,-14779],[-4658,-7217],[-45694,-66901],[-104077,86073],[510,6120],[613,1681],[2174,2617],[700,2109],[2110,-814],[1607,477],[568,974],[2466,541],[2619,3232],[908,1831],[1576,1572],[2001,3989],[441,1887],[-645,4006],[586,5956],[2592,4184],[4219,4063],[920,1338],[1570,652],[3075,2434],[3287,3042],[2092,952],[3275,2371],[2876,1260],[3366,2620],[5388,1450],[3329,500],[4974,2002],[906,700],[5142,1937],[3605,118],[10277,4085],[3574,2344],[1612,1500],[1659,2139],[54,1557],[-2087,3500],[37,990],[1429,2168],[-279,3878],[-578,545],[798,4479],[1481,1426],[363,1010],[29914,43019],[-37189,26986],[26369,41476],[22681,32159],[5693,6021],[469,2135],[1858,2216],[1135,2016],[3178,4695],[1654,1255],[2110,3886],[1721,2317],[5915,8743],[9370,14190],[963,1055],[3808,5884],[4904,7013],[280,646],[4622,6439],[5789,8561],[14230,22804],[19756,-13934],[3840,-3410],[6402,-4810],[1766,-1534],[12715,-10156],[11041,-9024],[76367,-62327],[84845,-66972],[6031,-4969],[16998,-13640],[19621,-17066]],[[408571,107384],[6214,8709],[4149,5641],[6522,9530],[4378,5684],[4881,6724],[2508,3858],[4628,6292],[3927,5570],[-879,673],[-114718,93093],[-19401,-31226],[-1091,-4452],[-214,-1844],[-2827,-15000],[-3904,-21465],[-1630,-7903],[30017,-4743],[5394,-901],[614,-2148],[1761,-1464],[2518,-1542],[19838,-3850],[-98,-1290],[1793,-3761],[2329,-1657],[4926,-1012],[1608,-726],[2752,-2599],[1199,-1517],[2410,-2150],[1989,-1352],[4828,-4690],[274,-1509],[1527,-2603],[1134,-3922],[25,-3355],[-1349,-7534],[-773,-1388],[3746,-3876],[6409,-2738],[9535,-5730],[3051,4173]]],"transform":{"scale":[3.894676589353042e-7,2.5474224348453625e-7],"translate":[-71.4895099339999,45.85026328300006]}}