{"type":"Topology","objects":{"31030":{"type":"Polygon","arcs":[[0]]}},"arcs":[[[473348,321352],[-38165,-49958],[18396,-11691],[17059,-10652],[17955,-10514],[11405,-7233],[-37492,-48529],[17133,-11392],[4432,-2483],[4813,-3177],[9764,-6056],[-1325,-1853],[-36729,-44806],[8807,-5289],[13778,-8858],[15132,-10203],[-34196,-41849],[-36903,-46809],[-71039,42028],[-91798,56308],[-93134,57541],[-89992,55710],[-81249,51135],[8216,9544],[17245,20615],[15414,19059],[9023,10529],[18492,21225],[12611,14709],[2684,2962],[16629,19361],[16448,18988],[7098,8455],[3900,4226],[10830,13040],[11387,13863],[2724,3157],[6970,8846],[28408,34121],[12502,14577],[113764,-74437],[159003,-104210]]],"transform":{"scale":[2.859039398078153e-7,2.3397001993998794e-7],"translate":[-71.6848743349999,45.90653708600007]}}