{"type":"Topology","objects":{"31035":{"type":"Polygon","arcs":[[0]]}},"arcs":[[[431279,166813],[19661,-20592],[49059,-51621],[-12913,-26456],[-5252,-9934],[-4193,-7470],[-255,-749],[-4449,-8138],[-3456,-6825],[-875,-1225],[-8501,-16463],[-5365,-10144],[-1564,-2690],[-1914,-4506],[-16149,16226],[-12277,12429],[-9689,9636],[-58561,58775],[-30147,-51729],[-55977,62532],[-15917,-27344],[-27291,29126],[-14450,-26158],[-1659,1376],[-27434,28406],[-22,-49],[-105911,111049],[-75778,79321],[2802,5243],[21537,41157],[4092,7588],[18661,34933],[4737,8760],[6269,12250],[2612,6675],[1818,3237],[3170,4693],[3235,5800],[4752,9066],[3521,6346],[8465,16363],[4671,8692],[13395,25600],[12809,-12839],[10499,-10853],[18746,-19249],[16882,-17432],[9457,-9448],[6685,-7106],[5463,-5622],[14715,-14896],[6520,-7054],[3171,-2937],[10445,-10123],[6998,-7035],[8981,-9327],[15847,-15918],[10969,-11199],[17527,-18074],[27028,-27250],[12129,-11699],[11219,-11038],[23921,-23790],[7040,-6546],[70491,-73751]]],"transform":{"scale":[4.29223956447964e-7,2.1956228312463485e-7],"translate":[-71.62752734299993,45.95686333300005]}}