{"type":"Topology","objects":{"31040":{"type":"Polygon","arcs":[[0]]}},"arcs":[[[499999,284565],[-6689,-8601],[-65083,-83939],[-28962,-37720],[24602,-15634],[14672,-9379],[-31486,-41741],[2406,-2599],[-29660,-35769],[23051,-16211],[-31359,-32972],[-79948,58339],[-7986,5180],[-26966,18704],[-12888,8845],[-13757,9253],[-30656,21557],[-19421,13969],[-12898,9188],[-17974,12591],[-10184,7378],[-7940,5565],[-11845,8008],[-3597,2322],[-7394,5580],[-16895,11931],[-5990,4301],[-7582,5620],[-10727,7474],[-19048,13717],[-21359,15300],[-11984,8636],[-14452,10105],[9389,13991],[136,-95],[31170,40563],[938,259],[6664,9058],[7430,9664],[3495,4807],[6448,8369],[3853,5371],[9367,12057],[2283,3280],[1612,2870],[4261,3404],[11811,16704],[4224,5542],[5476,7917],[1422,2475],[1496,1246],[2790,3457],[6122,8097],[2529,3059],[2837,4107],[3684,4327],[2416,3414],[-272,784],[9400,12374],[10281,13075],[18519,23421],[10006,12838],[6903,-4612],[7812,-5507],[7993,-5353],[29506,-19231],[8470,-5773],[710,-200],[6639,-4840],[3645,-2330],[5436,-3897],[13891,-8701],[65785,-44113],[65151,-43579],[10036,-6615],[7474,-5146],[13966,-9162],[17528,-12049],[11401,-7675],[311,-121],[14714,-10215],[5269,-3448],[5246,-3773],[7826,-5354],[4500,-3739]]],"transform":{"scale":[3.7844237088468114e-7,2.775624371248606e-7],"translate":[-71.5830003879999,45.993489201000045]}}