{"type":"Topology","objects":{"31056":{"type":"Polygon","arcs":[[0]]}},"arcs":[[[302922,433666],[-18924,-13016],[2930,-1187],[3177,-767],[3167,-458],[4191,-1286],[5240,571],[4063,45],[3507,-562],[1383,-332],[3492,-1229],[-9121,-6227],[-13029,-8995],[16062,-16315],[26504,-24894],[22534,-21768],[22079,-21435],[19417,-18681],[13866,10035],[9989,7071],[7092,-6905],[6154,-5844],[2455,-2259],[16525,-14773],[-23932,-18100],[3078,-3093],[960,-685],[1624,-1840],[1336,-1128],[1171,-1256],[3268,-2926],[1123,-1240],[3672,-3477],[2600,-2274],[1857,-1863],[47567,-48243],[-24993,-26812],[20866,-12381],[-1814,-1869],[-7805,-8392],[-1385,-559],[-19666,-22419],[-663,323],[-64726,32829],[-171,204],[-7233,3804],[-11996,-12638],[-4697,-4386],[-31297,-35610],[-33062,-35233],[-18695,-19870],[-11798,-12998],[-14654,7811],[-3598,1786],[-2323,1269],[-2486,1174],[-4497,2394],[-2155,1289],[-5697,3145],[-3875,1760],[-1186,966],[-1613,805],[-46223,-49693],[-15194,-15029],[-2162,2383],[-5741,5442],[-5060,4690],[-5412,4558],[-6199,5088],[-9214,7169],[-4443,6069],[-21993,22711],[-2960,2722],[-11450,8004],[-6096,4780],[-16501,9783],[-13429,7178],[433,4267],[-29,5977],[52,7139],[-123,2064],[-1549,5706],[-3250,6595],[-332,2576],[-1247,2677],[34,2281],[-1479,1066],[-547,1808],[1023,2164],[20,2053],[-2618,1998],[-1361,1772],[-976,1707],[-982,1258],[129,1659],[983,1318],[215,3209],[-637,1661],[-136,2339],[1253,1178],[-420,1629],[357,1340],[20,1387],[-3324,2902],[-286,588],[7,2412],[585,1020],[932,777],[902,271],[-80,808],[985,616],[-628,779],[340,1177],[-125,790],[1114,977],[-317,804],[1349,1145],[2062,709],[782,880],[-545,3076],[-98,2124],[495,2036],[-120,609],[949,1604],[887,37],[458,586],[1072,185],[52,576],[-1086,771],[500,766],[-469,333],[378,799],[-1005,610],[-1097,-222],[-1781,774],[-781,-305],[-842,684],[-324,1003],[-1124,-133],[-943,845],[-2066,694],[-1478,2257],[-1099,2399],[947,587],[58892,34977],[3076,3700],[-45095,41307],[-33086,29957],[-34501,32631],[38537,26416],[633,415],[7395,5396],[487,501],[25320,17282],[2790,1731],[22954,17096],[43279,32185],[3205,2307],[954,954],[35410,26556],[22342,16788],[5979,-5753],[11113,6925],[14459,9873],[17676,-17160],[26157,-24828],[3012,-2823],[11885,-12476],[9335,-9046]]],"transform":{"scale":[5.382546185092437e-7,4.998767197534168e-7],"translate":[-71.2576908389999,45.924848532000055]}}