{"type":"Topology","objects":{"31050":{"type":"Polygon","arcs":[[0]]}},"arcs":[[[266072,499914],[19903,-11581],[24457,-15780],[9035,-7711],[16970,-12913],[4390,-4390],[32597,-36634],[6586,-9793],[13656,-11566],[9189,-8207],[8021,-7353],[7499,-7564],[8508,-8779],[2562,-3199],[2394,-2393],[6743,-7220],[2626,-7466],[1603,-8914],[792,-6789],[-844,-4606],[-1879,-9162],[-582,-16261],[-256,-13931],[-676,-9320],[-1339,-15534],[582,-10878],[790,-7304],[737,-4870],[1806,-5858],[3302,-11196],[2895,-10134],[3570,-7469],[5056,-7448],[10826,-11633],[7053,-6445],[11130,-12931],[5555,-8536],[8670,-15379],[-43708,-43351],[11122,-8093],[-6777,-5895],[-4268,-4984],[-13595,-13649],[-11945,-13754],[-13170,-12236],[-19142,-18253],[-13429,-12552],[-23512,16502],[-11944,7251],[-41793,28520],[-68676,47049],[-19206,-20435],[-22133,-21628],[-1160,-1091],[-7324,5037],[-21546,13792],[-10564,5780],[-6895,-6972],[-10749,-11085],[-8249,-8310],[-8259,-8143],[-3977,2733],[-43095,28589],[-28206,19656],[-22653,15872],[25007,23016],[2605,-1088],[3853,-1001],[6528,7309],[-50987,31606],[52934,53016],[-46573,29610],[-551,324],[15547,16446],[18101,19250],[12210,13429],[-2613,1523],[-20685,13322],[-40522,28258],[1618,551],[2458,64],[2294,530],[8839,1559],[2739,2440],[3914,6597],[-287,2876],[927,1910],[3065,1701],[4011,36],[2706,1836],[894,1822],[-219,2203],[1337,3371],[2329,1450],[1813,-186],[2111,685],[3086,-856],[8836,528],[752,1527],[1853,858],[3248,570],[1296,496],[686,1701],[1661,212],[3843,-142],[3079,-740],[4287,334],[2697,1109],[3825,2326],[14,6681],[1487,121],[1666,1114],[1672,-47],[2915,911],[1895,1700],[1252,1772],[1746,853],[2726,297],[4271,1784],[3406,2171],[2089,2198],[3098,4425],[1287,2420],[1700,7913],[709,1192],[1662,1352],[8655,8988],[12043,7418],[12781,5891],[6132,2146],[10990,4292],[12322,9264],[13186,12391],[8454,9514],[12411,8427],[9757,3702],[13974,3935],[31929,1668],[145,-84]]],"transform":{"scale":[3.63154816309599e-7,3.098775537550383e-7],"translate":[-71.31841285799993,45.815214188000084]}}