{"type":"Topology","objects":{"31060":{"type":"Polygon","arcs":[[0]]}},"arcs":[[[378720,456665],[27285,-30404],[5464,-5641],[-52236,-43703],[22989,-24184],[8694,-9481],[12534,-13096],[4840,-5300],[9467,-11556],[6306,-8165],[4928,-6866],[261,-756],[4981,-5200],[2540,-1698],[2609,-647],[2786,20],[3103,742],[2607,-553],[6687,-8059],[3822,-4947],[10162,-12633],[6356,-8403],[9170,-11423],[15924,-20338],[-27526,-24307],[-26148,-23468],[-23378,-21197],[-28890,-26458],[-52005,-48594],[15133,-15656],[-55359,-49306],[-9303,11685],[-14057,18100],[-19946,-18674],[-27690,-26499],[-38772,49334],[-44088,56599],[-44999,57484],[-52926,65738],[-32073,43083],[26017,23753],[18213,16441],[-6973,3248],[-2761,878],[-7002,1483],[-8115,-118],[-10463,-1509],[-8367,3395],[-6323,1213],[-6347,2020],[-5851,3136],[88440,80391],[-33188,40898],[29040,26568],[28527,25964],[10902,-14221],[14688,11834],[18991,-23056],[-14078,-13224],[17190,-20923],[1756,-2326],[20028,19323],[23390,22141],[4207,4130],[5898,-7670],[6035,-8452],[5129,-6860],[1008,-1836],[21465,-28803],[1868,-1929],[3942,-5652],[25016,22469],[8092,7181],[13464,-14222],[10201,-10999],[13828,-14678],[52881,44439]]],"transform":{"scale":[2.695489390978121e-7,1.8929772459543858e-7],"translate":[-71.10482784499992,46.07337680000006]}}