{"type":"Topology","objects":{"31084":{"type":"Polygon","arcs":[[0]]}},"arcs":[[[499999,395024],[-21199,-22255],[-33597,-35206],[-906,-1266],[-3040,-3059],[-50000,-51959],[-12843,-13374],[-2648,-2295],[-24024,-22913],[-464,-664],[-7615,-7702],[-36567,-35023],[32736,-43261],[31394,-39716],[42787,-54763],[-2920,-4906],[-68268,-56662],[-4392,5546],[-21484,727],[-6771,-358],[-9379,-2554],[-8716,-1606],[-7090,1248],[-8867,3119],[-10907,8633],[-29705,24577],[-27883,22494],[-1975,-2870],[-21157,-29037],[-6640,5457],[-3204,119],[-1994,-2200],[25848,-21872],[-2186,-1120],[120,-1023],[-564,627],[-1572,-835],[591,-793],[100,-1908],[-731,-738],[-69,-790],[521,-1584],[-992,-316],[-1067,-1804],[-52723,41967],[-1580,-2589],[-9632,-13676],[-14489,10099],[-20151,-27357],[-34991,28925],[-8808,7206],[-1970,-2753],[119,-95],[-15312,-23769],[-16710,11822],[-16413,11508],[19320,27767],[43419,61793],[43382,61514],[-20027,15835],[-3087,2484],[1495,1979],[2166,3196],[8417,11961],[2810,3858],[2210,3269],[12622,17693],[9778,13744],[26415,-18971],[-8535,12043],[-22902,32715],[-3717,5443],[24017,26848],[-1017,2617],[-847,1374],[571,1468],[1236,1292],[-3936,2829],[-616,2423],[295,920],[-261,1275],[1594,4506],[524,677],[13089,-9958],[13433,13343],[12507,12857],[7114,7668],[343,-68],[3700,3891],[7195,7163],[3302,3587],[7103,7305],[-11,303],[56448,57353],[39615,40435],[2014,-2079],[1033,-1644],[3562,-5132],[49,-602],[13293,-17870],[37586,38467],[42044,-56699],[-3094,-3353],[21212,-28834],[40627,41614],[6631,-9299],[4193,-5775],[10484,-14001],[938,-928],[2747,-3741],[2421,-3464],[360,-705],[2071,-2328],[6376,-9011],[6288,-8450]]],"transform":{"scale":[5.672833805667518e-7,3.7704918209833063e-7],"translate":[-71.4319017219999,46.02032103300007]}}