{"type":"Topology","objects":{"31095":{"type":"Polygon","arcs":[[0]]}},"arcs":[[[499999,290511],[-18180,-30901],[-23468,-39785],[-4111,-7348],[-5222,-8677],[-15649,-26894],[-4029,-7184],[-2778,-4454],[5739,-5582],[37238,-35607],[-72365,-124079],[-5583,6190],[-9705,8861],[-6506,6246],[-6537,5709],[-18250,16905],[-385,200],[-14142,12706],[-21742,19943],[-17322,15167],[-9270,8516],[-12449,10950],[-80809,72131],[-81594,73018],[-17232,14403],[-6735,6442],[-4530,3865],[-8233,8010],[-880,334],[-10506,9553],[-36598,31831],[-9914,8862],[-9689,9114],[-8563,7635],[17238,29232],[22297,38072],[1369,1335],[3476,5664],[47686,-45326],[31089,54048],[1584,-3119],[16133,-14060],[35460,59231],[10206,-8982],[7671,-6408],[9207,-8605],[25482,-22319],[39387,64644],[149744,-135192],[6327,-5741],[29761,-26484],[45882,-42070]]],"transform":{"scale":[3.051103502207349e-7,1.676886373773762e-7],"translate":[-71.51496140299992,46.07247367400004]}}