{"type":"Topology","objects":{"31105":{"type":"Polygon","arcs":[[0]]}},"arcs":[[[464854,260195],[-62722,-68390],[-89377,-97004],[17,-514],[-11246,-12356],[-5228,-6067],[-11326,-12037],[-5925,-6660],[-541,117],[-11264,-12970],[-19804,-21747],[-21268,-22567],[-20722,16843],[-91,-125],[-125673,105344],[-79684,62675],[63880,100005],[-14686,15847],[31118,50151],[-15356,12757],[-16507,13788],[4832,7309],[15035,23481],[11059,16686],[1167,1048],[30953,50539],[111810,-94246],[591,-470],[16226,23983],[15067,21692],[14095,21497],[10396,15172],[4775,6507],[2235,3520],[10146,13493],[6398,8688],[2510,3815],[41391,-37271],[-3053,-4010],[90475,-69891],[-3058,-6069],[27648,-23743],[1269,-1775],[6597,-6008],[656,-811],[-8751,-15708],[41081,-36465],[-4305,-4607],[-26158,-28486],[-4682,-4960]]],"transform":{"scale":[3.582861505722824e-7,2.2292732985466286e-7],"translate":[-71.42874196899993,46.14664032200005]}}