{"type":"Topology","objects":{"31100":{"type":"Polygon","arcs":[[0]]}},"arcs":[[[328770,498286],[16128,-13368],[14433,-11896],[-29847,-47733],[14085,-15083],[-61269,-95179],[76428,-59654],[120540,-100261],[-712,-972],[-2420,-7252],[396,-2054],[-446,-1482],[936,-3900],[5977,-4554],[-1878,-2079],[-868,-2364],[1288,-2211],[1545,-4213],[-36475,-43217],[5645,-8765],[34778,-52663],[12964,-19386],[-40116,30537],[-37476,30121],[-24309,18960],[-5168,4109],[-122309,96789],[-32171,-46281],[-20813,15980],[-7522,6159],[-6265,4589],[-8336,6430],[-28964,-42404],[-13177,10065],[-1294,2232],[-25393,-38695],[-38950,32451],[-2840,-4056],[-1118,-956],[-18212,-27255],[-13623,10842],[-6761,4873],[-7774,6412],[-9461,7199],[-12138,9871],[-5932,4939],[-7230,5509],[-2646,2214],[28153,46157],[-5195,4837],[-8482,6730],[56437,88159],[34155,53037],[28668,44019],[-6937,5894],[-2122,2616],[-789,2086],[-188,2952],[2886,10897],[1092,3074],[3015,5101],[6739,9571],[12844,18997],[17711,26287],[859,1529],[11829,17422],[504,-435],[52902,-43260],[2779,-2347],[32649,45699],[39591,-31223],[1496,2368],[18174,27485]]],"transform":{"scale":[3.7354569909134453e-7,2.342251244502865e-7],"translate":[-71.53419375799989,46.114036258000056]}}