{"type":"Topology","objects":{"31122":{"type":"Polygon","arcs":[[0]]}},"arcs":[[[171553,624],[-1002,-624],[-42994,52910],[-18160,21769],[-53787,66328],[-55610,68931],[200159,175501],[129001,114559],[32513,-38449],[70549,-82592],[67777,-80972],[-56729,-50955],[-11586,-9703],[-10888,-11129],[-83079,-77546],[-40334,-32913],[-9475,-9894],[-43097,-41658],[-49588,-47093],[-7796,-6585],[-15874,-9885]]],"transform":{"scale":[1.0717086434167232e-7,8.022624045246945e-8],"translate":[-71.1080484709999,46.203177794000055]}}