{"type":"Topology","objects":{"31130":{"type":"Polygon","arcs":[[0],[1]]}},"arcs":[[[308062,376004],[25418,-29192],[8128,-8997],[8049,-8586],[16932,-18510],[6807,-7629],[5701,-5996],[5247,-6034],[8869,-9585],[9116,-10288],[3708,-3916],[7706,-8658],[2773,-2983],[10952,-12370],[10662,-11546],[13173,-14690],[802,-1280],[42468,-43888],[5426,-5800],[-14607,-10565],[-4283,-3382],[-11380,-8704],[-1453,-865],[-4616,-1998],[-2463,-849],[-1506,-1321],[-1552,-3473],[-2274,-2136],[-4024,-2847],[-13740,-10540],[-22039,-16727],[-10354,-7809],[-8837,-6880],[22618,-16212],[10623,-9652],[-41497,-28710],[-10849,9483],[-7912,7025],[-10659,9270],[-6350,-4639],[-19630,-14517],[-3093,3651],[-1466,1246],[-16845,18610],[-790,1187],[-4023,4431],[-4736,5460],[-4629,4957],[-3300,-2669],[-18356,-14304],[-15717,-12485],[-1376,1503],[-13489,13518],[11047,8544],[-14904,14895],[-11525,-7644],[-8556,9187],[-22384,-16776],[-22788,-17166],[26042,-26423],[-39746,-29730],[-14625,15434],[-18625,21285],[-4718,4814],[-40986,42362],[-27700,29275],[4387,3570],[-14722,14108],[37727,28472],[-68542,71417],[-14777,14795],[43181,30005],[-766,955],[-1071,4316],[41851,30198],[-5707,5993],[-10166,11246],[-12342,12997],[39620,26125],[-26848,29631],[15710,12984],[112836,90017],[2493,-3035],[2181,-2012],[4393,-4943],[8918,-9334],[3880,-4310],[1783,-1435],[1858,-2542],[10441,-10897],[4189,-4551],[1303,-1784],[1784,-1406],[4070,-4368],[3420,-4136],[9593,-10486],[7484,-8382],[3236,-3496],[1908,-2601],[3830,-4004],[5885,-6879],[4500,-4883],[3149,-3988],[4387,-4915],[17079,-19608]],[[177077,210243],[4952,2707],[2431,1803],[15473,12895],[13444,11407],[2957,2710],[12584,9011],[25919,21233],[3399,3048],[3613,2658],[17700,13953],[-21147,22171],[-22010,22616],[-10145,10528],[-40247,-31370],[-62448,-48056],[17577,-19120],[16554,-17916],[5667,-5960],[13413,-14488],[314,170]]],"transform":{"scale":[3.4350316700631773e-7,2.9298948997900616e-7],"translate":[-71.15048919899994,46.141628585000035]}}