{"type":"Topology","objects":{"31135":{"type":"Polygon","arcs":[[0]]}},"arcs":[[[499999,390087],[-53391,-56231],[-12211,-13318],[20866,-30394],[-30792,-26798],[9593,-13333],[7978,-11650],[4358,-6034],[-32527,-30976],[830,-4425],[597,-981],[-33564,-30778],[11486,-15177],[53275,-73256],[-29323,-29206],[11442,-14472],[-5368,-5582],[-15651,-15356],[-13536,-12120],[-15352,21221],[-8186,11892],[-2657,3074],[-462,932],[-3106,4572],[-3526,4939],[-1204,1225],[-13457,18480],[-5383,7626],[-8511,12273],[-52149,-54932],[-27228,38061],[3971,4427],[-53966,74847],[-48248,-50779],[-17061,23589],[-64,795],[-4570,6774],[-1329,2171],[-2583,2745],[3796,3872],[21206,22233],[3488,3595],[-33302,28459],[7093,12260],[-532,634],[-5348,4689],[-1028,1384],[-22414,18533],[2479,4736],[-73348,54548],[2475,3130],[-33555,29089],[8877,12457],[4758,6451],[1524,2286],[7377,9432],[2148,3124],[2301,2813],[3096,4641],[35949,-25384],[6575,9242],[259,229],[10239,15661],[3538,4901],[7255,9801],[3980,4913],[4340,5774],[6219,7975],[4618,6348],[4917,6107],[556,393],[21661,29250],[10563,14686],[12859,17061],[1137,986],[17313,1168],[11299,1689],[126507,11292],[89429,8492],[75483,7116],[-36690,-39774],[51912,-70137]]],"transform":{"scale":[4.4194987789984163e-7,2.8562966125936566e-7],"translate":[-71.31919800199995,46.166389768000045]}}