{"type":"Topology","objects":{"31140":{"type":"Polygon","arcs":[[0]]}},"arcs":[[[499999,292999],[-618,-562],[-16979,-20742],[-13950,-17853],[-28603,-35561],[-733,-477],[-6495,-7424],[-6099,-7720],[-8211,-9694],[-5730,-7021],[-5256,-5971],[-9580,-11917],[-4675,-5957],[-13519,-19041],[-341,-278],[-8685,-11236],[-47469,30859],[-4089,-5641],[-3040,-3421],[-2834,-3798],[-9744,-11466],[-2011,-2778],[-6282,-7843],[-9675,-12385],[-4735,-6380],[-6851,-8244],[-10861,-12802],[-2393,-3342],[-5111,-6172],[-11129,-14396],[-15091,-20398],[-16128,-20581],[-17371,-22757],[-633,445],[-119697,89426],[49082,65676],[-61822,45959],[-4441,3123],[-10631,7765],[-20886,15733],[-5685,4464],[-14129,10379],[-6869,5147],[125361,115085],[78597,70295],[231,7],[13644,12426],[11102,10437],[1061,874],[13007,12280],[22026,20595],[9618,8874],[382,1008],[140737,-140276],[66067,-65954],[18140,-25],[26,-744]]],"transform":{"scale":[3.3467893335785683e-7,2.3494339988691603e-7],"translate":[-71.41402333499991,46.23171676600003]}}