{"type":"Topology","objects":{"32":{"type":"Polygon","arcs":[[0]]}},"arcs":[[[185385,344977],[5636,-4314],[66477,99410],[23175,-13517],[62713,-37818],[2810,-10659],[33349,-20436],[13559,20092],[39697,-25480],[7641,3962],[59557,-39490],[-7664,-8279],[-38293,-21455],[-26570,-25817],[-14514,-21945],[-17439,-20037],[-13940,-17277],[-14136,-26186],[-30448,1741],[-7148,-13442],[-12293,-16599],[-12727,6703],[-28622,-39703],[-40298,23229],[-47200,-70893],[-95,-13312],[39393,-24035],[-19908,-29420],[-3977,2046],[-163391,99467],[-40729,24328],[96023,144331],[-1999,2172],[-43951,26854],[-15671,8943],[21794,34011],[10250,22642],[4338,5062],[19552,15168],[21833,32658],[6078,19982],[3268,5990],[25825,38368],[11320,17977],[39684,-24297],[-15586,-23705],[25062,-14948],[-12403,-19075],[22816,-14093],[258,-1576],[-36571,-54675],[3465,-2653]]],"transform":{"scale":[7.798447948294684e-8,5.7596484729623385e-8],"translate":[-73.63313234072253,45.485101188017886]}}