{"type":"Topology","objects":{"32013":{"type":"Polygon","arcs":[[0]]}},"arcs":[[[388378,468732],[17941,-11373],[1797,-1213],[8765,-5318],[265,-333],[22414,-14216],[6934,-4257],[9235,-5986],[5117,-3147],[4773,-3507],[-25871,-33479],[2431,-1608],[6645,-3994],[5450,-3583],[11155,-7160],[8695,-5222],[7144,-4650],[6210,-3535],[12521,-7864],[-12938,-15180],[-9316,-11035],[-17239,-20130],[-9572,-11238],[-8751,-10636],[253,-676],[-2249,-2932],[-3429,-3719],[-2642,-3530],[-2356,-2631],[-5699,-6960],[-2596,-2971],[-1394,-1070],[-1323,-2129],[-5098,-6803],[-3932,-4766],[-10997,-14355],[-3967,-2928],[-1500,-2467],[-2125,-2819],[-8722,-10362],[-3584,-4616],[-6005,-7194],[-3252,-4133],[-6919,-8307],[-6203,-7783],[-873,-225],[-29020,-34865],[-125,81],[-8742,-12026],[-14145,-17404],[-4932,-5911],[-8936,-11125],[-3740,-4340],[-4997,-6140],[-3414,-3944],[-3347,-3189],[-1923,-2201],[-2756,-4538],[-6620,-8329],[-5000,-5958],[-19706,-23750],[-4319,-5160],[-22669,-27893],[-31203,21174],[-1040,1086],[-6446,4022],[-4024,3033],[-4717,3024],[-4742,3277],[-15045,9790],[-18760,12084],[-69353,44099],[-7726,4681],[-17810,12029],[27767,36492],[-60081,39406],[19519,22931],[43665,51087],[23283,27044],[10939,-6796],[29820,37279],[16003,-10469],[29618,35222],[-2207,1567],[10930,13228],[10285,12188],[7465,9355],[-23475,15149],[49126,58205],[5638,6814],[5217,-3037],[31017,36034],[5636,-3415],[988,-836],[1733,-2877],[859,-811],[6503,-4245],[8907,-5515],[4117,-1833],[827,-785],[5530,-3884],[1983,-2730],[2228,-2473],[16524,-10649],[10149,-6316],[29480,32154],[12939,-8728],[13132,-8323]]],"transform":{"scale":[4.0650450500901114e-7,3.2292288184584557e-7],"translate":[-71.71295374199991,46.02470194600004]}}