{"type":"Topology","objects":{"32023":{"type":"Polygon","arcs":[[0]]}},"arcs":[[[368574,499958],[29789,-21435],[-30357,-39362],[12760,-8935],[22445,-16468],[8051,-3953],[11296,-7652],[-11798,-14609],[-19760,-24748],[8508,-5781],[9892,-6882],[5301,-3458],[405,-650],[27021,-17333],[-29945,-40436],[188,-68],[46974,-32175],[40655,-28255],[-8196,-11063],[-11287,-14408],[-11994,-15640],[2422,-1853],[-32508,-41644],[-17564,12376],[-32729,-44073],[-12005,8034],[-25555,-31975],[-47924,-60403],[-21422,-27109],[-51804,35480],[-62990,45507],[-16023,11287],[54,68],[-24860,17345],[-24313,17247],[-12942,9390],[-2237,1381],[-5153,-6314],[-34790,24492],[-2220,1409],[-19542,14081],[-9431,6308],[-14986,10705],[19659,10805],[5974,3132],[7013,4122],[4317,2319],[4944,3329],[4982,2340],[2243,1290],[-98,6457],[31932,16978],[3033,2143],[36072,20139],[14020,7645],[8411,4265],[1453,410],[61342,33115],[19923,10734],[80814,102725],[16286,20943],[8251,10941],[6597,8252],[10096,13207],[4856,6120],[2642,2454],[13755,17748],[57,-41]]],"transform":{"scale":[3.703789367578068e-7,2.7312508825018154e-7],"translate":[-71.81711791099991,46.08741292800005]}}