{"type":"Topology","objects":{"32033":{"type":"Polygon","arcs":[[0]]}},"arcs":[[[312026,388093],[1622,-7481],[-341,-9727],[-1491,-22754],[-29,-31076],[65840,21844],[13442,4446],[2186,880],[3506,1092],[12204,4104],[10195,3319],[2570,-33952],[6806,2275],[22382,7284],[3856,1202],[2935,-37295],[36884,13149],[3817,-133332],[1203,-28646],[386,-16895],[-2218,-862],[-4929,-1562],[-4890,-2223],[-4273,-1548],[-6936,-2753],[-5909,-2091],[-19334,-7187],[-5845,-1436],[-50591,-19066],[-87324,-33216],[-96885,-35560],[-16065,-5013],[-2101,19402],[-1059,133],[-1331,12431],[-2060,-635],[-7218,-1381],[-7226,-3031],[-1711,28465],[-3318,-563],[-2422,-1429],[-5810,-6858],[-7235,-4578],[-3435,-1846],[-4461,-1234],[-4143,-962],[-2880,-1108],[-1131,-1694],[-921,-3385],[-394,-2699],[-1066,-2447],[-1391,-2210],[-2056,-1763],[-3222,-1765],[-6831,-4456],[-3226,-3242],[-4034,-2549],[-2404,-1302],[-2770,-2647],[481,-4207],[-17781,-6366],[-27664,-10087],[848,25821],[157,11405],[-15205,-5662],[-208,34036],[-22744,-7095],[-1861,37106],[18352,5475],[195,17724],[-279,11545],[156,56],[-178,7023],[8541,3099],[2628,613],[7912,2708],[-2587,33085],[38357,13895],[-1248,69981],[-21500,-7578],[-462,38587],[-18299,-7178],[-880,37528],[-54120,-24497],[-350,17374],[-183,19446],[-489,19925],[304,3065],[-354,10048],[106,1344],[-589,3574],[17888,5407],[9131,2076],[4267,2436],[5148,1025],[6666,13586],[11580,3473],[11032,4733],[4170,-139],[7753,-7247],[9925,-1321],[14910,7344],[8105,-5167],[10012,3280],[4734,3043],[11850,5515],[4238,10402],[10024,11250],[13099,2601],[6651,3386],[1392,8637],[2360,2478],[2105,3914],[-4460,3837],[-350,2247],[7444,4514],[3575,5694],[4712,2469],[3602,665],[1240,480],[3068,1787],[2183,2004],[198,1702],[6710,2762],[5442,484],[19607,4199],[4034,-356],[2642,81],[3597,484],[7287,3094],[12935,3419],[10724,1666],[1762,1604],[3177,3997],[2005,-2321],[9,-1626],[434,-6613],[1316,-63631],[813,-27426],[1384,-22660],[29896,12372]]],"transform":{"scale":[3.744389528778494e-7,4.090433200866883e-7],"translate":[-71.98613914599991,46.09457631000003]}}