{"type":"Topology","objects":{"32040":{"type":"Polygon","arcs":[[0]]}},"arcs":[[[108009,484812],[88480,-76551],[18539,14092],[36142,-31185],[54571,-45480],[120775,-103583],[19801,54852],[6545,-4200],[19463,19555],[27673,-24946],[-32063,-74519],[23516,-20574],[-42333,-32545],[-30721,-22538],[-16075,-13167],[-18362,-13523],[-114159,-86739],[-32961,-23761],[-66258,59349],[-31498,28708],[-15708,15439],[-80288,68328],[-43088,40210],[169536,139741],[12244,9835],[-4960,4847],[-122312,108371],[35545,25171],[17956,-15187]]],"transform":{"scale":[7.325356250715346e-8,6.231286862573345e-8],"translate":[-71.79237662699994,46.20716578100007]}}