{"type":"Topology","objects":{"32045":{"type":"Polygon","arcs":[[0],[1]]}},"arcs":[[[494662,290197],[-8043,4371],[-23502,-29372],[6020,-7367],[-5750,-6306],[-4795,-5672],[-18685,-22311],[-49,34],[-11871,-14283],[-2281,-1975],[-4191,-4924],[-8712,-10629],[-5695,-6640],[-7150,-8838],[-14027,-16821],[-69745,-82668],[-17195,-8638],[-52939,-26649],[-1256,-330],[-7259,-3432],[-12098,-6152],[-31133,-16207],[-2618,-1724],[-27560,-13664],[-249,15167],[-1050,34526],[-3330,160694],[-32182,-15847],[-2561,44949],[-3366,-1451],[-19526,-8778],[-5939,-2743],[-2243,40922],[-8894,-3999],[-10648,-4950],[-3060,-1315],[-1907,-1060],[-11729,-5359],[-57444,-26325],[24,37452],[1301,27422],[297,11724],[-1415,9017],[60309,25513],[100641,44019],[-317,20900],[121966,99521],[67999,-63857],[1877,1188],[28749,-30135],[-5515,-5334],[30740,-27902],[992,778],[31733,-28517],[3923,3116],[56695,-51188],[-5337,-7951]],[[197898,263057],[-3064,2789],[-6068,-4622],[20877,-19896],[847,-891],[-2089,-1805],[-28939,-25657],[7355,-7381],[13704,-12547],[2682,-2833],[5335,-5232],[11350,-10936],[5627,4363],[19486,15925],[3134,2482],[2745,2418],[5243,4138],[7227,5976],[-4014,3777],[5471,13682],[-4723,4579],[-3322,-3590],[-1117,772],[-3380,-10072],[-20615,19018],[-9315,8350],[-6170,5727],[-3163,-2589],[-15104,14055]]],"transform":{"scale":[4.2915450430906865e-7,3.3939235078473497e-7],"translate":[-71.86939367699995,46.14809584400007]}}