{"type":"Topology","objects":{"32050":{"type":"Polygon","arcs":[[0]]}},"arcs":[[[398662,96776],[-16927,12066],[-16674,12653],[-37998,-46615],[-13078,9155],[-21298,15440],[-2870,3585],[-2556,3959],[-7129,5631],[-1064,1138],[-5306,2658],[-11481,7994],[-8381,6155],[-1106,1178],[-2236,4170],[-1272,1211],[-7263,4951],[-39977,-52242],[-6722,4404],[-7268,-9881],[-63313,-84386],[-17484,12686],[-55161,39453],[-221,83],[35164,49585],[-31731,21254],[-475,797],[-6226,4239],[-11542,8387],[-10064,7143],[23203,30348],[13854,17914],[-13266,9381],[-9454,4847],[-26357,20195],[-14983,10956],[35647,48268],[-34980,26283],[25425,33997],[6524,8639],[7825,9612],[-8191,11223],[31975,44756],[11073,-6738],[-3011,-6253],[57582,-39385],[34750,47462],[18173,-12961],[5450,6129],[534,3694],[540,1108],[8352,10900],[11911,16469],[8181,11134],[35917,48394],[57301,-41948],[89562,-63521],[19556,-12288],[18415,-11227],[1576,-2015],[3710,-2832],[7301,-4458],[6973,-4510],[6112,-4575],[17941,-13095],[17875,-12828],[-1970,-2151],[-2396,-4721],[-233,-4210],[-778,-2652],[-2539,-1573],[-750,-4752],[271,-5850],[673,-3010],[-2539,-6625],[-31,-1577],[-2506,-2584],[-380,-2235],[-3772,-2826],[54,-2947],[837,-3004],[-1300,-446],[-6734,-291],[-1571,-939],[-5956,-2692],[-3963,-730],[-4452,-2162],[-6323,-3996],[-3165,-2565],[-1524,-2432],[-3425,-3340],[992,-2717],[-789,-2288],[1010,-1948],[-5902,-5600],[-1298,-1779],[-4297,-540],[-1554,-1503],[-1847,-98],[-3817,1091],[-2011,1148],[-3554,617],[-2564,-2021],[2148,-5388],[-407,-1387],[-4830,-3102],[-2331,-397],[-737,-1316],[-3598,-3104],[-2568,-647],[-1760,-1471],[-253,-1058],[-2705,-1499],[-3104,-544],[-2883,-2354],[-4906,-4559],[-1732,-1065],[-3273,-2934],[-3331,-3701],[-1599,-2638],[-2338,-5124],[-83,-3760],[2461,-3559],[1455,-560],[2007,225],[-124,2542],[-1320,3878],[1266,281],[1201,-2831],[1692,-1481],[1815,-184],[-144,-1864],[-2178,-2535],[53,-4119],[841,-1792],[-1452,-2107],[-738,-3822],[817,-2358],[94,-2865],[-4318,-2360],[-2082,-2936],[-71,-6589],[1219,-2142],[917,-2881],[-512,-3169],[-3090,-3491],[-514,-1875],[1024,-3645],[6498,-9007],[3306,-3048],[1707,-714],[2971,-390],[2624,-3634],[1659,-1685],[-1316,-2506],[-4590,-1560],[-1332,-771],[-184,-1864],[658,-1272],[4260,-4634],[2234,-4252],[1462,-763],[7492,-490],[-1117,-4763],[-1045,-680],[-314,-1746],[-4108,32],[-2128,-1944]]],"transform":{"scale":[3.154067808136196e-7,2.2273471946944295e-7],"translate":[-71.68081642299995,46.154511063000086]}}