{"type":"Topology","objects":{"32065":{"type":"Polygon","arcs":[[0]]}},"arcs":[[[236210,498451],[25223,-34605],[13049,-17721],[19228,-27947],[21825,-31515],[19423,-27446],[9120,10130],[7300,8264],[5276,6081],[11448,13023],[11543,13385],[11783,13360],[8921,10375],[99650,-137143],[-54607,-68737],[25139,-37228],[-1080,-1370],[23615,-34980],[-54595,-67984],[29599,-26671],[-8579,-19741],[-2988,251],[-2628,1102],[-2162,395],[-4511,1457],[-2366,4488],[-3966,4510],[-1466,1312],[-5974,745],[-7803,-1915],[-2176,-994],[-2293,325],[-2720,2700],[-4958,6007],[-921,2768],[-2857,6459],[-2564,1937],[-1729,-2920],[-2010,-1715],[-1493,241],[-3981,4548],[-632,4029],[-1968,5387],[-1527,3438],[-2561,3401],[-4559,3614],[-1867,484],[-2869,1579],[-603,950],[-878,2760],[-1304,2511],[-1061,1101],[-4870,2037],[-2009,39],[-1452,-430],[-1394,188],[-5998,-1696],[-4170,5448],[-4328,7338],[-5857,-9509],[-33133,-59669],[-20084,-36757],[-4167,-7925],[-15223,20516],[-14563,19518],[-11273,15160],[2071,2541],[-3196,4209],[-22654,30475],[-2000,-2565],[-1314,1768],[-24246,31377],[2216,2689],[-1707,2288],[-12539,16363],[-13077,17004],[-12126,-15082],[-51706,-64749],[-1081,1301],[-3832,5351],[-7459,10731],[-14578,20689],[-13240,17339],[-15976,20480],[-866,-1126],[-10042,13341],[-25852,33586],[-12911,16863],[-3460,4427],[9130,11255],[6142,7328],[15641,19106],[31668,38454],[16657,19074],[33278,38572],[18139,19964],[12509,14219],[9266,11164],[12396,14545],[23758,27429],[22686,26353],[23840,28042],[1100,-1548]]],"transform":{"scale":[5.271609363218507e-7,2.7802804005602937e-7],"translate":[-71.74203957999993,46.31355589800006]}}