{"type":"Topology","objects":{"32072":{"type":"Polygon","arcs":[[0]]}},"arcs":[[[499999,276396],[-37927,-54063],[-38308,-53065],[-13188,-19261],[45953,-34836],[13211,-9644],[-28526,-38553],[-6510,-8884],[-9477,-13142],[-6646,-8697],[-427,-883],[-425,-2949],[-4337,-4890],[-14459,10342],[-27647,-37871],[-45812,31427],[2294,5050],[5778,9668],[-61375,62238],[-4247,-3789],[-34351,34673],[-1075,-945],[-33277,33926],[5970,6484],[-31119,36640],[-2033,-1443],[-103997,109662],[-68042,71635],[65071,60773],[84,-73],[5712,5530],[14474,12624],[25006,23302],[3181,2616],[4602,-4407],[17169,-16798],[34376,-33453],[13352,-13287],[1152,1120],[21245,-20397],[17605,-17270],[19386,-20608],[9919,-10688],[5094,-5330],[1437,-1296],[68757,64492],[16123,15022],[17391,-16936],[16674,-16298],[2268,-2279],[-2945,-2678],[32240,-31252],[1748,-1761],[2659,2554],[30125,-30354],[4250,-4192],[-2753,-2532],[14988,-15098],[19365,-19443],[20244,-20433]]],"transform":{"scale":[3.9643737687471105e-7,2.7913505427021976e-7],"translate":[-71.7870467649999,46.23640421100003]}}