{"type":"Topology","objects":{"32080":{"type":"Polygon","arcs":[[0]]}},"arcs":[[[452130,424548],[-93377,-62394],[141246,-106421],[-189465,-124233],[492,-26090],[-156338,-54948],[-94001,-31964],[-40200,-18498],[-1878,34091],[-1103,41261],[-1783,95736],[-588,9948],[-12,2445],[-2718,3494],[-31,7940],[885,2093],[2652,2302],[3544,3723],[13933,4702],[3431,1062],[20907,2767],[10184,2091],[5180,2955],[-2452,2060],[-41885,32763],[-28753,21769],[90123,58233],[120008,77447],[141414,91117],[25440,-19933],[53362,-39749],[19751,-14512],[2032,-1257]]],"transform":{"scale":[2.762644125287969e-7,2.718816117633078e-7],"translate":[-71.88615782799991,46.24826259400004]}}