{"type":"Topology","objects":{"32085":{"type":"Polygon","arcs":[[0]]}},"arcs":[[[316444,435069],[19850,-22231],[14445,-14554],[28770,-29714],[4923,-5306],[29067,-30515],[-322,-309],[18452,-18582],[6060,-6778],[8679,-8955],[5173,-5476],[29010,-30164],[19448,-21721],[-105269,-96728],[-89334,-82216],[-67088,-61820],[-8173,8668],[-6710,7414],[-136882,143657],[-77574,81267],[-8969,9611],[89736,87628],[16614,16559],[8571,8697],[20903,20864],[76414,76951],[38286,38683],[65920,-64930]]],"transform":{"scale":[3.711231122461909e-7,2.5610838021671866e-7],"translate":[-71.97459973899993,46.322541139000066]}}