{"type":"Topology","objects":{"33":{"type":"Polygon","arcs":[[0]]}},"arcs":[[[163335,483642],[2495,-1698],[39776,10519],[47328,-52612],[-13418,-35526],[-5706,-12042],[28145,-29847],[23870,-26781],[52763,-56306],[38179,-41086],[100707,-108974],[2452,-2243],[-1930,-5071],[22003,-23732],[-12253,-14342],[-15487,300],[-8008,-4551],[-9787,-20665],[-9092,-23864],[-10198,12199],[-8234,-19972],[-9140,-11177],[-21127,-10841],[-1512,1638],[-15785,-6968],[-10733,11633],[4771,12221],[-140829,152688],[-23303,25109],[19986,54479],[-14890,15159],[-42060,-112104],[2591,-4401],[-3599,-27352],[-191,-13817],[-372,-103761],[-40179,42090],[-5968,-15836],[-11496,12027],[-49547,54206],[-39904,-34886],[-13280,22094],[-9099,-16967],[-1274,1840],[10652,96090],[1822,12928],[6961,61201],[51959,-73907],[5698,-8453],[14041,-6371],[5906,7605],[7476,14181],[64615,124844],[-59461,93544],[15838,-492],[-4861,56827],[14426,4259],[3578,16902],[670,26419],[24015,-16357]]],"transform":{"scale":[1.2652613335857013e-7,5.257198428320501e-8],"translate":[-73.67762715434932,45.478422071884005]}}