{"type":"Topology","objects":{"33007":{"type":"Polygon","arcs":[[0]]}},"arcs":[[[375818,472734],[24201,-82431],[33670,-62672],[37677,-38086],[2164,-27990],[21479,-28188],[229,-454],[-30829,-26354],[-11779,-9638],[-5135,8704],[-44713,-39185],[54127,-70518],[5584,-7570],[7901,-11626],[3512,-4667],[1999,-2980],[24094,-32816],[-9279,-1382],[-70798,-8198],[-83879,-9782],[-118656,-13005],[-10599,-1946],[-16239,-1346],[-645,102],[-12885,23],[-105553,140469],[-71379,94814],[8681,78652],[-8768,58252],[46821,-655],[-328,2493],[13461,-156],[3330,-11042],[-2864,-12760],[-3,-2760],[47953,-1621],[788,-4402],[48939,29],[248,28885],[100944,-273],[439,-26024],[23638,-35284],[5531,-2711],[-4408,20002],[-11848,51780],[42912,27139],[-1853,7027],[39489,32283],[-4864,15061],[-1158,3878],[-3594,13408],[-3110,8817],[20086,13969],[15021,-26420],[248,-845]]],"transform":{"scale":[4.7118959437921224e-7,2.479741919482869e-7],"translate":[-71.33617374999994,46.30055483400008]}}