{"type":"Topology","objects":{"33017":{"type":"Polygon","arcs":[[0]]}},"arcs":[[[192461,499860],[95139,-97701],[32796,77642],[8145,19338],[74355,-77127],[37665,-38026],[3751,-16266],[51281,-1791],[4406,-26213],[-49120,537],[9198,-47709],[-9106,-64418],[31518,-32671],[-286,-781],[-7417,-7128],[-16372,-15945],[-9483,-9324],[-792,-678],[-8272,-8100],[-10167,-9643],[-173,-4],[-58567,-54548],[-93415,-89304],[-6340,4943],[-12873,9830],[-24378,19070],[-26553,20551],[-50422,35614],[-95123,67092],[64082,62430],[-27719,32120],[1269,1258],[-29506,34187],[64093,63121],[-116961,125935],[-11147,11499],[-5967,6393],[9806,-115],[356,3445],[96520,173],[-2376,2453],[88155,-139]]],"transform":{"scale":[4.491302042602696e-7,3.027697495395799e-7],"translate":[-71.53867695299994,46.29001011400004]}}