{"type":"Topology","objects":{"33025":{"type":"Polygon","arcs":[[0]]}},"arcs":[[[404369,485091],[51703,-106861],[780,-1326],[5807,-12530],[815,-2481],[36525,-76898],[-24719,-20587],[3827,-12997],[4425,-19761],[1424,-5716],[5983,-22197],[-48595,-47581],[2279,-10357],[-52810,-39999],[14582,-76321],[5426,-29479],[-6807,3996],[-29090,52004],[-542,38356],[-124227,403],[-305,-42573],[-60227,-43],[-972,6488],[-59013,2389],[4,4067],[3526,18809],[-4100,16275],[-16565,227],[-4767,43499],[-60153,3223],[-4401,29271],[-44182,68430],[31513,90587],[-2905,12029],[42543,74520],[6548,-4880],[53615,32484],[-5056,13687],[21629,8421],[33823,13742],[5925,1857],[31502,12731],[12887,-74559],[11501,3592],[43204,16115],[18311,6863],[29802,10794],[14930,5797],[6270,1953],[39123,15036],[2533,590],[2876,34],[3795,-1123]]],"transform":{"scale":[3.828753497506778e-7,1.682454044908419e-7],"translate":[-71.35772399399991,46.37659249600006]}}