{"type":"Topology","objects":{"33035":{"type":"Polygon","arcs":[[0]]}},"arcs":[[[349733,407594],[64748,-53004],[37943,-31378],[25877,-21503],[5474,-4524],[16224,-13802],[-38568,-29505],[-74879,-20911],[-35049,-9893],[34912,-30212],[27601,-80606],[-17658,-3601],[4128,-5851],[-43769,-13888],[-5348,2086],[-34730,-31859],[2371,-5142],[-25726,-38728],[-71207,59339],[-7801,-14879],[-31405,-59733],[-102861,84850],[-119,0],[-54753,46753],[-25138,20730],[54586,62030],[9181,8272],[47053,56352],[41830,13592],[3963,1127],[13710,4539],[6014,-1969],[25958,11378],[-4736,6528],[20511,8293],[-1499,5268],[3034,475],[18759,8133],[1293,28528],[11578,5204],[-18664,39689],[26719,11981],[-21661,23926],[-71475,-28351],[3626,4240],[25296,29999],[33972,40390],[6719,8042],[2824,-2304],[29596,-22948],[20432,-15463],[3067,-2075],[1492,-522],[31271,-27617],[23580,-19895],[1704,-1581]]],"transform":{"scale":[4.689889419779228e-7,3.935344030688195e-7],"translate":[-71.49527077599993,46.41177208800008]}}