{"type":"Topology","objects":{"33030":{"type":"Polygon","arcs":[[0]]}},"arcs":[[[415325,471167],[44680,-44196],[8425,-8418],[20729,-21033],[-58407,-57263],[18213,-17988],[38916,-37829],[12118,-9898],[-59226,-39097],[-73414,-66112],[1880,-2317],[90724,-116001],[-5239,961],[-3973,-28],[-3498,-505],[-54031,-12859],[-8659,-1672],[-20619,-4956],[-40905,-9174],[-25540,-5927],[-59668,-13785],[-15885,-3070],[-17797,63765],[-43507,-10887],[-8181,-1590],[-46713,-11751],[-46689,161248],[-59059,60437],[59291,19793],[126669,41830],[65243,59024],[-27445,27610],[8246,8248],[59628,57773],[7291,6758],[17605,17740],[2494,-5028],[3422,-7737],[1133,-6163],[1034,-10542],[2703,-6951],[2411,-4511],[3684,-5342],[2876,-4802],[7010,-17460],[3427,-5673],[10274,-10950],[58329,56328]]],"transform":{"scale":[2.772350144701025e-7,1.9672280144563073e-7],"translate":[-71.33041925799995,46.448170951000066]}}