{"type":"Topology","objects":{"33045":{"type":"Polygon","arcs":[[0]]}},"arcs":[[[411199,479398],[-8673,-13296],[-38400,-58698],[-5502,-8296],[108496,55475],[32879,-46818],[-40558,-23440],[28332,-77658],[-17576,-10183],[-1962,-55817],[-28477,-15913],[-4603,-932],[2275,-10307],[-31136,-16226],[7188,-12773],[-39399,-22261],[-9131,3852],[-20810,-8879],[-6016,-2207],[-63494,-26593],[-71424,-110261],[-13936,-16187],[-1354,-1980],[-86225,102827],[-8902,11428],[-7172,8821],[-1705,-2700],[-28656,-42446],[-28874,27590],[67172,27638],[27724,11157],[-69149,75363],[3467,4228],[-2828,3032],[-52770,54860],[2218,3386],[11040,5477],[7182,4426],[31784,35139],[41084,-38077],[83015,71316],[-29347,28797],[47925,26012],[9645,-11524],[64263,35771],[-5137,9202],[43449,24983],[13820,-14351],[554,-738],[10002,6416],[41876,24172],[18224,7794],[19602,-20601]]],"transform":{"scale":[3.08965009930027e-7,2.0112954425910194e-7],"translate":[-71.5281485939999,46.495732677000035]}}