{"type":"Topology","objects":{"33040":{"type":"Polygon","arcs":[[0]]}},"arcs":[[[445995,384386],[-76181,-112143],[35666,-38100],[77680,-85931],[168,2],[16671,-17798],[-119776,194],[3228,-3468],[-131138,-243],[-485,-4873],[-13324,163],[8109,-9042],[15144,-16258],[-14228,-13472],[-18790,-17347],[-18406,-17379],[-18257,-16911],[-8416,-7897],[-11640,-10730],[-14543,-13153],[-30975,35638],[-34806,40921],[-30662,36288],[-20811,23011],[-40223,44933],[40046,36948],[37534,35418],[25923,23801],[-27445,31836],[-15237,17106],[135023,2400],[54709,1061],[-13082,14533],[65342,-1632],[-34477,38711],[53542,76736],[124,-118],[26784,39871],[1592,2537],[6704,-8288],[8322,-10735],[80591,-96590]]],"transform":{"scale":[3.305646791293765e-7,2.1411751623501297e-7],"translate":[-71.61751843999991,46.41342860800005]}}