{"type":"Topology","objects":{"33052":{"type":"Polygon","arcs":[[0]]}},"arcs":[[[395590,427412],[45430,-68151],[2434,-3765],[-2983,-5254],[45126,-70991],[14402,-22628],[-23868,-13861],[-57827,-34333],[24743,-34115],[-49316,-101484],[31756,-51192],[-60186,2156],[12049,-19218],[-49427,-1379],[-125330,-3197],[-11949,19254],[-759,1519],[-29626,49218],[-7020,11799],[-33565,53992],[-7066,10980],[-8240,13142],[-1493,1815],[-4230,7399],[-7968,12267],[-13550,21652],[-5111,7854],[-31005,50744],[-41011,61634],[21543,-1440],[-2941,7853],[161878,-15235],[67232,-6630],[-11538,20127],[-9585,14916],[-5994,9984],[-11218,18112],[-5128,8580],[-2051,2399],[-8863,14950],[-3163,5121],[-429,1313],[5017,3310],[9239,4803],[3899,1252],[5796,2571],[5338,3659],[1353,1290],[-16042,26195],[7153,-1735],[4167,1199],[19600,13753],[20275,13633],[18793,1887],[26739,7822],[59,-108],[44925,17149],[15196,-23204],[31632,-45320],[2708,-4063]]],"transform":{"scale":[3.5888920177837994e-7,1.6190682781359974e-7],"translate":[-71.67012165199992,46.483209782000074]}}