{"type":"Topology","objects":{"33060":{"type":"Polygon","arcs":[[0]]}},"arcs":[[[408062,387073],[679,-5319],[5017,-20757],[14059,-60595],[3252,-9720],[8131,-34777],[17794,-73413],[9503,-40459],[15205,-60462],[18296,-81571],[-106628,26866],[-256729,61751],[4664,-31828],[-34167,5839],[-47061,195156],[-48328,195141],[-11749,47074],[175412,-36375],[65996,-16050],[160568,-32885],[6086,-27616]]],"transform":{"scale":[2.2629232458458258e-7,3.994688589364711e-8],"translate":[-71.69436624999992,46.53304759700006]}}