{"type":"Topology","objects":{"33070":{"type":"Polygon","arcs":[[0]]}},"arcs":[[[499999,215624],[-7989,-6793],[-25567,-21056],[-46910,-40681],[-23481,-20118],[-44640,-40558],[-22049,-20151],[-8657,-7730],[-12873,-11869],[-3371,-2771],[-26510,-24674],[-15343,-13369],[-6055,-5854],[-1590,1372],[-14592,14967],[-39419,40997],[-38095,41660],[-28789,29306],[-5134,5321],[-8612,8701],[-6014,6584],[-18312,18052],[320,301],[-28847,29648],[-4886,5154],[-28550,28868],[-14336,14141],[-19698,21598],[41353,40079],[39873,38910],[40004,38684],[35381,34290],[35338,34118],[30176,28702],[18710,18546],[26308,-26188],[20537,-20204],[-1357,-1590],[18941,-19394],[-11364,-11442],[22182,-22054],[8749,-9117],[4106,-3899],[9096,-9249],[29272,-29327],[15234,-14909],[15249,-14650],[26337,-27024],[16606,-16496],[16764,-16216],[16273,-16864],[16420,-16411],[9811,-9341]]],"transform":{"scale":[3.739676979353495e-7,2.636088432177317e-7],"translate":[-71.85715967599992,46.36366945800006]}}