{"type":"Topology","objects":{"33085":{"type":"Polygon","arcs":[[0]]}},"arcs":[[[442676,405144],[57323,-87384],[-3035,-3696],[-7659,-6382],[-3820,-3665],[-10899,-9652],[-3384,4991],[-10785,17208],[-15242,-10377],[54651,-86398],[-24773,-11912],[-14021,-6535],[19987,-33187],[16466,-30172],[-25357,-7409],[-17819,-1787],[-19226,-12913],[-18585,-13028],[-3953,-1136],[-6782,1643],[15212,-24813],[-1284,-1223],[-5060,-3465],[-5497,-2435],[-3697,-1186],[-8760,-4549],[-4758,-3135],[-3640,6454],[-96005,7686],[-39459,3750],[-104879,8501],[-25469,39877],[-942,-3183],[-781,-6623],[-982,-3895],[-815,-5204],[-1143,-4325],[-4534,-9872],[-4619,-6192],[-3913,-6841],[-3541,-8083],[-2853,-7997],[-1967,-9107],[-964,-3052],[-2153,-3851],[-1603,-3823],[-2223,-3803],[-2567,-5400],[-1990,-3476],[-3560,-7138],[-4364,-3652],[-12771,-6729],[-3165,-3327],[-2235,-6279],[-3753,-6963],[-29887,48148],[-1056,997],[-15723,24438],[-8363,13307],[78736,112748],[-9343,15861],[21800,-2170],[85691,-2352],[3250,-1938],[5202,-1362],[6736,-514],[9642,-478],[7882,145],[6660,-183],[22440,-1250],[-17935,30419],[1890,2498],[-3380,5643],[-17268,29663],[8016,-320],[13572,-877],[11653,544],[26680,-740],[11561,-18150],[10873,4734],[-20236,32178],[-9715,15087],[-26485,41813],[9159,2315],[1174,-44],[10472,-2358],[2660,-178],[4368,593],[7239,1741],[9107,4785],[4766,2928],[15143,6358],[20262,8932],[935,791],[-11336,18017],[-41979,64328],[-3744,6307],[2549,2646],[2647,2031],[2563,1184],[7541,-824],[16487,370],[3916,885],[4306,1905],[4102,3628],[14354,7977],[6637,3838],[9125,7181],[9843,6773],[28317,-41072],[10370,-15554],[25449,-40676],[7425,8702],[12276,-18624],[3039,-1032],[8315,3774],[7267,9628]]],"transform":{"scale":[3.784744109488543e-7,1.7092517585039882e-7],"translate":[-71.75035608499991,46.53781913200004]}}