{"type":"Topology","objects":{"33095":{"type":"Polygon","arcs":[[0]]}},"arcs":[[[358858,490762],[14343,-23793],[41403,-67417],[49735,-80949],[10571,-17372],[25089,-39889],[-26485,-22825],[9038,-17658],[-6917,-6821],[-3391,-4124],[-2896,5190],[-7556,12140],[-2085,3548],[-73325,-58221],[-25391,41535],[-13050,22625],[-17556,-16401],[-30826,-10605],[-25164,-2487],[-20006,2662],[-3052,-5333],[-21281,-20148],[-4233,-1606],[-8773,-4396],[-5137,-5047],[-7392,-9395],[24876,-45553],[-6095,-13549],[-5606,-10266],[-9026,-10471],[-7499,-13033],[-8922,-8248],[-3271,-7311],[-6837,-790],[-4442,-14767],[-15647,-20745],[-10639,-15404],[-7741,-3838],[-2828,1050],[-11430,18944],[-6912,-8852],[-23690,41375],[-9654,15823],[-26358,41780],[-9165,-6891],[-19513,32678],[-34122,55086],[7128,2702],[1314,234],[3399,1958],[2525,2337],[3546,4162],[5110,4837],[6077,9446],[4044,1886],[3569,-16],[2806,2674],[3711,5668],[460,1097],[5232,5219],[3252,6072],[3277,8109],[1759,3741],[2399,3722],[946,2568],[1565,2070],[1867,1549],[2721,526],[4888,-4924],[1114,543],[-2799,1774],[-1340,2710],[766,3470],[4144,1730],[4566,4806],[5787,7979],[3515,5871],[1539,1853],[4746,7064],[3880,8569],[396,2755],[-1908,5356],[754,-654],[1433,-4152],[1597,517],[858,2082],[1981,592],[2721,3898],[2202,7245],[1810,2724],[226,1619],[3327,7361],[3403,5116],[2075,2363],[3025,1505],[6231,1896],[5796,4441],[1955,1929],[5831,4390],[5718,1814],[3014,2145],[2954,3429],[2442,5009],[1591,5764],[1995,-160],[5498,-1574],[4091,-2025],[4242,-3144],[2849,-968],[6936,-1123],[3086,7],[3492,619],[1685,1002],[5020,1452],[4170,548],[4963,1071],[6528,-73],[4491,2278],[1066,1396],[4285,1197],[9741,5026],[2399,2324],[3078,2095],[8453,6884],[2478,1472],[1386,1520],[3930,2998],[7679,6946],[8044,9752],[2931,4710],[1195,1403],[3740,2880],[3723,2073],[1264,1086],[1922,425],[4961,2889],[2957,159],[2092,1557],[3450,4576],[1805,1436],[5350,2804],[1951,2140],[6449,4200],[10062,11943],[1988,2034],[4118,3327],[1607,1691],[3488,6023],[3289,4568],[830,1972],[3055,5143],[-568,1041],[5888,4973],[2166,2793],[1363,2802],[2979,7389],[950,-287],[-646,-2213],[929,-3111],[3330,-2556],[1710,-771]]],"transform":{"scale":[4.0656705313418095e-7,1.6803224606446e-7],"translate":[-71.64712418499994,46.604777882000064]}}