{"type":"Topology","objects":{"33090":{"type":"Polygon","arcs":[[0]]}},"arcs":[[[499999,291480],[-7953,-16434],[-33449,-68656],[-15284,21518],[-14211,-8140],[-32652,-25249],[-7799,-6702],[-432,772],[-10776,14990],[-33879,-26096],[4005,-9612],[-50111,-37361],[-7520,12037],[-37369,-27169],[22882,-30080],[-64730,-74488],[-32036,39771],[-24783,-36702],[-5600,-4624],[-8609,-5719],[-1729,-3536],[-2453,3414],[-28651,38105],[-13763,19512],[-40691,-14419],[-15781,26871],[-19093,29458],[13394,5802],[23661,10573],[-52200,76689],[14558,9212],[10303,-15274],[3230,-4431],[10413,8568],[3648,3253],[7317,5665],[2897,3282],[-54753,77564],[3975,4895],[16055,18104],[4559,12884],[7015,690],[3356,6380],[9155,7197],[7695,11372],[9260,9139],[5754,8957],[6253,11824],[-25525,39751],[7585,8196],[5271,4404],[9002,3837],[4343,1402],[21835,17582],[3133,4652],[20526,-2323],[25823,2171],[31629,9255],[18013,14309],[13392,-19741],[26052,-36243],[75237,50802],[2139,-3095],[7754,-10593],[2970,-4529],[3480,3599],[7099,5952],[-9274,15408],[27174,19917],[12303,-16640],[4191,-5274],[31294,-42650],[18011,13062],[36457,-55417],[4060,-5840],[-3391,-4897],[-9057,-12553],[48907,-69366],[6489,-8944]]],"transform":{"scale":[3.9623376646751883e-7,1.9256203112412054e-7],"translate":[-71.58281455199995,46.552410862000045]}}