{"type":"Topology","objects":{"34":{"type":"Polygon","arcs":[[0]]}},"arcs":[[[298848,499999],[20550,-22099],[-20678,-51766],[23389,-24958],[70147,-73484],[4291,10235],[46850,-49399],[20906,-22958],[35695,58527],[-13338,-71812],[-2498,-7650],[-21554,-28050],[-4773,-10965],[-4466,-3668],[-17574,-35325],[-13780,-24685],[-5985,1248],[-25782,-36956],[-2294,-7760],[-8193,-5863],[-5613,-9137],[-12034,-10041],[-34356,-37014],[-6171,2096],[-36728,-38515],[-11007,10450],[-35178,36541],[-62451,65558],[-4467,9720],[-54805,56129],[-11778,-31647],[-48703,50026],[9379,12439],[-65849,68263],[33170,52743],[4101,2839],[16577,65],[24038,2034],[31324,24051],[30562,12946],[20321,9631],[2001,-2123],[27962,14042],[12098,14474],[10897,25868],[13498,-15801],[12034,30908],[12954,26762],[10598,5895],[20499,-390],[16214,18576]]],"transform":{"scale":[9.55975576616788e-8,4.059228402431501e-8],"translate":[-73.6429334550997,45.46329078978751]}}