{"type":"Topology","objects":{"34025":{"type":"Polygon","arcs":[[0]]}},"arcs":[[[499998,103687],[-5423,-10458],[-1520,-4291],[-8210,-7604],[-4126,-1643],[-12383,-2081],[-9809,-870],[-15204,282],[-5176,1345],[-13407,-2768],[-2107,-1926],[-9082,-5620],[-10570,-8347],[-8923,-8647],[-12972,-10380],[-3307,-1610],[-12559,-3745],[-9103,-2130],[-5285,-2797],[-6317,-5872],[-9480,-23468],[-2437,-747],[-3275,7949],[-2639,1175],[-6180,-77],[-7672,2709],[-4322,92],[-6104,2500],[-4176,190],[-4352,-1470],[-6021,2227],[-5835,-1810],[-7818,-56],[-11069,4310],[-7108,6500],[-4793,3565],[-8660,3400],[-13633,64],[-7129,-3428],[-11419,-4531],[-4691,-2680],[-5688,-1713],[-19283,-2936],[-10935,-467],[-8053,301],[-5486,1696],[-8952,536],[-3973,933],[-11843,-48],[-2867,-1317],[-5876,-342],[-12682,-1923],[-7898,121],[-16890,7273],[-2324,543],[-7191,4102],[-6608,-742],[-5095,1066],[-1950,-2196],[-4011,-357],[502,-7238],[-1191,-52],[-620,6132],[-1900,-1277],[221,-7803],[-23665,-2325],[-1207,4233],[-527,10684],[-52,22738],[-1785,11982],[-2456,11264],[-3805,11612],[-8644,6652],[-7309,9271],[-3693,7813],[-1966,9486],[499,6712],[2035,7674],[3658,3502],[3250,946],[6663,-2597],[2252,-4216],[686,-4338],[3911,-9799],[3871,-6476],[5110,-5274],[6919,-3078],[9297,-166],[3139,3457],[4257,15759],[-1876,13701],[444,19566],[-1126,8619],[1695,30202],[-3068,21295],[-10075,14542],[-19440,20505],[-3314,4815],[-6187,17700],[1685,6843],[17375,6047],[27198,-427],[15899,5914],[7092,9913],[8756,30878],[4997,20911],[8671,9925],[20275,15953],[13521,9906],[12785,15906],[12855,14300],[12371,11623],[14635,7916],[14868,4345],[5680,4955],[9842,7147],[8206,8376],[10060,25654],[1071,12221],[20152,-29394],[109795,-169917],[6574,-11434],[17407,-27142],[-2997,-2008],[108625,-156416]]],"transform":{"scale":[1.7552718905437425e-7,9.792550985090007e-8],"translate":[-71.75194419799993,46.667300466000086]}}