{"type":"Topology","objects":{"34030":{"type":"Polygon","arcs":[[0]]}},"arcs":[[[499999,294526],[-5575,-4598],[-3215,-3189],[-8419,-2798],[-8288,-5095],[-7006,-7480],[-7279,-9203],[-7240,-10236],[-7656,-6376],[-11482,-10267],[-4908,-6389],[-2830,-13459],[-4959,-19871],[-4015,-6381],[-9003,-3806],[-15403,274],[-9839,-3891],[-952,-4403],[3503,-11394],[1876,-3098],[11009,-13198],[5704,-9358],[1737,-13706],[-959,-19436],[637,-5549],[-251,-12593],[1062,-8818],[-2410,-10142],[-1777,-2224],[-5265,107],[-3919,1979],[-2892,3396],[-2193,4169],[-2214,6304],[-389,2793],[-1275,2713],[-3772,1671],[-1841,-609],[-2071,-2253],[-1153,-4939],[-284,-4320],[1115,-6105],[2091,-5027],[4139,-5968],[4893,-4282],[2155,-7473],[1392,-7250],[1010,-7711],[29,-14634],[300,-6877],[683,-2723],[-39347,-2994],[-3356,-1927],[-7750,-2156],[-2106,-103],[-9343,-2471],[-2965,-1152],[-3613,1122],[-6627,146],[-5306,-260],[-4376,1261],[-2431,2720],[-4072,2637],[-5544,732],[-4674,1365],[-3003,325],[-6674,2095],[-5341,1036],[-2308,1188],[-7474,2054],[-5354,-88],[-7066,891],[-9174,9126],[-2977,4347],[-4341,4871],[-2151,1607],[-8435,8275],[-4198,2572],[-938,2023],[-4081,2931],[-3681,2064],[-7215,6737],[-4458,6107],[-4695,5503],[-2666,1937],[-5176,6188],[-2504,2182],[-6897,7462],[-2394,2897],[-4182,3517],[-1579,2345],[-8277,5323],[-3090,3688],[-7725,6771],[-5169,5773],[-3343,5392],[-5427,4340],[-5843,2427],[-6516,5645],[-7587,4646],[-1730,1627],[-5349,2926],[-5777,-175],[-5376,734],[-2263,2667],[-1885,1086],[-3495,4674],[-5005,2587],[-4262,20],[-5122,5537],[-4944,282],[-2556,-662],[-6744,-3536],[-3893,-2859],[-2952,-91],[-4957,-2440],[-4660,-887],[-2414,1003],[-17634,38707],[-10013,21484],[-13767,29788],[-4353,9694],[6314,18006],[5371,3022],[11023,2987],[2161,1294],[4662,4141],[2604,3801],[24927,41548],[8412,14269],[3106,2287],[4238,1043],[13255,-1636],[4365,1049],[5991,3438],[7163,8701],[5431,7136],[1517,-9],[1522,1741],[2295,3998],[4453,5797],[5763,5024],[5035,1355],[5059,-405],[4263,-1620],[8364,-169],[4026,-567],[7772,-143],[5045,2501],[2889,973],[7410,884],[390,3695],[14190,2905],[2980,-8218],[7103,6740],[-1297,4023],[4222,307],[-3338,16282],[8740,3494],[-8191,11547],[-2170,4670],[20617,3704],[55939,9251],[4470,1124],[27913,4067],[21268,23235],[18048,15215],[6936,11426],[1323,-3449],[8146,-11927],[38969,-56285],[21868,-32616],[4741,5577],[19004,-27661],[18841,-27932],[17893,-26340],[16958,-24840]]],"transform":{"scale":[3.099732579466345e-7,1.5215353430700792e-7],"translate":[-71.86812038999994,46.666920581000056]}}