{"type":"Topology","objects":{"34060":{"type":"Polygon","arcs":[[0]]}},"arcs":[[[326629,414410],[10728,-10158],[9475,-6264],[36361,-33738],[89791,-85093],[27015,-25688],[-106073,-104341],[12413,-10655],[-16138,-11126],[7402,-7899],[-11687,-9228],[2474,-3199],[-8400,-7722],[3328,-7084],[-22856,-18878],[1664,-3542],[-5832,-5460],[4199,-3099],[-51828,-25706],[-20860,23456],[-30025,-15492],[-51,-5157],[-33640,-19850],[-10431,6180],[-13513,-8009],[-4353,1659],[-18013,-14918],[-5734,-3399],[-66881,59156],[-105164,95551],[116033,36359],[-39318,36279],[85427,152560],[-18061,15264],[-63823,53285],[-3548,3179],[6537,5123],[14265,6722],[15533,3007],[12881,-2962],[6155,-4182],[2856,-4843],[-996,-6061],[-2751,-4045],[-528,-2670],[2820,-1883],[6436,-2147],[12534,-1676],[12271,3318],[15112,6281],[21358,9316],[17207,7757],[7454,6577],[2416,6665],[-4566,12198],[2407,11871],[58636,-48570],[2602,1783],[3497,-787],[6976,-7397],[27836,-28257],[971,-2361]]],"transform":{"scale":[2.026767533534612e-7,1.6740488080983287e-7],"translate":[-72.05771154999991,46.683752623000025]}}