{"type":"Topology","objects":{"34065":{"type":"Polygon","arcs":[[0]]}},"arcs":[[[365686,328488],[66716,-70816],[67597,-72121],[-15493,-12366],[-4882,4192],[-13074,-12000],[3020,-5884],[-34097,-29296],[-2398,2737],[-38150,-28650],[-4437,-13088],[-17580,-8880],[-6251,-6970],[-21043,-14030],[-23165,-9906],[-29352,-11788],[4217,-8129],[-11359,150],[-2815,-14037],[-34372,-17493],[-839,737],[-98564,104208],[37259,36289],[-23896,24483],[7834,9955],[-60227,60588],[-27015,27070],[-29749,28322],[-12561,11431],[-41010,40079],[82136,74125],[-9506,6416],[11911,12352],[7634,-7962],[41351,26105],[72058,45688],[72521,-78876],[87540,-92665],[41,30]]],"transform":{"scale":[1.548458196916122e-7,1.0686952773910598e-7],"translate":[-72.07946056599991,46.64865040600006]}}