{"type":"Topology","objects":{"34078":{"type":"Polygon","arcs":[[0]]}},"arcs":[[[342971,496480],[39072,-49012],[26029,-32180],[21677,-27176],[10820,-14431],[24015,-30425],[17431,-21599],[5339,-6162],[12645,-15263],[-15780,-18139],[-10969,-12860],[-5486,7328],[-18673,-3502],[-4021,-5561],[-3376,2571],[-17490,-8184],[-1074,-7958],[2497,-16304],[-4864,-15414],[-37091,-18208],[22412,-29340],[-4992,-8463],[-5855,8674],[-11250,-10720],[5717,-9216],[-13445,-4432],[15867,-19635],[-22053,-15023],[-6868,-17743],[-2987,-8977],[1000,-16553],[-885,-4477],[-1677,-3814],[-11090,-11982],[-5979,-17053],[-3033,-3564],[-17058,1829],[-9659,-8219],[-991,-8588],[-31216,-16705],[-3226,4011],[-27488,35928],[-16353,21853],[-15371,21307],[-6861,8842],[-88911,118331],[-121420,156152],[17888,21758],[14264,17445],[13706,16460],[26863,34843],[54732,-67145],[25079,-29898],[-4552,-7247],[28712,-35138],[2348,-3284],[7821,-10249],[3848,-6075],[2641,-4754],[27234,31746],[-11174,18581],[3969,1873],[5508,1836],[7154,2898],[2131,1672],[3138,3474],[6123,-9176],[10337,11897],[38247,43857],[20596,24692],[1743,1920],[688,3202],[-182,2395],[-2289,3962],[-320,3338],[469,1980],[1745,3369],[3514,2891],[1605,-433],[3227,-3650],[1876,497],[615,2158],[-325,4122],[672,3197],[1638,1722],[1561,-69],[1009,-2924],[1322,-2228],[2742,798],[-687,4594],[-19,2089],[1962,3541],[1048,2915],[3727,5624],[439,2946],[-4867,6785],[-3281,2762],[-923,1371],[-62,2085],[1629,2140],[4113,-2272],[620,1670],[-717,4105],[143,3386],[3853,1925],[971,1171],[1620,304],[405,-3362],[1087,-1621],[1408,-104],[2579,1689]]],"transform":{"scale":[3.6430054260093484e-7,1.982919805839644e-7],"translate":[-72.24870876699993,46.617270975000054]}}