{"type":"Topology","objects":{"34085":{"type":"Polygon","arcs":[[0]]}},"arcs":[[[499999,221085],[-3503,-1835],[-1912,113],[-1476,1762],[-552,3655],[-2200,-331],[-1318,-1274],[-5234,-2090],[-195,-3682],[975,-4464],[-842,-1816],[-5588,2471],[-2212,-2327],[85,-2268],[1252,-1492],[4456,-3000],[6612,-7379],[-597,-3203],[-5061,-6114],[-1423,-3169],[-2667,-3850],[27,-2273],[933,-4993],[-3723,-867],[-1797,2420],[-1369,3180],[-2121,74],[-2223,-1872],[-916,-3474],[444,-4482],[-837,-2347],[-2547,-540],[-4384,3967],[-2181,472],[-4771,-3144],[-2371,-3664],[-635,-2151],[434,-3629],[3109,-4310],[247,-2602],[-935,-3483],[-2368,-2088],[-27974,-26844],[-51949,-47686],[-14042,-12936],[-8316,9978],[-4262,-3776],[-2893,-1821],[-9717,-3150],[-7483,-1996],[-5389,-2036],[15176,-20203],[-36992,-34516],[-3585,5170],[-5226,6605],[-10626,11142],[-3188,3571],[-38998,38206],[6182,7878],[-34063,32507],[-74341,73005],[-36486,-37884],[-40681,41903],[-12760,12480],[-38489,38899],[-4513,26281],[24602,25716],[66989,70796],[23417,25160],[25180,26469],[51625,57224],[29865,34871],[34821,-37556],[10345,-9688],[3773,-3264],[65192,-63030],[26766,-27506],[16467,-16667],[7270,-6595],[21975,-21793],[24925,-25904],[34754,-35626],[25563,-24811],[6470,-6474]]],"transform":{"scale":[2.682120264240516e-7,1.823757207515211e-7],"translate":[-72.25786984399991,46.67539833300003]}}