{"type":"Topology","objects":{"34097":{"type":"Polygon","arcs":[[0]]}},"arcs":[[[131655,494793],[32320,-23685],[11727,-8429],[16537,-12240],[12359,-9492],[15393,-11704],[2465,-1581],[22686,-17084],[21544,-15929],[11375,-8711],[10723,-7554],[21404,-15300],[20287,-15132],[21346,-15727],[20900,-15521],[11370,-8486],[15353,-11311],[14732,-10913],[11513,-9445],[9059,-5963],[23151,-17069],[-3596,-2630],[4088,-2863],[9984,-7176],[16310,-13336],[14269,-10925],[-1166,-5241],[2211,-5386],[-1169,-2943],[-3609,-2904],[-8328,-3424],[-10337,-4113],[-7313,-2774],[-5940,-1464],[-6065,738],[-3115,950],[-1365,829],[255,1180],[1331,1786],[482,2675],[-1382,2139],[-2978,1848],[-6235,1308],[-7517,-1329],[-6905,-2967],[-3163,-2263],[1716,-1403],[30891,-23528],[8740,-6738],[-41344,-67361],[19029,-16017],[-56159,-16053],[24081,-19957],[-26643,-12879],[-15292,-7357],[-2821,2244],[-4405,-3482],[3516,-1809],[-30372,-20892],[-20891,15910],[-9413,7548],[-18858,14213],[-22644,16831],[-38133,28745],[-16372,11935],[-22260,17137],[-15963,12460],[-14075,10482],[-4656,3174],[-10547,8017],[-17143,13231],[-41754,30318],[-2417,1569],[-6627,4661],[-25620,20753],[-41179,32742],[-9031,6944],[29128,21141],[32157,23062],[29491,21936],[37191,28735],[18548,14341],[-42677,30899],[-24248,17325],[10566,9527],[-36238,25120],[9531,7493],[60877,43750],[1267,-751],[6062,-4455]]],"transform":{"scale":[4.187669015338134e-7,3.791483782967827e-7],"translate":[-72.22082933199994,46.685336136000046]}}