{"type":"Topology","objects":{"34090":{"type":"Polygon","arcs":[[0]]}},"arcs":[[[416688,231478],[-17138,-19210],[-29626,-31524],[-14449,-14582],[-13437,-13859],[-38441,-39001],[-14119,-14168],[2591,-14476],[22086,-21430],[7322,-6875],[23342,-23081],[-10681,-9862],[-11116,-10449],[-13868,-12961],[-81333,83537],[48,46],[-69786,68535],[-58303,57179],[-14819,15641],[-72665,70945],[-12296,12680],[80783,69879],[368,-58],[1198,2190],[4071,4135],[5021,4836],[-18,199],[12069,10150],[23101,-23628],[60522,55250],[10962,-14608],[62166,56210],[50402,-54042],[34437,30314],[10723,-10998],[61231,61607],[32468,-28770],[-9467,-10910],[21724,-19844],[38237,-35386],[-16619,-16425],[-33320,-32909],[-26423,-25122],[-28810,-26413],[-26099,-24210],[8091,-7953],[36894,-37500],[2976,-3079]]],"transform":{"scale":[4.673961927922824e-7,3.3105777611547053e-7],"translate":[-72.3931711809999,46.68995320700009]}}