{"type":"Topology","objects":{"34105":{"type":"Polygon","arcs":[[0]]}},"arcs":[[[459522,292570],[40477,-43310],[-2547,-34702],[-14238,-2046],[-28309,-3978],[8391,-9812],[-2102,-1902],[-23142,-22071],[-10984,-10448],[-1810,-1856],[22330,-23611],[-14412,-16180],[-13462,-14216],[-15853,-17128],[-2810,1229],[-10911,-12251],[-4151,-4770],[8847,-10970],[-39352,-1516],[-4092,133],[6798,-7514],[3291,-2997],[1613,-2352],[-14318,-9435],[-7973,-5063],[-9255,-6152],[-3197,-2015],[2772,-3280],[-32134,-22723],[-2002,-1634],[-431,1346],[-12356,16118],[-3097,4218],[-1553,451],[-1155,-1018],[-26027,27703],[-13088,14113],[-14958,17229],[-9156,9270],[-3750,3699],[3298,3398],[-21233,22050],[-8309,7705],[-10559,12200],[-13511,14098],[-14082,14613],[-10427,10963],[-19170,20052],[-19578,20314],[-18606,19548],[-19630,19767],[-9835,9760],[-10433,11253],[-19759,20577],[-19582,20771],[16169,14539],[14182,12638],[31019,23783],[36841,32623],[8185,6495],[51003,44456],[16042,14636],[23243,22990],[1683,-874],[42016,-19592],[23825,28107],[54373,-57459],[19979,-21111],[69803,-74184],[51159,-54675]]],"transform":{"scale":[4.565899971800521e-7,2.934909529819347e-7],"translate":[-72.12711265299993,46.75312696800005]}}