{"type":"Topology","objects":{"34115":{"type":"Polygon","arcs":[[0]]}},"arcs":[[[395081,6664],[-45672,51089],[-62315,69320],[-17837,19727],[-48539,53690],[-21269,-26262],[-35958,17549],[-3055,1573],[-20748,-21480],[-11120,-10618],[-23555,25841],[-13545,14885],[-13493,14757],[-14020,15049],[-14205,15062],[-14099,15123],[-22262,23748],[-13389,14709],[2095,2390],[18053,19275],[20610,22044],[4984,5374],[17121,18123],[18148,19420],[5164,5308],[21115,22475],[22030,23377],[21451,23582],[34616,38204],[12355,-13845],[16688,-19010],[947,-757],[3569,-4651],[1002,-758],[7076,-8216],[7161,-8110],[815,-1668],[52249,-59991],[19017,-22017],[19386,-22299],[19492,-22125],[38815,-44351],[5390,-6110],[-3035,-1072],[16332,-19443],[19730,-23244],[4090,-4686],[2,191],[12982,-15485],[16596,-19553],[8568,-10711],[4527,1229],[2768,-3430],[11216,-12558],[3786,-4348],[11843,-14307],[-167,-5331],[1137,-5432],[275,-3631],[-370,-7362],[-3458,-9494],[-1453,-4800],[-1507,-1932],[-3144,-1273],[-2423,-2033],[-1264,-3196],[496,-4394],[1980,-6821],[-659,-3757],[-3247,-2529],[-899,-3285],[-791,-3905],[-1997,-5274],[-319,-4270],[-289,-6054],[-817,-2412],[-1542,-730],[-2381,543],[-3654,1132],[-2995,-1362],[-1617,-2186],[-1480,-4687],[166,-3801],[2193,-3571],[3113,-3386],[3511,-3016],[4606,-3414],[2560,-3995],[2220,-4869],[1751,-5086],[433,-4866],[-1248,-3093],[-2030,-2810],[-2938,-1868],[-2028,-423],[-2118,253],[-1433,1424],[-2381,5507],[-4364,6423],[-5391,6375],[-3221,-1152],[-3069,-5594],[-2472,-1358],[-2437,948],[-3723,1094],[-3075,342],[-6633,-2075],[-2763,421],[-7008,-682],[-2719,1567],[-3406,2976],[-3060,595],[-1932,-1492],[-3410,-3986],[-2380,-2039],[-2563,-877],[-4531,96],[-5455,688],[-3853,-2790]]],"transform":{"scale":[5.114541889082596e-7,3.1408606217205943e-7],"translate":[-72.11936495199988,46.836900677000074]}}