{"type":"Topology","objects":{"34120":{"type":"Polygon","arcs":[[0]]}},"arcs":[[[409452,337806],[22759,-15669],[23306,-15023],[10394,-8925],[-48098,-26291],[24920,-25832],[-31625,-20805],[31572,-25264],[57319,-43167],[-19643,-7175],[-10777,-5298],[-9514,-7168],[-31378,-33980],[58162,-39713],[-82713,-63496],[-27559,18441],[-9692,3309],[-13956,655],[-21429,-4373],[-13227,2646],[-11576,-3078],[-5209,1114],[-13361,-1442],[-12019,-4236],[-44140,7815],[-28341,-7195],[-14019,3530],[-33194,1181],[-30960,-9680],[-5166,6114],[-33886,74],[-40928,55846],[20616,5505],[-7604,27130],[64128,14319],[-11696,15621],[49286,16850],[-33087,27682],[-10399,2166],[-13256,8422],[-27526,19389],[23911,13838],[27156,-16425],[76884,48764],[-203887,142116],[151837,103900],[238487,-149120],[19128,-13072]]],"transform":{"scale":[6.763390126791637e-8,7.119173038349411e-8],"translate":[-71.74080946299995,46.854295395000065]}}