{"type":"Topology","objects":{"34135":{"type":"Polygon","arcs":[[0]]}},"arcs":[[[495273,278370],[1956,-1491],[-496,-374],[-81218,-63058],[33884,-27454],[6051,-4468],[44549,-31377],[-1659,-1261],[-14661,-10760],[-14052,-10345],[-3437,-2444],[-12077,-8936],[-11395,-8342],[-3316,-2473],[-13717,-10148],[-12014,-8870],[-1396,-1100],[-1046,809],[-1943,1743],[-429,-1791],[-76,-1867],[1041,-1223],[141,-652],[-111,-986],[284,-811],[946,-1247],[184,-525],[-195,-529],[-951,-96],[-869,166],[-1337,-36],[-1155,-439],[-809,-783],[-394,-1491],[-793,-1176],[-1235,-760],[276,-2063],[304,-1241],[24,-1909],[-612,-1224],[-927,-717],[-1132,287],[-895,59],[-2391,-1203],[-637,-559],[-1116,-1570],[-486,-1587],[537,-787],[544,320],[865,1579],[782,733],[1463,-197],[465,-706],[26,-828],[-346,-2122],[-50,-1151],[-880,-1566],[-347,-368],[-518,-1220],[-188,-1496],[-710,-1509],[-877,-947],[-414,-701],[-2979,-8600],[-517,-842],[-2942,-6621],[28,-1433],[696,-943],[968,-694],[504,-1286],[-852,-828],[-1484,-477],[-1213,-1093],[-798,-21],[-2253,294],[-999,253],[-732,392],[-2149,834],[-838,-61],[-561,-1146],[-59,-1211],[796,-910],[166,-433],[-439,-1173],[-959,-392],[-1694,86],[-1402,-444],[-838,-418],[-162,-370],[-74,-1364],[-841,-1063],[53,-786],[585,-904],[118,-1183],[-257,-1199],[-291,-507],[-1006,-882],[10,-1552],[-709,-766],[-2325,-608],[-682,-679],[-1516,-644],[-401,-530],[-174,-1182],[-530,-1413],[-413,-589],[-669,-387],[-1067,-204],[-988,101],[-963,510],[-229,417],[276,1717],[-45,811],[-735,1241],[-856,173],[-1027,-436],[-602,207],[-391,1117],[-197,1276],[-715,559],[-548,78],[-3643,-3790],[-292,-2370],[-675,-1737],[-1455,-5445],[-312,-1532],[-3304,2474],[-806,332],[-40999,31599],[-66866,51439],[-29162,22789],[-824,-749],[-56952,44921],[-46763,36818],[-34903,26121],[-43627,32807],[-27784,21566],[47300,36623],[36860,28541],[75420,57757],[35113,26840],[-1713,4398],[455,2325],[3099,1971],[1009,3360],[-6,4581],[-3924,3393],[-570,1991],[2068,3172],[654,2303],[-429,368],[1069,5405],[862,1968],[-13,500],[657,1975],[202,2962],[-431,327],[-3,4115],[-420,169],[-8,3628],[215,982],[1968,2824],[8958,12656],[1087,1977],[429,2626],[1077,3294],[4745,5292],[1077,1559],[46087,-36665],[48140,-38361],[49348,-39387],[64612,-51673],[49618,-39761],[20661,-15782]]],"transform":{"scale":[7.6851233102467e-7,6.824002268004672e-7],"translate":[-72.43620450499992,46.87293653200004]}}