{"type":"Topology","objects":{"34906":{"type":"Polygon","arcs":[[0]]}},"arcs":[[[489727,268717],[834,-2610],[3574,-5429],[1097,-3918],[1091,-1867],[3584,-3560],[92,-617],[-450,-2108],[-2114,-2874],[-3862,-2242],[-545,-751],[-283,-2058],[2746,-9902],[377,-3766],[-2303,-4076],[-264,-1686],[-1663,-1501],[824,-4481],[548,-2618],[281,-3929],[-1104,-1306],[267,-366],[-2197,-2057],[-822,-2240],[-265,-3003],[-1115,-1112],[-7693,-190],[-3855,-1299],[-3561,-755],[-2751,-1684],[-2475,-1872],[6,-750],[-1105,-931],[-4643,-5953],[-6077,-6007],[-1380,-3740],[-550,-2981],[-1391,-2241],[-11477,-14368],[-2519,-3205],[-278,-1115],[9,-4118],[542,-191],[3,-4671],[552,-373],[-259,-3361],[-841,-2242],[14,-569],[-1103,-2233],[-1370,-6135],[550,-418],[-837,-2615],[-2650,-3598],[732,-2260],[5026,-3854],[7,-5200],[-1293,-3811],[-3971,-2239],[-582,-2639],[2195,-4992],[-62417,-42289],[-79174,-53741],[-37241,44853],[-42907,1047],[-37845,24949],[-121408,554],[-6128,3354],[-47291,95532],[-457,106685],[-162,68911],[75549,28249],[48506,13530],[1662,327],[-4285,21003],[-7751,52892],[64916,38112],[-8082,-26033],[16537,-12638],[57651,-42083],[-12975,-26766],[-30587,-62922],[41151,-9503],[52422,-8851],[48084,-8451],[21443,153],[1383,-556],[9730,583],[3926,-2057],[58292,-28316],[17205,-1896],[11049,3411],[3828,1934],[2201,383],[1104,-372],[549,-1315],[1363,-931],[2486,-943],[3853,373],[1104,-370],[1091,-1494],[2747,-1862],[3575,-759]]],"transform":{"scale":[5.999306878614192e-7,6.011750543500968e-7],"translate":[-72.54756834499995,47.101730769000085]}}