{"type":"Topology","objects":{"34904":{"type":"Polygon","arcs":[[0]]}},"arcs":[[[499951,167803],[-1024,-947],[-72096,-55773],[-34480,-26719],[-63058,-48940],[-45562,-35424],[-21052,17761],[-34510,30552],[-61730,54561],[-20149,17783],[-70393,62038],[-39660,34887],[-36237,31834],[2596,4149],[879,924],[-6,742],[1968,1856],[2190,1670],[2833,748],[3065,1289],[6120,189],[885,1101],[213,2977],[652,2222],[1748,2039],[-212,363],[877,1295],[-223,3894],[-436,2597],[-656,4441],[1323,1489],[210,1672],[1832,4041],[-299,3734],[-2185,9816],[225,2041],[435,743],[3071,2225],[1682,2847],[356,2092],[-73,612],[-2848,3527],[-871,1852],[-871,3884],[-2844,5385],[-662,2586],[8357,9620],[1292,2797],[-664,1295],[-432,192],[-1308,2220],[-2189,2589],[-3071,2050],[-2848,1480],[-650,-11],[-1975,2226],[232,542],[-481,653],[-1727,1032],[233,3525],[3279,2958],[871,1117],[3731,2412],[1087,-3],[881,553],[2838,746],[864,-262],[3954,622],[1533,563],[2860,2586],[432,1115],[1760,555],[3050,3337],[1758,2590],[1713,3629],[51,2491],[430,3149],[885,1844],[1521,739],[3955,193],[2621,1852],[3512,4256],[1409,3445],[1002,1736],[6,564],[3052,3336],[2427,2212],[1089,1674],[2676,3169],[2365,2378],[-212,378],[443,550],[659,1851],[879,2970],[865,553],[4180,6300],[3289,5555],[436,2405],[1537,3144],[883,4263],[452,8149],[433,1114],[-222,556],[449,1485],[450,4824],[1748,3138],[2423,3711],[-227,3332],[-1082,2228],[-2189,2590],[-444,2790],[1096,3884],[1854,4781],[-82,953],[1317,3363],[12014,5328],[6436,3580],[12149,-10193],[2611,-2293],[25619,-19920],[62789,-52823],[61713,-52587],[46680,-38620],[-4775,-4572],[18026,-15574],[63161,-52913],[65222,-53537],[36063,-29122],[-47,-42]]],"transform":{"scale":[7.542533565066802e-7,6.063683367367038e-7],"translate":[-72.26958586299992,47.062897218000046]}}