{"type":"Topology","objects":{"35":{"type":"Polygon","arcs":[[0]]}},"arcs":[[[265905,414464],[33057,-25798],[13179,26951],[61316,-47801],[4998,-8278],[69871,-55832],[39343,-31109],[12330,-8911],[-29653,-22323],[-18186,-11564],[-3127,-153],[-49943,-63213],[-21962,-24411],[-27355,-43963],[107,-1066],[-34243,-54262],[-41707,-38676],[-1804,-4055],[-266964,184895],[-4088,5874],[8908,-2383],[4715,8526],[-559,6147],[-5008,4300],[-471,13798],[-5857,4044],[29458,30731],[671,-206],[28560,70207],[-816,650],[13033,29390],[16885,16901],[4822,6513],[10344,32973],[3294,2749],[39976,57093],[25448,20172],[6816,7624],[73675,-58134],[-10493,-10596],[21430,-16804]]],"transform":{"scale":[8.544536179098273e-8,4.766365163143315e-8],"translate":[-73.65842418826986,45.45072254310966]}}