{"type":"Topology","objects":{"35005":{"type":"Polygon","arcs":[[0]]}},"arcs":[[[499998,160617],[-50893,-44006],[-65330,-61859],[-10040,9693],[-32246,-26717],[-47193,47629],[-58208,-49540],[-10263,12875],[-56669,-48692],[-21631,20824],[-11301,-8948],[16,-174],[-5910,-5418],[-17826,14613],[17904,16516],[-6893,5492],[23178,21181],[2755,2219],[-27485,25435],[3047,2865],[4327,3358],[-27203,26285],[43525,40216],[37087,34800],[11855,11338],[-36366,34993],[-46081,45144],[-68791,67300],[-43363,42370],[49467,38494],[78621,61096],[95124,-88397],[64553,-60097],[1269,1363],[44898,-41401],[71456,-64840],[94610,-86010]]],"transform":{"scale":[4.991718823437876e-7,3.7563237126467864e-7],"translate":[-72.41843913899993,46.81451948800008]}}