{"type":"Topology","objects":{"35015":{"type":"Polygon","arcs":[[0]]}},"arcs":[[[256795,404775],[13124,-13782],[77555,-77109],[15817,-17001],[60512,-60435],[76196,-76200],[-42860,-42161],[-119851,-118087],[-2999,24048],[-35866,4979],[4677,23164],[-18567,20190],[-5378,6655],[-21821,-18555],[1881,-1116],[2226,-2104],[2066,-3296],[1179,-2643],[264,-1643],[-4140,-215],[-63434,-1943],[-27978,-26945],[-124369,128734],[-17994,19997],[-27035,26502],[32658,32171],[-12485,13707],[10907,11673],[58009,59999],[2136,1660],[8039,-2965],[6658,17552],[509,1736],[61508,143843],[2003,4574],[-1458,2154],[-713,1667],[-3483,6266],[-439,2447],[-2650,3160],[-1115,3285],[70,1261],[34085,-32995],[19116,-20033],[7444,-6534],[31550,-30992],[4446,-4670]]],"transform":{"scale":[4.3792993985982505e-7,3.0459182518371293e-7],"translate":[-72.50562994899991,46.668814146000045]}}