{"type":"Topology","objects":{"35010":{"type":"Polygon","arcs":[[0]]}},"arcs":[[[264805,497775],[43707,-27627],[68626,-42028],[54901,-33463],[-51067,-27378],[-79804,-42848],[68535,-46229],[93140,-62939],[37156,-24677],[-12114,-7995],[-37892,-24541],[-44470,-28359],[27793,-18535],[-4421,-2368],[-3113,-2020],[28082,-17935],[-2815,-1565],[-23681,-14936],[7042,-3874],[-18293,-11645],[18213,-10306],[-2660,-1755],[-1145,-1360],[-353,37],[-77285,-43429],[-3986,2669],[-28281,17721],[-6672,3738],[-17133,11454],[-30554,18866],[-14152,9052],[-3613,1966],[-9763,6164],[-21204,13037],[-16527,10118],[-7187,4318],[-11943,7457],[-21984,12751],[-1922,1059],[-8190,4731],[-98189,60675],[-51587,31826],[41092,25987],[-4819,3362],[62941,39949],[-90426,49309],[24664,15931],[7728,5198],[15281,10459],[27380,18404],[31456,21039],[30857,20063],[35166,22652],[28869,18265],[50901,31778],[3715,-2223]]],"transform":{"scale":[4.88556133112199e-7,5.326873393746215e-7],"translate":[-72.56557691999988,46.79210575500008]}}