{"type":"Topology","objects":{"35020":{"type":"Polygon","arcs":[[0]]}},"arcs":[[[458758,346592],[41241,-47253],[-78928,-22986],[-64066,-19030],[30212,-46196],[5836,5],[-396,-9090],[15353,-7724],[-38096,-40382],[6660,-7173],[-36636,-40114],[10126,-11008],[-86449,-95641],[-2897,3378],[-80592,88458],[-180126,190752],[4237,2405],[2031,1604],[16797,18023],[28315,30477],[1240,-1490],[21570,12610],[23109,12783],[837,333],[30682,17270],[19332,10779],[22506,11621],[44726,23882],[6660,-14578],[15385,-4002],[87276,95694],[134055,-153407]]],"transform":{"scale":[3.1619622839251365e-7,1.9897932395862893e-7],"translate":[-72.57650303299994,46.60611686000004]}}