{"type":"Topology","objects":{"35027":{"type":"Polygon","arcs":[[0]]}},"arcs":[[[448765,315091],[-13456,-15353],[15403,-18028],[-40294,-42313],[33356,-34855],[22201,-26302],[34024,-37506],[-77746,-82218],[-13707,3438],[-5931,12524],[-39844,-20519],[-20048,-9984],[-17222,-9263],[-27333,-14838],[-745,-285],[-20585,-10982],[-15277,-8607],[-3231,4276],[-2301,5680],[-1409,1849],[-3568,2105],[-1438,1878],[191,1826],[2154,1900],[4273,1832],[3761,598],[2202,1378],[372,1630],[-1047,2567],[-3188,3634],[-1183,2485],[-505,4767],[-1019,2849],[-1723,2722],[-2576,969],[-2116,-33],[-3758,-2577],[-1798,-87],[-1123,1257],[-2056,8385],[-1080,3513],[-1750,4250],[-1687,5331],[-2938,5538],[-4208,8726],[-773,2623],[-1256,2304],[-410,2980],[-1659,5175],[-1940,3115],[-3063,5677],[-3318,4261],[-3209,3135],[-715,1696],[-305,6385],[-292,1753],[-2139,4310],[-600,6141],[-469,1401],[-1635,1379],[-51272,-51200],[-13879,58216],[-43063,42972],[-27649,-27357],[-71166,72837],[50973,55664],[-19096,23271],[-814,833],[147178,164661],[16020,-16384],[48239,44903],[49919,-51538],[106346,-104202],[6649,7140],[5067,6511],[38284,-42819]]],"transform":{"scale":[3.5495087990181173e-7,2.315901831803545e-7],"translate":[-72.65130828699995,46.67301376100005]}}