{"type":"Topology","objects":{"35035":{"type":"Polygon","arcs":[[0]]}},"arcs":[[[471262,244066],[-5330,-2511],[-1497,1444],[-34154,-29516],[-20263,-17455],[-2447,-1555],[-5113,-2329],[97541,-82878],[-129630,-109266],[1310,1554],[-56964,48824],[-17844,15362],[-74852,63613],[-53622,46394],[-22242,19059],[-50928,42621],[44345,42732],[-64265,56713],[-45083,39686],[-30224,26911],[36109,30826],[4622,4077],[979,-677],[6123,-1998],[3181,2546],[2014,3321],[13631,12659],[24423,22058],[26017,23718],[96358,-82099],[37438,30838],[58310,-48439],[18792,-65622],[69426,57713],[2213,-1553],[638,-1582],[811,-6921],[2895,-4858],[398,-1977],[412,-7195],[969,-1913],[4345,-3534],[4491,-4802],[4149,-6400],[2626,-3511],[2247,-5835],[553,-3358],[1701,-2597],[1047,-2957],[5699,-9836],[3977,-6243],[2285,-6009],[2368,-4791],[1465,-3961],[2783,-9451],[1521,-1417],[2436,99],[5087,2905],[2864,36],[3489,-1090],[2331,-3068],[1382,-3213],[684,-5373],[1603,-2801],[4316,-4097],[1417,-2894],[-505,-1838],[-2979,-1552],[-5092,-674],[-5788,-2066],[-2916,-2141],[-258,-2059],[1945,-2117],[4831,-2372],[1908,-2084],[3119,-6403],[4372,-4821]]],"transform":{"scale":[2.621386182772019e-7,2.0545262090521763e-7],"translate":[-72.6820031339999,46.622869499000046]}}