{"type":"Topology","objects":{"35045":{"type":"Polygon","arcs":[[0]]}},"arcs":[[[386580,404482],[5260,-5835],[108159,-117699],[-10985,-12067],[-34430,-37249],[-31209,-34016],[-33643,-36532],[-26835,-29630],[-4562,3851],[-3799,-14080],[-13120,-49369],[-14092,-52833],[-2870,3192],[-16385,19431],[-309,-412],[-17481,-18909],[-2628,-3080],[-13513,-14846],[-4201,-4399],[-10891,15468],[-10772,16797],[-6006,5275],[-8275,11171],[-12521,26906],[-33521,31270],[-15374,16465],[-58092,-72726],[-20888,21739],[-34687,36114],[-34124,34935],[-24786,25681],[25587,29948],[38126,44095],[37505,43696],[38104,44221],[33287,38576],[5995,-2350],[11250,-1896],[45410,55507],[64797,79107],[86519,-95517]]],"transform":{"scale":[5.020194740388871e-7,3.041844463688644e-7],"translate":[-72.90947339999991,46.74324663300007]}}