{"type":"Topology","objects":{"35040":{"type":"Polygon","arcs":[[0]]}},"arcs":[[[499999,370957],[-140494,-105818],[775,-535],[18229,-14956],[-48658,-35773],[-18337,-13523],[-17218,-12575],[-9609,-7218],[-1422,-1893],[-2241,-1452],[-4317,1140],[-690,385],[-3257,-2325],[-25458,-17574],[21308,-15342],[31782,-22625],[45307,-32333],[-38111,-29701],[-45,28],[-47821,-36901],[-28117,-21863],[-9768,7825],[-9137,3033],[-15319,-1783],[-2615,1012],[-8633,15423],[982,7468],[3076,21768],[-1710,24287],[-32884,12302],[-24801,-768],[-21430,11255],[-3779,16720],[-13182,18195],[-16222,10254],[-16115,14831],[-15672,23046],[-15593,32828],[-1901,14822],[-3100,6324],[-6521,8560],[-17281,15348],[5672,3714],[18242,12532],[3549,2598],[23602,15963],[418,348],[22212,-16470],[3783,-2626],[19026,44595],[17713,41672],[5130,11884],[6158,-3250],[36231,25010],[45422,30836],[42134,28712],[46484,31443],[14830,10185],[114905,-78341],[56235,-38395],[18253,-12306]]],"transform":{"scale":[3.718376256752764e-7,3.6037057074113937e-7],"translate":[-72.77395962199995,46.648521750000036]}}