{"type":"Topology","objects":{"35055":{"type":"Polygon","arcs":[[0]]}},"arcs":[[[364455,391593],[24040,-24562],[-20571,-15733],[31852,-34226],[-12116,-11433],[17069,-14924],[-12009,-11148],[18340,-13391],[-14460,-13924],[31953,-31769],[17533,-12560],[-1174,-1246],[-17226,-15820],[12911,-9919],[7057,-6201],[52345,-39292],[-36436,-31835],[2790,-2677],[-23787,-20709],[-26602,22570],[-30518,25740],[-29402,-27983],[-39500,-35887],[-51502,-46874],[-51463,43464],[-65555,-61254],[-6691,862],[-4388,1316],[-8680,3604],[-6060,1476],[-16634,-121],[-10504,2873],[-6591,4040],[-3453,7196],[-6363,3407],[-6708,-2419],[-7990,-5571],[-10172,-7202],[-6304,-602],[-6927,2984],[-6501,9285],[-2309,3822],[-3521,4002],[343,6539],[-2642,5549],[-8085,6925],[-4158,4883],[-2145,10907],[-1549,9107],[-2533,11794],[4945,8597],[635,2255],[294,5127],[1613,2922],[4893,4264],[4229,1230],[12374,1417],[3731,1219],[2418,2282],[2848,6160],[-414,6029],[-4808,8052],[-2423,6989],[941,8450],[-478,6545],[-349,8651],[1633,4130],[2382,3220],[1110,8690],[-2162,4711],[-7216,7336],[-4633,8789],[-3869,6304],[-4912,4299],[-3407,2615],[-2861,7747],[-2446,3573],[-6410,6832],[-930,7380],[-1253,6822],[-2934,8480],[465,3870],[5350,4360],[9720,6770],[2406,5141],[-2178,7353],[-4187,7172],[-337,6723],[2282,8740],[5407,9270],[3869,8321],[-162,6749],[-3469,11050],[-75,5369],[1681,7047],[631,9323],[2508,6114],[4673,5684],[4226,12439],[2835,11095],[4839,6141],[9211,7480],[3403,3381],[4369,13402],[4967,14957],[4008,26420],[-7305,21209],[-3397,8646],[36255,-31714],[64392,-56433],[48552,-42641],[67039,-59005],[12279,11813],[61151,51427],[19047,18147]]],"transform":{"scale":[8.439768659537825e-7,6.684790929582016e-7],"translate":[-72.93909293799993,46.85439119700004]}}