{"type":"Topology","objects":{"35050":{"type":"Polygon","arcs":[[0]]}},"arcs":[[[263596,416908],[44340,-43622],[84398,-83160],[7039,-6483],[1652,-1450],[18897,-17478],[10265,-10220],[6178,-5919],[14207,-13868],[18226,-17867],[8390,-8449],[3105,-2694],[12162,-12437],[-52,-957],[860,-2574],[2040,-2477],[339,-1918],[2684,-4911],[548,-1307],[1125,-1688],[-1543,-3585],[-47391,-112730],[-391,-1359],[-5131,-13758],[-6194,2325],[-1644,-1301],[-44695,-47021],[-23909,25516],[-3163,-3882],[-4152,-4254],[-66411,62092],[-31175,30710],[-30124,-26758],[-10004,9764],[-11940,11410],[-50660,49015],[-61297,59225],[-95529,92117],[-4646,4567],[77843,82066],[57278,60280],[43660,48131],[45313,-44272],[39502,-38819]]],"transform":{"scale":[5.68392162784326e-7,3.886565553131536e-7],"translate":[-72.71540260299992,46.74598571800004]}}