{"type":"Topology","objects":{"35908":{"type":"Polygon","arcs":[[0]]}},"arcs":[[[334837,240862],[118901,-109758],[46261,-42330],[-16051,4520],[-5957,4016],[-21554,6098],[-9775,-881],[-19039,3005],[-10289,4516],[-8080,-384],[-8736,-3914],[-20227,-10493],[-7435,-39685],[-3821,-41933],[-7706,-8431],[-14879,-5208],[-23284,1296],[-26611,5153],[-10825,4637],[-9018,11728],[-7755,18546],[-15116,8335],[-15789,510],[-38093,-2258],[-15793,-6653],[-45612,2733],[-16329,7393],[-20430,-8340],[-16643,-9364],[-163,-763],[-6543,-4632],[-2719,-6575],[-4930,-960],[-1031,1184],[2631,28442],[-2925,8934],[-4356,3572],[-4974,467],[-8434,-4343],[-4641,-4274],[1,-7592],[-2564,-2101],[-2629,2117],[-4467,5197],[-4289,3376],[-5216,14160],[-8087,6876],[-708,7276],[-5914,2884],[-4892,8834],[-6929,4975],[-1373,20913],[490,3757],[-228,6750],[326,17902],[3437,7474],[5814,3088],[12438,12975],[6021,2047],[3560,-1158],[15404,1510],[6329,-7106],[6712,-1469],[1308,2380],[75,4022],[-3735,10699],[-1862,9437],[-1243,1187],[-8893,1308],[-3888,2397],[-2931,12503],[-9172,1441],[-4755,4876],[7979,2405],[624,7258],[-1751,4050],[638,4143],[2807,3719],[11642,-832],[2877,-3938],[4558,-397],[8613,6354],[10012,-1585],[4964,6410],[-5360,25323],[-13062,19085],[-1232,9363],[-4570,11655],[-531,189283],[109050,-100215],[172372,-158922]]],"transform":{"scale":[1.8693520987039736e-7,1.3870050140100716e-7],"translate":[-73.67490437399994,46.85827751200008]}}