{"type":"Topology","objects":{"35902":{"type":"Polygon","arcs":[[0]]}},"arcs":[[[499999,307123],[-54482,-45824],[-69913,-58803],[-3489,2788],[-47828,-39830],[-27126,-22892],[-33042,-28390],[-28996,-25146],[-29555,-26371],[-25727,-23067],[-14359,-13107],[-7260,-6515],[-23173,-19966],[-11457,9749],[-20956,15602],[27960,24883],[1908,1960],[-28461,19753],[-51866,49969],[23471,21901],[-29770,21063],[19494,17533],[-27707,23472],[19668,17984],[-51700,53831],[33388,24744],[-39021,38634],[25028,23094],[19481,16079],[103005,91659],[34020,28088],[35171,-87135],[7070,-4744],[140083,-785],[43665,-35290],[49507,-1481],[42969,-63440]]],"transform":{"scale":[5.199527939055355e-7,4.250134640269671e-7],"translate":[-72.6315015529999,46.97120063700003]}}