{"type":"Topology","objects":{"37210":{"type":"Polygon","arcs":[[0]]}},"arcs":[[[499999,342804],[-1218,-2883],[-2056,-2478],[-2292,-872],[21,-2753],[-1965,-619],[-1962,-1625],[-2045,-3296],[-3737,-3663],[-4235,-3204],[-3405,-3299],[-1394,-2829],[-1475,-1264],[-3664,-1174],[-2154,-1284],[-2172,-541],[-2616,-2167],[-1676,-2190],[-4175,-3056],[685,-1623],[-1524,-6848],[2904,-1621],[1221,-1743],[-2674,-1196],[-2108,-2477],[-1719,-962],[-7014,-160],[-3595,238],[-3416,680],[-3442,160],[-72,-556],[9218,-2646],[5691,-1221],[1135,-3487],[-1944,-211],[-339,-1591],[2052,-6076],[1735,-4059],[-799,-3476],[-4144,-6703],[-1942,-5455],[-545,-2590],[-2171,-3776],[-3196,-3343],[-1901,-3597],[-2276,-1654],[-1952,-2479],[104,-2123],[-3506,-5417],[-1388,-1677],[-2662,-2052],[-2057,-2515],[-2714,-2054],[-2639,-3728],[-2261,-2435],[-4233,-2125],[-2987,-2307],[-2049,-2367],[-3678,-6825],[-957,-3509],[-29,-3830],[-1672,-4235],[102,-4354],[-481,-4489],[-1702,-3788],[-146,-1931],[-1560,-3047],[263,-8523],[-696,-1395],[-83,-2788],[-1031,-2912],[-1703,-2785],[-518,-4152],[-868,-2805],[-1513,-8516],[-1696,-2635],[-122,-3568],[-2134,-4112],[-1425,-1379],[-1860,-3858],[-1914,-1774],[-1555,-2938],[-1776,-2150],[-1434,-3684],[-2043,-3332],[-3048,-6806],[-657,-2773],[-1388,-1677],[-1983,-7463],[-107,-2190],[-1280,-2722],[-578,-3258],[1784,-899],[43,-4502],[-1634,-2451],[-1637,-368],[-1547,-1710],[68,-2903],[-2941,-8926],[-610,-3928],[-24,-3717],[-1298,-2014],[284,-3801],[-2753,-3986],[-144,-1893],[-2000,-1400],[-589,-1362],[-2133,-1993],[-2842,-4764],[-212,-3267],[-3733,-2698],[-178,-2562],[-4869,-3524],[-3501,-2181],[84,-1490],[-3684,-2773],[-1785,-217],[-3026,-2082],[-4661,-2451],[-6431,-214],[-9232,-5202],[-4509,-373],[-1159,-481],[-14113,10705],[-17248,12863],[-14057,10911],[-8147,5870],[-41100,30347],[-45075,33439],[-37641,28360],[-61093,-18096],[-64640,44048],[65732,18350],[31132,-20554],[102932,69006],[75743,50838],[50360,34396],[-9000,33888],[-9182,34839],[-11531,43420],[-10796,40976],[-9845,36351],[9098,42],[68738,-48913],[83356,-60551],[36893,-27969],[26369,-19762]]],"transform":{"scale":[2.4940098280188626e-7,2.4200736401470486e-7],"translate":[-72.3512545399999,46.44800322300005]}}