{"type":"Topology","objects":{"37215":{"type":"Polygon","arcs":[[0]]}},"arcs":[[[460127,384298],[10070,-13574],[-6570,-45],[7109,-39202],[7800,-44190],[8916,-50148],[6045,-34252],[6502,-36547],[-36378,-37094],[-54712,-54826],[-74351,-74420],[-22488,22167],[-47481,-19790],[-30831,30944],[-29187,30899],[-49442,54050],[-9036,-9373],[-49876,49622],[-33854,-36116],[-24763,24814],[-37600,37092],[46183,50921],[6198,-6586],[2071,2791],[-24413,26348],[25708,28462],[25015,-27468],[5024,-5623],[6762,10327],[1003,2706],[2097,10294],[206,3455],[-523,8640],[-1840,5121],[-1090,7596],[687,1639],[6815,2731],[2445,2493],[911,2587],[-346,1985],[-2399,804],[-11792,2010],[-1444,1447],[-1461,3246],[-712,2951],[210,7716],[684,5736],[2209,21171],[845,3319],[3060,8059],[3713,2289],[1880,1725],[1161,2465],[-521,2123],[-4894,2569],[-4046,178],[-4419,-1510],[-2157,496],[-2402,1326],[-1833,297],[-3738,-650],[-1873,310],[-3525,3220],[-2351,1421],[-2766,2297],[-112,1986],[1069,2087],[1689,1558],[2007,5163],[44763,16607],[56651,-6009],[7589,9559],[-3536,7220],[2753,3481],[1722,3103],[1985,2562],[-854,2987],[1844,4726],[3518,6548],[10891,3550],[12623,3064],[7136,543],[6187,4560],[9464,38960],[65170,-81824],[40285,46887],[41875,8495],[18243,-20157],[27859,-30572],[5363,-6009],[29601,-32520]]],"transform":{"scale":[3.4526975653952746e-7,2.2440282880555894e-7],"translate":[-72.44260934199991,46.485815105000086]}}