{"type":"Topology","objects":{"37225":{"type":"Polygon","arcs":[[0]]}},"arcs":[[[201491,453071],[45581,-46045],[30018,-30804],[41035,44833],[60462,-61597],[10953,11633],[59933,-67098],[35381,-38357],[-3165,-3724],[18310,-18491],[-10755,-13265],[1152,-911],[-16775,-26379],[3245,-4329],[-36447,-1471],[17750,-20647],[22412,-25658],[-55897,-9714],[-23156,-3839],[-29345,-20752],[-7135,8213],[-17613,-12494],[2390,-3510],[-29156,-26013],[-11161,11362],[-12046,-16453],[-6247,-17157],[-5299,-5109],[36253,-38009],[-10119,-12954],[-9737,9684],[-12790,-14016],[-16673,18998],[-45641,-13031],[-44832,49579],[-71998,77493],[-47552,51490],[38127,14407],[48211,60293],[-87761,92660],[-18709,19346],[-42695,52494],[14476,15887],[-2935,3857],[14061,16450],[33505,40075],[9799,-10159],[15276,-15306],[29378,-29951],[14719,-14703],[13776,-13976],[14157,-13992],[45279,51160]]],"transform":{"scale":[2.8482843365691743e-7,1.807663375326502e-7],"translate":[-72.50000001099994,46.44527438600005]}}