{"type":"Topology","objects":{"37235":{"type":"Polygon","arcs":[[0]]}},"arcs":[[[459277,365274],[-41112,-38669],[-36538,-33235],[-12440,-11280],[-11587,-5103],[-3211,203],[-5247,1782],[-1195,-300],[-9777,-9395],[-7930,-6287],[-18249,-13922],[12421,-11458],[16461,-15302],[10275,-9440],[13222,-12232],[15072,-14323],[-38973,-36627],[-47302,-42980],[-32194,-30012],[-40723,-38154],[-29988,-28446],[-10708,-10094],[-8310,15372],[-3706,7298],[-9465,7653],[-36215,7997],[-15649,5566],[-16013,7880],[-6485,3966],[-4223,4020],[-2035,4087],[-4829,10555],[-5635,7375],[-7944,7680],[-6163,6797],[-9011,15442],[-13942,12055],[-29929,21679],[42762,43595],[41972,38280],[233,2684],[-427,1909],[-951,1496],[-2430,1215],[-848,1011],[68,1103],[783,1286],[7615,-6993],[14235,13078],[63427,56560],[3313,2904],[4837,4512],[7186,6348],[4440,4104],[43857,41206],[48417,41374],[114788,98904],[18322,-16895],[88400,-80330],[-40722,-37499]]],"transform":{"scale":[4.4766744133493305e-7,3.3884328968658707e-7],"translate":[-72.75948009099994,46.411224341000036]}}