{"type":"Topology","objects":{"37230":{"type":"Polygon","arcs":[[0]]}},"arcs":[[[341587,443252],[34670,-41027],[15193,-15121],[71268,-72420],[-39150,-47123],[-30963,-11262],[38616,-40241],[58466,-60567],[10311,-10974],[-13659,-14375],[-30091,8349],[-9940,-3783],[14839,-14704],[-37818,-30858],[-43787,45327],[-59664,-60801],[-7619,-7548],[-24172,-24525],[-10813,-11981],[-15865,-17706],[-5457,-6166],[-3390,-5746],[-4737,5162],[-2322,-2474],[-1268,433],[-2983,2788],[2187,2252],[-9233,10464],[800,859],[-19716,22171],[-31137,33330],[2268,2467],[-33246,35320],[-27523,28911],[1994,2561],[-30530,32623],[-1487,1418],[-1233,-1598],[-20138,21522],[-12567,13288],[24399,26315],[-19239,20983],[-16876,17923],[-13111,13829],[-21011,22419],[-15853,16784],[23291,20397],[10123,9211],[12477,13764],[1525,438],[6696,-2608],[4098,-297],[14789,7475],[15879,16526],[46632,48691],[52472,56651],[23186,-25016],[15635,-16741],[31091,-33432],[26901,28473],[7421,7936],[7068,7743],[10736,11503],[5740,-6853],[9138,-10632],[16689,-19727]]],"transform":{"scale":[3.507504195008136e-7,2.3128617657236224e-7],"translate":[-72.61981172599991,46.41935244300004]}}