{"type":"Topology","objects":{"37245":{"type":"Polygon","arcs":[[0]]}},"arcs":[[[425774,408843],[695,-4665],[-2131,-17245],[-144,-282],[-8828,-29608],[-1087,991],[555,-2607],[-29386,-81729],[1014,-815],[113537,-95437],[-55455,7438],[-4415,-29338],[-8683,1672],[-5427,-20041],[-14974,3588],[-10289,-33104],[-6726,-3875],[-7756,-462],[-13725,-2604],[-11839,-3017],[-3823,-5562],[-2005,-4016],[927,-2539],[-2158,-2177],[-1872,-2636],[-2992,-2959],[3844,-6134],[-8250,-8123],[-61585,5107],[-48662,-14111],[-2183,-4386],[-1836,-1324],[-1162,-1774],[122,-1688],[3006,-1951],[2557,-1208],[3832,-2737],[2036,-263],[4063,553],[1992,-251],[2611,-1127],[2346,-423],[4806,1283],[4397,-150],[5320,-2184],[565,-1804],[-1260,-2093],[-2044,-1468],[-4037,-1945],[-3326,-6846],[-920,-2822],[-59905,-19945],[-111312,101632],[-2824,-1747],[-80978,71554],[86068,72059],[-10083,8293],[36475,30225],[-6631,5403],[37925,30426],[-15283,5821],[394,6847],[-5810,-4],[-30078,34806],[63781,14337],[78578,17321],[-41058,35601],[38577,31077],[87467,2241],[5707,248],[-363,1894],[-1626,3049],[-2847,3801],[-3069,2427],[-2595,1287],[30089,21401],[7414,-7676],[25602,-23286],[-6448,-26716],[49452,-5744],[4136,-27734]]],"transform":{"scale":[3.1760432120862643e-7,2.6409497419000666e-7],"translate":[-72.49314910599992,46.560840780000035]}}