{"type":"Topology","objects":{"37240":{"type":"Polygon","arcs":[[0]]}},"arcs":[[[293101,346523],[61735,-73979],[2155,1805],[84863,-105082],[45670,20624],[-1831,-18599],[-567,-5040],[-174,-6780],[590,-2591],[1212,-2853],[1195,-1270],[9773,-1767],[1989,-707],[288,-1743],[-757,-2271],[-2026,-2193],[-5649,-2398],[-568,-1439],[903,-6673],[1525,-4499],[433,-7592],[-171,-3035],[-1738,-9043],[-832,-2378],[-5602,-9072],[-4163,4939],[-20735,24132],[-21305,-25005],[20232,-23148],[-1716,-2452],[-5136,5786],[-69235,-80942],[-9678,9902],[-9420,9890],[-9924,10261],[-20315,21434],[-10432,10820],[-6622,7109],[-22908,-28361],[-9614,-11641],[2007,-2731],[-9897,-11242],[-14051,17863],[-7694,9625],[-4832,6207],[-9040,-10416],[-5951,-7012],[-6248,-7185],[-22649,-25781],[-26175,30271],[-13165,15159],[-19521,22653],[43759,49743],[-94992,106565],[-57696,65647],[-38401,43494],[94978,102461],[59414,64006],[75342,-81933],[61170,-68911],[2197,-2632]]],"transform":{"scale":[4.1659463918920185e-7,2.5542715685435995e-7],"translate":[-72.61525355699989,46.51760517700006]}}