{"type":"Topology","objects":{"37250":{"type":"Polygon","arcs":[[0]]}},"arcs":[[[300667,7],[-35326,28392],[-6401,5248],[-33247,26691],[-21770,17600],[-49973,-7415],[-48076,-40939],[-77774,71442],[16438,-3688],[5957,20592],[9532,-1717],[4847,30146],[60877,-7642],[-124636,98064],[-1115,838],[32259,83978],[-608,2678],[1192,-1017],[9692,30424],[157,289],[2340,17719],[-764,4795],[160097,123514],[49422,-38315],[97934,-74505],[118980,-90644],[29298,-22238],[-2765,-2393],[-5278,-1517],[-5618,-3819],[3368,-3123],[5255,-5771],[-462,-2301],[-1783,-4139],[-451,-3607],[7443,-7770],[-14455,-14684],[-2097,-4312],[-3309,-6131],[-4091,-6015],[-4616,-4583],[-14950,11209],[-77707,-59171],[65772,-52173],[-3209,-2795],[-3911,-2661],[-1465,-1500],[-1450,-101],[-1608,-1638],[-6108,-4352],[-3268,-1451],[-3707,-3122],[-4592,-2781],[-1438,-1888],[-2721,-1292],[-2977,-1985],[-4225,-3668],[-3949,-2520],[-5278,-3936],[-391,308],[-31671,-23097],[-7973,-5774],[-11803,-8752],[-12913,-9318],[-9795,-7230],[160,-127],[-19296,-14310]]],"transform":{"scale":[2.8931660663324344e-7,2.570181980363437e-7],"translate":[-72.37072925299992,46.572050739000076]}}