{"type":"Topology","objects":{"38005":{"type":"Polygon","arcs":[[0]]}},"arcs":[[[418795,436657],[1490,-2041],[7889,-12000],[25481,-37483],[46344,-69013],[-72264,-107975],[-1531,-1838],[-24540,-35425],[-12553,-17929],[5788,-8570],[11499,-16544],[10330,-15172],[-2544,-5224],[-758,-5094],[-3310,-3909],[-4136,-6248],[-5003,-2140],[-8976,-4567],[-6469,6105],[-5693,-2915],[-1294,-4695],[3470,-9782],[1217,-16715],[-2086,-7578],[-7396,-7344],[-1030,-6331],[183,-6742],[-5615,-15810],[-7240,1168],[-6679,20763],[-7002,2494],[-11758,1940],[-4189,-3426],[-1876,-5219],[48,-9249],[2033,-6617],[-1274,-6745],[-409,-3517],[-1284,-3942],[-2842,-1328],[-5687,4680],[-2606,5672],[-7979,11075],[-11667,-1207],[-995,6134],[-2666,-475],[-4387,-5296],[-1842,-3446],[-6039,-3407],[-6514,6935],[-4156,5623],[-3972,1840],[-4780,3249],[-5793,3275],[-11209,388],[-9606,8144],[-6621,3213],[-6666,4860],[-5294,5554],[-8586,9991],[-6099,4516],[-12804,-1506],[-5007,-4006],[-3375,-9256],[-5434,-3093],[-9895,2752],[-6281,-2050],[-2751,-8046],[-2449,-9948],[-7506,-9693],[-7276,-2501],[-7536,-7790],[-6603,-5161],[-3987,1451],[-918,2166],[-5903,17927],[-2838,9452],[-1062,7898],[-1636,6593],[-3493,5806],[-4127,2464],[-9371,7088],[-4123,4033],[-2014,4424],[-6704,1695],[-5905,-1921],[-5216,-4932],[-10545,-692],[-9707,1368],[-10136,7783],[-6910,11746],[-5232,5346],[-6259,1522],[-4571,220],[-7043,1463],[-4444,6309],[-932,6299],[3151,10464],[-42,9941],[-1422,8691],[-3346,11779],[109568,151517],[89509,123567],[855,1193],[61882,-92423],[113834,158742],[1682,-2293],[12451,-18698],[14891,-21458],[14123,-20893]]],"transform":{"scale":[3.93165466330945e-7,1.879430858862017e-7],"translate":[-72.33070849699992,46.191983977000056]}}