{"type":"Topology","objects":{"38015":{"type":"Polygon","arcs":[[0]]}},"arcs":[[[499999,303363],[-149383,-131686],[-1076,-1396],[30900,-30759],[-32462,-28194],[-2898,3182],[-43970,-40254],[31095,-30047],[-45632,-44209],[-17457,16937],[-18403,17395],[-15390,15156],[-2081,1860],[-79743,76403],[15229,14319],[14356,13595],[-39108,38139],[-20508,19888],[-39683,-32509],[421,1678],[-1811,759],[-2879,-563],[-3759,-2322],[-2067,458],[-2068,1504],[-1804,-2462],[-2171,-162],[-3461,1396],[-1238,-2599],[-1881,-92],[-2952,796],[-854,1231],[78,2094],[3355,4664],[-523,1338],[-3006,-677],[-1409,512],[-1174,2524],[123,3335],[-2735,1139],[54,1473],[2059,2727],[2789,1422],[639,1841],[-1665,2502],[-3533,2757],[-274,2571],[-1243,1710],[-291,2068],[1501,842],[-382,1876],[-1300,-967],[-1508,129],[67,1821],[981,1132],[2954,1456],[868,-1931],[1835,-99],[1598,2393],[-1748,2463],[-2031,262],[-1372,-1740],[-1294,354],[182,1585],[2331,3456],[1938,-609],[2853,-171],[1846,-915],[229,1816],[-8892,5885],[-1593,-25],[-294,-3562],[-1643,-1342],[-2299,-352],[-1869,295],[-702,878],[1,2252],[3870,3094],[12,1436],[-1487,1756],[-1995,1309],[-491,1103],[933,2026],[-328,1099],[-5272,2154],[-2736,2225],[247,1195],[2724,-360],[1552,-1140],[2835,-637],[1448,1621],[-93,820],[-2911,1882],[-1947,2626],[845,1874],[5271,1185],[806,-299],[580,-2037],[1635,-2190],[1472,1194],[629,1531],[445,3208],[-241,1212],[-1691,1802],[-4328,1152],[-1030,888],[97,3763],[-1360,783],[-1168,-1748],[-1687,794],[995,1482],[1664,798],[262,1621],[-996,694],[-2838,559],[-2227,-547],[-1287,2761],[-1668,-916],[-1231,973],[-1281,2918],[1778,6197],[-4977,5346],[-1223,2250],[-25451,26203],[269,960],[21856,13958],[13992,9145],[6609,4003],[10433,2844],[18631,3738],[11276,-727],[28544,-1646],[31917,10149],[5990,2938],[21556,10848],[39227,22059],[16249,1323],[2897,3123],[3871,-1800],[2256,3568],[21638,5188],[24661,32827],[10889,14652],[5718,3547],[-5074,3525],[7018,8439],[3400,29690],[8066,-8067],[82319,-81874],[104873,-106694]]],"transform":{"scale":[3.181017642036087e-7,2.3184220768430926e-7],"translate":[-72.25721174599994,46.27405068400009]}}