{"type":"Topology","objects":{"38028":{"type":"Polygon","arcs":[[0]]}},"arcs":[[[276160,369213],[8986,-9692],[100857,-106371],[113996,-120445],[-33054,-30460],[-21016,-19954],[-920,-742],[-14510,-13617],[-20176,-18754],[-53735,-49178],[-38919,46207],[-42374,-39407],[-23376,27649],[-27416,31911],[-9398,11265],[-7482,8751],[-14350,16136],[-40959,-39290],[-5570,6095],[-22347,24829],[-49099,54974],[3921,18818],[-41409,42632],[-37810,38286],[8585,41876],[7226,33012],[7134,32011],[1353,6382],[13755,30322],[8995,6477],[42983,41296],[31021,29546],[18041,17431],[14107,12789],[26356,-27936],[28036,-30110],[37097,-38805],[31471,-33934]]],"transform":{"scale":[3.704382728765284e-7,2.5397031194063147e-7],"translate":[-72.0769001239999,46.292956994000065]}}