{"type":"Topology","objects":{"38020":{"type":"Polygon","arcs":[[0]]}},"arcs":[[[296081,499837],[46516,-45800],[50945,-51004],[-4824,-22512],[60403,-65769],[27492,-29701],[6852,-7294],[16534,-17871],[-55574,-49976],[-220,-240],[-62358,-56077],[-43375,-39512],[28070,-31867],[-80210,-74774],[-7066,-6693],[-8301,9159],[-24748,26243],[-38502,-36149],[-51370,53728],[-9348,-8925],[-31822,-29742],[-9146,-8710],[-60512,61100],[-33270,33183],[-10304,10623],[-1943,1807],[48206,48280],[-32847,32816],[46450,43961],[3062,-3475],[34294,30791],[-32643,33590],[1135,1525],[157832,143831],[39765,-41696],[24708,78564],[5956,18747],[163,-161]]],"transform":{"scale":[3.0110748221489946e-7,2.122899925799453e-7],"translate":[-72.1660524859999,46.25004822800008]}}