{"type":"Topology","objects":{"38035":{"type":"Polygon","arcs":[[0]]}},"arcs":[[[499999,267015],[-41241,-40972],[-83652,-82837],[-22762,-22340],[-9331,-9313],[-18091,-17730],[-97712,-93823],[-34206,36029],[-40319,41203],[-30472,31968],[-31986,33137],[-22850,23611],[-1621,1565],[-39953,40986],[-8662,9275],[-17141,17512],[54689,54019],[4499,4707],[67785,65597],[116005,112103],[28838,28287],[14735,-14795],[432,-324],[11169,-11139],[11879,-11718],[40774,-40874],[10178,-10351],[11280,-11213],[4994,-4711],[19196,-19545],[45027,-46078],[13893,-14354],[-352,-343],[44978,-47539]]],"transform":{"scale":[3.408314636629676e-7,2.3919405438804295e-7],"translate":[-72.05203997699994,46.38672644500008]}}