{"type":"Topology","objects":{"38040":{"type":"Polygon","arcs":[[0]]}},"arcs":[[[390989,396997],[19970,-15474],[10091,-8195],[46547,-36214],[1888,-1383],[30514,-23931],[-17864,-11999],[-22518,-16123],[-39605,-27949],[-54425,-38742],[-11389,-6078],[-17415,-28446],[-1714,-5987],[-9035,-30031],[-9147,-30971],[-10873,-39289],[-167,127],[-6129,-14702],[-25431,-61610],[-40945,32686],[-114029,91377],[-89506,70116],[-8782,6836],[-21025,17149],[1116,962],[6511,9699],[8931,15586],[2621,5515],[2638,8968],[3870,14495],[8699,31018],[425,2350],[778,8755],[4903,14494],[5761,16638],[8720,26729],[7161,21151],[13078,18523],[54804,-42702],[6184,8942],[2195,4860],[4368,13812],[2348,8015],[945,8453],[1957,2704],[3976,3018],[8017,5600],[4630,3664],[4911,3025],[27862,20883],[24871,17836],[2727,2054],[4641,4727],[16611,16367],[1246,895],[11229,4713],[495,86],[50900,-38923],[58542,-46790],[22318,-17289]]],"transform":{"scale":[2.925583771167793e-7,2.707099014198576e-7],"translate":[-72.16642746399992,46.33553456000004]}}