{"type":"Topology","objects":{"38060":{"type":"Polygon","arcs":[[0]]}},"arcs":[[[411722,426826],[88277,-60334],[-16893,-6090],[-1887,-1167],[-25149,-21292],[-7024,-6149],[-4130,-2670],[-37653,-23205],[-42183,-27167],[-7435,-3934],[-7010,-4767],[-12137,-7285],[-6019,-3926],[-2963,-3519],[-1432,-10997],[-3555,-10426],[-6610,-17967],[-3323,-6325],[-9366,-11631],[-82970,55552],[-19799,-24099],[-10843,-27515],[-13203,-34772],[-8684,-21554],[-7460,-18944],[-1178,-11391],[-643,-3056],[-13169,-40352],[-5993,-19282],[-3860,-11243],[-3970,-7175],[-13518,-20276],[-9860,-12618],[-1689,-1250],[-108391,73936],[1501,1515],[9488,13236],[17209,26162],[1631,3899],[4670,14943],[1762,5064],[3657,6404],[4909,7154],[117,2072],[-1015,4782],[166,4192],[2998,9100],[5084,16318],[467,3537],[-486,4596],[611,3704],[7684,20629],[9633,26593],[15063,38106],[6130,16855],[2170,3844],[20966,25425],[8847,6326],[-942,4865],[2678,6903],[-114,3982],[-1113,2967],[4657,11198],[8622,5558],[4519,4590],[-7761,4544],[122301,79429],[17478,11470],[27676,24142],[1268,1959],[109191,-73173]]],"transform":{"scale":[1.932395784791215e-7,2.080914861829955e-7],"translate":[-72.1873729319999,46.39459379400006]}}