{"type":"Topology","objects":{"38065":{"type":"Polygon","arcs":[[0]]}},"arcs":[[[499999,371822],[-1197,-1709],[-26121,-21067],[-16495,-10012],[-115424,-69316],[7325,-3965],[-4264,-4007],[-8139,-4850],[-4396,-9774],[1053,-2589],[107,-3474],[-2528,-6024],[888,-4246],[-8349,-5521],[-19788,-22188],[-2046,-3353],[-5785,-14711],[-14217,-33254],[-9092,-23210],[-7251,-18000],[-576,-3235],[458,-4010],[-441,-3085],[-4798,-14243],[-2829,-7942],[-157,-3657],[956,-4172],[-108,-1810],[-4634,-6243],[-3450,-5588],[-1665,-4419],[-4407,-13042],[-1538,-3403],[-16241,-22832],[-8955,-11550],[-1418,-1321],[-199836,125873],[-14641,9180],[8704,6914],[5743,3579],[1201,2013],[4902,5485],[1732,2379],[2194,1614],[4054,4030],[351,3805],[3682,4189],[3033,5033],[2913,2995],[259,7619],[1821,2832],[247,3090],[1094,2354],[788,3646],[3742,7320],[1140,4203],[1117,5978],[1919,5546],[-1912,6381],[-1188,1421],[589,2405],[2252,1499],[3180,3218],[2796,5301],[573,5385],[-1117,477],[642,5460],[1687,530],[1909,3245],[29,2604],[2052,3504],[3836,4601],[2487,4363],[3872,10564],[1189,5032],[1702,4005],[3465,6909],[23,1472],[1958,1884],[2353,5311],[378,3163],[1877,3734],[1247,5975],[-148,1816],[1721,5361],[6775,9068],[470,1463],[5804,6634],[3644,2414],[3004,3411],[286,1578],[2912,2958],[3193,2311],[2846,3942],[1365,2614],[482,2744],[1231,2504],[1233,5711],[9,3359],[753,4099],[2253,2557],[578,3271],[-555,2428],[-1453,2333],[-1472,937],[-1001,4549],[-2845,4589],[31,2642],[3128,3370],[2650,1717],[-1997,684],[1207,1031],[952,-1113],[5949,1536],[4262,2062],[8700,2835],[7277,1396],[3513,1246],[7433,1844],[4673,1487],[8310,3751],[4399,3305],[5757,1502],[11463,4286],[7336,3393],[2797,998],[4929,2576],[4573,4017],[1468,4311],[3204,2461],[3278,1554],[4932,3669],[4336,4325],[6215,6965],[684,1835],[5616,2335],[10608,5888],[6493,4167],[10407,7819],[3570,2188],[4024,3349],[3310,3797],[112792,-68043],[93538,-54072],[10582,-6062]]],"transform":{"scale":[2.0475252150509405e-7,2.3844627889255887e-7],"translate":[-72.23128783499993,46.409979467000085]}}