{"type":"Topology","objects":{"38802":{"type":"MultiPolygon","arcs":[[[0]],[[1]]]}},"arcs":[[[460394,269854],[23866,-7812],[11338,1379],[4401,-20775],[-225775,-146989],[-142781,-95657],[-27924,21436],[-75168,65220],[141774,94681],[123706,78893],[87456,57258],[25833,-1822],[10484,-17160],[42790,-28652]],[[173759,452916],[33505,-1124],[22277,5675],[35604,-10267],[34714,-41699],[30024,-24610],[-36027,-1088],[-23200,-8505],[-30020,4518],[-47199,707],[-33807,11141],[-33768,28525],[-16442,-1522],[-38430,18288],[-43170,24097],[-19716,21298],[-8104,21648],[41640,-4446],[32756,-19057],[22073,-20329],[14097,-2461],[63193,-789]]],"transform":{"scale":[3.6701949403950734e-8,3.669232138465125e-8],"translate":[-72.43305994699995,46.31912672700008]}}