{"type":"Topology","objects":{"39005":{"type":"Polygon","arcs":[[0]]}},"arcs":[[[403450,399362],[96549,-71516],[-12491,-71874],[-23438,-133486],[10600,-9516],[-12214,-12205],[-16866,-16612],[-2497,-940],[-786,-1337],[-64210,-67986],[-62332,52648],[-59366,-66538],[-140700,110230],[9025,8095],[-36304,30381],[-6997,-8240],[-35693,25717],[-10505,10145],[-35225,26831],[48365,57404],[35084,42615],[-2482,4308],[20941,25387],[28239,35017],[-1798,3008],[26890,34358],[42867,52639],[-46,30],[29595,42074],[147724,-97820],[7213,12621],[20858,-15438]]],"transform":{"scale":[3.565044590088483e-7,2.6030746061499894e-7],"translate":[-71.63334191399991,45.78733554300004]}}