{"type":"Topology","objects":{"39010":{"type":"Polygon","arcs":[[0]]}},"arcs":[[[499954,333975],[45,-28],[-42960,-49667],[-26947,-32420],[1801,-2838],[-28300,-33038],[-20986,-23956],[2487,-4064],[-35160,-40209],[-48471,-54163],[35302,-25316],[10528,-9572],[-1066,-601],[-5183,-4819],[-3447,-4735],[-2923,-3218],[-1447,-1967],[-7739,-9136],[-7382,-8931],[-3414,-3625],[-15870,-19231],[-2844,-2400],[-2788,79],[-1320,450],[-4720,3417],[-10727,7346],[-2778,1745],[-1476,407],[-51235,36729],[-65589,45764],[-64175,45058],[-88263,59296],[-2907,2007],[66008,79349],[55210,67324],[29553,34692],[26264,29268],[-3739,2726],[58808,71163],[10347,13138],[51777,-33829],[74852,-48800],[73779,-47752],[57095,-35643]]],"transform":{"scale":[3.5573188746375264e-7,2.758839117677897e-7],"translate":[-71.74058193499991,45.81439877300005]}}