{"type":"Topology","objects":{"39015":{"type":"Polygon","arcs":[[0]]}},"arcs":[[[499999,419896],[-15925,-18534],[-90521,-100384],[5754,-3845],[-40426,-41288],[-45487,-48940],[-84982,-94971],[-101603,-111934],[-75170,47534],[-28480,16344],[-23159,14418],[11944,13331],[21822,24878],[3147,1977],[26268,28721],[83890,92412],[82775,92717],[39519,43174],[-3966,2386],[-2248,2207],[1903,2247],[50509,55882],[-486,274],[22301,26083],[15870,18852],[5026,5478],[9579,11084],[100514,-61175],[31632,-18928]]],"transform":{"scale":[2.3110835821674235e-7,1.9557128914260643e-7],"translate":[-71.76988848099995,45.87022085700005]}}