{"type":"Topology","objects":{"39020":{"type":"Polygon","arcs":[[0]]}},"arcs":[[[499999,375708],[-9473,-9870],[-19871,-20542],[-2382,-1414],[-16507,-17792],[-8906,-9393],[-12506,-13769],[-26401,-28432],[-14471,-15010],[-3479,-3288],[-2045,-3313],[-7590,-7548],[-2856,-2184],[-17211,-18642],[-3249,-3382],[-114527,-121904],[-5409,-4942],[-91268,-94283],[-26453,14369],[-13961,-13927],[-4615,4026],[-18054,14555],[-7055,537],[-2901,737],[-2368,-652],[-2860,-3322],[-3814,-2645],[-8410,-4805],[-9911,-3075],[-9076,2497],[-7610,4243],[-22538,5717],[-2222,359],[75445,82379],[14559,15930],[25558,27051],[3526,3984],[2563,3856],[4974,3662],[-8451,3187],[-7924,3661],[-16642,8914],[-16409,9313],[-4951,3153],[5415,5978],[11063,11503],[2088,1342],[4122,3870],[980,1574],[1635,1132],[29126,33788],[45152,51275],[-27213,15698],[-4171,2647],[-2019,767],[-16363,9838],[76276,83795],[7615,8217],[48258,53980],[71,-40],[28483,30931],[53658,-29894],[72521,-41679],[24863,-14073],[66191,-38645]]],"transform":{"scale":[3.055055750112289e-7,2.734489848980293e-7],"translate":[-71.90514530699994,45.79897181300004]}}