{"type":"Topology","objects":{"39025":{"type":"Polygon","arcs":[[0]]}},"arcs":[[[374424,455187],[19994,-10323],[10974,-6434],[25013,-12855],[14219,-8926],[-23705,-26669],[37586,-20676],[2433,2573],[23148,-11929],[15913,-8379],[-37250,-39651],[-5878,-6035],[-58877,-61555],[12632,-7226],[1556,-562],[3221,-1946],[21004,-11532],[-34851,-37664],[-22481,-24820],[-1262,-832],[-758,-1156],[-3181,-2842],[-1612,-986],[-8540,-8451],[-4179,-4391],[3821,-2316],[12627,-6820],[12884,-6568],[6117,-2690],[6525,-2340],[-3840,-2691],[-1979,-2833],[-2721,-2925],[-19729,-19872],[-11238,-11701],[-58234,-60515],[-4710,722],[-4395,-1347],[-7708,-1794],[-2515,-419],[-9140,-2512],[-1546,-653],[-1656,-1343],[-619,-1745],[750,-5322],[-1795,-2256],[-2813,-2197],[-2747,-1444],[-2067,-339],[-53185,30207],[-2102,1078],[-14917,8320],[-31099,17134],[-39124,21357],[-54441,31229],[-9822,5614],[-58125,33476],[57436,57101],[-36559,23208],[125668,124638],[66343,65674],[-385,317],[1755,1452],[5215,5243],[10357,10753],[4620,4407],[58274,58790],[37667,-20720],[44033,-24091]]],"transform":{"scale":[3.9579098958199365e-7,3.7225648051301754e-7],"translate":[-72.02537706399994,45.79637456000006]}}