{"type":"Topology","objects":{"39035":{"type":"Polygon","arcs":[[0]]}},"arcs":[[[296397,432845],[20051,-18143],[8696,-7062],[78070,-66518],[21117,-18229],[16937,-14767],[5338,-4943],[5310,-4564],[4531,-4574],[7256,-6065],[1170,-1639],[35126,-31940],[-6051,-9894],[-2471,-3754],[-4789,-7795],[-21762,-36079],[-6249,-10880],[-2157,-3448],[-9014,-15152],[-8576,-14251],[-3087,-4620],[-5619,-9239],[-12809,-20415],[-13379,-21498],[-2126,-3238],[-9982,-16075],[-14643,-23196],[-7143,-11508],[-12203,-20831],[-13655,-22528],[-17010,14797],[-21765,18432],[-12573,10808],[-9962,8222],[-2546,1496],[-1640,2289],[-6344,5505],[-18214,15270],[-16666,13729],[-1061,799],[-17083,14406],[-6889,5692],[-200,-142],[-55340,46171],[1087,1890],[-73881,60042],[-84197,70315],[96817,154509],[-1553,3599],[33707,52170],[100833,-86613],[32643,49368],[17473,-15711],[5572,-4423],[10905,-9775]]],"transform":{"scale":[3.611145782291309e-7,2.140812541624941e-7],"translate":[-71.80685169599991,45.970239346000085]}}