{"type":"Topology","objects":{"39030":{"type":"Polygon","arcs":[[0]]}},"arcs":[[[180659,496862],[78097,-57289],[68527,-48920],[-1008,-1539],[51331,-37618],[185,116],[6391,-4637],[15844,-11738],[985,-651],[15528,-11236],[10499,-7786],[6326,-4603],[5883,-4486],[1522,-1865],[2362,-1219],[9239,-6699],[11662,-8805],[20188,-15019],[15778,-12055],[-7481,-10537],[-4239,-6212],[-2983,-4077],[-9420,-14031],[-13239,-19415],[287,-202],[-29980,-41594],[-1131,-1672],[1334,-1642],[2355,-1778],[-23461,-32134],[-49136,-69010],[-42365,-58509],[-51940,40216],[-19509,14647],[-56909,43375],[-42107,31110],[-22350,-32189],[-16233,11910],[-23532,16902],[-2474,-3646],[-38211,29292],[24099,37783],[-14453,12645],[-25431,18211],[-11155,9117],[-20334,14613],[36089,55238],[28534,43555],[13531,21488],[50662,70748],[47059,64984],[4784,-3137]]],"transform":{"scale":[3.8932263264532424e-7,2.627577915155772e-7],"translate":[-71.87718627999993,45.901708693000046]}}