{"type":"Topology","objects":{"39043":{"type":"Polygon","arcs":[[0]]}},"arcs":[[[446403,258668],[53596,-59686],[-24771,-55272],[-8641,9816],[-4416,4440],[-13845,15777],[-25868,-49571],[-79903,86968],[-26712,-52385],[1234,-3613],[-76723,-155142],[-4085,3865],[-8946,10215],[-35487,43225],[-26242,32505],[-8694,10006],[-2833,3396],[-10148,11448],[-3735,4317],[-3716,4656],[-2532,2622],[-27809,-56011],[-106127,120042],[49520,105594],[-29347,32876],[79622,68236],[71751,63725],[41568,36579],[4712,2703],[12181,-13715],[7664,-8082],[15883,-18036],[1805,-1806],[28275,-31376],[4190,8090],[1818,-1770],[10517,-12030],[19761,-22092],[20207,-22221],[-44,-86],[13021,-14459],[51196,-58295],[42103,-45453]]],"transform":{"scale":[4.5570637141276134e-7,2.1320619241238635e-7],"translate":[-71.91638298999993,46.03226335200008]}}