{"type":"Topology","objects":{"39062":{"type":"Polygon","arcs":[[0]]}},"arcs":[[[449431,415407],[43532,-28773],[-73453,-92416],[46,-32],[-20581,-25119],[-14495,-17594],[26574,-18471],[15965,-11492],[20544,-14378],[21565,-15210],[16771,-11906],[14100,-9667],[-944,-585],[-19163,-22781],[-11520,-13052],[-22033,-26465],[-10662,-12510],[-14392,-17332],[47,2414],[-819,2617],[-1231,1863],[-2166,1665],[-456,1989],[3577,7005],[1033,4763],[-1478,2632],[-5267,3594],[-1092,2040],[-378,2808],[1730,7016],[-56,2013],[-1326,3403],[-1615,2622],[-2739,2076],[-3976,1889],[-3832,2280],[-4288,3706],[-832,1843],[-1033,5999],[-2492,3415],[-2120,1538],[-2502,959],[-9004,1088],[-3693,-1358],[-1931,993],[-2023,3773],[-2904,777],[-3884,-2633],[-6595,-876],[-3020,466],[-2194,1132],[-2730,2046],[-836,2549],[-1355,963],[-2227,-695],[-1485,-1888],[-2277,-1892],[-8176,-2457],[-2242,-401],[-6326,-360],[-2120,922],[-3648,3198],[-1974,3041],[-1516,3550],[-3743,3553],[-3653,-3987],[-11330,-14190],[-24948,-33060],[-14862,-18442],[-19329,-26199],[-47236,33715],[-26338,-28924],[-25208,-28836],[-15491,-18400],[-6681,-6798],[-1368,-3466],[-2080,-3404],[-1779,-2306],[-10264,-10967],[-2701,1752],[-12147,8898],[-13429,9394],[-17749,15870],[-37066,22380],[82,114],[-12610,7183],[14458,17140],[2591,2613],[26822,31276],[-49755,33595],[21365,25111],[8005,9197],[15337,17363],[-21900,13650],[-12114,7801],[-8592,5786],[40703,10159],[28536,7007],[7278,1942],[10908,2636],[-7008,1566],[-3489,1101],[-1948,3172],[-273,3495],[2175,4510],[4409,3876],[790,2852],[-1388,1875],[-5247,1258],[-7781,722],[-4353,-1957],[495,13358],[1057,17357],[12211,3207],[57777,15934],[-229,8552],[-1391,32921],[-1619,32304],[-1397,24436],[36,22150],[16068,3269],[49313,12364],[-63,8643],[22086,11552],[33121,14236],[253,-57148],[18530,9508],[-189,-19153],[-1034,-43357],[33716,16937],[21670,10691],[-587,7063],[3376,4447],[2929,2184],[4918,4279],[3933,5448],[8324,7480],[3928,2966],[2505,2959],[1696,3709],[1299,4109],[479,4532],[1123,5683],[1378,2847],[3512,1860],[5048,1614],[5437,2074],[4188,3098],[8815,7687],[7081,11516],[2952,2399],[4044,947],[2086,-47797],[8806,5087],[8798,2320],[2511,1069],[1622,-20874],[1290,-224],[2560,-32577],[19556,8404]]],"transform":{"scale":[3.0723075246152756e-7,2.436058492117378e-7],"translate":[-72.04526939399994,46.001160510000034]}}