{"type":"Topology","objects":{"39060":{"type":"Polygon","arcs":[[0]]}},"arcs":[[[499998,314311],[-56046,-79785],[-60335,-86861],[-16116,-26383],[-33982,-53477],[-42970,-67805],[-53313,41905],[-45605,36041],[-10669,8766],[-21805,17320],[-21752,17203],[-19786,18858],[-18429,17315],[-35912,32057],[-33083,28443],[-30195,26202],[18166,29821],[13969,20995],[23446,37631],[10648,16151],[3431,4540],[3521,-4045],[1423,-4042],[1856,-3462],[3428,-3639],[1992,-1050],[5945,410],[2107,458],[7684,2796],[2140,2155],[1395,2147],[2095,790],[1274,-1096],[784,-2899],[2566,-2331],[2063,-1289],[2837,-530],[6198,998],[3651,2996],[2729,-884],[1902,-4296],[1813,-1129],[3471,1548],[8463,-1240],[2352,-1091],[1992,-1750],[2342,-3887],[971,-6829],[781,-2100],[4032,-4218],[3602,-2596],[3736,-2149],[2573,-2364],[1518,-2984],[1246,-3872],[52,-2294],[-1624,-7985],[354,-3197],[1027,-2321],[4950,-4092],[1387,-2995],[-968,-5422],[-3363,-7973],[428,-2265],[2036,-1895],[1156,-2119],[771,-2980],[-44,-2750],[13525,19730],[10022,14240],[20707,30125],[10826,14857],[18011,25931],[885,666],[-13249,11002],[-15762,13553],[-20269,17314],[-19307,16367],[-15006,13082],[-24973,21024],[13623,20029],[19341,28593],[147900,-119557],[38766,55799],[3531,-2609],[5180,-4639],[5206,-4302],[14147,-11405],[3950,-3382],[12120,-9969],[36581,-32382],[49468,-43064],[12471,-10178]]],"transform":{"scale":[3.2690167180342983e-7,2.140106560213185e-7],"translate":[-71.97216410399994,45.96582116700006]}}