{"type":"Topology","objects":{"39077":{"type":"Polygon","arcs":[[0]]}},"arcs":[[[315547,472624],[29069,-18690],[31849,-20288],[34572,-22866],[17740,-12352],[19049,-13451],[20940,-12271],[20991,-12355],[10242,-6286],[-67891,-72911],[-5387,-5466],[-12069,-13340],[-6081,-6509],[-2043,-1798],[449,-393],[-111804,-117851],[-111998,-118277],[-15395,-17520],[-12715,8272],[-10244,5732],[-2569,1847],[-32194,19995],[1271,1296],[-19390,8157],[-1029,549],[-12742,5416],[-17500,7742],[21878,21595],[22601,23699],[-9975,7492],[-1973,57],[-2156,994],[-719,1641],[-3034,2518],[-28358,19699],[-816,384],[6693,6654],[9509,9731],[-45242,27896],[14391,14585],[-9678,5921],[-33789,19603],[28230,29848],[37496,40412],[14181,14198],[-95,47],[9356,9451],[17488,19120],[-34560,24154],[-3444,1960],[10566,12047],[21062,21779],[20367,21741],[28940,29684],[868,-470],[16058,-12885],[12149,-7627],[10991,-7226],[2443,-1421],[9286,8904],[1611,1873],[1882,2763],[1236,2814],[6046,5520],[14015,14939],[22808,23414],[23831,23485],[42736,-27375]]],"transform":{"scale":[3.3957040714082924e-7,3.000297960596744e-7],"translate":[-72.07931461999993,45.87626210900004]}}