{"type":"Topology","objects":{"39085":{"type":"Polygon","arcs":[[0]]}},"arcs":[[[499998,349690],[-32497,-48324],[-22870,-35390],[-23651,-35452],[-11863,-19611],[3868,-3192],[38806,-39319],[-19638,-31123],[-10505,-15385],[105,-76],[-15922,-23111],[-25840,-40345],[-25647,23043],[-67608,59624],[-20538,-29793],[-33439,-49055],[-31532,-47088],[-10174,-15093],[-16677,15063],[-21776,19774],[-18442,16535],[-41961,37881],[5809,7817],[-24570,21314],[-381,723],[-5480,4962],[-17791,16743],[2228,4809],[-52012,44393],[18188,27054],[16507,25858],[16118,25396],[18300,27268],[20904,31640],[25466,38367],[2647,3802],[-7209,6576],[-18512,17691],[-21623,20797],[14066,23064],[387,411],[9877,15272],[5831,8747],[12796,19691],[2476,-52],[65483,-59001],[34962,-31944],[25255,37007],[16230,24602],[15017,20786],[21284,-18138],[28200,-24398],[12339,18225],[4328,7045],[18635,29300],[8248,13212],[13337,-12624],[17743,-16442],[16815,-15903],[11511,17425],[19001,29251],[50550,-44404],[-27250,-41338],[-2632,-3454],[-14689,-22653],[12810,-9496],[-82,-149],[36684,-28815]]],"transform":{"scale":[3.0240614881222214e-7,1.8431110862221805e-7],"translate":[-72.17972164099989,45.945598732000065]}}