{"type":"Topology","objects":{"39090":{"type":"Polygon","arcs":[[0]]}},"arcs":[[[399563,426562],[-23305,-22601],[-45412,-43162],[54357,-28347],[15569,-8564],[-23153,-21090],[72782,-40340],[-15297,-14071],[-10766,-9623],[1314,-557],[45618,-28485],[4879,-3643],[1159,-2372],[3470,-1437],[3172,-83],[16049,-10835],[-36359,-34269],[-59026,-52378],[-7185,-6911],[-28988,-26588],[-18183,-16944],[-1907,1503],[-59653,34348],[-10425,6381],[-17376,-15429],[-16304,-14723],[-19721,-17179],[-25682,-23502],[-18134,-16841],[-10542,-8820],[-8176,4445],[-24358,12522],[-48433,25207],[-22327,11516],[-21740,11381],[-21540,11104],[-23940,12448],[12621,10855],[46998,39524],[-29093,15781],[12298,10014],[26380,21707],[23499,19575],[-24812,14094],[-24266,14329],[-32825,18752],[-6289,3683],[13263,12842],[41824,39814],[25477,23603],[43615,41628],[191,-109],[14577,13409],[45173,41830],[47907,43579],[29423,26466],[96857,-52966],[36745,-20471]]],"transform":{"scale":[2.1108269216529054e-7,2.0747625895250476e-7],"translate":[-72.1491505059999,45.867854030000046]}}