{"type":"Topology","objects":{"39097":{"type":"Polygon","arcs":[[0]]}},"arcs":[[[457144,435751],[42855,-44592],[-67330,-109716],[-11551,10897],[-96407,-147050],[-21884,-34003],[-71135,-111287],[-33776,35150],[-16643,16941],[-16731,17633],[-7726,7874],[-31429,32533],[-16880,17353],[-33692,34999],[-7850,7970],[11005,14830],[24604,33839],[6728,9369],[-19548,19339],[-34646,34537],[-34285,34389],[-20823,20726],[11040,17791],[11652,19081],[11180,17532],[3597,5968],[-5034,4868],[18992,29893],[11745,18631],[4540,7418],[26792,-23759],[13591,-12187],[13960,-12332],[30279,-26994],[15229,-13412],[5112,-4759],[6590,9445],[11337,18036],[16057,25167],[12329,18397],[10194,15769],[10863,16522],[6517,-6835],[37295,-36784],[1193,-1608],[11368,18145],[18122,28474],[4493,7401],[14898,22649],[17600,-11992],[12816,-8387],[1036,-850],[19499,-12631],[-1276,-2008],[32379,-30966],[2584,-2858],[10301,-8876],[12788,-12811],[15486,27131]]],"transform":{"scale":[3.3762690725372024e-7,1.9374141748279053e-7],"translate":[-72.17145759799989,45.797095536000086]}}