{"type":"Topology","objects":{"39105":{"type":"Polygon","arcs":[[0]]}},"arcs":[[[499999,380834],[-33063,-39562],[-19312,-22430],[-31703,-37837],[-10054,-12207],[4769,-3500],[24880,-17820],[18394,-13618],[18810,-13393],[-17813,-18604],[-19996,-20631],[-9324,-9515],[22054,-14998],[-35625,-37564],[-9569,-10315],[1993,-1297],[-5507,-6583],[-14240,-16535],[-23027,-26529],[6105,-4319],[-4364,-5298],[-13553,-15559],[-14129,-16931],[-13385,-15789],[-40257,28912],[-16371,12029],[-53824,39699],[-18933,13701],[-16113,11965],[-133,-24],[-30832,19651],[-12842,-13112],[-21992,-22736],[-2766,-2404],[-10822,-11393],[-8143,4311],[-5313,2100],[-7653,5828],[-11569,9984],[-5140,3298],[-7649,1989],[-11009,3148],[-6623,1721],[-5470,3096],[-10418,-1346],[-18468,13807],[37152,43868],[7903,9406],[-25849,18845],[7539,8239],[10659,11261],[26846,28832],[9314,9915],[-8459,6012],[-8767,5871],[-41578,28390],[25160,25630],[1594,1050],[1668,2423],[54712,53518],[8488,8519],[26588,29571],[20873,22807],[10444,11575],[48663,-35309],[24562,-17625],[11094,-8203],[23612,27266],[21659,24625],[23061,26324],[12362,14375],[10971,12371],[6457,5832],[19319,-14136],[5952,-4188],[414,-611],[26683,-17994],[-6310,-6600],[45570,-31982],[20028,-13959],[23647,-16693],[17968,-12615]]],"transform":{"scale":[2.784620129239713e-7,2.183136966274523e-7],"translate":[-72.26121696299992,45.86247985100004]}}