{"type":"Topology","objects":{"39117":{"type":"Polygon","arcs":[[0]]}},"arcs":[[[445133,452061],[15940,4335],[83,-168],[23780,5802],[15063,3832],[-10876,-15081],[-10406,-13726],[-4742,-6095],[-8033,-10645],[-313,-287],[-11440,-16075],[17584,-14495],[15055,-12333],[5863,-4582],[-2153,-2650],[-20709,-26743],[-17000,-22052],[-14884,-19008],[-13107,-17700],[-13425,-18023],[-14792,-18857],[42300,-30942],[-1616,-3032],[-5031,-5135],[-8216,-10213],[-9257,-11869],[-17269,-21732],[-16220,-20330],[-17681,-22511],[-8308,6772],[-18393,14551],[-36442,29151],[-7820,-9556],[-15632,-18829],[-19910,-24413],[-6357,-7034],[-40971,-44186],[-1250,-1999],[-1193,-866],[-18840,-21161],[-7129,-7652],[-33740,-36524],[-15689,13472],[-12550,13081],[-13262,14604],[-6388,4842],[-21275,16742],[-32438,25926],[36070,46468],[-82114,67053],[28756,33796],[6002,-4806],[35292,43082],[6814,7569],[5772,5996],[30855,32743],[-20824,17507],[-15983,14874],[1781,1191],[37940,49011],[-56887,42417],[4772,5948],[8112,9398],[12038,14405],[3450,3256],[-25,306],[13058,15604],[7300,-1487],[6196,-2014],[2103,-3384],[764,-3475],[2952,-1477],[13630,1875],[2458,1206],[3247,2898],[8449,3543],[12443,4597],[7043,1254],[3553,95],[6166,1328],[5423,555],[12339,-3983],[2221,-1238],[4384,1747],[2300,-16],[1784,-869],[1488,-2021],[3399,-1527],[7033,-131],[4573,130],[1836,751],[2728,3742],[1994,1244],[2446,-61],[1691,-1152],[2480,-2641],[1382,-3080],[1639,-5960],[847,-1549],[-4740,-7428],[-4467,-6093],[1923,-1527],[20190,-15140],[17222,-12775],[-5092,-6116],[5238,-3932],[15580,-11215],[23184,-16278],[9083,11904],[14731,20290],[13363,17953],[12881,16893],[12947,-9010],[13713,-9627],[12810,-8856],[65,-1663],[648,-1350],[1325,-796],[1456,1822],[1202,538],[23747,6049],[9075,2236],[-59,105],[9894,2692]]],"transform":{"scale":[3.7185172170355476e-7,2.64431688863336e-7],"translate":[-72.32720638,45.915170928000066]}}