{"type":"Topology","objects":{"39130":{"type":"Polygon","arcs":[[0]]}},"arcs":[[[435831,469861],[-1341,-11529],[0,-23655],[-102,-24002],[185,-15196],[-160,-45645],[75,-17781],[34613,11508],[28003,9157],[508,-33899],[103,-33689],[419,-33800],[280,-33880],[491,-33952],[350,-34032],[458,-34066],[286,-34451],[-14456,-4432],[88,-170],[-13258,-3683],[-34692,-9955],[-1753,-884],[-2128,-2998],[-1937,1307],[-944,2222],[-98,2740],[-18712,14576],[-20032,15846],[-18916,14831],[-18814,-27806],[-19524,-29552],[-21519,-33397],[-13266,-19594],[-33868,26795],[-22762,18459],[-7650,6472],[7437,10068],[-25158,21027],[-29494,24919],[-2809,2512],[6526,10031],[6922,12227],[-1238,2549],[-2392,9811],[-2021,5067],[-3621,4349],[-2472,1895],[-3571,102],[-2914,-2050],[-3987,-6158],[-2680,-1236],[-6680,-214],[-10275,216],[-4965,2513],[-2174,3328],[-2608,1428],[-3359,28],[-6405,-2875],[-3243,2037],[-18025,6555],[-7922,-915],[-9006,-2183],[-5191,-156],[-10288,-2066],[-18180,-7568],[-12341,-5829],[-4745,-4771],[-3589,-1986],[-19912,-3086],[-4312,2433],[-1116,5718],[-3072,5570],[-9050,3314],[-7828,1660],[12314,10942],[10265,8576],[10661,8548],[3117,2891],[21995,17761],[27011,22271],[26420,26923],[26912,27626],[26854,27473],[27977,30510],[56109,61490],[10139,11028],[28784,-30929],[4359,579],[-1127,22587],[-213,38577],[-575,35753],[85248,27403],[166,-20968],[1178,-45132],[24153,26230],[35413,35468],[-1329,-25736]]],"transform":{"scale":[2.545464670929284e-7,1.606522813045582e-7],"translate":[-72.28895544599993,46.02170542300007]}}