{"type":"Topology","objects":{"39135":{"type":"Polygon","arcs":[[0]]}},"arcs":[[[495965,411582],[-31,-24241],[1226,-26745],[1418,-35354],[1220,-36030],[201,-9359],[-50663,-17438],[-10706,-3509],[-925,-18998],[-434,-14618],[3816,2141],[6822,-790],[4600,-1376],[1218,-2052],[-693,-3121],[-3866,-4243],[-1907,-4937],[239,-3824],[1709,-3471],[3058,-1205],[6145,-1713],[-9562,-2887],[-6383,-2123],[-25115,-7697],[-35598,-11090],[7609,-6392],[10548,-8480],[19202,-14939],[-13448,-19001],[-7020,-10065],[-11841,-17431],[-2482,-3537],[-20811,-30734],[-9935,-14429],[-14513,13170],[-15313,13612],[-11510,10454],[-7119,-10940],[-16083,-24260],[-3737,-5834],[-10649,-15093],[-24337,20204],[-18370,15018],[-12962,-17211],[-14008,-20371],[-21797,-30643],[-30173,26451],[-56518,48854],[-2137,44],[11542,17916],[-15986,-4553],[-25238,-6893],[-87,199],[-16917,-5151],[-207,24866],[-331,24588],[-256,24560],[-357,24507],[-202,24452],[-306,24394],[-74,24316],[-369,24465],[-20344,-6607],[-25145,-8307],[-55,12834],[117,32945],[-135,10967],[74,17324],[0,17072],[974,8321],[12538,3255],[-258,34806],[18821,6016],[10304,3399],[39687,12638],[396,94],[42,18165],[363,26391],[136,18466],[18515,6065],[40225,12643],[845,-45139],[-41,-17060],[12336,3474],[17273,5439],[9407,3174],[123303,36673],[47410,13936],[1115,-66702],[5562,1740],[1999,-61943],[34525,8774],[68484,19966],[31118,9447],[812,301]]],"transform":{"scale":[3.503810747621462e-7,2.2258818917631632e-7],"translate":[-72.17838350799991,46.017600118000075]}}