{"type":"Topology","objects":{"39145":{"type":"Polygon","arcs":[[0]]}},"arcs":[[[425606,71038],[-4628,-2251],[-18924,-11194],[53,-8373],[-42255,-11980],[-13768,-3167],[-795,-267],[-30408,-8362],[-66924,-17677],[-33737,-7767],[-1956,54837],[-5433,-1540],[-1091,59051],[-47135,-12553],[-119688,-32250],[-9191,-2810],[-16881,-4815],[-12054,-3077],[39,15104],[-830,40156],[73402,21949],[20,119746],[59806,16697],[-518,115371],[54846,13871],[110065,29100],[47072,12097],[53972,13455],[622,102],[-73,5652],[56518,39856],[919,-61056],[19109,11677],[482,-62774],[22453,12330],[1304,-113852],[-40056,-22607],[2702,-53826],[-8265,-4404],[-2743,-998],[-8920,-5041],[186,-11427],[-162,-91],[292,-18782],[-205,-28835],[-19165,-8907],[1943,-60368]]],"transform":{"scale":[3.585506291012022e-7,2.51427214854441e-7],"translate":[-72.1286950839999,46.100646522000034]}}