{"type":"Topology","objects":{"39150":{"type":"Polygon","arcs":[[0]]}},"arcs":[[[499739,393218],[-417,-106],[677,-151310],[-77901,-21898],[-25,-157046],[-95610,-28787],[4,-256],[-51199,-14679],[-23567,-7041],[-49331,-12095],[-1919,55443],[-3864,95317],[-9136,-956],[487,27155],[-159,19826],[127,5583],[-216,24735],[-17547,-5043],[-16064,-4372],[2256,78584],[-156335,-45449],[2491,129463],[2628,3378],[6268,5193],[3807,465],[1422,-6013],[16664,1182],[11394,-10858],[3724,-5559],[8121,-4589],[4062,1303],[1832,3864],[584,3448],[1821,6612],[-2904,6486],[-71,9069],[2681,5115],[5984,3359],[16793,-1902],[10002,-2444],[9539,-20355],[10342,-1145],[8019,15500],[-262,6609],[1470,6205],[10566,7201],[2978,7430],[-1737,16387],[-4958,9590],[1848,4602],[8134,2858],[9239,-5986],[12818,4479],[7147,2095],[5909,6126],[4726,3832],[1084,4995],[3633,5121],[10991,10555],[16661,724],[6331,-2120],[4120,-4011],[3056,-774],[5566,3913],[5182,1792],[10409,921],[98,-1759],[293,-86248],[65146,17483],[1575,-402],[4288,1696],[5820,-2319],[2964,-6727],[2092,-3864],[7115,-2276],[8389,-5163],[5146,-4254],[1036,-8411],[1774,-1820],[4744,1040],[4358,-167],[4977,-1746],[3732,3152],[5233,5740],[2613,4623],[15252,-3239],[5083,-2875],[560,-6969],[2124,-6472],[7469,-1992],[11445,1329],[5007,4038],[7505,3090],[2296,10549],[1882,13928],[2231,5676],[1384,5850],[-5502,9351],[1741,3538],[1654,10107],[-3751,6394],[-546,2971],[7429,10305],[6925,2525],[6789,-76],[18613,13913],[9452,16493],[6752,8048],[3421,-3848],[443,-13235],[1241,-46464],[1333,-43234]]],"transform":{"scale":[2.7526947253895435e-7,1.9170897141792596e-7],"translate":[-72.21856026599994,46.12230049400006]}}