{"type":"Topology","objects":{"39155":{"type":"Polygon","arcs":[[0]]}},"arcs":[[[499999,63927],[-9945,-21863],[-19912,-27155],[-14204,-14909],[-18937,8258],[-16580,788],[-18054,-4915],[-6748,8608],[-3949,39788],[-19577,20119],[-31931,24425],[-27074,10761],[-7957,18279],[-11283,31816],[-22141,10975],[-16325,-8025],[-5987,1901],[-247914,-82692],[-1110,407961],[-371,8321],[64394,2776],[39487,855],[21771,-32261],[15924,-63709],[15467,-58097],[37025,-18958],[37567,-9490],[6344,-40306],[29896,-55333],[46882,-36817],[36254,1650],[53834,-32030],[38195,-9991],[27256,-56657],[24246,-22633],[5457,-1440]]],"transform":{"scale":[7.233650067305207e-8,4.0528837057745667e-8],"translate":[-72.14971121099995,46.195150401000035]}}