{"type":"Topology","objects":{"39165":{"type":"Polygon","arcs":[[0]]}},"arcs":[[[398599,415939],[-44137,-38149],[-30724,-26367],[73521,-76102],[91941,-94586],[10799,-11216],[-13975,-23303],[-27517,-19657],[-10037,107],[-10238,-3568],[-10983,-14560],[806,-4197],[5545,-9035],[-2444,-14279],[-2574,-4998],[8134,-13213],[-2046,-8263],[-3296,-8022],[-2785,-19679],[-3395,-14905],[-11095,-4364],[-7401,-5707],[-16921,-1876],[-11044,2814],[-3138,9144],[-828,9848],[-7515,4061],[-24670,5006],[-9421,6760],[-10589,16924],[-14838,2985],[-20916,9566],[-14084,-493],[-18215,10997],[-11615,16528],[-2464,12038],[-14595,2835],[-14385,5662],[-6010,17354],[-6185,19030],[-8458,9636],[-15341,-256],[-23030,-660],[-17377,-1470],[-7664,-2529],[-8226,-5533],[-4519,1096],[-6093,5667],[-9360,2997],[-24630,-1024],[-16251,-14913],[-21814,21017],[-24282,22912],[-12220,11871],[26186,24536],[52141,49368],[3231,2543],[152595,149560],[14791,13628],[51463,46530],[15117,13964],[83075,-84060]]],"transform":{"scale":[1.8619040838078763e-7,1.356874493748965e-7],"translate":[-72.17772317599992,46.19361049300005]}}