{"type":"Topology","objects":{"39170":{"type":"Polygon","arcs":[[0]]}},"arcs":[[[459852,484031],[15792,-22944],[23008,-34531],[1346,-2174],[-2845,-3115],[-5594,-2202],[-11484,-2918],[-1884,-1118],[-7652,-4957],[-1947,-3922],[-1457,-2427],[-486,-2206],[16,-8370],[-2365,-6338],[-1311,-2544],[-7983,-2644],[-9629,-5418],[-5428,-4908],[-2677,-767],[-1966,-128],[-3004,565],[-14596,-6659],[-4051,-768],[-4995,-4379],[-149,-2701],[-1625,-3176],[-2284,-2834],[-922,-762],[-2683,-1053],[-3508,-3917],[-2661,-9029],[-5541,-7158],[260,-3562],[3321,-6087],[-1569,-6205],[-1757,-3930],[-1036,-13695],[-4950,-5369],[-9752,-4126],[-7463,-17839],[-3155,-16495],[-8823,-8744],[-3523,-4826],[-7453,-5202],[-6034,8193],[-11101,-11646],[-7388,2098],[-5773,11489],[-3103,221],[-8213,-7504],[-8622,-5508],[-4962,-21543],[-3833,-1626],[-3177,-3862],[-6797,-3294],[-13317,-8574],[439,-5665],[-80,-2132],[264,-15932],[-226,-4862],[364,-31593],[136,-30839],[313,-33058],[-443,-101],[-38475,-13114],[-33557,-11793],[-78462,-28363],[-38873,-13441],[-728,32132],[-680,34530],[-242,9838],[-1872,2859],[-3666,-6023],[-4027,5942],[-34036,49753],[-27216,40032],[11374,13869],[16447,20201],[22942,29617],[14816,-21597],[4969,-7540],[4230,5508],[48019,61539],[-16805,26226],[25968,32518],[37331,46150],[132,198],[33269,41128],[-9897,14708],[30166,38686],[10572,-15889],[5509,-8616],[6922,-11090],[20192,-31419],[17216,-27222],[31209,38800],[28665,-45495],[39577,48418],[14859,18466],[10687,13406],[678,731],[15479,19644],[24343,29991],[4953,-7362],[6030,-8606]]],"transform":{"scale":[5.029628059255919e-7,2.5795264990529265e-7],"translate":[-72.11744629599991,46.19768401500005]}}