{"type":"Topology","objects":{"40005":{"type":"Polygon","arcs":[[0]]}},"arcs":[[[449399,449638],[50600,-65442],[-15371,-21846],[-23139,-33430],[-19660,-27770],[-1169,-1817],[-5136,-6862],[-5019,-7368],[-8689,-12629],[-18601,-25595],[-33611,-47015],[-18635,-26916],[-8894,-12201],[-3046,-4713],[-3912,-5356],[-19671,-26259],[-32838,-45813],[-57030,-78606],[-8231,11012],[-17217,22209],[-27390,35369],[-73830,76281],[-57584,59407],[-2907,3034],[-38419,41267],[1346,131],[17611,32762],[25068,46359],[3684,6552],[3524,6574],[3497,6153],[4156,7653],[6500,11723],[292,700],[4301,7561],[5758,10381],[6969,12818],[10828,19381],[5879,10151],[13112,23214],[3454,6319],[2163,-2370],[967,-408],[1824,-1750],[7036,-7370],[3097,-3426],[864,-450],[1830,-82],[1864,2410],[10412,19289],[2238,3637],[4844,8956],[5075,9165],[950,1973],[1917,3228],[2261,4750],[3400,4834],[699,601],[23463,-24339],[4600,7800],[23866,-28755],[-5933,-7660],[92495,-104325],[39027,62973],[40975,-49827],[42212,64343],[516,1267],[1642,888],[11086,15723],[8030,11552]]],"transform":{"scale":[5.423048886097482e-7,2.750447400893834e-7],"translate":[-71.7078315739999,45.693072285000085]}}