{"type":"Topology","objects":{"40017":{"type":"Polygon","arcs":[[0]]}},"arcs":[[[452264,282511],[47735,-38177],[-79331,-105485],[-104216,-138849],[-111375,86361],[-79588,61608],[-125489,96951],[56966,80046],[-4422,3817],[-6500,5363],[-19378,15840],[44526,59144],[9782,12824],[18516,-13217],[63882,86715],[3787,4547],[14044,-10337],[1177,-775],[20628,-15781],[102464,-78665],[1279,-1196],[8677,-6441],[84104,-64630],[607,-554],[6674,-4851],[5257,-3934],[3907,-3162],[11189,-8660],[25098,-18502]]],"transform":{"scale":[4.364780969561805e-7,2.9731439262878994e-7],"translate":[-71.90523532799995,45.67744819400008]}}