{"type":"Topology","objects":{"40010":{"type":"Polygon","arcs":[[0]]}},"arcs":[[[244722,438344],[2761,-2231],[83798,-65867],[60929,-50053],[62273,-50836],[45516,-38174],[-5001,-6999],[-18980,-25707],[-8509,-11244],[-15671,-21463],[-10087,-14195],[-8333,-11497],[-6226,-8373],[-421,-777],[-9411,-12980],[-6015,-8477],[-5005,-6737],[-5156,-7358],[-5333,-7257],[-35968,-50894],[-25804,-36727],[-1951,-143],[-29236,22146],[-13035,10368],[-4550,3786],[-6125,4710],[-7775,5807],[-707,664],[-97976,77368],[-10108,7712],[-1490,1432],[-119362,94171],[-24031,18893],[-1371,927],[-16362,12373],[93381,134220],[2649,3724],[14034,20524],[2328,2406],[6189,8310],[1667,3648],[2838,3620],[11799,16526],[21527,31306],[10092,15003],[14284,-11355],[17568,-12868],[46366,-37432]]],"transform":{"scale":[3.7467943535882384e-7,2.483571127141354e-7],"translate":[-71.8322741579999,45.761355103000085]}}