{"type":"Topology","objects":{"40025":{"type":"Polygon","arcs":[[0]]}},"arcs":[[[499999,357068],[-58156,-51753],[-24138,-21459],[-1372,-1496],[-1686,-2654],[-3428,-1756],[-6053,-4745],[-3537,-3079],[-2716,-1670],[-1374,-1426],[-6592,-5200],[-911,-1109],[-3672,-2644],[-7648,-6618],[-2597,-1666],[-5144,-4616],[-5970,-4640],[-4529,-4227],[-3669,-2678],[-2244,-2571],[-2451,-1289],[-3202,-2427],[-6187,-5358],[-2903,-2963],[-3322,-2430],[-4917,-4239],[-4733,-4944],[-1770,-1440],[-6825,-6258],[-7297,-6338],[-1351,-987],[-100900,-87410],[-1087,-1045],[50186,-40600],[-71669,-63333],[-54481,37231],[-41417,28193],[-3090,2179],[-13862,9355],[-73285,49834],[69192,73237],[-41349,26603],[55927,61782],[106848,117881],[85059,93704],[4880,-3140],[96604,-61488],[122838,-78303]]],"transform":{"scale":[3.232581945164041e-7,2.657390354781258e-7],"translate":[-71.77611196899994,45.617223240000044]}}