{"type":"Topology","objects":{"40032":{"type":"Polygon","arcs":[[0]]}},"arcs":[[[136011,489505],[131604,-95194],[138778,-100622],[93605,-68009],[-72933,-87238],[-115521,-138442],[-58999,43596],[-80921,59720],[-71058,52371],[57595,72007],[-1286,1002],[-29623,22300],[-10410,7689],[-17242,12891],[-20361,15334],[-10181,8054],[-13132,10147],[-7017,5102],[-12804,9594],[-6388,4856],[-9365,6743],[-6518,4970],[-8194,6010],[-5640,3037],[13502,16854],[14783,18309],[2025,2717],[6042,7528],[4497,5895],[24586,31399],[4129,5111],[21595,27394],[30328,39369],[14524,-10494]]],"transform":{"scale":[4.1619720239437086e-7,3.02806027612061e-7],"translate":[-71.96184289899992,45.60204142300006]}}