{"type":"Topology","objects":{"41012":{"type":"Polygon","arcs":[[0]]}},"arcs":[[[499509,314563],[-3968,14],[-3419,-2012],[-4195,-2144],[-2510,-6065],[-1645,-11869],[-1693,-14973],[-1416,-11194],[-3149,-7682],[-3282,-4848],[-8389,-6994],[-4238,2846],[-1412,3646],[-1689,-9576],[-2190,-7282],[-2050,-2018],[-3146,-4985],[-3282,-802],[-3873,4730],[-3598,8507],[-1187,-6474],[-1004,-7554],[-2326,-7148],[-533,-3748],[486,-4752],[2323,-7695],[2914,-14577],[2638,-22404],[1682,-10662],[181,-6478],[-411,-6340],[271,-9715],[-1416,-12545],[-1869,-8495],[-2780,-5797],[-1777,-2290],[-867,-4991],[-1822,-2695],[-3736,-4850],[-3692,-5796],[-5831,-1881],[-5375,-5930],[-3421,-8801],[-909,-9408],[-5059,-38174],[-2005,-16459],[-1913,-6203],[-2368,541],[-2823,4588],[-2506,6074],[-271,5665],[-2005,9176],[-2549,9715],[-1503,9579],[-1866,6341],[-3826,6478],[-3143,405],[-6286,3507],[-5900,-6513],[-46840,-6216],[-33431,-3040],[-43404,-11],[-26898,-2225],[-35726,11],[-60525,-4019],[-10965,-1978],[-4398,-241],[-678,755],[-744,-2351],[-499,537],[-1193,-1106],[-3394,-1725],[-709,-1879],[-1754,-1977],[-580,2458],[14,4267],[-943,1431],[-4339,-4],[-2240,-855],[-1687,892],[-1700,188],[-1685,-919],[-22068,-1554],[-724,61464],[-45003,-2809],[-13500,-1264],[494,52168],[-285,22120],[-111,15361],[-148,40251],[-656,58635],[42,35730],[-1191,133356],[-413,25818],[9298,317],[12793,1177],[666,-167],[7898,109],[3196,194],[11745,1078],[3138,186],[6400,-88],[3040,234],[1908,825],[89067,3711],[29248,1353],[493,649],[45367,2261],[32161,1538],[14272,888],[18479,914],[1661,-84],[17530,935],[8059,198],[1830,573],[6225,-261],[16141,84],[1116,579],[16467,762],[2616,545],[6865,176],[982,-145],[23671,1209],[25614,722],[10345,435],[17025,250],[16230,701],[1643,-269],[12047,277],[7939,97],[3899,1211],[4432,-733],[7855,583],[301,-31852],[-24,-56681],[-84,-62657],[445,-3301],[-453,-2707],[-37,-28088]]],"transform":{"scale":[6.458162096324611e-7,1.540271040542473e-7],"translate":[-71.64482879399992,45.233050097000046]}}