{"type":"Topology","objects":{"41020":{"type":"Polygon","arcs":[[0]]}},"arcs":[[[499002,458984],[997,-427010],[-1172,-4564],[-3080,-5369],[-8269,-3434],[-5377,-4348],[-7918,-966],[-7506,-4898],[-2487,-6383],[-1368,-2012],[-1871,459],[-894,14255],[-7979,7672],[-4497,4625],[-4843,3279],[-3130,6636],[-4244,4511],[-3913,1366],[-2967,3942],[-2641,-323],[-4863,-3455],[-4953,-6036],[-5290,-4014],[-5788,701],[-4516,-2110],[-8369,-9388],[-2402,-7170],[-2307,-3468],[-4022,-7949],[-2897,-1333],[-2463,2593],[-829,7857],[-2202,4723],[-5606,4739],[-4840,4399],[-64,8641],[-2720,1583],[-5013,3724],[-2363,8540],[-7312,3622],[856,2241],[-1096,4606],[-5349,5746],[-6480,-4238],[-4846,3275],[-6486,-6483],[-2724,460],[-2803,2368],[-5303,-10752],[-12436,-1971],[-7484,2947],[-4426,465],[-3397,4501],[-2542,5622],[-10155,-10848],[-2821,-5489],[-5322,-823],[-6967,7207],[3084,8741],[-501,4716],[-5758,16405],[-3720,13256],[-2210,2475],[-5958,1144],[-417,5051],[-8575,13159],[-5729,10960],[-4168,2596],[-2390,-2686],[-2811,121],[-1952,3485],[-6117,8324],[-5273,4954],[-2463,3712],[-2041,2025],[-2133,-2798],[-1626,-4148],[-1532,678],[-1688,8983],[-1103,3482],[-5439,7647],[-3371,21336],[-1437,6626],[878,16833],[-2962,11792],[-1946,9098],[1890,8526],[603,4599],[-5193,3045],[-6941,2882],[-4512,3492],[-3663,1243],[-4777,-4252],[-5371,-997],[-5799,-2678],[-4760,8092],[523,8754],[-932,4156],[-1957,2363],[-667,9654],[-1618,1462],[-1451,-1231],[-2140,-6168],[-4090,683],[-1621,-1904],[-2813,119],[-4098,-6051],[-4604,-1338],[-4601,909],[-4517,1245],[-6572,-9078],[-4522,-3246],[-4275,-12337],[-7177,-15924],[-2052,-6955],[-3245,-6055],[-8566,-2398],[-6304,911],[-3923,-3137],[-5804,-10539],[-3754,-5831],[-2964,-4085],[-2148,-43],[59,19321],[700,1861],[-687,2271],[130,43097],[38,38985],[-468,21909],[-12137,-400],[-6851,504],[-6025,-833],[-14840,-93],[-719,53329],[-404,28036],[-1354,77056],[-627,10493],[-285,12029],[20309,713],[90637,1748],[145742,2663],[2073,-43752],[147254,1698],[91929,964],[1058,75]]],"transform":{"scale":[4.1788431376867754e-7,2.2393459786917248e-7],"translate":[-71.34040384199994,45.23955584200007]}}