{"type":"Topology","objects":{"41027":{"type":"Polygon","arcs":[[0]]}},"arcs":[[[433058,487975],[0,-49],[64289,40],[232,-59895],[1508,-24796],[-25,-20492],[937,-380217],[-1043,-71],[-90589,-903],[-145108,-1592],[-2042,41025],[-143619,-2496],[-89315,-1639],[-20013,-669],[-56,2215],[-254,30297],[-1280,55985],[-920,70355],[156,24031],[-330,15044],[-275,17966],[-640,31262],[-732,32765],[-70,18542],[-429,13290],[-598,1034],[678,669],[-87,14090],[-229,11145],[-1965,75299],[-1239,46152],[38419,1865],[41442,1564],[52239,121],[2284,65],[7373,-329],[10773,-221],[4048,-232],[3044,107],[7577,-259],[-256,-253],[68408,-2724],[104911,-4252],[92796,-3839]]],"transform":{"scale":[4.240655381310992e-7,2.38810957621899e-7],"translate":[-71.34391106299995,45.34172540700007]}}