{"type":"Topology","objects":{"41038":{"type":"Polygon","arcs":[[0]]}},"arcs":[[[499998,9268],[-106474,-1894],[-2279,-421],[-3634,-119],[-7651,45],[-3751,-93],[-14039,-551],[-3822,-99],[-9441,-55],[-798,84],[-15291,-601],[-13290,-192],[-976,-76],[-110477,-2964],[-2704,158],[-36918,-1244],[-6235,1],[-15718,-426],[-13336,-821],[-127747,3226],[-689,30956],[-421,27339],[-253,9335],[-145,7804],[-325,3318],[-207,24319],[-424,22993],[76,631],[-846,31814],[-54,15840],[11391,781],[-133,3725],[-1040,24145],[-665,322],[-11037,4193],[-166,10157],[27,2331],[-378,10061],[-128,11362],[1482,2377],[1006,2928],[2581,11006],[762,5720],[197,8624],[586,2913],[1484,2123],[4276,3056],[4564,5903],[2126,6022],[1020,6328],[1099,5016],[1641,4791],[110,3483],[12958,590],[-2171,52356],[33045,848],[40398,-355],[1883,-63806],[67358,3328],[-827,48223],[13612,298],[13938,258],[-97,8071],[-2547,130359],[17561,264],[21563,174],[13606,215],[10053,303],[10512,-36],[14906,324],[1633,86],[5353,-122],[5322,163],[752,180],[5725,208],[955,213],[10195,29],[105026,1821],[64819,1065],[1044,-43859],[2882,-113930],[2712,-90849],[-162,-9835],[249,-585],[186,-13972],[-45,-1940],[510,-29730],[28,-9534],[268,-21928],[83,-1427],[114,-43176],[1522,-23411],[2142,-86555]]],"transform":{"scale":[5.402445144889906e-7,3.019874639749701e-7],"translate":[-71.81862678799989,45.30486222400003]}}