{"type":"Topology","objects":{"41037":{"type":"Polygon","arcs":[[0]]}},"arcs":[[[488589,499822],[1218,-36099],[1929,-58899],[226,-8718],[86,-11021],[-666,-523],[586,-809],[424,-10394],[68,-14504],[700,-24922],[647,-25160],[272,-14054],[325,-11766],[-154,-18797],[905,-55030],[1256,-43791],[251,-23698],[332,-10555],[606,-7696],[1313,-56519],[388,-20562],[698,-39114],[-15542,-122],[-2457,135],[-24292,-353],[-24889,-124],[-16077,-220],[-38334,-366],[-35429,-609],[-1471,73],[-10272,-89],[-3917,-275],[-24646,-384],[-1670,-293],[-22307,-42],[-11167,132],[-2741,-289],[-12150,-102],[-26147,-471],[-2485,44],[-27778,-464],[-21241,-445],[-46807,-755],[-69229,-1162],[-738,-327],[-43773,-683],[-2682,85614],[-1906,23155],[-144,42706],[-104,1412],[-335,21688],[-35,9431],[-638,29406],[57,1919],[-233,13820],[-313,578],[204,9728],[-3386,89568],[-3618,112981],[-1307,43387],[29109,666],[78831,1348],[65193,1529],[919,-487],[16738,308],[19574,598],[9303,166],[7254,278],[6092,423],[4952,-27],[3404,133],[14042,278],[9178,366],[25618,684],[6992,150],[6794,838],[69476,3168],[59515,2459],[55598,1728],[7,-177]]],"transform":{"scale":[4.314974409949468e-7,3.053112426224864e-7],"translate":[-71.55473583199995,45.307660983000055]}}