{"type":"Topology","objects":{"41055":{"type":"Polygon","arcs":[[0]]}},"arcs":[[[494126,397099],[-60099,-47165],[38408,-64],[2760,-83908],[1075,-29627],[17957,160],[5558,-161803],[213,-10018],[-30186,-317],[-29935,-373],[406,-12547],[1399,-47305],[-146987,-4132],[-4109,79196],[-88155,440],[-72111,-1051],[4738,-64987],[-28277,-731],[1830,5519],[5108,11881],[3969,8717],[3805,7042],[159,965],[-68193,-3726],[-949,12940],[-5195,73271],[-1034,15324],[219,10307],[-170,545],[-3514,65553],[-595,10450],[-42221,-306],[2152,1986],[9780,8291],[14570,10844],[20073,17463],[18519,16917],[1407,974],[57075,47858],[110987,75248],[90031,89069],[169532,-102900]]],"transform":{"scale":[2.4757018914031353e-7,2.4330092860182055e-7],"translate":[-71.8326721709999,45.39684023400008]}}