{"type":"Topology","objects":{"41065":{"type":"Polygon","arcs":[[0],[1]]}},"arcs":[[[309316,305129],[5781,-8393],[18147,-34687],[19960,-28522],[38822,-57212],[2260,-2435],[6158,-9435],[15921,-23978],[13342,-20245],[19247,-29758],[18718,-28420],[7107,-10579],[21444,-32804],[2035,-3525],[1740,-4217],[-23220,-899],[-97933,-2127],[-158679,-3637],[-15404,-59],[-1444,-424],[-8648,-417],[-1137,-360],[-8041,-323],[-8088,241],[-2464,-168],[-22521,-649],[-15883,72],[-15189,-605],[-20558,-430],[-32934,-351],[-38608,-783],[-744,47679],[-1912,135037],[-26591,104],[52014,94873],[48868,91014],[71266,131292],[41203,-58403],[3100,-4899],[5556,-7377],[78019,-110705],[9290,-13486]],[[230809,268100],[-8034,-388],[-12779,14],[-27153,-661],[-2725,266],[-36163,-230],[-15200,489],[123,-36421],[74,-102084],[1096,-37817],[3825,769],[18960,1592],[3203,-1180],[34020,976],[3044,-190],[38817,-12],[3627,127],[-1278,43755],[73,5550],[-1059,6551],[-4187,7273],[-2470,1889],[-4733,2302],[-1027,1253],[-601,3242],[-347,4863],[315,2161],[1972,5168],[2386,2395],[2933,3733],[1800,1230],[3163,83],[-1675,83302]]],"transform":{"scale":[3.5757508715021893e-7,1.5117984835980492e-7],"translate":[-71.72521982599993,45.45434085700003]}}