{"type":"Topology","objects":{"41060":{"type":"Polygon","arcs":[[0]]}},"arcs":[[[477841,499999],[7834,-235538],[-14803,-239],[-8428,-3479],[-13726,-10555],[-11168,-6767],[-9236,-14615],[-1475,-6110],[1623,-13750],[2813,-9167],[4806,-3545],[22157,-6506],[11564,-5340],[19602,-20564],[4961,-18525],[-343,-15693],[5976,-123719],[-16972,-358],[-181710,35],[-14252,535],[-159248,-2763],[-14996,3339],[-88746,-4502],[-17908,-2173],[-5128,106928],[-352,288646],[-572,102979],[71148,-1377],[169280,648],[12759,-754],[127111,1868],[59816,-38],[37613,1099]]],"transform":{"scale":[7.638718477432644e-8,5.3467066934043003e-8],"translate":[-71.67918866499991,45.46813880000008]}}