{"type":"Topology","objects":{"41075":{"type":"Polygon","arcs":[[0]]}},"arcs":[[[499999,285608],[-4002,-285608],[-93135,4052],[-99369,4240],[-74586,3126],[257,266],[-7605,275],[-3056,-114],[-4061,247],[-10813,232],[-7400,347],[-2292,-68],[-52431,-128],[-41594,-1651],[-38560,-1968],[-5,237],[-56779,-2332],[-4568,-248],[6421,8255],[119935,162401],[199,681],[3506,4510],[7951,10944],[7877,9235],[24679,34704],[668,-4267],[107307,16282],[-724,131405],[1625,1530],[5618,6654],[4306,5691],[2998,4408],[4583,5462],[6579,10032],[1754,1577],[4330,6009],[1216,1317],[2359,1679],[886,1079],[40856,54859],[3938,5344],[4057,6077],[5878,7618],[7936,-10488],[8464,-10769],[11348,-14802],[30254,-40624],[29098,-38949],[32324,-42222],[11723,1095],[-251,-42133],[301,-15499]]],"transform":{"scale":[4.2252005304003213e-7,2.2617392234789354e-7],"translate":[-71.3698341349999,45.45825941000004]}}