{"type":"Topology","objects":{"41070":{"type":"Polygon","arcs":[[0]]}},"arcs":[[[499999,161649],[-5429,-7024],[-5481,-8321],[-2417,-3430],[-138,-517],[-82673,-123503],[-4428,-6276],[-38748,-2335],[-48908,-3252],[-4784,-860],[-4921,-156],[-18034,-701],[-6462,-377],[-9885,-285],[-2396,-135],[-3486,26],[-4289,-432],[-5106,-287],[-6570,-170],[-13759,-615],[-11782,-314],[-648,499],[-45893,-1570],[-55494,-1384],[-6945,-230],[-1016,2143],[-1187,1791],[-12510,16675],[-4146,5378],[-10889,14408],[-11259,15164],[-7782,10292],[-9288,12188],[-3593,4797],[-1319,1237],[-22648,29082],[-11643,14498],[-10587,17631],[-3372,4268],[649,1397],[511,2583],[485,4316],[277,3915],[-162,3661],[-1844,9795],[1439,14733],[-873,10416],[2115,2722],[2570,1062],[3571,-19],[9186,1635],[6562,5042],[2948,21010],[10759,15756],[6010,1813],[1085,5234],[1189,6817],[5793,2244],[2894,2704],[1632,4760],[3440,2311],[3197,1242],[3004,2387],[7146,10564],[4115,8453],[566,4875],[-43,2677],[826,15895],[10872,-13593],[14244,20650],[11886,-16935],[3509,5155],[46822,71013],[27216,37008],[26685,39349],[25413,37799],[94332,-121327],[62385,-84787],[67819,-92329],[29685,-39906]]],"transform":{"scale":[6.129513099025678e-7,2.974138628277538e-7],"translate":[-71.61466797299992,45.45599167500006]}}