{"type":"Topology","objects":{"41080":{"type":"Polygon","arcs":[[0]]}},"arcs":[[[111492,0],[-111492,122885],[5574,508],[10736,3935],[49643,23194],[22592,10902],[-41847,56520],[125526,148589],[72936,92328],[118695,-139832],[69882,91277],[13013,21768],[16725,21978],[13978,15038],[9432,15122],[4362,8219],[6441,7568],[2311,-403473],[-342309,-49990],[-2130,13101],[-44068,-59637]]],"transform":{"scale":[1.324512529024654e-7,7.366229932458158e-8],"translate":[-71.31836931499993,45.507524688000046]}}