{"type":"Topology","objects":{"41085":{"type":"Polygon","arcs":[[0]]}},"arcs":[[[303144,489810],[92062,-76997],[54361,-45556],[4400,-3336],[2129,-1800],[4758,-3801],[9007,-7854],[11805,-9788],[11877,-9684],[-42817,-40923],[-9046,-8782],[20013,-15290],[38305,-30519],[-35118,-35899],[-13258,-13161],[28906,-25550],[-4773,-4120],[-3295,-3285],[-3199,-2890],[-33179,-29670],[-718,-583],[-1916,-908],[-988,-712],[-3516,-3250],[-1424,-853],[-5344,-5425],[-3721,-2954],[-2436,-2384],[-3496,-3078],[-4563,-3598],[-1786,-1120],[-1173,-1040],[-1109,-1449],[-2401,-2663],[-3560,-2649],[-4256,-3870],[-3314,-3834],[-17790,-16079],[-30217,24631],[-18568,-16263],[-31955,-26172],[10652,-9956],[-5750,-1919],[-12639,-4086],[-2733,-692],[-1420,-91],[28385,-21645],[-8824,-8263],[-34972,28379],[-52729,43346],[-100667,82613],[-111134,86284],[3503,3142],[-2845,2320],[8300,7962],[14364,12868],[52729,45472],[847,547],[8598,7372],[473,573],[4416,3539],[1555,1529],[25473,22962],[11505,9695],[4725,3858],[42828,37180],[7004,5933],[6299,5672],[11030,9497],[823,560],[9521,7676],[57974,51719],[21255,19301],[12767,-10189]]],"transform":{"scale":[5.202814905629541e-7,4.182078544156843e-7],"translate":[-71.46401819699992,45.504068474000064]}}