{"type":"Topology","objects":{"41098":{"type":"Polygon","arcs":[[0]]}},"arcs":[[[354549,421762],[20237,-18238],[20,24],[21286,-22465],[22458,-22103],[4974,-5032],[24449,-26574],[8134,-8780],[43892,-41669],[-20438,-21203],[-55318,-56372],[-9081,-8366],[-786,-612],[-10526,-10350],[-6009,-6183],[-6683,-6467],[-40864,-40524],[-4508,-4205],[-10977,-10567],[-24305,-25028],[-1482,-1669],[-4213,-3856],[-453,-624],[-8204,-8037],[-806,-596],[-50313,-49562],[-13705,-14027],[-7918,-8677],[-20665,21230],[-8274,-8999],[-25667,25208],[8155,8720],[-10411,10423],[-45385,45335],[-3543,3338],[-4159,4256],[-2330,2250],[-7239,7278],[-7935,8102],[-12517,12390],[-2410,2481],[-7828,7869],[-2081,2254],[-3274,3139],[-21393,21785],[-46454,47316],[56716,56347],[32659,32842],[19563,18825],[3892,3837],[3027,3380],[8846,8746],[18533,19294],[33427,33704],[18500,18347],[8641,9054],[4990,5282],[5109,4919],[1162,1302],[19552,19907],[23014,23964],[15494,15874],[34252,-30686],[6820,-7701],[6254,-6287],[23690,-24188],[10408,-9375]]],"transform":{"scale":[5.452921625842376e-7,3.836851513702232e-7],"translate":[-71.58549921399991,45.60698308100007]}}