{"type":"Topology","objects":{"41117":{"type":"Polygon","arcs":[[0]]}},"arcs":[[[257032,455021],[49914,-42888],[22987,-19748],[3518,-2845],[2237,-2043],[8410,-7133],[2590,-2249],[13449,-11231],[8572,-7385],[7733,-6557],[2505,-2038],[4467,-3859],[3807,-3025],[48766,-41095],[11187,-9448],[-8763,-7905],[27578,-22850],[8890,8158],[22205,-19244],[2915,-2292],[-34283,-29666],[-32232,-27648],[-32871,-26004],[-56550,-49894],[-4239,-3624],[-14357,11899],[-17205,-14509],[-13128,9551],[-1001,-11169],[53,-1881],[-683,-3424],[-4970,-5940],[-8630,-7423],[-3628,-1677],[-3862,-872],[-4156,-1624],[-1972,-3344],[-3494,-1901],[-6997,-1576],[-1436,-4791],[-1311,-3678],[-7260,-1273],[-12993,-11071],[-3561,-14763],[-7925,-3543],[-11094,-1148],[-4314,13],[-3104,-745],[-2556,-1915],[1055,-7318],[-1738,-10351],[2229,-6883],[195,-2572],[-335,-2751],[-586,-3033],[-617,-1815],[-784,-981],[-6546,4816],[-54970,39540],[-3915,2634],[-2185,1750],[-29031,20859],[43,40],[73791,87168],[-101413,68152],[-75433,50870],[45649,39761],[-31965,25488],[692,658],[64269,54876],[862,620],[4647,3979],[4348,3928],[1127,903],[3015,3105],[3132,2661],[2116,1525],[1849,1860],[3940,3365],[2039,1524],[1562,809],[1429,1613],[2338,1682],[2885,2655],[3804,2912],[3275,2897],[1655,1047],[4871,4154],[2339,1661],[873,959],[3906,3001],[876,896],[1729,1048],[2253,1933],[3855,2979],[2184,1102],[1074,1667],[874,939],[15375,13473],[37044,32490],[648,-408],[27967,-21958],[19700,-15457],[8796,-7155]]],"transform":{"scale":[5.074929329858938e-7,4.2328034256076253e-7],"translate":[-71.71594185799995,45.50047041600004]}}