{"type":"Topology","objects":{"42":{"type":"Polygon","arcs":[[0]]}},"arcs":[[[489538,157940],[10461,-7691],[-337,-125518],[-9658,-4067],[-112440,-4498],[-26344,9071],[-49342,-7132],[-70360,-5559],[-90872,-3768],[-126909,-8778],[-4421,130328],[-9316,220853],[1486,148817],[33663,-4285],[78635,-19270],[32977,-3699],[196176,-13788],[32922,-17153],[25960,-27341],[62864,-96090],[22993,-28029],[1768,-15719],[94,-116684]]],"transform":{"scale":[6.032769846630629e-8,1.640541442524781e-8],"translate":[-73.69306468385213,45.43975392758025]}}