{"type":"Topology","objects":{"42005":{"type":"Polygon","arcs":[[0]]}},"arcs":[[[347398,414893],[65091,-54386],[87510,-72864],[-63675,-93194],[-43366,-50176],[-29712,-34754],[-6325,-7244],[-71365,63235],[-37898,-54735],[-46720,-46243],[-24025,-29410],[-593,-599],[-7796,-10396],[-8449,-10731],[-6134,-6665],[-5022,-6316],[-18976,-202],[-30103,-137],[-12212,-76],[-34467,28600],[-7021,5844],[23715,29554],[-12157,10791],[-6334,5802],[1770,2319],[10532,13306],[8835,11361],[-10558,8971],[-3043,2432],[-7664,6397],[-2439,1931],[-4620,3965],[-16786,13940],[-10323,8909],[-1606,1712],[-995,1736],[-541,1774],[-1181,6412],[-764,2587],[-1689,2823],[-2168,2282],[-8124,6757],[17448,22600],[-1543,1232],[48704,61916],[14828,19149],[772,1172],[42448,55119],[68893,89316],[53540,69290],[40280,-33450],[7618,-6280],[1701,-1463],[22763,-18921],[29946,-24992]]],"transform":{"scale":[5.881243162486258e-7,3.959085658170973e-7],"translate":[-71.92025517699994,45.45296321900008]}}