{"type":"Topology","objects":{"42020":{"type":"Polygon","arcs":[[0]]}},"arcs":[[[398228,422877],[-6714,-11392],[-4383,-5863],[-40227,-47429],[38925,-25279],[23776,-16023],[9824,-6459],[11877,15257],[21689,-15447],[10098,-7354],[6470,-5517],[4327,-2756],[6904,-3471],[3168,-3474],[1223,-2698],[717,-2797],[1694,-10165],[1115,-2925],[3417,-4425],[3597,-2954],[3057,-3525],[1217,-3576],[-46,-3585],[-1610,-4391],[-2622,-4112],[-1764,-6118],[-2769,-4359],[-1492,-3584],[-1511,-6976],[278,-3596],[1189,-5088],[-1171,-3510],[2331,-4933],[-564,-8319],[2595,-7848],[-63666,-73538],[-57630,-76892],[-32538,-37756],[-49348,31250],[-11783,7418],[-871,444],[-23539,14520],[-12532,7891],[-11088,6666],[-9227,5737],[-23708,14522],[-13446,8368],[-14007,-16295],[-21251,-24090],[-3857,-4151],[-6267,4014],[-4197,2178],[-7862,4581],[-3363,1807],[-6723,4719],[-836,304],[-5335,3838],[-21372,-14911],[-36722,-27837],[-12215,-11064],[-1532,-1238],[-5755,-6606],[-2423,1397],[-1900,2002],[-1422,2752],[-283,1952],[-1068,1561],[-3569,-169],[-2976,1375],[-1355,2472],[-541,2012],[-2405,1394],[-1444,1973],[-80,2091],[-1846,3169],[-314,3791],[-596,1719],[433,3582],[-224,6797],[-841,2275],[-89,2836],[3488,3399],[439,2700],[-1013,2877],[-934,810],[81,1316],[2281,911],[606,1348],[-122,4827],[-1336,3115],[538,1834],[4805,4335],[2795,2916],[5356,8190],[729,3110],[1910,4559],[2767,4387],[2273,-15],[692,-1389],[177,-2575],[1897,-2037],[1422,-842],[2447,447],[2966,4143],[185,1522],[1302,2113],[1265,4091],[-201,1985],[-2679,1749],[-185,1393],[1212,5796],[-31,5069],[-3275,3988],[-579,1648],[-107,3233],[868,3340],[185,2494],[-400,1087],[-3016,3392],[-2727,638],[-1720,1476],[-3033,93],[-4320,2214],[-5142,-15],[-1681,503],[-1489,2163],[-4576,1909],[-2551,3863],[-3976,3731],[-5226,3840],[-1597,768],[39437,45541],[36644,42133],[971,1351],[73610,81806],[80810,91338],[59793,68335],[4473,-1234],[10576,-3912],[9166,-4292],[5887,-3127],[2576,-2056],[1966,-2151],[1910,-1436],[13790,-5676],[4814,-2184],[1563,-1270],[795,-1687],[776,-3361],[996,-2128],[2245,-2928],[7286,-8845],[1882,-1726],[8013,-3769],[5127,-2218],[4861,-2812],[5057,-3704],[3856,-4175],[3099,-3916],[2614,-4009],[3635,-4506]]],"transform":{"scale":[3.162111704222911e-7,2.593081806163305e-7],"translate":[-72.1432441469999,45.47045089300008]}}