{"type":"Topology","objects":{"42025":{"type":"Polygon","arcs":[[0]]}},"arcs":[[[327266,390562],[2648,-2091],[64651,-51652],[35967,-29266],[15083,-11943],[19263,259],[6745,-453],[18434,474],[9612,331],[254,-11060],[76,-14754],[-26368,-766],[-23067,6917],[-32827,-8010],[-12017,4155],[-42904,-1770],[-597,468],[-8117,439],[-45686,255],[-50927,-2219],[113,-11603],[-23260,-1175],[4794,-160934],[292,-10515],[-16823,-1842],[-34834,-3902],[-219,-8665],[-146,-11882],[-58293,-29384],[-297,-10901],[-58032,5850],[-2746,-24923],[-51067,2670],[303,11022],[912,62166],[2374,9564],[3798,21665],[2367,18984],[-14169,72594],[-12556,75760],[22517,67466],[18528,50473],[13472,19305],[1388,1399],[11067,12504],[33266,31466],[19361,16856],[4832,-4339],[758,-343],[6090,-5336],[3047,-2041],[7122,-5179],[3803,-2463],[5676,-4536],[3493,4692],[19254,27230],[12687,18420],[12182,-9460],[21477,-16414],[8357,-6487],[10045,-7534],[11354,-8919],[21323,-16413],[789,-502],[10968,-8616],[44410,-35092]]],"transform":{"scale":[3.49058592117182e-7,2.2940669481330702e-7],"translate":[-72.1502808589999,45.38085321400007]}}