{"type":"Topology","objects":{"42032":{"type":"Polygon","arcs":[[0]]}},"arcs":[[[451512,326887],[1672,-755],[5470,-3766],[4158,-3661],[2671,-3791],[4790,-1873],[1558,-2123],[1758,-494],[5382,17],[4521,-2174],[3175,-91],[1798,-1449],[2854,-626],[3157,-3327],[419,-1067],[-195,-2447],[-908,-3279],[114,-3171],[605,-1617],[3427,-3914],[33,-4973],[-1270,-5687],[194,-1367],[2805,-1716],[210,-1947],[-1323,-4016],[-1363,-2072],[-194,-1494],[-3104,-4067],[-2561,-437],[-1487,826],[-1988,1999],[-183,2526],[-726,1364],[-2377,14],[-2897,-4305],[-1998,-4473],[-764,-3052],[-5605,-8037],[-2925,-2860],[-5028,-4254],[-563,-1799],[1398,-3058],[129,-4737],[-635,-1320],[-2387,-895],[-85,-1290],[977,-796],[1059,-2824],[-457,-2648],[-3650,-3335],[92,-2784],[879,-2231],[235,-6670],[-454,-3516],[626,-1685],[329,-3721],[1931,-3109],[84,-2051],[1511,-1938],[2517,-1367],[565,-1973],[1418,-2426],[3115,-1350],[3735,165],[1118,-1530],[296,-1915],[1489,-2700],[1987,-1964],[2536,-1372],[-9538,-10266],[-21407,-43824],[-26014,-58567],[12926,-58600],[-125057,-1155],[395,72701],[-3832,735],[-49150,3987],[-52522,2487],[-13896,372],[-57909,1749],[-127845,3969],[26,7139],[-221,8793],[-73,11345],[-968,34293],[5,15191],[-214,9986],[-185,16694],[-485,13604],[-483,19666],[-2834,79287],[-518,11987],[189,7116],[28,24233],[-5140,82993],[-460,8343],[43283,-7639],[8780,-1468],[2582,-104],[13842,-3446],[16725,494],[7660,676],[10475,120],[11124,816],[22805,491],[-4372,73389],[62679,-35864],[126509,-79378],[110789,-77880],[18631,20010]]],"transform":{"scale":[3.0215472030943756e-7,2.6426800053602973e-7],"translate":[-72.27967074699988,45.42801653200007]}}