{"type":"Topology","objects":{"42040":{"type":"Polygon","arcs":[[0]]}},"arcs":[[[332809,492857],[167190,-6913],[-748,-12963],[-1252,-45932],[-859,-18121],[-410,-23182],[-1486,-29074],[-1156,-17102],[-1663,-34644],[-2923,-41932],[-11527,-82637],[-21293,-141493],[-5898,-38864],[-216447,4143],[-70724,1447],[-4321,-261],[-4282,926],[-5037,-176],[-3964,497],[-5869,-265],[-14575,581],[-4094,-92],[-57526,624],[-10838,-150],[-9945,176],[-12004,-227],[-10995,152],[-20163,-38],[14568,163874],[3422,60794],[11709,555],[7780,20995],[28034,-186],[1602,17864],[49677,463],[7588,89477],[43948,-1539],[-10594,62002],[-107,1808],[-5229,21435],[4004,37945],[128,2510],[2475,1323],[-434,3714],[-1714,1357],[422,8271],[175530,-7142]]],"transform":{"scale":[2.3104697809394833e-7,1.517300274600611e-7],"translate":[-72.3531408209999,45.375962368000046]}}