{"type":"Topology","objects":{"42045":{"type":"Polygon","arcs":[[0]]}},"arcs":[[[242687,2299],[-44631,-2299],[6342,33197],[-29005,2330],[8790,32298],[-121877,1002],[-6565,149257],[-24,5731],[25830,1646],[-465,74225],[-81082,5804],[3323,72339],[-118,4658],[23406,1826],[1952,98304],[3652,71],[105956,4402],[342915,12909],[-722,-15360],[2933,-2522],[745,-6897],[-4236,-2456],[-220,-4661],[-6855,-70466],[8952,-39808],[184,-3359],[18132,-115148],[-75222,2860],[-12986,-166172],[-85025,-859],[-2743,-33176],[-47982,343],[-13312,-38989],[-20042,-1030]]],"transform":{"scale":[1.3499282598569486e-7,8.170126340255887e-8],"translate":[-72.38174512099994,45.41097668000003]}}