{"type":"Topology","objects":{"42055":{"type":"Polygon","arcs":[[0]]}},"arcs":[[[26766,637],[-7225,-637],[-19541,459236],[499999,40763],[-1965,-453095],[-14288,-649],[-97030,-10716],[-125288,-15481],[-68925,-5720],[-55611,-4000],[-110126,-9701]]],"transform":{"scale":[7.996497592998066e-8,3.242929885860335e-8],"translate":[-72.33555082799995,45.48775202200005]}}