{"type":"Topology","objects":{"42050":{"type":"Polygon","arcs":[[0]]}},"arcs":[[[249669,495767],[3722,-156],[76751,636],[43120,677],[-1154,-53026],[-13855,-985],[70,-2511],[-1966,-39020],[47991,-3130],[274,-40039],[-15287,-888],[14,-3090],[3886,-80511],[72137,-540],[-5203,-17421],[17166,-1256],[-3752,-17909],[26415,1241],[-3467,-60900],[-14758,-164159],[-38648,196],[-48342,-401],[-79492,-938],[-8129,-316],[-17477,-170],[-22383,-1314],[-9140,-340],[-5480,247],[-19346,-884],[-20535,-1259],[-6886,-3],[-23283,-1406],[-2371,-632],[-4425,-29],[-11400,-1099],[-12338,-591],[-3653,-411],[-139761,-3430],[-8684,253],[31745,440770],[3062,34955],[1768,24020],[212588,-7849],[506,3618]]],"transform":{"scale":[2.2807416214835627e-7,1.5146614693226597e-7],"translate":[-72.46302090599994,45.37513988500007]}}