{"type":"Topology","objects":{"42065":{"type":"Polygon","arcs":[[0]]}},"arcs":[[[228748,491377],[444,-37],[79713,-71004],[34802,-30351],[59274,-50780],[30579,-26032],[9969,-9067],[51766,-45940],[4704,-122502],[-24528,-821],[-11962,-1360],[-11266,-201],[-8239,-1125],[-17984,-825],[-14888,5750],[-2776,176],[-9444,2450],[-46548,12748],[496,-13925],[5525,-138531],[-12545,1984],[-55587,9059],[-35,3587],[-1964,61633],[-70641,-3120],[-217606,-11762],[621,121112],[1095,83476],[318,27190],[61526,6325],[2064,91224],[1717,49450],[4534,-1096],[18524,1627],[8663,-717],[2297,33531],[21375,-1701],[2096,28197],[103911,-8622]]],"transform":{"scale":[2.809557619115178e-7,1.5831993263983685e-7],"translate":[-72.37866936699993,45.519277482000064]}}