{"type":"Topology","objects":{"42060":{"type":"Polygon","arcs":[[0],[1]]}},"arcs":[[[493296,425599],[-32,-39462],[-219,-11586],[602,-19522],[3296,-129109],[563,-32025],[566,-22151],[215,-27186],[249,-16261],[-6,-24739],[1126,-55840],[84,-18473],[259,-14321],[-31,-11624],[-156177,6676],[-178261,-6500],[-55081,-2215],[-39772,-669],[-67409,-592],[-3268,145],[3858,188302],[-125,12817],[-231,65735],[529,15011],[41,23682],[131,1161],[10248,174118],[91105,4509],[235434,11475],[76429,3044],[2125,-60127],[37,-3499],[60142,-8838],[13573,-1936]],[[279833,231470],[33913,1938],[17125,799],[21224,1142],[38582,3095],[29878,2142],[4400,129],[604,90540],[-153967,-8145],[6017,-91768],[2224,128]]],"transform":{"scale":[2.596794673588933e-7,1.622869045738091e-7],"translate":[-72.40607770399991,45.45020820700006]}}