{"type":"Topology","objects":{"42070":{"type":"Polygon","arcs":[[0]]}},"arcs":[[[251331,499999],[210603,-95113],[-93501,-57403],[131566,-64725],[-84301,-64495],[79732,-32018],[-67315,-47851],[-78859,31104],[-247600,-169498],[-101656,39009],[156586,122138],[-22522,9587],[107449,81141],[6041,4037],[8413,3036],[4431,3584],[540,4365],[-14013,6045],[31554,36099],[-189176,75977],[61412,42760],[-1443,3604],[2626,26481],[-18805,19554],[2649,420],[8318,-6369],[7724,509],[3340,5581],[4901,94],[-230,-6110],[6552,1285],[5317,3756],[11813,4194],[13465,1398],[5206,-2228],[16021,-2295],[33162,22347]]],"transform":{"scale":[7.335855471707107e-8,9.567358134716444e-8],"translate":[-72.15487433899993,45.54885944100005]}}