{"type":"Topology","objects":{"42078":{"type":"Polygon","arcs":[[0]]}},"arcs":[[[440507,219963],[5409,-3164],[5991,-2078],[7623,-1761],[4778,-1644],[10854,-5143],[9649,-6078],[5144,-3574],[3577,-3500],[6467,-6857],[-89078,-95338],[-4431,-3951],[-24228,-23357],[-2181,-3565],[-2767,-3269],[-7836,-4667],[-21151,-20541],[-16722,-15658],[-16155,-15818],[-92446,54679],[-75907,45204],[-29078,17730],[-36261,21591],[-69474,38950],[-12284,7273],[30438,27253],[22258,20555],[42832,30927],[36109,25673],[33880,34811],[33925,31411],[17000,16470],[9641,8125],[12323,11879],[15324,13130],[7213,5045],[5491,5711],[4108,2698],[8289,7290],[37873,35626],[48419,37968],[6415,-13639],[3465,-6632],[2622,-11831],[2158,-2171],[-2942,-13636],[-6033,-8756],[-8865,-11722],[-9159,-6878],[-12657,-3249],[-14787,-50],[-6358,-2345],[-3789,-6168],[2531,-6514],[7534,-6654],[9718,-3222],[23314,-2998],[7020,-1653],[10430,2008],[7550,-429],[5957,-1508],[3610,-5316],[9292,-3228],[3132,-2191],[-1548,-3581],[-12,-4254],[5801,-7079],[7322,-9410],[-1444,-7240],[-4024,-7357],[-11519,-7460],[-17802,-8992],[-6490,-3718],[-5415,-4176],[-2117,-3446],[-678,-4480],[1783,-4596],[3307,-5071],[8440,-3730],[12730,-2883],[7405,-1399],[4512,-3731],[3244,-7030],[1790,-4944],[6021,-9111],[3681,-3894],[2549,-4706],[4402,-6172],[1911,-10074],[726,-11865],[4279,-4785],[4608,-4727],[1764,-1343]]],"transform":{"scale":[2.3587551375100262e-7,2.2371082542172882e-7],"translate":[-72.3108393039999,45.64688203900005]}}