{"type":"Topology","objects":{"42075":{"type":"Polygon","arcs":[[0],[1]]}},"arcs":[[[282067,445508],[3184,-111],[3550,-1187],[-8963,-13017],[-11392,-15980],[2251,-1465],[29448,-23196],[5540,4783],[5231,515],[4629,2736],[490,-2860],[853,-3162],[1461,-2477],[1972,-2221],[1933,-2623],[1491,-3245],[1606,-2753],[2009,-2968],[2584,-3241],[4327,-4860],[2010,-1959],[3203,-2374],[2910,-1823],[4931,-2749],[2988,-2309],[3295,-2955],[2843,-2308],[2353,-2503],[844,-1319],[1377,-5304],[847,-2607],[1448,-2934],[3280,-3572],[1792,-1614],[3056,-2238],[4084,-2005],[9975,-5286],[3999,-2256],[4916,-2932],[3100,-2391],[5928,-5177],[2730,-2644],[5245,-6232],[2210,-2068],[2565,-1856],[2880,-1195],[2351,-640],[2720,-2963],[2555,-5331],[632,-961],[1433,-997],[1809,-232],[3401,-47],[3433,908],[3369,422],[3404,-324],[4589,-1337],[4336,-1812],[2930,-1466],[2360,-1471],[1423,-2006],[1725,-3666],[2262,-3750],[864,-1007],[5051,-4415],[1458,-709],[2361,-733],[6184,-1640],[7228,-2254],[2348,-936],[3710,-2093],[3862,-1557],[3121,-974],[-38167,-49383],[-51581,-66005],[-46984,-59116],[-619,-978],[-23390,-30447],[-25172,-32909],[-11364,-14737],[-67572,57356],[-77160,58460],[-67587,46680],[-5655,4001],[-17342,11487],[-33615,22405],[-19737,13391],[-14054,9741],[52129,66367],[55401,70437],[1491,1855],[24651,31617],[7961,9762],[10070,12806],[3733,2909],[1315,2038],[1039,2224],[11537,14561],[2110,2463],[42411,59438],[1326,-1682],[601,-1475],[1037,-4346],[1416,-3335],[164,-1522],[-697,-1532],[-435,-1749],[48,-1580],[1106,-1398],[4410,-2330],[4350,-2657],[6069,-4498],[1930,-2207],[2074,-3792],[1065,-1524],[3319,-3817],[2636,-4350],[967,-2916],[1201,-847],[2727,-1348],[2132,-2214],[1689,-1214],[2978,-1197],[3032,-1031],[2516,-435],[5857,-230],[2895,-204],[3572,197],[4342,644],[3892,99]],[[327826,244076],[-4911,-5959],[-2371,611],[-771,595],[-1994,-372],[-1750,-1119],[-787,-1002],[-970,-342],[33,1630],[-725,-26],[-494,-1489],[-1144,-135],[-1233,1699],[-391,-112],[2784,-5215],[-389,-7059],[214,-962],[-9093,-11401],[28013,-20258],[-4674,-9625],[2076,-1612],[-80,-1163],[-656,-955],[-1247,-809],[-880,-1059],[-15924,-21652],[3334,-2557],[-23186,-32565],[15052,-10401],[36664,45194],[11679,-8294],[9968,12758],[-11807,8537],[12483,17196],[-19482,17257],[13845,15306],[-31186,25360]]],"transform":{"scale":[4.95401730803498e-7,3.5882963765922615e-7],"translate":[-72.29884289499995,45.50911456500006]}}