{"type":"Topology","objects":{"42088":{"type":"Polygon","arcs":[[0]]}},"arcs":[[[231730,0],[-51497,52454],[-25362,-46495],[-20979,19686],[-50774,48823],[-83118,77036],[85900,144523],[9360,17871],[14337,34712],[7288,19101],[9259,11346],[9580,7605],[12422,14889],[18958,-25247],[15557,21884],[57272,82894],[10031,-9597],[55525,-54285],[40269,59062],[16465,23736],[33696,-34855],[16671,-16572],[-15074,-24880],[-2658,-5259],[-32058,-54853],[137198,-130228],[-81417,-130377],[-30037,-45855],[3823,-3744],[2061,-5196],[-7410,1781],[-10720,-1187],[-965,7372],[-26144,-3244],[-24261,-3519],[-26624,28017],[20763,43312],[-40291,37400],[-31366,-67160],[24207,4387],[-39887,-95338]]],"transform":{"scale":[1.480767381535232e-7,8.509555219108174e-8],"translate":[-72.03354877899994,45.55044135000008]}}