{"type":"Topology","objects":{"42095":{"type":"Polygon","arcs":[[0]]}},"arcs":[[[499998,218144],[-1157,-1612],[-22246,-26312],[-73078,-85081],[2316,-1695],[-58352,-69241],[-45321,33330],[-25771,-42457],[-18619,14456],[-30755,-39532],[-5315,5311],[-2810,6077],[-645,6339],[30,6999],[178,5897],[-719,3821],[-4305,9515],[-5079,10870],[-2093,7064],[454,7487],[-1881,4440],[946,3160],[-959,4580],[-225,3235],[1219,6278],[1203,3227],[2235,3921],[1422,5508],[2116,3701],[1299,3951],[37,3228],[-983,3217],[-2465,3172],[-2901,2660],[-2757,3983],[-899,2633],[-1367,9148],[-580,2517],[-986,2427],[-2556,3130],[-5569,3123],[-3490,2481],[-5219,4964],[-6190,5029],[15067,28160],[-9143,-1296],[11848,19835],[15220,-11046],[-7842,-12792],[10058,-8275],[9164,1038],[9876,959],[365,-2177],[4050,351],[2800,-527],[-780,1535],[-1444,1106],[11348,13543],[30758,38507],[-51830,38464],[12110,16200],[1004,1554],[5695,7348],[-6299,4896],[-12728,10294],[-6221,-7011],[-15211,-17443],[-20977,16032],[-3789,2834],[-21636,-24482],[-5877,-6464],[-7162,7456],[-4693,-4396],[-3619,-2246],[-3497,-3352],[-2754,-5642],[-2933,4056],[-2108,3609],[-2498,3523],[-3112,3759],[-4080,3333],[-3921,2531],[-4135,1997],[-6465,3391],[-1518,1554],[-5878,7961],[-1812,2634],[-803,1915],[-627,3024],[-640,1520],[-1261,1144],[-3883,1966],[-11124,5107],[-1541,1292],[-1588,1935],[-2077,1851],[-4750,2816],[-7394,3862],[-8532,3521],[-7552,2324],[-4880,1941],[-4690,2606],[-2968,1164],[-9135,2808],[-7814,2042],[-2984,914],[-1844,882],[-6383,5500],[-1092,1253],[5489,7765],[5157,6536],[11340,14974],[11040,13921],[7563,10294],[10396,12413],[3407,5192],[15200,18959],[6073,8065],[10382,13630],[23391,29914],[2227,2545],[30223,-22538],[16876,-12161],[9862,-7255],[10466,-7885],[19405,-14053],[7663,-5975],[4766,-3018],[15616,-11035],[13605,-9859],[17789,-13148],[15269,-11487],[21047,-15442],[6574,-5018],[519,-1606],[2406,-445],[4180,-3197],[7269,-5243],[3685,-3119],[2079,-1303],[5960,-4415],[12049,-8763],[12359,-8776],[6064,-4200],[18206,-13332],[16828,-12039],[86520,-61718],[21048,-14825]]],"transform":{"scale":[3.91974179948272e-7,2.8811399622793757e-7],"translate":[-72.0690695479999,45.50345175600006]}}