{"type":"Topology","objects":{"42098":{"type":"Polygon","arcs":[[0]]}},"arcs":[[[223075,0],[-9048,13668],[-6264,14052],[-3659,17942],[-2106,16234],[-19846,-15532],[-22438,-2912],[-23764,-27147],[-126300,131627],[-9650,8304],[48859,90683],[38437,73857],[-15220,6740],[-13657,626],[5718,9494],[91768,162362],[241750,-238245],[-39497,-63179],[120481,-5462],[4632,-9181],[8403,-9015],[-5199,924],[1244,-5315],[8956,-9791],[3324,1561],[-54582,-91212],[-23954,25086],[-3815,-7322],[-46739,49488],[-34271,-56341],[-16557,56923],[-97006,-138917]]],"transform":{"scale":[1.1550641501279896e-7,6.323738447472723e-8],"translate":[-72.16585370199994,45.64822519900008]}}