{"type":"Topology","objects":{"42100":{"type":"Polygon","arcs":[[0]]}},"arcs":[[[213220,470991],[5191,-3088],[7543,-6106],[6001,-5051],[8620,-6852],[5881,-4936],[11786,-9749],[6457,-5186],[12090,-10313],[9371,-8183],[18742,-15585],[15872,-13100],[9806,-8000],[27044,-22478],[1185,-1016],[-53017,-73179],[65410,-53225],[70543,-57475],[58254,-47522],[-90466,-119947],[-18248,14337],[-75007,59679],[-14590,11641],[-15784,12889],[-5256,4062],[-10715,8488],[-10446,8472],[-5166,4270],[-1802,1258],[-3197,3018],[-6300,5069],[-3625,3091],[-2084,432],[-451,1553],[-5699,4851],[-18248,14931],[-13236,11110],[-15421,12712],[-11795,9532],[-13540,10672],[-4131,2917],[-1378,1305],[-5265,4472],[-16823,13589],[-9072,7624],[-8551,7017],[-14629,11760],[-26202,21791],[-1930,-2461],[-20280,-28924],[-41178,32038],[-5695,4361],[-3789,2774],[28576,40491],[-13578,10963],[21784,32699],[63384,78342],[29685,38027],[19601,-15405],[25457,34552],[10525,-8251],[2951,-2069],[12124,-9491],[10040,-7608],[2671,-1589]]],"transform":{"scale":[4.521381322763478e-7,2.979583179166141e-7],"translate":[-72.05824789099995,45.56630186400008]}}