{"type":"Topology","objects":{"42110":{"type":"Polygon","arcs":[[0]]}},"arcs":[[[499999,296581],[-73829,-74982],[-25390,-31316],[15825,-10500],[-33307,-38780],[4415,-2654],[6641,-4178],[47993,-30684],[-10489,-12622],[-6138,-7469],[-15358,-17559],[-3442,-4807],[-10505,-11495],[-7641,-9533],[-11155,-12893],[-11458,-13866],[-5213,-6053],[-5546,-7190],[-2887,4324],[-2206,4227],[-1815,2315],[-3014,1697],[-3744,1691],[-5536,2088],[-5859,1543],[-4349,375],[-4301,-487],[-4384,-1048],[-4346,55],[-2307,268],[-1830,1150],[-808,1109],[-3264,6149],[-3474,3416],[-3003,739],[-3676,1378],[-3276,2140],[-2822,2386],[-6697,7187],[-3488,3048],[-7569,5974],[-3960,2756],[-6276,3381],[-5109,2603],[-12738,6095],[-5215,2313],[-3904,2582],[-2288,1862],[-4188,4120],[-1850,3384],[-1080,3008],[-1760,6116],[-1078,1523],[-3004,2885],[-3633,2664],[-4208,3408],[-3815,2660],[-6296,3172],[-3715,2104],[-4090,2738],[-2570,2259],[-5525,5607],[-3300,3736],[-2565,3424],[-2051,3174],[-1904,3743],[-2294,2809],[28885,28238],[4930,-11572],[10204,11453],[13916,-10060],[1136,1488],[7133,-5099],[16251,18540],[-988,-317],[-2668,1990],[-370,1081],[1548,-188],[-2502,1833],[-1379,1866],[-35873,1110],[11759,12841],[-71982,48427],[-27324,-33002],[-1702,-1930],[-4972,-113],[-5545,-744],[-4563,-227],[-3696,237],[-7479,265],[-3213,501],[-3874,1190],[-3802,1380],[-2156,1400],[-2724,2554],[-3482,1555],[-1534,977],[-1234,3364],[-3366,5015],[-4239,4402],[-1360,1759],[-2647,4373],[-2468,2546],[-7749,5188],[-5554,3063],[-5632,2687],[-1413,1616],[-62,1820],[556,2018],[890,1767],[-209,1756],[-1810,3846],[-1323,5011],[-767,1703],[-5625,6871],[-2176,2517],[-3126,2570],[-5868,4370],[-6600,3697],[-2906,1183],[-4634,1266],[-3643,1495],[-3300,2285],[41075,45879],[56157,61776],[47065,51601],[1384,2241],[2124,1671],[26471,28916],[16967,18202],[151003,-99355],[85411,-56307],[72342,-47755]]],"transform":{"scale":[3.879248478497282e-7,3.11111936223945e-7],"translate":[-72.20693890799993,45.60596038600005]}}