{"type":"Topology","objects":{"43":{"type":"Polygon","arcs":[[0]]}},"arcs":[[[420106,202105],[6363,-6180],[8234,-1236],[44947,-791],[2290,-1833],[-1392,-30131],[8573,-44016],[4068,-25976],[4829,-26318],[179,-5476],[-7609,1780],[5860,-34809],[-1925,-111],[1810,-9596],[3666,-338],[-2856,-9033],[-11441,94],[-8555,-5260],[-7216,647],[-17919,-3522],[11291,3622],[-10954,9059],[-15227,4788],[-16384,2056],[-28105,7941],[-20089,2596],[-14232,418],[-4887,2946],[-15206,-22],[-9564,2608],[-8968,206],[-7595,-1759],[-10918,203],[-6425,-1977],[-27331,8706],[-26741,7177],[-15001,-1772],[-16572,522],[-35312,5525],[-6642,2940],[-7442,6986],[-16377,522],[-11517,3152],[-10920,749],[-11714,3044],[-12871,1073],[-22046,3573],[-13653,856],[-428,8197],[9555,-750],[-1184,3168],[12276,1221],[-40850,102141],[-4358,12031],[23528,-573],[-16837,42653],[-15763,42358],[-26549,64278],[72654,41950],[42038,25692],[69162,40498],[17059,10793],[51693,30604],[35877,-18765],[13588,-6073],[85666,-45731],[45017,-24739],[5634,-8137],[3242,-9734],[642,-8725],[-1799,-7950],[-16388,-47805],[-4481,-23424],[-582,-40950],[1084,-55861]]],"transform":{"scale":[6.556467404680504e-8,8.23134958828528e-8],"translate":[-73.72457171506032,45.43218580108016]}}