{"type":"Topology","objects":{"44005":{"type":"Polygon","arcs":[[0]]}},"arcs":[[[326768,884],[-3183,64901],[-36042,-704],[-11018,-94],[-2739,85959],[-143789,-3572],[-127,83957],[-64,6538],[14197,124],[-2491,93482],[-141512,-6914],[5327,171835],[150700,1265],[136440,1018],[207532,1319],[-625,-4050],[-1639,-5409],[-2826,-4227],[-2207,-6901],[697,-499],[2386,2511],[125,-2037],[-1907,-2563],[-894,-4205],[-2007,-6307],[497,-1152],[-844,-4556],[-479,-9473],[-2366,-5556],[-2024,-3548],[-1508,-1588],[-6795,-3158],[-960,-3092],[879,-2858],[-1347,-1721],[-3093,675],[-1477,-1117],[-4895,-9479],[-553,-6012],[37,-7572],[-842,-2676],[-1872,-664],[289,-5331],[-760,-3484],[-1575,-1486],[-619,-5015],[-149,-4632],[-2977,-341],[-1969,711],[-3215,-6791],[10033,-15949],[5957,-6197],[5959,-9680],[4124,-8151],[3767,-6129],[5654,-19295],[1427,-5294],[1223,-1952],[714,-6827],[-609,-10869],[-6965,-18187],[-861,-9128],[-4016,-8851],[-6864,-12893],[-9663,-6973],[-3966,-5856],[-4221,-2720],[-5034,-3974],[-2846,-5437],[-2489,-8154],[-964,-6061],[-2643,-3904],[-7375,-1052],[-4579,694],[-3528,1268],[-4298,-4438],[-3618,-5345],[-3107,-5790],[-4363,-3947],[-89,-7377],[6364,-4381],[-2017,-7028],[-3106,-7061],[-1018,-6743],[2221,-5211],[-1400,-4429],[-2243,-3205],[-636,-2315],[-2607,-4160],[-3368,-2782],[-3853,-1986],[-4340,-1526],[-1525,-2706],[-1068,-4037],[-228,-3238],[-1006,-1040],[-4403,-2473],[-1886,-1899],[-2287,-5085],[-2009,-9889],[3,-3992],[1207,-4118],[1977,-2266],[-699,-1320],[-2660,182],[-3955,-1340],[-2312,-3970],[-2265,-6083],[-1726,-1365],[-3970,2418],[-2396,-713],[-1659,-5034],[-2765,-6691],[-379,-6064],[-1623,-9871],[-1812,-7122],[-2163,-4846],[64,-8629],[-517,-3779],[-1636,-3414],[-2215,-2558],[-1879,-4071],[-2445,-1865],[-2521,-222],[-2414,602],[-2517,1480],[-3313,-1312],[-5472,114]]],"transform":{"scale":[2.9657647915298613e-7,1.5332226464452156e-7],"translate":[-71.57182370899994,45.083550899000045]}}