{"type":"Topology","objects":{"44015":{"type":"Polygon","arcs":[[0]]}},"arcs":[[[490053,412642],[156,-49898],[-20393,-29],[-2478,-54],[2350,-87051],[-4706,89],[-64531,-2367],[1658,-45337],[6467,-48725],[1007,-41333],[45462,1364],[145,-78],[-1280,-21645],[-75,-4788],[571,-5531],[-43,-2789],[389,-2930],[-266,-4885],[-656,-957],[479,-1350],[-11,-2576],[447,-1535],[-480,-9103],[-196,-22851],[-365,-2403],[406,-1444],[-371,-5928],[1803,-96],[43579,406],[878,-42960],[-147050,-698],[-37014,167],[-80235,-1165],[-165517,-4162],[-1540,25816],[-2888,44728],[4453,83194],[2774,27537],[-68609,-499],[-223,133641],[-4150,93500],[135837,1216],[-245,10215],[-101,14328],[98,3913],[-2184,61294],[9991,-13],[24261,121],[1852,138],[12761,56],[5996,-56],[6029,124],[28545,7],[1898,-74],[17676,-1],[6887,-66],[12254,191],[5191,-231],[4638,120],[9482,-153],[7070,179],[25798,20],[6765,80],[1053,-185],[27551,636],[11606,-71],[27074,15],[59869,278],[-4803,-88684],[47204,1328]]],"transform":{"scale":[3.289534499068669e-7,2.970757421514606e-7],"translate":[-71.71750031099991,45.01112194600006]}}