{"type":"Topology","objects":{"44023":{"type":"Polygon","arcs":[[0]]}},"arcs":[[[495625,3438],[-129504,1215],[-140099,-1149],[-185901,-3310],[-40121,-194],[565,8141],[-68,5632],[368,12392],[1948,120631],[584,14053],[4415,234589],[1092,45105],[-153,3582],[540,8420],[-377,1254],[-253,7094],[301,12366],[-89,21304],[122595,945],[260753,4491],[233,-5285],[351,-208815],[107194,781],[-4335,-43025],[-6957,-129991],[4511,-69885],[2407,-40341]]],"transform":{"scale":[2.1054312908630633e-7,1.9012925225854964e-7],"translate":[-71.79876395799994,45.01046807700004]}}