{"type":"Topology","objects":{"44037":{"type":"Polygon","arcs":[[0]]}},"arcs":[[[25821,499774],[11653,-193],[2431,-250],[6202,89],[1742,-396],[3050,-252],[3532,888],[2624,-94],[2048,-452],[90722,-612],[12427,-54],[7430,-90],[19903,129],[69517,-844],[44531,-24],[1796,-676],[13942,39],[25738,-158],[6943,104],[3342,-129],[4963,171],[13149,91],[3144,-138],[6100,186],[9596,-144],[6595,178],[12558,34],[6401,80],[10456,5],[8185,-55],[12590,-294],[37024,292],[12289,153],[1396,-59633],[-62,-3805],[65,-13885],[156,-9994],[-86820,-1183],[2557,-87674],[-106669,-2796],[-50149,-588],[36,-13265],[-123,-7699],[104,-4419],[153,-779],[-221,-5244],[62,-2230],[-445,-28084],[-1806,-146067],[-239,-8751],[-797,-75110],[-151,-7716],[27,-3506],[-228,-4904],[-117576,-5510],[-106703,-4516],[-31011,1253],[251,122026],[602,28690],[261,11180],[728,27344],[2355,49046],[224,7015],[-385,253445],[4977,-172],[2617,-652],[2359,454],[3599,304],[1168,-215],[7065,56]]],"transform":{"scale":[5.146784513568797e-7,3.053554607108935e-7],"translate":[-71.9301551179999,45.007457120000076]}}