{"type":"Topology","objects":{"44045":{"type":"Polygon","arcs":[[0]]}},"arcs":[[[498734,499450],[1265,-252653],[-737,-6993],[-7722,-48893],[-2385,-27259],[-856,-11146],[-1973,-28600],[-821,-121741],[-11564,320],[-54642,579],[-66222,451],[-11834,202],[-36050,-622],[-44596,-412],[-49684,-610],[-36429,-134],[-130963,-859],[40,-791],[-43561,-289],[4945,58614],[2754,119455],[1886,22408],[2157,23045],[3609,146615],[2739,48981],[-242,5390],[410,12436],[675,62759],[12339,-424],[12355,415],[-64,249],[60152,-596],[80647,517],[99881,-362],[91262,497],[75414,-330],[11600,-141],[36215,-78]]],"transform":{"scale":[1.5703727607455865e-7,3.063112586224462e-7],"translate":[-72.00639754499991,45.00714724900007]}}