{"type":"Topology","objects":{"44055":{"type":"Polygon","arcs":[[0]]}},"arcs":[[[490885,446734],[2779,-85274],[-129,-1870],[558,-24796],[552,-16993],[3054,-127038],[458,-22070],[326,-9335],[304,-21059],[339,-56761],[616,-48751],[257,-30530],[-33685,-1065],[-1286,310],[-8730,-135],[-31081,-30],[-8644,-301],[-11593,254],[-5669,-197],[-6349,385],[-14981,-321],[-8420,111],[-21610,3],[-2320,122],[-34898,-12],[-7372,-208],[-7333,96],[-15601,-95],[-2262,-232],[-29663,-201],[-13979,25],[-22621,-273],[-69944,-493],[-24084,504],[-15657,96],[-20001,-12],[-12244,-137],[-23965,-56],[-12670,-305],[-18356,247],[-8646,-263],[39,3244],[-630,31883],[-195,18125],[117,14235],[-152,21265],[-212,11135],[-828,2249],[716,14764],[-2946,260211],[-836,38308],[-736,52999],[-672,18684],[110697,4865],[152009,2573],[10186,403],[1354,-613],[7045,-69],[39145,1173],[60691,2055],[108022,2436],[1736,-53265]]],"transform":{"scale":[2.6906132812268214e-7,1.7773886147770594e-7],"translate":[-71.73719211199995,45.159192373000046]}}