{"type":"Topology","objects":{"44050":{"type":"Polygon","arcs":[[0]]}},"arcs":[[[174220,499880],[13928,-6],[509,-169],[24259,-58],[27134,-560],[6000,52],[67000,-170],[148347,-1186],[26886,-186],[11716,-16],[-561,-62256],[-340,-12336],[201,-5346],[-2275,-48588],[-2996,-145438],[-1789,-22860],[-1567,-22227],[-2286,-118497],[-4154,-58841],[-179002,-1192],[-3366,52683],[-190405,230],[719,33460],[-103790,1872],[-3655,171579],[1011,15],[-1872,56288],[-1040,20261],[-1537,96780],[-1295,66830],[80440,-80],[93780,-38]]],"transform":{"scale":[1.891622703245562e-7,3.0879089958181733e-7],"translate":[-72.09800531199994,45.006563603000075]}}