{"type":"Topology","objects":{"44060":{"type":"Polygon","arcs":[[0]]}},"arcs":[[[498343,13601],[-39469,-1406],[-54620,-1716],[-9828,100],[-1889,896],[-14212,-589],[-212094,-3767],[-154454,-7119],[-275,7985],[-991,10837],[-118,21396],[-666,6868],[-9727,441512],[43947,1063],[17463,-5],[103430,3096],[7573,-394],[309510,7372],[8823,269],[1382,-32750],[3993,-169166],[-143,-45322],[2196,-74381],[500,-51059],[372,-19484],[953,-28061],[-1656,-66175]]],"transform":{"scale":[1.9283786767569432e-7,1.214233548466977e-7],"translate":[-71.73946337899991,45.24578263900008]}}