{"type":"Topology","objects":{"44071":{"type":"Polygon","arcs":[[0]]}},"arcs":[[[281790,498810],[187720,-3313],[19645,843],[5102,-182311],[349,-2837],[63,-8834],[519,-4476],[637,-14590],[539,-32035],[612,-23155],[2155,-157281],[-523,-8923],[606,-1360],[155,-6729],[112,-12853],[-86,-8548],[143,-11012],[460,-19273],[-28,-1959],[-6615,108],[-18407,-95],[-6949,-177],[-4678,135],[-9720,-110],[-36033,165],[-19517,-41],[-2516,703],[-62339,24],[-97321,876],[-27862,-132],[-10402,94],[-17396,55],[-127006,636],[-2868,469],[-3673,96],[-4945,-922],[-4269,263],[-2439,411],[-8683,-92],[-3402,258],[-16316,201],[-44,9772],[-877,34967],[-109,14538],[305,28938],[-119,20720],[-211,17014],[-569,18961],[-280,3480],[-101,4987],[-1322,12019],[-225,4615],[-421,23834],[-132,15065],[-535,12219],[-211,11075],[-503,16213],[901,12201],[-368,1280],[-383,12753],[-284,17898],[206,1087],[-1300,48038],[-32,13012],[68,20385],[50294,-54],[314,-14920],[-144,-3301],[106155,-4456],[-25,30388],[377,10731],[2645,-1186],[806,-2249],[11401,-694],[9806,-492],[8100,-250],[-501,17859],[18653,-320],[-1753,90687],[22297,96],[41994,-1046],[11303,-143]]],"transform":{"scale":[3.6764212928420493e-7,2.940573521146514e-7],"translate":[-71.91929757899992,45.15915738000006]}}