{"type":"Topology","objects":{"44080":{"type":"Polygon","arcs":[[0]]}},"arcs":[[[497882,312535],[338,-14822],[1778,-54030],[-19849,243],[-73743,1776],[-39155,-163],[3080,-154127],[-32756,545],[882,-30352],[-14227,426],[-17220,835],[-20021,1178],[-1414,3823],[-4643,2016],[-663,-18236],[43,-51647],[-186411,7575],[253,5608],[-552,25359],[-88319,91],[-4414,83787],[-869,94027],[4071,8886],[193,5879],[-2103,3358],[-419,3763],[-1416,1887],[2003,2849],[4552,-772],[12850,-10471],[9596,-915],[1164,-1466],[-168,-2458],[1979,-494],[3928,1788],[3097,7221],[3952,5417],[1754,4462],[2067,3264],[3822,4690],[3344,1744],[3591,220],[4733,-3797],[2155,-215],[6872,3183],[5860,6010],[-792,8108],[1096,2493],[4188,2784],[5911,652],[2204,-865],[3085,-4035],[2167,-1746],[5830,-343],[1822,1656],[425,2682],[-565,2828],[-1882,2303],[-4603,3567],[1076,4791],[5034,3439],[2417,5181],[3675,4962],[10109,14628],[8876,10008],[3400,5803],[1835,5216],[2658,3461],[7502,5809],[2014,771],[12557,-867],[4294,1099],[6277,5132],[2258,3190],[1223,3605],[-31,3445],[-1056,2711],[-1813,7374],[-119,3214],[1638,4889],[5094,2024],[1213,4754],[-1336,3933],[-295,3136],[1614,5024],[6375,4213],[3934,1326],[9174,-2926],[8954,-3503],[2478,-1323],[2462,591],[3988,5382],[6987,3662],[7033,5937],[2930,3388],[1181,3489],[34,11443],[2224,9946],[2140,6788],[7952,8739],[6193,4899],[1227,3223],[-1014,3207],[-6817,5201],[-3361,4879],[385,2183],[2978,3120],[4678,3665],[6119,3138],[13660,7664],[4036,4371],[7078,-90],[3305,-3290],[6012,-2940],[10568,-480],[2935,701],[-563,-2537],[-3202,-5553],[508,-3039],[1793,-3284],[408,-2320],[-270,-7918],[187,-4996],[2237,-4941],[2725,-2878],[5537,-4128],[5049,-1813],[14425,-1958],[6255,-1756],[7274,-4607],[4063,-643],[4953,842],[5271,-1949],[3596,-6547],[2525,-7013],[5057,259],[3093,1290],[2709,3270],[2960,5627],[2828,4000],[3707,3963],[2873,1142],[5052,-501],[6541,-2027],[3239,-1732],[2464,-2698],[533,-2437],[-1641,-2595],[974,-2558],[2363,-2114],[2920,90],[3090,1499],[6738,-5341],[533,-2437],[-617,-2255],[1111,-7730],[-736,-2571],[-465,-6112],[1358,-6342],[3893,-4273],[10816,-8278],[2444,-3177],[1585,-4254],[951,-6022],[-232,-4651],[1078,-3559],[3459,-4984],[2255,-5483],[7082,-15494],[1201,-3663],[-996,-8461],[4275,-6251],[6815,-3214],[4098,255],[1620,-747],[-229,-4919],[2250,-3678],[3507,-283],[6443,3894],[3627,1625],[3254,2353],[2922,1269],[2307,-1406],[1697,-2615]]],"transform":{"scale":[2.0935836471665564e-7,1.730215480431824e-7],"translate":[-71.92037856599988,45.263673984000036]}}