{"type":"Topology","objects":{"45008":{"type":"Polygon","arcs":[[0]]}},"arcs":[[[290144,499768],[73374,-10249],[-507,-183249],[134607,-1263],[2381,-288528],[-2915,-777],[-37029,-2777],[-585,-379],[-28144,-1980],[-35482,-3181],[-39497,-3904],[-72911,-3466],[-17990,52],[-2909,653],[-11391,-704],[-26844,265],[-77781,3322],[-18888,685],[-7567,-92],[-112988,-273],[-6673,-210],[658,84478],[-1063,85086],[622,113239],[25330,3665],[53451,5405],[30401,-1139],[36137,-677],[36744,-3850],[32142,-2988],[5841,-2725],[-60,30178],[1285,174852],[26146,4018],[17824,2317],[24281,4196]]],"transform":{"scale":[2.6757192914375967e-7,5.638340476677359e-8],"translate":[-72.1740529029999,45.00563441500009]}}