{"type":"Topology","objects":{"45020":{"type":"Polygon","arcs":[[0]]}},"arcs":[[[499998,177038],[-21229,-1441],[-15583,-798],[-22860,-1380],[-1123,-60095],[52,-10373],[-5106,936],[-28101,1028],[-32126,1323],[-31595,233],[-26580,391],[-46734,-1859],[-22145,-1259],[-544,-38920],[930,-29243],[-576,-29035],[-47524,-595],[-73424,-2818],[-87486,-3133],[-6293,14492],[-11145,24850],[-12017,29134],[-7156,17710],[-1633,29233],[160,9447],[2126,16735],[1866,7750],[17917,50660],[1869,4249],[9716,20116],[6144,10563],[16136,54636],[16037,48941],[1806,10997],[958,3095],[4554,17114],[6127,19251],[4029,12299],[8257,20173],[9653,18047],[8171,12790],[15388,39145],[10526,598],[51363,2223],[8306,-311],[36859,-814],[35193,1005],[19672,476],[11485,461],[26731,651],[52995,1430],[54650,1101],[10952,315],[24720,399],[23374,1037],[2258,-322960]]],"transform":{"scale":[3.060380700761318e-7,1.6405131210265193e-7],"translate":[-72.24943736099993,45.00476966900004]}}