{"type":"Topology","objects":{"45025":{"type":"Polygon","arcs":[[0]]}},"arcs":[[[484288,496595],[12778,-82],[661,-78843],[786,-114178],[530,-23903],[956,-66406],[-19825,-666],[-20419,-250],[-9048,-197],[-45144,-691],[-43778,-895],[-22080,-409],[-9490,-289],[-16250,-298],[-29070,-631],[-30448,511],[-6862,196],[-42430,-1394],[-8694,-375],[-12712,-24534],[-6751,-8017],[-7973,-11311],[-6821,-12644],[-3326,-7709],[-5063,-12066],[-3762,-10727],[-792,-1939],[-1491,-6893],[-13249,-30673],[-13328,-34245],[-5077,-6622],[-8025,-12606],[-1544,-2663],[-11721,-25146],[-5289,10272],[-10806,17377],[-8131,10379],[-12983,14386],[-14263,18070],[-16138,28902],[-13691,34059],[-6643,26689],[-2935,16498],[-3947,27468],[936,48027],[2325,18919],[3261,27015],[4028,20423],[33,24566],[3626,23012],[5643,24211],[9282,24078],[7107,12072],[17425,23943],[14657,19086],[21594,30547],[43568,-586],[87296,-972],[94523,-1104],[59409,-93],[109575,-649]]],"transform":{"scale":[3.704765389531074e-7,2.617421874843169e-7],"translate":[-72.28215675299992,45.031000170000084]}}