{"type":"Topology","objects":{"45035":{"type":"Polygon","arcs":[[0]]}},"arcs":[[[499999,0],[-81497,1539],[-149181,902],[-13359,-272],[-60417,2945],[-54016,307],[-1132,888],[-31014,35],[6105,78547],[-1208,26103],[-8532,22737],[-19263,20492],[-60331,51389],[-15270,17245],[-8294,17515],[-2590,31699],[5280,36816],[8534,41690],[5999,587],[26048,6502],[12238,11372],[16911,13440],[1610,-12146],[14145,269],[-761,-18725],[8812,-9239],[-7841,-1396],[-6618,-4977],[-9405,966],[-2094,-8371],[836,-6022],[12125,-17195],[2859,-8093],[-2413,-4671],[-11861,-4935],[1111,-2498],[8289,1380],[11525,-25621],[12000,-12275],[11395,-7586],[1106,31106],[15576,13980],[8272,14476],[17255,33183],[7977,25409],[16666,17445],[38177,18629],[18797,10367],[22311,33425],[22304,15582],[61728,22324],[75548,22730],[19956,-66301],[10302,-17147],[12003,-9663],[10280,-4737],[10404,-7460],[4129,-9744],[4999,-61060],[3485,-323887]]],"transform":{"scale":[8.495520991037418e-8,5.860360920719313e-8],"translate":[-72.07434208199993,45.16055037700005]}}