{"type":"Topology","objects":{"45030":{"type":"Polygon","arcs":[[0]]}},"arcs":[[[165052,494678],[4267,-123],[24697,-1682],[50441,-2185],[3676,-207],[51863,-2140],[57656,-2028],[19764,-141],[13962,-924],[25248,-6560],[20117,-4854],[14224,-2510],[-13445,-20990],[-5307,-10258],[-6932,-20461],[-4214,-20577],[-2707,-19553],[-24,-20876],[-3009,-17357],[-2434,-22958],[-1736,-16076],[-699,-40813],[2948,-23342],[2191,-14020],[4960,-22682],[10224,-28942],[12050,-24562],[10652,-15355],[9693,-12225],[6073,-8820],[8068,-14768],[3948,-8729],[-2298,-5615],[-1152,-4128],[-1311,-8913],[-98,-5031],[1007,-15571],[4415,-9433],[7413,-15518],[6873,-13234],[3883,-7719],[-35557,-1119],[-6328,-48],[-34126,-641],[-78822,-990],[-36551,3509],[-59727,3317],[-10548,539],[-14692,627],[-5241,-63],[-51417,1514],[-18641,1091],[-68484,3266],[-41941,1510],[-37924,601],[1977,88175],[306,5204],[0,4735],[-391,14443],[23,2559],[568,19305],[6475,206692],[155,7280],[3020,135695],[30185,-1064],[56384,-1927],[45480,-1733],[20870,-597]]],"transform":{"scale":[4.961376522752383e-7,3.080046960094381e-7],"translate":[-72.48580125899991,45.00390801800006]}}