{"type":"Topology","objects":{"45043":{"type":"Polygon","arcs":[[0]]}},"arcs":[[[492121,499984],[578,-23101],[557,-2325],[-1364,-22160],[761,-29452],[321,-20117],[808,-22192],[202,-27369],[637,-43291],[338,-8383],[2004,-21831],[151,-9058],[426,-6321],[860,-34442],[319,-30904],[183,-37637],[-464,-52563],[166,-26406],[1325,-63516],[69,-17748],[-14970,-106],[-2477,405],[-7630,-572],[-5001,-858],[-5544,1231],[-11276,346],[-22692,126],[-7502,267],[-48768,621],[-59017,-937],[-64592,684],[-52152,-978],[-38899,1127],[40,-470],[-7988,-787],[-7980,802],[-9127,33],[-20944,355],[-87047,1703],[-1219,117247],[-1748,22103],[-1445,3528],[-3639,2701],[-3598,1715],[-4197,3497],[-3606,6207],[-6980,24001],[27628,8597],[5185,2008],[16429,4675],[12114,-1574],[11173,-2282],[11159,-734],[13819,3233],[8556,5035],[12739,17989],[5252,7707],[4686,5845],[9893,10614],[9545,24991],[12115,39783],[4426,27260],[748,6039],[3665,14418],[3013,13870],[470,4721],[-1406,10500],[-3142,8784],[-3121,6464],[-3897,11868],[382,22738],[-512,16619],[2568,6444],[4445,9013],[-2662,18623],[44643,-1072],[53731,934],[51799,488],[20197,1812],[45989,6453],[19919,102],[16110,1923],[20138,24],[31519,355],[12546,573],[10260,-15]]],"transform":{"scale":[2.4283623767249443e-7,1.618886737773741e-7],"translate":[-72.03828349799994,45.15987690900005]}}