{"type":"Topology","objects":{"45050":{"type":"Polygon","arcs":[[0]]}},"arcs":[[[130011,26981],[-17044,-1978],[-51479,-8391],[-53821,-16612],[-6904,228140],[-763,144171],[3373,125808],[30309,1880],[143252,-4431],[143980,-9128],[52365,1703],[54853,9608],[44307,1147],[4234,-47705],[20851,-4785],[2475,-119205],[-7322,-115097],[3368,-159433],[-58596,-1490],[-51414,-4124],[-82229,2163],[-47473,414],[-58241,-12614],[-68081,-10041]]],"transform":{"scale":[6.172044944089854e-8,3.848951097900657e-8],"translate":[-71.99546350599991,45.262724537000054]}}