{"type":"Topology","objects":{"45060":{"type":"Polygon","arcs":[[0]]}},"arcs":[[[397757,497653],[207,-75820],[-221,-8866],[-862,-1751],[311,-6858],[-156,-10535],[328,-7438],[-148,-10738],[14530,471],[16112,-140],[37650,-1855],[1841,-29708],[14363,2162],[13739,1094],[4548,257],[-3865,-5804],[-7246,-6763],[-4927,-10036],[-827,-5439],[-2723,-10690],[-1590,-7796],[-839,-8463],[583,-4021],[-4349,-3679],[-9439,-6955],[-8593,-4677],[-3214,-5502],[918,-5290],[2596,-9051],[-4666,-4935],[-2699,-3529],[539,-9104],[-401,-12452],[4093,-6501],[3277,-3539],[3297,-4811],[1475,-5753],[-491,-2585],[-3165,-7597],[-3848,-7897],[-785,-3306],[-4647,-14931],[-12720,-21788],[-10023,-13687],[-10385,-5814],[-4921,-3202],[-5514,-4220],[-13376,-9852],[-8981,-2759],[-14511,-1770],[-11715,402],[-11731,1250],[-12719,862],[-17252,-2560],[-5443,-1101],[-56759,-9216],[-22673,-4426],[-8192,-3089],[-8197,-6627],[-6904,-2056],[-14022,-3693],[-6122,-3459],[-2931,-5038],[-6337,-6578],[-3040,-2871],[-5721,-2771],[-406,-6167],[-4186,1503],[-4406,2434],[-4235,5081],[-3044,-274],[-408,494],[4356,980],[886,926],[-1050,1604],[-4454,3409],[-306,1194],[769,1659],[3454,-191],[2432,988],[2880,277],[-3237,1831],[280,3712],[-5197,-54],[-590,2410],[-6212,-2666],[-4496,-2255],[-9567,-1288],[-2203,-116],[-3136,-8267],[-1939,-7298],[952,-6286],[3046,-3472],[5609,-3420],[22160,-10188],[7077,-4063],[3133,-4507],[443,-5176],[-2242,-15573],[-76700,40],[-65790,83],[-20467,71],[-1480,380784],[1979,1389],[4603,7652],[4262,3564],[8789,860],[8862,-2782],[7004,-1674],[7881,1873],[17930,7839],[6877,1240],[14601,1747],[12264,284],[12592,-244],[10432,2604],[24348,-3388],[12318,742],[30126,-3128],[12293,2153],[36607,21284],[22350,37776],[6758,12165],[4032,8974],[2236,5909],[7288,12182],[34233,-359],[43044,-400],[39267,-1831],[4781,244]]],"transform":{"scale":[2.3128507457011678e-7,2.955802331604733e-7],"translate":[-72.10308138699992,45.16092222500003]}}