{"type":"Topology","objects":{"45072":{"type":"Polygon","arcs":[[0]]}},"arcs":[[[343856,487489],[10498,-171],[74077,-2534],[52428,-1271],[19140,-760],[-3784,-12422],[-12508,-38578],[-20490,-21733],[-6882,-2198],[-16861,3194],[-6896,-758],[-13627,3460],[-5839,-2659],[-7048,249],[-6864,-290],[-8173,-1784],[-3849,-1268],[-10036,-8003],[-4410,-1913],[-3921,1709],[-4959,2841],[-4920,-878],[-2386,-3641],[-2577,-7812],[-1107,-1420],[829,-388849],[-98244,589],[-53264,83],[-84743,997],[-78267,879],[-39062,531],[9507,20277],[5867,19523],[27468,40821],[54727,94805],[18271,44685],[426,778],[-72312,1306],[-33,143940],[-341,23274],[196,107510],[50884,-1292],[2615,-206],[54899,-2094],[40127,-1968],[21398,-806],[6586,-545],[8052,-229],[19309,-843],[29374,-816],[27297,-1313],[20322,-1422],[19106,-975]]],"transform":{"scale":[4.132177144353942e-7,2.894483628967294e-7],"translate":[-72.24889030499992,45.160979918000066]}}