{"type":"Topology","objects":{"45080":{"type":"Polygon","arcs":[[0]]}},"arcs":[[[499999,490743],[-32402,-237176],[-52720,-247439],[-163813,-6128],[750,47596],[-251814,13207],[1947,231548],[85279,4939],[7336,202709],[405437,-9256]]],"transform":{"scale":[7.538669477341497e-8,2.390628581255244e-8],"translate":[-72.28016650599994,45.161678676000065]}}