{"type":"Topology","objects":{"45085":{"type":"Polygon","arcs":[[0]]}},"arcs":[[[256123,498692],[65559,-937],[39174,-473],[-377,-98802],[656,-21388],[61,-132280],[138803,-1200],[-817,-714],[-35072,-41065],[-105047,-87127],[-52641,-37453],[-141979,703],[-2570,-15387],[-29864,-374],[-682,-17575],[88184,-1003],[-264,-3612],[57367,466],[-36949,-25239],[-24223,-15232],[-32786,2454],[-46362,4746],[-58187,6414],[-32182,905],[-45549,137],[250,19431],[261,5484],[398,651],[408,4194],[-1465,7025],[799,4733],[14,7915],[-1041,2904],[1349,5008],[97,2256],[-591,1230],[984,13270],[88,13044],[381,5625],[406,12625],[1631,37211],[534,38655],[1671,56548],[81089,-7053],[8298,-110],[2172,20064],[2277,67925],[4395,30477],[3593,24317],[3396,27547],[2550,5132],[745,2189],[2871,2096],[187,3542],[-2625,2271],[158,3501],[67181,-5707],[266,15010],[-64,22997],[393,12869],[116,20467],[72575,-1307]]],"transform":{"scale":[2.1527334654669662e-7,3.149621879244258e-7],"translate":[-72.30843786699995,45.14907848100006]}}