{"type":"Topology","objects":{"45093":{"type":"Polygon","arcs":[[0]]}},"arcs":[[[494291,493921],[3039,-25587],[2669,-55347],[-7598,-37184],[-3134,-33667],[-4921,-57239],[-3320,-57136],[-3796,-56747],[-2472,-52424],[-70766,2211],[-114,-34654],[-383,-21792],[63,-38942],[-258,-25413],[-68802,10148],[-19699,1446],[-74800,1006],[-16258,398],[-47494,850],[-43910,831],[-61791,1471],[334,12798],[-363,9883],[322,5217],[77,10742],[-710,1536],[1399,53970],[1355,18849],[-19782,299],[-3987,182],[-9938,-1469],[-31396,-588],[-5411,46],[-847,18661],[-157,13700],[-772,21604],[-83,8229],[-467,10177],[1953,11321],[-59,1160],[-1062,79863],[-463,43613],[-489,27202],[3284,18953],[6606,41742],[3618,21234],[9041,54832],[21099,30],[11508,-123],[12560,185],[10407,-142],[11343,121],[60203,-508],[4281,73],[15255,-472],[6142,215],[4148,-405],[5269,143],[4483,-755],[4520,214],[74014,-1181],[226510,-3380]]],"transform":{"scale":[2.207822435645203e-7,1.860077040154391e-7],"translate":[-72.35811918199994,45.28408920000004]}}