{"type":"Topology","objects":{"45095":{"type":"Polygon","arcs":[[0]]}},"arcs":[[[497802,496493],[-140,-4141],[2336,-2687],[-168,-4189],[-2556,-2480],[-663,-2590],[-2270,-6070],[-3022,-32586],[-3198,-28766],[-3912,-36055],[-2028,-80351],[-1936,-23735],[-7386,131],[-72191,8344],[-1489,-66893],[-474,-45728],[-1453,-44018],[-362,-14936],[-337,-6653],[-80,-15431],[-875,-15698],[525,-1453],[-85,-2669],[-1201,-5926],[926,-3433],[-12,-9366],[-712,-5596],[1305,-8311],[-362,-4963],[-357,-770],[-231,-6486],[-223,-22988],[-118296,2347],[-106411,2478],[-7543,237],[-103498,2528],[-50670,1948],[-8753,142],[253,20694],[1014,24604],[1067,31254],[1092,30218],[1915,73704],[1002,23219],[394,6939],[80626,3526],[1638,42233],[76336,-19774],[37004,-1560],[42000,-742],[-423,71256],[-1396,20319],[490,19605],[10339,3319],[7060,1668],[5087,1517],[3661,-551],[2210,-1062],[5595,-862],[1265,1021],[-2987,4425],[166,1179],[2481,2113],[3388,1313],[1179,2444],[2609,1533],[1137,3628],[-3565,5484],[1168,3254],[1352,-366],[783,862],[948,4106],[-745,1875],[-2369,84],[-2181,1634],[-2478,1034],[-267,1967],[-1958,5992],[825,658],[-53,2064],[2486,2212],[1893,2968],[3201,2773],[4218,2139],[-885,3199],[-3530,3117],[-1317,3106],[1333,3352],[1117,180],[36,2737],[-1075,3707],[1505,1557],[3719,1579],[-3366,2235],[-376,3930],[1048,1904],[-156,4162],[335,1380],[1645,1216],[5033,2495],[2428,84],[2671,3730],[-1491,3785],[604,1475],[2348,1573],[1194,1698],[1858,5337],[-305,2270],[5107,1887],[-3084,5611],[516,6919],[3219,2095],[616,1711],[3250,642],[889,860],[33,1690],[-4171,3176],[40092,-580],[43366,-595],[14842,-278],[68298,-703],[17986,-1011],[3010,-339]]],"transform":{"scale":[2.418067916136198e-7,2.6625169650337506e-7],"translate":[-72.40391204999992,45.15369422200007]}}