{"type":"Topology","objects":{"45100":{"type":"Polygon","arcs":[[0]]}},"arcs":[[[493218,388463],[6781,-4411],[-57,-2346],[-1444,-1195],[-5282,-890],[-1001,-2378],[-5231,-2909],[-840,-9612],[5015,-7791],[-8301,-2621],[495,-3155],[-3018,-7411],[-1944,-2360],[-3816,-2185],[-980,-2048],[2424,-5256],[-4340,-5180],[-3950,-117],[-8178,-3467],[-2672,-1689],[-546,-1916],[252,-5779],[-1701,-2647],[612,-5457],[5467,-3104],[-6043,-2192],[-2444,-2162],[1745,-5150],[-58,-3804],[-1814,-249],[-2167,-4655],[2139,-4312],[5737,-4331],[1441,-4443],[-6857,-2971],[-5202,-3850],[-3077,-4125],[-4039,-3072],[84,-2866],[-1341,-916],[3182,-8321],[435,-2731],[4026,-1435],[3547,-2272],[3848,-117],[1213,-2604],[-1542,-5701],[-1272,-1198],[-2196,510],[-1901,-4522],[5793,-7618],[-1844,-5038],[-4241,-2129],[-1917,-3394],[-5507,-1825],[-4032,-2933],[-269,-1639],[4855,-6145],[-2056,-1418],[-9093,1198],[-3595,1474],[-5948,764],[-8268,-2106],[-11475,-2315],[-16804,-4609],[-796,-27233],[2269,-28221],[688,-98970],[-68261,1030],[-60142,2169],[-124064,27463],[-2665,-58658],[-131035,-4897],[7280,109219],[398,55],[938,32691],[354,1637],[297,10888],[-737,7855],[844,7077],[-735,3534],[781,3086],[117,9248],[-1156,1975],[3515,57700],[1699,34430],[3508,74930],[761,92181],[2929,52242],[186376,-262],[46791,-583],[32080,222],[22457,-121],[46591,570],[14748,1425],[5914,-175],[29357,-291],[-2013,-18291],[-2074,-52367],[1053,-1493],[-114,-10421],[-477,-5062],[537,-9589],[-495,-12419],[91694,-1428]]],"transform":{"scale":[1.4878022156046737e-7,1.916963173926296e-7],"translate":[-72.40228273799994,45.212352638000084]}}