{"type":"Topology","objects":{"45105":{"type":"Polygon","arcs":[[0]]}},"arcs":[[[499999,499784],[-8969,-73415],[-3589,-28428],[-6554,-55890],[-3256,-25375],[485,-36420],[460,-58395],[1052,-106926],[58,-1553],[-1936,-15159],[463,-13624],[82,-11019],[765,-28926],[155,-18341],[842,-24986],[-9644,108],[-21445,-307],[-31279,804],[-131643,379],[-42621,-333],[-30664,16],[-91972,-1107],[-108564,-887],[-4482,0],[96,16491],[-145,37565],[-299,37009],[-2043,32708],[-2638,46419],[-866,7414],[-550,25355],[-998,40391],[-300,53618],[423,26915],[1436,13944],[2275,62856],[2321,70838],[-161,14603],[8899,-277],[143224,3742],[3742,448],[12644,643],[11683,1199],[4534,30],[2429,690],[23859,1534],[7059,3],[21043,1372],[19824,964],[5617,-270],[9365,372],[22937,1431],[17910,187],[8331,344],[81462,1024],[49536,437],[39607,-215]]],"transform":{"scale":[2.2256261112532472e-7,1.3892687185368416e-7],"translate":[-72.46442190399995,45.307642213000065]}}