{"type":"Topology","objects":{"45115":{"type":"Polygon","arcs":[[0]]}},"arcs":[[[361190,427604],[1613,-6415],[16707,-56409],[-2790,-14751],[-4478,-16836],[-2800,-7432],[-1076,-48307],[-358,-8564],[60213,-2075],[3241,19367],[68424,-4546],[113,-6086],[-384,-6698],[-48,-7712],[-446,-1117],[16,-6464],[-409,-10601],[155,-2017],[-3520,-174151],[-210,-7057],[-339,-57814],[50,-1919],[-26667,956],[-28367,1394],[-38101,1286],[-41002,802],[-26953,826],[-11237,223],[-9194,535],[-29868,791],[-56011,1929],[-76629,2054],[-3652,201],[-99511,1771],[-47672,1000],[1844,33030],[2830,35754],[2478,35999],[3669,36064],[2337,21213],[5667,23428],[-1992,34870],[-2265,16122],[4604,19974],[16617,72721],[8997,42470],[2281,21551],[1297,17805],[903,8790],[1160,14942],[321,11915],[669,9313],[977,23607],[583,6662],[59107,-1566],[14183,-332],[53608,-2226],[50166,-3569],[3910,-657],[-402,-65079],[127641,1035]]],"transform":{"scale":[2.960366360733335e-7,2.952243864487322e-7],"translate":[-72.25330109799995,45.30208298100007]}}