{"type":"Topology","objects":{"46005":{"type":"Polygon","arcs":[[0]]}},"arcs":[[[496218,0],[-237781,5768],[-233536,4112],[-24901,773],[3066,397426],[567,91920],[140817,-3891],[96800,-1514],[6522,-29043],[57137,2417],[-4275,26012],[60033,-1136],[11909,-49476],[1360,-7404],[50748,-453],[65375,-2255],[2624,-25237],[3709,-15065],[715,-8383],[2891,-11401],[-18982,-125391],[15183,-132436],[19,-115343]]],"transform":{"scale":[1.2578326156645845e-7,1.0760349520702524e-7],"translate":[-72.6949883699999,45.01444603500005]}}