{"type":"Topology","objects":{"46017":{"type":"Polygon","arcs":[[0]]}},"arcs":[[[496961,499791],[3038,-460375],[-200,-2123],[58,-30039],[-7567,-1005],[-3467,-2],[-65856,-4873],[-15799,-1374],[-10458,304],[-15476,830],[-14212,389],[-19206,1081],[-29258,1110],[-29329,331],[-14341,743],[-35027,2030],[-78699,3862],[-81867,-2108],[-22788,-856],[860,11744],[1071,8968],[86,7561],[-1705,8743],[-403,4166],[231,8211],[1022,20102],[860,11742],[526,12779],[620,2807],[1164,1688],[1156,4308],[388,6675],[1589,11852],[2464,15519],[1837,9367],[1637,6758],[1906,6090],[3829,7520],[3162,6756],[3984,5839],[7854,7686],[962,2280],[-247,2777],[-1208,423],[-18,4658],[-3250,743],[5239,321],[1270,8013],[922,1845],[1788,7841],[-572,1484],[1052,1111],[625,3170],[-1580,19576],[-663,5781],[331,10969],[-63,12735],[-984,8125],[-631,2359],[-261,4525],[529,3828],[-1284,9232],[-802,2513],[174,6249],[-425,5404],[-44,8223],[730,6439],[1056,4313],[-35,6185],[385,3399],[-618,3524],[-22,4149],[792,-405],[-367,4384],[-1942,5990],[-1462,5747],[-4657,11364],[-632,2431],[-2184,3238],[-1268,4429],[-1436,1817],[-2700,6682],[-4041,7620],[-1436,1890],[-3553,7962],[-3178,4159],[-1324,2612],[-5339,6376],[-4919,9847],[-3414,4896],[-3303,2493],[-2809,6321],[-584,5142],[-4367,1728],[-1165,-1766],[-2718,-958],[-4105,-4163],[-1739,2705],[-5664,5373],[-3206,1758],[-3786,2731],[-4609,518],[-784,1130],[-2871,868],[-3745,110],[-1337,1376],[-3149,958],[3662,13302],[19958,1698],[80879,2779],[103287,3595],[73675,2482],[146194,1682],[32380,307],[36926,-208]]],"transform":{"scale":[3.661925983852051e-7,1.2373234546469587e-7],"translate":[-73.1115191099999,45.014371646000086]}}