{"type":"Topology","objects":{"46010":{"type":"Polygon","arcs":[[0]]}},"arcs":[[[499999,491719],[-7,-33864],[-148,-24496],[-158,-84028],[-822,-346712],[-8488,514],[-6208,-397],[-15950,254],[-14366,766],[-14397,502],[-14523,320],[-14714,477],[-44465,-33],[-50188,880],[-16714,412],[-16767,876],[-67507,3247],[-33917,2008],[-17772,-2445],[-34666,-1380],[-17088,-619],[-34299,-1434],[-17490,-1864],[-17446,-1479],[-17204,-1687],[-22440,-1537],[-45,30135],[155,2128],[-2365,461832],[59646,897],[91956,1246],[485,431],[33400,1022],[62216,913],[42997,-239],[20833,874],[6819,1],[10438,758],[3834,-285],[7972,-81],[13233,-769],[12210,-333],[8371,-550],[14237,-486],[8803,-518],[214,-235],[9562,-503],[17663,-752],[8624,295],[9295,-50],[19610,-838],[5129,-393],[8072,1791],[9529,-876],[1661,-1296],[2799,-3792],[1398,-617],[4517,382],[4476,1627]]],"transform":{"scale":[4.701614403229006e-7,1.2334277068553596e-7],"translate":[-72.92953567099994,45.01526927400005]}}