{"type":"Topology","objects":{"46025":{"type":"Polygon","arcs":[[0]]}},"arcs":[[[404503,463581],[-10144,-319],[-843,-61454],[106279,-5815],[203,-10147],[-729,-4369],[-3634,-7739],[-45345,-75782],[233,-25057],[2637,-127677],[-876,-4424],[-3257,-7523],[-2215,-9451],[-3042,-26290],[-4115,-29978],[-775,-3524],[-4898,-3673],[-6862,-2907],[-4937,-4852],[-5058,-4064],[-4565,-2443],[-4387,-6098],[-1801,-11],[7087,-30535],[-590,-3859],[-167528,-2133],[-171501,-2146],[-42320,-1311],[4761,5006],[30666,39457],[-60536,1821],[-6293,-1030],[104,36176],[-90,12028],[1105,44339],[47796,1866],[5796,44807],[45142,-25100],[11956,14164],[-11528,90216],[-6620,50218],[-7493,65559],[89,392],[-3053,26102],[41195,-103],[31983,658],[21196,95],[-2293,74837],[148201,-2024],[16615,-11904],[12142,-1150],[7755,-84],[3268,5832],[5252,4022],[9326,1963],[3302,2011],[1244,8845],[-1445,10980],[21948,-336],[1492,-36082]]],"transform":{"scale":[1.7269629139253055e-7,1.602460224920424e-7],"translate":[-73.11562165199989,45.074685732000034]}}