{"type":"Topology","objects":{"46030":{"type":"Polygon","arcs":[[0]]}},"arcs":[[[499999,3471],[-2676,-728],[-454703,-2743],[1301,4157],[-15608,32888],[3965,13],[9661,6568],[10055,2632],[11139,4378],[10874,5225],[15110,3131],[10789,3956],[1706,3798],[9064,32287],[6702,28318],[4876,10181],[7172,8103],[1929,4763],[-5807,137522],[-514,26992],[99865,81622],[8008,8339],[1604,4705],[-449,10929],[-234062,6263],[1857,66193],[458901,7029],[2946,7],[6589,-177164],[2754,-51638],[1181,-2601],[25771,-265125]]],"transform":{"scale":[7.841397682787701e-8,1.4877422154845409e-7],"translate":[-73.0476627139999,45.07558146000008]}}