{"type":"Topology","objects":{"46035":{"type":"Polygon","arcs":[[0]]}},"arcs":[[[252858,494861],[21411,-1778],[74410,-4194],[63087,-4654],[69570,-3569],[-6772,-13525],[-1501,-12270],[4806,-20905],[627,-26358],[-4388,-18745],[-20471,-25446],[-10803,-66259],[-16871,-4722],[-3663,-57239],[10203,-10194],[-1174,-8401],[-8272,4003],[725,-82269],[30572,-2714],[1706,44917],[6132,-963],[-1276,-46385],[23887,-3699],[-144,-19577],[11017,-4],[3501,-12600],[822,-86052],[-111741,4252],[-106,-15511],[-289032,4340],[-2593,94393],[-8042,250029],[-17776,-5902],[-5759,11271],[-10615,12324],[-13566,21115],[-21197,21236],[-19572,29129],[1820,11452],[17599,8905],[3991,8776],[142835,-3768],[-179,36699],[86792,-5138]]],"transform":{"scale":[8.331880463753262e-8,3.238854277711542e-8],"translate":[-73.00520470099991,45.112750317000064]}}