{"type":"Topology","objects":{"46045":{"type":"Polygon","arcs":[[0]]}},"arcs":[[[499999,1398],[-335863,-1327],[-87450,171],[-76686,-242],[3374,217293],[1374,60828],[1831,22670],[-516,12426],[403,67127],[126,1261],[-179,39983],[654,26058],[659,34086],[-110,11517],[64927,-234],[59735,1591],[52109,650],[96509,3020],[50968,-3520],[53510,-3211],[86001,6674],[26201,1780],[488,-218866],[-877,-44501],[1456,-113627],[1356,-121607]]],"transform":{"scale":[1.5462217724440379e-7,1.4950798901604207e-7],"translate":[-72.95491481599993,45.07620146000005]}}