{"type":"Topology","objects":{"46040":{"type":"Polygon","arcs":[[0],[1]]}},"arcs":[[[171534,499861],[47568,33],[1030,-185],[123518,-421],[58119,-863],[17754,-751],[16839,265],[1529,452],[19011,223],[6,298],[42943,538],[148,-11629],[-883,-34416],[-880,-26313],[241,-40369],[-169,-1274],[-541,-67778],[694,-12547],[-2459,-22890],[-1846,-61418],[-4531,-219410],[-464866,-1406],[-17595,267099],[-803,2613],[-1876,51883],[-4485,178004],[127462,400],[44072,-138]],[[235881,356491],[-62792,1124],[130,-8027],[-103341,825],[-2885,-1920],[-12733,-1948],[-1319,-2504],[14160,-6372],[15336,-4645],[9817,-4620],[7679,-2695],[4166,-2466],[12861,1292],[5819,-54690],[1874,-20647],[209112,-950],[76,3393],[80843,-929],[-595,18822],[-2533,2755],[-7970,2],[104,4282],[-17283,808],[924,10147],[-4437,210],[-1234,-9824],[-22119,594],[-523,17995],[5983,-877],[852,1839],[-7384,2229],[2651,12521],[12206,1033],[7815,14492],[14810,5566],[3177,4101],[-455,5764],[-3477,4573],[1086,2685],[4900,2958],[-50332,781],[-45645,1018],[-53834,917],[-15490,388]]],"transform":{"scale":[1.1516319632634977e-7,1.4807224414453991e-7],"translate":[-73.01130172299992,45.07599156800006]}}