{"type":"Topology","objects":{"46050":{"type":"Polygon","arcs":[[0]]}},"arcs":[[[110683,499698],[-232,-17462],[13,-63971],[13375,-143],[313,-9232],[12674,-837],[-667,-22199],[22212,-576],[-267,-9613],[-339,-17364],[12017,-464],[13748,296],[7037,8],[1492,-544],[2804,798],[7673,-35],[3724,118],[112852,-1802],[34739,-1542],[1739,21043],[30748,1360],[18988,970],[2542,32973],[5399,-1694],[3400,-653],[4682,29],[25125,-5342],[53525,2350],[-362,-17504],[-1358,-28569],[-651,-29275],[-1803,-29296],[-1716,-29318],[-1365,-29414],[-1575,-29185],[-2028,-39053],[-4635,-95927],[-875,-20066],[-30,-57742],[-5539,-664],[-5590,-157],[-1732,252],[-3462,1552],[-2057,530],[-11796,359],[-9990,-732],[-6350,160],[-24273,342],[-11504,21],[-10674,-120],[-21865,308],[-11834,206],[-264,95],[-10898,212],[-17621,199],[-10261,225],[-15214,137],[-16379,314],[-9866,35],[-4746,115],[-12920,-310],[-8496,-1],[-25732,-356],[-53219,98],[-77009,-375],[-41342,-417],[-600,-177],[-50931,-220],[-552,60334],[-594,56374],[358,22080],[-649,355060],[45,2253],[10942,206],[16849,499],[18623,338],[5908,219],[8958,184],[19847,-588],[29511,287]]],"transform":{"scale":[3.7984619569234527e-7,3.0134417068833435e-7],"translate":[-72.87814980299991,45.07567147000009]}}