{"type":"Topology","objects":{"46058":{"type":"Polygon","arcs":[[0]]}},"arcs":[[[251224,490347],[36961,-2012],[71880,-3043],[47979,-2062],[3524,44],[11894,-537],[16192,-399],[9084,-362],[7372,-164],[19616,-738],[5301,-47],[791,-283],[6152,-302],[8558,-116],[3471,-184],[-3463,-133205],[-180,-7200],[-7480,-204403],[-655,-19091],[-27,-2531],[453,-14282],[-1,-4683],[-355,-5147],[-2283,-87197],[-33060,-1128],[-9064,-379],[-28538,-817],[-91395,-79],[-57423,9535],[-4972,850],[-30957,3588],[-9647,1348],[-46505,3462],[-30181,1719],[-6,39850],[-4448,45755],[5561,43320],[-848,3940],[-208,2896],[-1086,5205],[-769,8718],[-19148,779],[-14862,158],[-399,2557],[-3487,17094],[-17582,392],[1251,-8986],[-16733,-837],[-1911,10034],[-28350,524],[-41241,1345],[170,11220],[32,69278],[773,19414],[4100,92813],[1794,37785],[1393,28237],[1208,28460],[1046,19546],[66235,-2260],[33738,-1540],[71853,-3595],[64628,-2026],[4254,-231]]],"transform":{"scale":[4.294781049561009e-7,3.11454664909267e-7],"translate":[-72.69453129299988,45.008060348000065]}}