{"type":"Topology","objects":{"46065":{"type":"Polygon","arcs":[[0]]}},"arcs":[[[499999,499990],[-2705,-33010],[-702,-58245],[-3237,-47345],[-1569,-21754],[-3244,-36458],[1066,-1248],[-107,-5845],[-719,-1949],[677,-2233],[-780,-4471],[681,-4964],[-275,-6880],[-327,-1035],[-864,-20655],[-368,-36],[-7311,-75100],[-1503,-20376],[-2872,-64683],[-1640,-26520],[-1599,-27430],[-1521,-21592],[-380,-18161],[-64233,605],[-139973,1759],[-173528,1956],[-92966,1082],[121,17538],[-78,12771],[201,30949],[366,45844],[796,62499],[-404,31010],[476,33495],[230,65054],[1922,54692],[107,50275],[4702,89403],[103782,9],[149885,406],[126978,507],[42333,-7],[58844,152],[9738,-9]]],"transform":{"scale":[1.6120631241263818e-7,3.0338436076864555e-7],"translate":[-72.47979192399993,45.15627141700008]}}