{"type":"Topology","objects":{"46078":{"type":"Polygon","arcs":[[0]]}},"arcs":[[[498719,276396],[-13120,134],[-766,-18281],[-109,-6825],[396,-4276],[1062,-7318],[-155,-4606],[-1734,-7907],[-695,-23695],[-808,-43519],[-36164,2184],[-691,11348],[-25619,2054],[-379,-13821],[-1309,-19989],[-1436,-12798],[-380,-2379],[-1298,-4379],[-761,-10788],[-630,-7289],[64,-4304],[-1471,-957],[-3563,-4281],[-2983,-2577],[-3161,-3810],[-4818,-3518],[-2232,-1323],[-1941,-1822],[-1931,-10296],[-1173,-2743],[-626,-2588],[-385,-4109],[-98,-4299],[-33845,2386],[-333,-60005],[-37827,10330],[-43800,4039],[-2149,281],[-420,-5564],[-20949,1685],[-7962,955],[-10291,741],[-13216,1218],[-19983,1364],[-2789,1137],[-4233,-91],[-14903,1416],[-18395,1491],[1685,147995],[-110878,4444],[-613,-75950],[-11430,61],[-15866,240],[-8892,-41],[-12716,-211],[920,143627],[32208,747],[578,68076],[16105,-200],[7742,9],[749,74234],[19966,765],[5188,62805],[6123,-1684],[5041,-783],[6923,-460],[20564,-1018],[16515,-767],[5411,-399],[73448,-4110],[22787,-1884],[3172,-355],[47158,-4780],[20078,-2158],[1406,72794],[16545,-2163],[10162,-28876],[2076,-5146],[2792,-4286],[2947,-2522],[2479,-1658],[4329,-1470],[12875,-4101],[2064,-1241],[4185,-4171],[10312,-11131],[2561,-2150],[3512,-1481],[7403,-2137],[2397,-1212],[1906,-1590],[14936,-15812],[3987,-3964],[-4598,-5367],[-4624,-7180],[31,-18550],[29852,-27296],[4823,-3891],[5204,-3064],[4630,-1443],[4586,-688],[40545,-2970],[-1280,-58043]]],"transform":{"scale":[4.216494432987704e-7,2.0297599195197765e-7],"translate":[-72.79839158999994,45.25116747200007]}}