{"type":"Topology","objects":{"46075":{"type":"Polygon","arcs":[[0]]}},"arcs":[[[496809,1022],[-27,-1022],[-3522,189],[-8684,121],[-6245,314],[-802,294],[-5381,47],[-19910,766],[-7480,172],[-9219,373],[-16524,419],[-11981,556],[-3578,-49],[-88693,3879],[104,26484],[-342,108892],[47,22846],[-67561,1034],[-199,-9899],[-1198,-67305],[-340,-23133],[-976,-55409],[-4316,239],[-65594,2103],[-72925,3731],[-34241,1599],[-67222,2346],[2098,38575],[582,29401],[1221,28690],[323,17579],[74,453],[1064,22453],[1120,33158],[1263,32659],[895,-34],[729,11798],[591,11731],[756,13272],[1487,24737],[1246,23348],[1320,13294],[2139,-191],[43644,-2731],[37692,-6988],[331,40590],[33725,-1614],[96,2908],[383,2778],[624,1753],[1170,1855],[1922,6964],[1934,1233],[2226,895],[4800,2380],[3150,2577],[2973,1742],[3550,2897],[1466,647],[-66,2911],[629,4932],[759,7296],[1291,2963],[381,1608],[1431,8657],[1305,13523],[376,9348],[25527,-1389],[688,-7676],[36035,-1477],[805,29438],[693,16027],[1728,5350],[153,3115],[-1056,4950],[-396,2893],[108,4616],[763,12367],[26311,-184],[19115,88],[9410,198],[3553,852],[1900,3],[4136,-783],[8403,-253],[22041,174],[58798,494],[4326,113],[75564,336],[971,-85],[11749,-156],[25974,332],[-1790,-90379],[-42,-50831],[-732,-55296],[-87,-65775],[-182,-33865],[153,-31351],[-302,-63190],[-140,-46353],[-77,-31290],[30,-12914],[-21,-17733]]],"transform":{"scale":[4.231674163350381e-7,3.000649521299679e-7],"translate":[-72.69001495,45.157603232000035]}}