{"type":"Topology","objects":{"46070":{"type":"Polygon","arcs":[[0]]}},"arcs":[[[499272,0],[-233485,4466],[-265787,6555],[6912,173964],[2416,72627],[8485,211311],[1404,31076],[478697,-3246],[-332,-71727],[2416,-341874],[-726,-83152]]],"transform":{"scale":[5.972449744905027e-8,9.55743751487931e-8],"translate":[-72.58663571499994,45.159727934000045]}}