{"type":"Topology","objects":{"46085":{"type":"Polygon","arcs":[[0]]}},"arcs":[[[481873,767],[-337069,-767],[-47283,599],[6664,168705],[-71855,-19801],[-5588,-134495],[-26742,-1180],[4781,224719],[3106,126897],[2601,134555],[13701,-991],[166401,-1084],[263501,-2344],[45908,-582],[-9446,-249570],[-8680,-244661]]],"transform":{"scale":[5.47028734057592e-8,4.490939181873455e-8],"translate":[-72.78693739399995,45.22584244900008]}}