{"type":"Topology","objects":{"46080":{"type":"Polygon","arcs":[[0]]}},"arcs":[[[252972,425439],[18892,96],[145426,-7254],[55773,-3388],[19649,-569],[7287,-522],[-1791,-96584],[-1586,-98011],[-1505,-66369],[-104,-1338],[-68017,-6978],[-31927,15863],[-5949,-88],[-4318,1940],[-6863,5030],[-3231,-97884],[-24128,-2882],[-39070,-4032],[-2211,-62469],[-44146,4578],[-143406,5349],[-4730,-353],[-9751,108],[-3565,-2370],[-1895,1617],[-8943,-27],[-17469,-875],[-15270,1372],[431,51547],[340,28538],[-28226,1710],[846,65898],[-16104,2485],[-400,27405],[-16994,422],[-17,189900],[295,51839],[64565,1440],[56613,650],[24203,-135],[14954,-320],[9052,960],[1022,59500],[13149,8761],[-1219,-74636],[8654,-265],[61684,341]]],"transform":{"scale":[2.9891738983477965e-7,1.0151358702717449e-7],"translate":[-72.83619541099995,45.18268913700006]}}