{"type":"Topology","objects":{"46095":{"type":"Polygon","arcs":[[0]]}},"arcs":[[[499324,499997],[-76,-4456],[751,-487099],[-17736,-1745],[-58213,-6544],[-36220,3150],[-34501,3450],[-65326,-2961],[-35272,-638],[-40434,-1558],[-43950,229],[-21649,-522],[-3,-289],[-9583,-216],[-772,-441],[-8489,-257],[-8951,731],[-29302,836],[-62270,410],[-520,179],[-23982,-31],[-1648,136616],[-483,44026],[-695,101631],[10122,268],[-253,-7403],[69118,-445],[2213,51680],[6998,139963],[826,23173],[60804,609],[38457,136],[42053,1111],[2000,-289],[29742,946],[76116,2136],[81077,2140],[12170,550],[25816,-65],[10695,-473],[6085,243],[8664,823],[16621,396]]],"transform":{"scale":[2.284296148591844e-7,1.524809009617204e-7],"translate":[-72.9921930079999,45.14966793000008]}}