{"type":"Topology","objects":{"46090":{"type":"Polygon","arcs":[[0]]}},"arcs":[[[499999,188873],[-956,-19065],[-1326,-46706],[-1582,-49484],[-803,-26551],[-629,-23464],[-775,-23603],[-6424,454],[-14760,385],[-41896,2292],[-109243,4909],[-14190,-64],[1193,73248],[1298,74720],[-6311,175],[-36223,702],[-22875,323],[-1883,298],[-357,-40285],[-428,-37992],[-656,-67280],[-3125,-297],[-11232,218],[-18182,91],[-42525,-440],[-76672,-1554],[-18944,1180],[-8551,-368],[-5640,-439],[-17777,-679],[-16083,-1004],[-12362,-409],[-8622,-572],[-68,15418],[-441,16721],[-266,30040],[-48,11670],[-635,87910],[779,31289],[766,35270],[331,12998],[-557,17145],[1247,27074],[516,4793],[6051,43307],[7769,57177],[5084,718],[6074,442],[4558,2110],[8071,5704],[9717,-159],[3369,1763],[9857,-1214],[2527,-2986],[2109,-6279],[3176,-950],[2322,2661],[1167,4035],[1156,8163],[-612,8123],[-1179,6211],[-299,5824],[629,10550],[1256,3577],[1171,-146],[1561,2807],[213,15034],[1091,3961],[949,27014],[84002,3203],[48491,1409],[-974,-194141],[13475,286],[9422,58],[16811,-325],[12111,-84],[649,102772],[117489,-6014],[-1787,-200259],[19492,-2017],[15792,-1917],[4486,122],[2956,-1538],[21173,-1846],[14003,-1648],[10906,-1003],[8436,-1292],[22197,-2280]]],"transform":{"scale":[3.979284238568954e-7,1.5000096600192883e-7],"translate":[-72.88290686899995,45.22468062600006]}}