{"type":"Topology","objects":{"46100":{"type":"Polygon","arcs":[[0]]}},"arcs":[[[496834,329952],[733,-111347],[550,-50888],[1881,-159783],[-25366,154],[-74520,-461],[-171093,-7627],[-1287,44349],[-18943,411],[1246,-13494],[-1073,-10872],[-2851,-2473],[-8049,-2411],[-4532,-4944],[-2821,-7168],[-6693,103],[-10482,1413],[-14340,14632],[-127915,2486],[-2693,44018],[-1401,30480],[240,17728],[1986,61075],[374,-8],[-2448,68372],[145,6627],[-1676,33463],[-1859,47404],[-12643,17391],[-11304,15215],[40892,34371],[128045,101831],[-355,-12790],[78733,-2242],[16149,-15261],[33020,-33685],[-1901,-29712],[26578,4622],[24328,-27063],[-399,6742],[2214,30590],[51362,1405],[1871,-67556],[1232,-18728],[95065,-6369]]],"transform":{"scale":[2.0008282616564683e-7,1.303723547447043e-7],"translate":[-73.0915884289999,45.14897295900005]}}