{"type":"Topology","objects":{"46105":{"type":"Polygon","arcs":[[0]]}},"arcs":[[[224947,399608],[-3781,-96309],[32977,62],[23039,519],[-8,704],[19942,49],[28199,399],[20062,758],[5946,-92],[7869,-20074],[9672,-44526],[99106,1952],[32029,922],[-2643,-19035],[-1402,-8849],[-4045,-33291],[-1263,-7513],[-752,-7078],[-980,-5247],[-34452,-103],[-54467,-461],[-740,-17517],[-6269,-105809],[-1984,-39069],[-61916,335],[226,5596],[-9068,-203],[50,-5249],[-74593,4116],[-966,12107],[-1467,43666],[-40302,-909],[-1738,-19772],[314,-4359],[-19089,17494],[-20853,-2988],[1491,19206],[-25910,21772],[-12671,9865],[-61778,1448],[280,8267],[-5850,6459],[-18356,21370],[-2722,2825],[-7365,8458],[-28719,32405],[4346,3091],[10213,9101],[6266,-5400],[-768,3017],[2546,80772],[6184,-6907],[3977,-3762],[2084,26660],[3670,49103],[-287,9824],[2082,26403],[16951,-12299],[2903,40704],[33850,-29579],[156,47490],[7235,6333],[-1379,3393],[8872,70145],[116046,-100390]]],"transform":{"scale":[2.5499751199500586e-7,2.0169900539797573e-7],"translate":[-73.0738547169999,45.19189284300006]}}