{"type":"Topology","objects":{"46112":{"type":"Polygon","arcs":[[0]]}},"arcs":[[[212752,464154],[4041,-4289],[30531,-30350],[27901,-27897],[24649,-24791],[56100,-57381],[9587,979],[8666,349],[2927,384],[5905,-6037],[9334,-9856],[361,-817],[41572,-35557],[-3500,356],[-7684,-362],[-2571,384],[-2396,1245],[-2043,2557],[-2170,3329],[-3803,3652],[-3093,-738],[-968,-2726],[477,-2166],[2931,-5168],[365,-2085],[-1227,-2418],[4808,-6067],[27392,-28334],[4966,-5265],[41045,-42460],[12491,-12641],[653,-10820],[-395,-8329],[-913,-22600],[-927,-20051],[755,-56331],[58,-7477],[317,-19251],[525,-10713],[81,-9881],[-8899,-588],[-7314,310],[-17661,41],[-8324,-357],[-54698,-1374],[-52597,-1406],[-20576,-623],[-1368,190],[-28767,-724],[750,4519],[573,6101],[964,6473],[3089,28684],[1070,7626],[2019,16400],[-24457,-795],[-75677,-1682],[-7387,38365],[-6009,17297],[-4538,80],[-15320,-653],[-21533,-344],[-15228,-44],[6,-605],[-17592,-447],[-25182,-54],[2888,82984],[1030,-1134],[2766,41981],[2664,30295],[394,925],[-2762,1068],[-22244,18009],[-9807,9778],[-20559,19925],[-43578,42943],[-2492,2484],[-2277,47651],[-867,11529],[2480,900],[4062,2017],[3601,372],[31066,-1529],[5271,-168],[6593,2452],[19423,5137],[5848,1700],[38002,10057],[1385,20327],[531,8829],[44393,2438],[4733,-5996],[11992,-8996],[-296,4808],[-2295,4024],[2280,9913],[-2005,4008],[143,10347],[35545,-35845]]],"transform":{"scale":[3.33940583881216e-7,2.3408815217627806e-7],"translate":[-73.04913035399993,45.22476167800005]}}