{"type":"Topology","objects":{"47017":{"type":"Polygon","arcs":[[0]]}},"arcs":[[[395739,499078],[4491,-109],[-2310,-36787],[51687,-3273],[15434,-841],[34958,-1374],[-619,-32157],[-554,-31928],[-1104,-32544],[170,-5435],[-2291,-64549],[-199,-6911],[-1205,-66086],[-1118,-38923],[-970,-22370],[-1531,-37206],[-3108,-118585],[-23127,1832],[-54321,4057],[-3652,302],[-26249,1598],[-84603,3489],[-6234,339],[-19021,650],[-25860,972],[4776,55180],[-33420,749],[-30866,1726],[-25603,-27],[-29227,356],[-4579,97],[-48655,662],[13347,55671],[-5579,87],[-84597,15],[13066,56774],[5639,24838],[6603,29598],[12266,52393],[19844,85416],[775,3742],[1155,8342],[6192,56787],[2313,22441],[-99,179],[2484,28324],[108504,3409],[92918,-96],[95256,-156],[28823,-668]]],"transform":{"scale":[3.660553641107149e-7,2.39140486281022e-7],"translate":[-72.8458361289999,45.337879817000044]}}