{"type":"Topology","objects":{"47010":{"type":"Polygon","arcs":[[0]]}},"arcs":[[[492807,337211],[-8738,404],[-8741,943],[-10620,2034],[-8997,-75779],[-34629,-923],[-1297,-89566],[-13429,-11],[-27932,241],[-1001,-82138],[-55859,-900],[-3,-189],[-79367,-1257],[-137495,-2856],[-1553,-24087],[-1788,-3530],[-344,-13407],[-2557,-2502],[-1916,131],[-2057,-3190],[-1029,-9407],[490,-5193],[1927,-5539],[1002,-7242],[-1889,-7278],[-1911,-3598],[-3803,-2372],[-5196,845],[-3454,5600],[-4133,2663],[-16134,1082],[-5517,-1573],[-15902,143],[-13213,-5087],[-7459,-1880],[-9944,-393],[-8319,-641],[2372,8254],[14929,55996],[8835,34759],[16885,68474],[6777,29355],[5847,24544],[13639,54155],[6291,25834],[5187,19711],[18125,73445],[9472,38064],[12936,52619],[3520,14030],[127376,-21],[8400,-126],[-20096,-79135],[73259,-942],[6822,-137],[44078,-505],[38551,38],[46474,-2456],[50319,-1063],[-7191,-78441]]],"transform":{"scale":[2.431174382349132e-7,1.6822883245764826e-7],"translate":[-72.87618096499995,45.28431703400008]}}