{"type":"Topology","objects":{"47025":{"type":"Polygon","arcs":[[0]]}},"arcs":[[[431236,474671],[158,-7331],[19934,-2940],[48671,-147212],[-44280,-116737],[-73665,7543],[18938,-163564],[87518,-3104],[131,-28773],[-14851,3365],[-6151,-15918],[-109418,26303],[-21786,4848],[-29972,3975],[-58232,3633],[-95092,5466],[-132324,8061],[-7581,294],[-13234,146185],[9943,53967],[84658,8141],[17149,70688],[-53844,150480],[48787,-1718],[66739,-2761],[9756,-6870],[13914,-8101],[16793,-7611],[3021,19298],[184317,-5263],[2552,14909],[2933,7929],[5059,8146],[19062,-1764],[397,-23564]]],"transform":{"scale":[9.395198590400643e-8,9.460693921379012e-8],"translate":[-72.55156736299995,45.31253009300008]}}