{"type":"Topology","objects":{"47035":{"type":"Polygon","arcs":[[0],[1]]}},"arcs":[[[168821,426555],[-56,-659],[-11379,-46810],[27446,-5311],[1702,-647],[17011,-2515],[11040,-1535],[3391,864],[3369,-1508],[100006,-11212],[3919,-50489],[21588,-3085],[-16,-28948],[70021,-6347],[-4067,58036],[19048,-573],[-3304,19295],[71458,-8125],[-2232,-37227],[88,-8951],[-1262,-43425],[-1237,-38529],[-781,-8548],[-230,-16497],[164,-32869],[542,-24759],[299,-15542],[471,-4545],[1434,-28455],[1110,-20050],[163,-22684],[78,-23027],[-52,-10111],[-38429,-9],[-26815,-459],[-12178,206],[-1002,113],[-78107,-445],[-4473,-150],[-60775,-652],[-22784,-232],[-8685,334],[-4276,1038],[-1963,-4],[-3673,-1130],[-9728,-261],[-19757,-116],[-13682,122],[1317,51984],[-41758,2659],[-4724,617],[-4768,1293],[-5359,2743],[-4969,3485],[-30746,24445],[-33,16614],[4764,6431],[4736,4805],[-4107,3551],[-15383,14161],[-1963,1425],[-2469,1086],[-7626,1914],[-3616,1326],[-2638,1925],[-10619,9970],[-4310,3734],[-2126,1112],[-13261,3671],[-4460,1319],[-2553,1485],[-3036,2257],[-2874,3841],[-2140,4606],[-10463,25863],[-17042,1936],[1330,59934],[1370,39257],[866,23605],[1002,41070],[1124,73058],[1896,62695],[6514,-725],[17957,-2533],[6355,-632],[6659,-962],[13542,-1696],[10745,-1117],[10120,-1213],[-82,-17694],[-360,-39442],[5412,-560],[17713,-1123],[66658,-5747]],[[380443,221480],[-90,9837],[-4376,736],[-1160,-3401],[-673,-3309],[-586,-6224],[-42300,2196],[-693,-8056],[-3853,3178],[-3194,3383],[-2239,2866],[-15315,1153],[-11197,718],[12357,-62816],[-3936,-29508],[-19427,-3398],[-2283,-22528],[3038,-61023],[1739,-123],[30367,-3365],[21824,-2282],[13363,-1516],[6878,-1659],[5000,-2023],[25110,-10982],[1412,6646],[3408,-1405],[-29,12011],[-20085,1295],[-4346,68279],[16905,-3150],[10162,48730],[-11170,61452],[-4575,1228],[-36,3060]]],"transform":{"scale":[4.0939164078325916e-7,2.266380732760524e-7],"translate":[-72.66680239999994,45.307241425000086]}}