{"type":"Topology","objects":{"47030":{"type":"Polygon","arcs":[[0]]}},"arcs":[[[485055,431863],[14944,-108559],[-86197,3213],[18408,-326517],[-316861,35707],[73,162873],[-97690,17348],[-17732,284071],[485055,-68136]]],"transform":{"scale":[9.046893693782406e-8,4.028200456405028e-8],"translate":[-72.53524364499992,45.368060711000055]}}