{"type":"Topology","objects":{"47047":{"type":"Polygon","arcs":[[0]]}},"arcs":[[[330713,496582],[55515,-1017],[-590,-42787],[10687,-169],[7831,49],[39214,-1129],[13319,-223],[22655,-841],[93,-1417],[-8171,-95119],[-191,-3462],[28924,-1345],[-6830,-97957],[-29984,607],[-8896,391],[-5400,399],[-9030,13],[-8092,-209218],[-3469,-22569],[-141,-113],[-3590,-20675],[-112178,4828],[-29806,944],[-9108,470],[605,33129],[137,14865],[-17157,1024],[-18320,953],[-22423,1403],[-11208,809],[-10692,532],[-30219,2127],[-10963,607],[476,7881],[-257,4816],[1662,28845],[832,28298],[932,28502],[-52602,1218],[-23221,744],[-77777,2901],[3480,32606],[-6760,97],[3319,47146],[30364,545],[3004,53800],[-1030,35882],[5287,18054],[1777,28673],[-1579,90525],[63165,-1396],[-2208,29067],[41456,101],[15381,-81],[17313,-221],[4141,-396],[150323,-2716]]],"transform":{"scale":[2.4327352854711236e-7,2.6981254362504665e-7],"translate":[-72.70097379299995,45.40391496400007]}}