{"type":"Topology","objects":{"47040":{"type":"Polygon","arcs":[[0]]}},"arcs":[[[499999,483037],[-8415,-116738],[-10861,-69717],[-144,5],[-1566,-18855],[-2271,-23113],[-20575,-254619],[-210360,17721],[-160650,13394],[-4484,1490],[-4514,-854],[-14701,1520],[-22649,2488],[-2267,639],[-36542,5256],[15150,46315],[2918,25004],[111,131],[2745,26584],[6401,246434],[7145,-16],[4273,-468],[7039,-462],[23722,-715],[5411,115538],[200964,-10522],[2023,-283],[15345,-489],[6741,-39],[7123,-1113],[4036,-40],[44692,-1667],[11133,-643],[12063,-279],[18959,-640],[102005,-1247]]],"transform":{"scale":[3.074818189635794e-7,2.290662501324151e-7],"translate":[-72.60236999299991,45.383615311000085]}}