{"type":"Topology","objects":{"47055":{"type":"Polygon","arcs":[[0]]}},"arcs":[[[498971,410865],[1027,-103581],[-1668,-47291],[-4964,-29777],[967,-59182],[-2821,-88737],[-28510,-897],[-3116,-77763],[-40724,977],[-134580,228],[-131281,141],[-153301,-4983],[30245,263811],[35613,168270],[374,1144],[12048,61700],[641,2018],[1606,941],[42371,2115],[61444,-242],[3908,154],[-497,-2130],[-4200,-9816],[-1490,-6186],[443,-2104],[-1105,-62142],[-441,-476],[185509,-3585],[132502,-2607]]],"transform":{"scale":[2.590889421778255e-7,1.6358666717327232e-7],"translate":[-72.8201250639999,45.456634515000076]}}