{"type":"Topology","objects":{"48005":{"type":"Polygon","arcs":[[0]]}},"arcs":[[[474008,316455],[-24093,-113797],[-311,-759],[-94,-15476],[-1246,-9811],[545,-42962],[294,-8377],[-9073,-123067],[-1045,-2206],[-438985,4788],[1112,2736],[30234,64313],[23425,107690],[17293,87566],[3828,18269],[2556,13942],[37090,200694],[80046,-2320],[80947,-2733],[223468,-5120],[-7735,-42801],[-18256,-130569]]],"transform":{"scale":[1.104497348995079e-7,2.483128706257068e-7],"translate":[-72.45467898599992,45.44968374000007]}}