{"type":"Topology","objects":{"48015":{"type":"Polygon","arcs":[[0],[1]]}},"arcs":[[[342336,496595],[157663,-1882],[-17845,-355665],[-1008,-20230],[-1167,-20508],[-5277,-98310],[-86479,1302],[-16216,668],[-10087,284],[-9441,665],[-37893,1726],[-3423,42],[-6040,1152],[-5716,42],[-13010,505],[-1717,292],[-170398,10897],[-6,-161],[-19402,1641],[129,4224],[5479,116023],[-61,1729],[-15199,1026],[-8934,271],[-26307,1379],[-5253,-62],[-7169,206],[394,52191],[-37240,1239],[3178,82996],[-3891,42569],[4270,23346],[1941,25312],[-67,206],[1545,28351],[1165,24620],[485,11906],[2945,48282],[806,14745],[122,385],[126733,-1227],[82223,-851],[120168,-1326]],[[300259,338069],[419,5032],[1584,12924],[5296,65422],[-14781,1001],[-9735,835],[-18170,1299],[-9092,1095],[-11190,641],[-7785,2312],[-4231,-66023],[-6992,-38094],[31789,-1036],[13991,-524],[16313,-794],[10617,-276],[1967,16186]]],"transform":{"scale":[3.6263788927569915e-7,2.211977423954564e-7],"translate":[-72.62077853799991,45.49426049900006]}}