{"type":"Topology","objects":{"48010":{"type":"Polygon","arcs":[[0]]}},"arcs":[[[455481,75815],[-12002,-75815],[-64759,1295],[-99497,3716],[-85330,2453],[-193893,4855],[42639,178428],[25814,309252],[47480,-10825],[68250,-3002],[55453,-5133],[110833,-6079],[59380,-3914],[90150,-4686],[-32297,-306444],[-9668,-60538],[-2553,-23563]]],"transform":{"scale":[5.94545549091198e-8,4.722411244816237e-8],"translate":[-72.53897344599994,45.56546045300007]}}