{"type":"Topology","objects":{"48028":{"type":"Polygon","arcs":[[0]]}},"arcs":[[[432120,0],[-117085,2108],[-122287,2044],[-183275,2752],[939,44734],[-3269,9637],[-3342,8048],[-745,2980],[-618,5286],[-128,15221],[427,13454],[-1429,6896],[-1308,4374],[647,3444],[1362,1510],[3891,318],[2387,2136],[3679,654],[2696,987],[2642,2207],[3469,3824],[3050,5384],[3672,7685],[1010,4889],[667,8357],[-450,9574],[-1981,9009],[-3727,10293],[-6350,12055],[-2309,5107],[-658,3029],[2020,96094],[83,22858],[-828,3274],[819,65701],[150928,-2879],[27064,1646],[27554,1472],[-447,94136],[37442,1406],[33075,1601],[2269,-251],[59414,1021],[5927,-1051],[2342,2501],[101873,2509],[36766,1965],[-1457,-93283],[-251,-12013],[-1830,-98296],[-1780,-108034],[-43274,-813],[-16378,615],[-1232,-97190],[-1676,-90985]]],"transform":{"scale":[3.7218421636850707e-7,1.3891968983944354e-7],"translate":[-72.65746286099994,45.60410645300004]}}