{"type":"Topology","objects":{"48020":{"type":"Polygon","arcs":[[0]]}},"arcs":[[[211689,447464],[71332,-51854],[17514,-12876],[31271,-23366],[68736,-50402],[99457,-73024],[-80103,4679],[-1615,-15307],[-16476,924],[-1772,-18204],[-6678,390],[-14278,-883],[-3496,595],[-1325,-26845],[-1591,-49523],[-47427,-3433],[-245,-14762],[-844,-45316],[-480,-65748],[-64910,-2509],[5533,111173],[2343,36444],[-67719,4358],[-24532,2327],[-24256,1976],[6743,102355],[-156871,1428],[1711,43341],[1259,46296],[16723,-293],[44191,386],[1817,51463],[1871,46822],[256,5723],[1488,44436],[71572,1764],[17524,-13154],[23531,-17775],[29746,-21606]]],"transform":{"scale":[3.6446738293477753e-7,2.916346812693939e-7],"translate":[-72.49663437499993,45.528263579000054]}}