{"type":"Topology","objects":{"48038":{"type":"Polygon","arcs":[[0]]}},"arcs":[[[481208,456480],[-12476,-247883],[1824,-1785],[-181,-12471],[-4449,-52423],[1447,-1653],[5084,-2787],[13983,-6575],[8206,-5616],[4363,-4915],[989,-5222],[-1468,-4559],[-2224,-2668],[-8083,-4194],[-6715,-2937],[-7640,-2085],[-5818,-1204],[-5935,-540],[-8101,-356],[-5258,-1165],[-8564,-174],[-3002,-823],[-1425,-1880],[2882,-2384],[3144,-3762],[-939,-7342],[285,-8302],[1358,-2884],[1642,-1626],[7358,-4391],[7199,-5257],[-2068,-24406],[-338022,1103],[-1591,-20755],[-536,-12559],[-116477,2873],[134735,264750],[97143,190424],[19401,41952],[419,-42074],[229510,-1445]]],"transform":{"scale":[1.6902992605990976e-7,2.5464175928348185e-7],"translate":[-72.73112028799994,45.59686295900008]}}