{"type":"Topology","objects":{"48045":{"type":"Polygon","arcs":[[0]]}},"arcs":[[[391518,266999],[25343,-39807],[10525,-16072],[23588,-36461],[5994,-9820],[26898,-42652],[16133,-24734],[-96388,-4990],[-91894,-2210],[-2112,-2202],[-5347,925],[-53595,-901],[-2045,222],[-29836,-1410],[-33775,-1237],[404,-82906],[-24715,-1288],[-24554,-1456],[-136142,2534],[5321,416600],[148428,-1858],[89291,-1244],[-2553,83967],[38272,-58765],[16325,-25338],[35648,-54727],[6083,-9783],[4559,-6651],[3572,-6024],[6683,-9798],[12772,-20019],[12383,-18625],[14734,-23270]]],"transform":{"scale":[4.1260142520284084e-7,1.5774061148126565e-7],"translate":[-72.65158556199991,45.658708184000034]}}