{"type":"Topology","objects":{"48050":{"type":"Polygon","arcs":[[0]]}},"arcs":[[[419975,404669],[-8485,-13334],[51226,-63980],[-49403,-78583],[83246,-94361],[3440,-83558],[-120290,1239],[-199954,1849],[-1280,-73941],[-126664,2319],[-230,67590],[7533,47477],[12299,75576],[-18018,25739],[-51218,68682],[-2177,2871],[1689,2034],[77589,101274],[81900,-90697],[2372,-3064],[26965,-30078],[59183,94509],[-97,128],[11797,18946],[4128,6307],[31803,50789],[13853,23105],[2594,3656],[759,2013],[20321,30823],[42232,-47488],[42887,-47842]]],"transform":{"scale":[3.062761245523193e-7,1.585133050265941e-7],"translate":[-72.70444443299994,45.71310211000008]}}