{"type":"Topology","objects":{"49005":{"type":"Polygon","arcs":[[0]]}},"arcs":[[[284119,475433],[19400,-11473],[31948,-19038],[32279,-19119],[18217,-10705],[-6271,-5186],[-22925,-18734],[-10253,-8210],[7314,-4412],[31392,-19374],[15728,-9608],[29283,-18010],[7199,-4358],[15591,-9762],[15506,-9378],[31472,-19458],[-72377,-67357],[-2778,-3131],[-33906,-31175],[-18163,-16183],[-28341,-25705],[-2273,-1485],[-1482,-1993],[-50386,-45870],[-60119,-54916],[-43974,-40783],[-1136,848],[-2999,3021],[-2784,3060],[-474,7583],[-1244,6441],[-2864,3944],[-1661,3010],[-2396,2488],[-3919,5823],[-1164,3162],[-2112,4492],[-2937,2387],[-4821,892],[-8288,1845],[-5493,2383],[-2152,3242],[-1162,2938],[443,2864],[1376,2201],[3526,2669],[4225,2379],[11589,5746],[7497,4770],[2620,4703],[939,4628],[-4767,6014],[-3775,4524],[7,2720],[1009,2289],[-2039,1401],[-6049,2064],[-2348,3397],[-3879,964],[-4914,275],[-6790,-1284],[-4570,1056],[-15177,1918],[-6326,2058],[-4902,4253],[-1649,4164],[2467,3944],[4137,1500],[9627,30],[8239,2078],[5963,4395],[5770,7494],[3927,5596],[1914,8718],[-1404,1387],[-1707,7564],[-2256,4239],[-3812,7983],[-3006,6072],[-4773,5726],[-7096,7580],[-5940,5692],[-4613,4006],[-7404,8010],[-15616,20407],[-12604,9569],[-15904,4510],[-11070,385],[-12561,-1452],[-10613,2200],[-8677,6411],[-6050,8293],[-7881,14863],[-3010,7405],[-687,549],[15611,15361],[-4381,3087],[36697,32198],[41266,26692],[120744,104825],[3281,2412],[14303,13424],[14714,13504],[10948,-6530],[30936,-18036]]],"transform":{"scale":[3.6235773071548613e-7,3.4997432194863704e-7],"translate":[-72.27441029699992,45.69609022100008]}}