{"type":"Topology","objects":{"49015":{"type":"Polygon","arcs":[[0]]}},"arcs":[[[296754,432875],[7915,-7112],[44762,-38083],[23363,-21112],[18736,-17333],[48907,-44199],[59561,-53461],[-22949,-34120],[-2017,-2910],[-74966,-110464],[-70542,-104081],[-42159,33853],[-340,26],[-99013,93076],[-68431,64243],[-31131,29783],[-17435,16413],[-71015,66093],[45831,67950],[8570,11333],[5631,6719],[776,1348],[3232,3817],[23745,30092],[18874,24092],[32925,41196],[3567,4582],[12325,-10825],[30846,-30423],[36222,46631],[4390,-3569],[40068,-36590],[5164,-4225],[6321,-6329],[18267,-16411]]],"transform":{"scale":[3.6609721619451396e-7,2.2880411360819544e-7],"translate":[-72.41948055599994,45.589320745000066]}}