{"type":"Topology","objects":{"49025":{"type":"Polygon","arcs":[[0]]}},"arcs":[[[345746,392597],[773,-693],[3387,-9360],[8865,-18790],[6803,-10481],[9760,-8106],[11937,-2779],[14127,1836],[12452,-488],[17890,-5702],[14173,-12096],[17566,-25795],[8329,-10127],[5188,-5064],[6680,-7195],[7981,-9581],[5370,-7241],[2971,-6747],[-35448,-30680],[-27730,-28787],[-6069,-5891],[-3009,-2179],[-4021,-4616],[-5279,-4076],[-11221,-10611],[-9021,-9598],[-7059,-6565],[-12447,-13308],[-24839,-25382],[-24805,-28129],[-26438,-20746],[-31360,-24990],[-16295,-16610],[-22286,-22020],[-20759,13562],[-7182,5230],[-5870,3493],[-45533,30240],[-4987,2949],[-41163,-38536],[-35053,25140],[-14003,8948],[40247,37579],[-40581,27125],[38231,44033],[-1473,732],[-12961,8021],[-9165,6164],[-17145,10182],[-14823,11385],[5508,4958],[-5898,4156],[-25632,17577],[-14429,9773],[40082,38626],[37780,36069],[42265,40981],[25779,24587],[18758,18209],[42549,40417],[53797,51645],[17531,16754],[-906,-7720],[8691,-16306],[11555,-15398],[6900,-12232],[6641,-12401],[1884,-9755],[2890,-14337],[5137,-6120],[4406,-2555],[6115,-2133],[8377,-3503],[5515,-4942]]],"transform":{"scale":[3.2216378632759485e-7,2.768532637064848e-7],"translate":[-72.38579734699994,45.688364309000065]}}