{"type":"Topology","objects":{"49020":{"type":"Polygon","arcs":[[0]]}},"arcs":[[[383435,434169],[17099,-12491],[30372,-22468],[6988,-5315],[-6525,-6336],[17564,-14555],[20315,-13016],[10862,-7879],[15358,-10254],[1745,-936],[-45301,-56287],[48086,-34675],[-52498,-52879],[-44332,-43523],[-25415,-25451],[-31975,-31791],[-4353,-4032],[-1043,-1424],[-7583,-7099],[-11541,-11971],[-61715,-71787],[-39874,29093],[-31546,23935],[-23492,17712],[-24485,18014],[-40820,31065],[-9095,7152],[-35797,26556],[-15973,11706],[-38461,28993],[26393,25911],[73753,73092],[29114,30012],[6917,6817],[15507,15757],[46705,49183],[26462,26608],[19277,18896],[53271,59496],[41495,-31689],[14391,-11134],[30150,-23006]]],"transform":{"scale":[2.718772937545206e-7,2.1657672515335002e-7],"translate":[-72.49004473499991,45.65875990300009]}}