{"type":"Topology","objects":{"49030":{"type":"Polygon","arcs":[[0]]}},"arcs":[[[315260,458440],[30347,-21887],[6399,-4528],[6176,-4635],[-6801,-7645],[-19598,-22232],[-7780,-8684],[-5503,-6354],[18869,-14530],[-5769,-7253],[-27120,-33826],[13482,-10647],[7605,1038],[3993,-2388],[4835,-1327],[8036,-2425],[5583,-1535],[3754,-2544],[8444,-7697],[5585,-4495],[3881,-1618],[5944,-3324],[7900,8784],[2017,1853],[16054,17533],[9376,10111],[22508,-15153],[96,17],[11762,-9225],[13820,-10564],[40844,-31817],[-13978,-16693],[-13588,-16594],[-3117,-2979],[-114696,-129577],[-39199,-32995],[-34860,-39801],[4162,-3814],[-14829,-18990],[-4660,4832],[-7074,3427],[-5165,2084],[-3721,2498],[-4337,5985],[-2442,14018],[-1590,9540],[-5608,12127],[-5828,11959],[-9758,15058],[-7340,15945],[1048,10363],[4401,5665],[6897,4560],[10582,3963],[11457,1146],[25111,-518],[8480,-440],[7336,4106],[240,5112],[-2437,4233],[-5895,1485],[-11759,862],[-14398,3613],[-17944,6775],[-14557,7999],[-11814,10400],[-11363,4240],[-13039,-723],[-11207,-3233],[-9588,-6378],[-6350,-12030],[-4383,-14898],[218,-9189],[1083,-5487],[2715,-6693],[-711,-6272],[-3327,-11010],[-3527,-5548],[-7056,-5815],[-13824,-12254],[-12955,-6738],[-16961,1496],[-14187,5643],[-10504,7033],[-8226,7650],[-4006,7907],[496,12408],[3267,12449],[298,11818],[1554,15556],[-5918,10427],[-7000,8582],[-10265,4204],[20084,22358],[19383,21430],[14768,16164],[-67308,49390],[-31280,23634],[99654,118385],[36453,38166],[4627,-3490],[35639,44020],[31622,-24216],[20737,-15636],[6227,-4523],[12929,-13638],[12235,-12220],[15294,-12581],[32890,34113],[6953,7142]]],"transform":{"scale":[3.8146048092090705e-7,2.8312315824635713e-7],"translate":[-72.37736408199991,45.79705626300006]}}