{"type":"Topology","objects":{"49040":{"type":"Polygon","arcs":[[0]]}},"arcs":[[[499999,260124],[-42793,-50614],[-15485,-16076],[-21257,-22635],[-37518,-41841],[-12456,-13404],[-5557,-5799],[-23387,-25532],[-59244,-62180],[-21203,-22043],[-17962,14418],[-15096,11539],[-15568,12405],[-8148,6071],[-4355,3732],[-5557,4121],[-7416,6061],[-43458,33911],[-19901,15699],[-77886,60761],[-44102,34402],[44704,48930],[-46354,39836],[2813,3114],[52899,56555],[989,1174],[8506,8987],[98,458],[3536,3487],[22729,-18094],[4725,4876],[2193,2963],[15646,16950],[354,8],[14859,15873],[-23424,18314],[20681,22778],[37540,42300],[25216,28370],[4333,-3568],[56870,-40979],[187,-724],[4618,-4025],[11010,-8489],[4701,-3778],[22897,-16687],[1995,-475],[54879,-43344],[26495,-20055],[12101,-8491],[8733,-6977],[10431,-7275],[25346,-18930],[3932,-3866],[2697,-3369],[4783,-4526],[19349,-15288],[35282,-29029]]],"transform":{"scale":[3.384534969069233e-7,2.545831471662966e-7],"translate":[-72.57841483099992,45.70082469700008]}}