{"type":"Topology","objects":{"49048":{"type":"Polygon","arcs":[[0]]}},"arcs":[[[243522,462231],[12317,-9671],[25241,-22488],[30102,-25597],[9600,-8119],[3602,-3306],[26380,-22131],[20022,-17428],[10063,-8832],[10694,-8978],[14078,-10818],[86,107],[9604,-6615],[46357,-41156],[18291,-15705],[20039,-16373],[-14774,-18480],[-26940,-33081],[-38826,-47757],[-21390,-25717],[24226,-20676],[-15369,-17922],[-367,-9],[-16182,-19136],[-2267,-3345],[-4887,-5506],[-23510,20429],[-3655,-3939],[-102,-517],[-8799,-10145],[-1023,-1326],[-49680,-57994],[-40142,33631],[-39527,33382],[-19020,-21667],[-711,-1415],[-2427,-2570],[-12966,-16242],[-14902,-17872],[-99153,82299],[50811,59706],[-24628,19702],[-93788,75278],[45995,60787],[38105,46244],[-93,842],[-6919,5794],[0,1358],[25995,31473],[22382,26151],[28174,30167],[42261,52951],[15282,-11508],[12599,-10762],[19741,-15498]]],"transform":{"scale":[3.272302244604064e-7,2.2549057098114541e-7],"translate":[-72.67282427499991,45.777247515000056]}}