{"type":"Topology","objects":{"49058":{"type":"Polygon","arcs":[[0]]}},"arcs":[[[148191,494618],[1303,-1122],[7525,-7814],[-901,-2674],[-571,-662],[-4922,-4520],[-2349,-2110],[-4627,-4288],[44746,-47471],[2910,-3245],[9365,9546],[9978,-7041],[12488,-8960],[7789,-5912],[-34366,-41955],[44591,-34537],[-13568,-15967],[-3745,-4435],[37088,-30421],[2240,-1800],[-13009,-15005],[-2514,-2200],[-4484,-2719],[34884,-28509],[27943,-22939],[8851,-7090],[2691,-360],[17410,19881],[3945,-3205],[2141,-1279],[49122,-38646],[-9874,-11361],[5046,-2135],[3441,-4361],[2910,-5299],[-765,-7904],[-147,-6006],[-1606,-6325],[-243,-6305],[1969,-4017],[4044,-3889],[5162,-3573],[6974,-2867],[8338,-761],[6368,3425],[6794,6227],[3470,2954],[1732,2820],[1637,5594],[348,3186],[-1334,3401],[-533,2789],[-106,4670],[2154,7569],[3121,6113],[4713,3241],[5510,1642],[6408,369],[5586,-2156],[5808,-5283],[7155,-4066],[8820,-3443],[7077,-1836],[5781,-437],[2898,-756],[1198,-2150],[-118,-2598],[-3608,-2085],[-4166,223],[-12345,262],[-5631,-582],[-5201,-2012],[-3392,-2317],[-2161,-2880],[-141,-1430],[-7278,-8324],[-22333,-25661],[-17663,-20083],[-7789,-9047],[-10701,-12217],[-17546,-20364],[-15684,-17922],[-16639,-19192],[-10577,8952],[-5028,4318],[-14538,12317],[-15388,13264],[-8438,6986],[-2085,2068],[-1176,1538],[-1716,1767],[-11054,8649],[-4550,3324],[-3807,3188],[-5279,3880],[-11554,9164],[-23934,19804],[-870,217],[-9987,7624],[-2052,1727],[-4801,3878],[-2014,1840],[-81,331],[-24803,18724],[-1889,1629],[6591,7904],[-8449,6626],[-7713,6357],[-19548,16655],[-4049,2678],[-37,-45],[-5935,4379],[-4511,3634],[-4242,3573],[-8444,7053],[-11124,8957],[-1517,1337],[-16742,13646],[-10643,9102],[-5194,3914],[15954,18449],[30355,35950],[48854,57589],[-9684,7889],[-13319,11507],[-2963,5454],[-1907,5845],[-1779,2649],[-3952,2631],[-5064,2068],[-3435,2552],[-1189,2316],[-586,9468],[-449,1491],[-1186,888],[-6635,-164],[-9176,609],[-3586,2332],[-5483,4374],[-5018,1976],[-3612,-632],[-4493,-63],[-4908,-779],[-4394,884],[-3627,2987],[-7319,4405],[-9045,3709],[-11263,6693],[-11856,8971],[-4309,3212],[-11796,9162],[-2275,2403],[-1789,2813],[-1052,896],[-3179,-503],[-7117,141],[-4275,3122],[-3868,2585],[3421,3226],[12723,11664],[1672,-1733],[14916,13967],[1226,-1227],[14446,12802],[927,-842],[21470,-21230],[7427,7392],[8865,-8242],[404,431],[11925,11809],[1917,1938],[13789,13206],[18580,-18509],[14483,13128]]],"transform":{"scale":[7.760356980714537e-7,5.571798443597353e-7],"translate":[-72.65554955699992,45.75279102800004]}}