{"type":"Topology","objects":{"49075":{"type":"Polygon","arcs":[[0]]}},"arcs":[[[480289,447790],[-75811,-112131],[4366,-62519],[-18893,-29943],[-46523,-62447],[-19629,-17223],[-123661,-163527],[-4868,1327],[-225,6580],[-6184,881],[-14123,7917],[-2656,3630],[1713,11634],[-6323,5694],[-2673,-6628],[-6074,-87],[-6003,13284],[12837,17788],[-165559,148703],[42977,64783],[47494,75582],[1307,2653],[23400,-11382],[10199,-3518],[31933,-7118],[17297,-8908],[21136,-7167],[20934,35298],[65890,105643],[99889,-93215],[2142,7289],[18654,24602],[38408,53802],[37306,50932],[21032,-22121],[-19709,-30088]]],"transform":{"scale":[9.358100716209927e-8,5.61528643057313e-8],"translate":[-72.37052322099993,45.987474648000045]}}