{"type":"Topology","objects":{"49070":{"type":"Polygon","arcs":[[0]]}},"arcs":[[[187179,461955],[79655,-52690],[15478,-10436],[39718,-27043],[59179,-40103],[12580,-8198],[106209,-70858],[-39155,-36083],[-107041,-111922],[33599,-22345],[72299,-46694],[-15864,-15282],[-17271,-16847],[-3486,-3454],[-107399,71942],[-4677,2382],[-8624,5963],[-38041,-36990],[-5881,668],[-19340,13192],[-61063,42678],[-76228,53046],[9798,5056],[5495,4093],[28428,27921],[-4898,3347],[-81043,56600],[8185,8253],[29648,29707],[-97439,64258],[75093,78060],[-17019,10998],[-27287,16672],[-21804,13098],[55840,29055],[7603,-4019],[12344,-8108],[956,-722],[26598,-17045],[47876,-32509],[457,457],[26522,23902]]],"transform":{"scale":[3.5513593427190553e-7,2.994682829365442e-7],"translate":[-72.50301239299995,45.85148871200005]}}