{"type":"Topology","objects":{"49085":{"type":"Polygon","arcs":[[0]]}},"arcs":[[[499999,205461],[-40795,-55879],[12336,-9575],[19209,-14541],[-4895,-5943],[-33295,-39629],[-23558,-25018],[-18329,-19544],[-33444,-34738],[-517,-594],[-54055,42311],[-30030,22185],[-1079,940],[-13938,10554],[-8585,5230],[-63046,-37815],[-23110,-23114],[-7174,7859],[-110402,114954],[11419,10384],[5793,5109],[12144,10947],[1409,1603],[2223,6474],[-18564,18926],[-3218,2716],[-11305,11358],[35184,32327],[-50843,48780],[-14806,15006],[-34728,37511],[47951,42565],[12698,11207],[813,994],[8205,7418],[-7134,6699],[15688,13997],[40869,35251],[-2015,2104],[32291,35519],[9303,-424],[9588,-1193],[6907,486],[2905,-1835],[1337,-2948],[347,-3708],[1231,-42994],[731,-3384],[4697,-3688],[6476,-3606],[7822,-2337],[6289,-5571],[12852,-1645],[11797,-1770],[-3519,-35248],[-595,-4039],[-2665,-26800],[-7861,-14467],[-6186,-35035],[8912,-5199],[13380,-27096],[12787,-8026],[16495,-20160],[2446,-15953],[7633,-3597],[10080,12988],[16078,7780],[13916,-6271],[25247,-2845],[39400,29914],[11984,-446],[6228,10581],[10665,-7885],[9531,-7374],[9395,-6693],[6768,7025],[6518,4835],[7998,4993],[6323,2329],[6140,-1090],[10718,-5938],[5776,-2190],[3925,-2991],[994,-5129],[1942,-4660],[2793,-4010],[5935,-6010],[2177,-4428],[130,-4871],[-828,-4883],[-1866,-5629],[-1852,-3669],[-607,-3742],[986,-4675],[11030,-9317]]],"transform":{"scale":[3.145387150774006e-7,2.3008757817518488e-7],"translate":[-72.56460994399991,45.982534831000066]}}