{"type":"Topology","objects":{"49080":{"type":"Polygon","arcs":[[0],[1]]}},"arcs":[[[430697,400848],[69302,-42081],[-46221,-48627],[-2170,-1180],[19473,-14759],[25367,-17368],[-37588,-32485],[-7034,-5949],[-8299,-7508],[-42995,-42745],[-7310,4768],[-35034,-33529],[100036,-66525],[-88481,-92860],[-5783,3707],[-123574,79613],[-14636,9213],[-68854,45059],[-46211,30384],[-18009,11726],[-92676,59200],[3605,3133],[18889,16870],[24275,21599],[34311,34209],[5043,5131],[-19795,12553],[-12711,8265],[42037,48238],[3176,-2968],[2627,-3639],[1841,-1602],[4364,-691],[11158,-9052],[10410,-7329],[343,93],[9119,8711],[10593,10528],[25324,24867],[49523,47439],[-3593,2664],[45096,42078],[13466,-9029],[7543,-4915],[137134,-92035],[6919,6828]],[[363525,324407],[6043,6339],[-6449,4660],[-11437,-10730],[-11776,-11334],[-5719,-5184],[-656,-1535],[-30625,19638],[-20201,-22257],[-6417,-7437],[-6481,1510],[-5303,1877],[-9789,1500],[-3128,741],[-7174,2398],[-400,-558],[-14562,-15924],[-13176,-13649],[50759,-31328],[-3937,-3748],[1841,-2800],[1862,19],[821,1396],[1937,-1199],[-524,-2452],[813,-763],[4330,-1669],[1897,-185],[69,-1387],[1491,-279],[37914,34452],[6017,3629],[14263,13156],[5793,6308],[-1339,13172],[23243,23623]]],"transform":{"scale":[3.0523546247093724e-7,2.6653050506106766e-7],"translate":[-72.43653821299995,45.92615473800004]}}