{"type":"Topology","objects":{"49095":{"type":"Polygon","arcs":[[0]]}},"arcs":[[[230162,0],[-23603,17830],[-15065,12383],[-18304,13199],[-173190,129844],[35848,49141],[34515,49323],[8641,9807],[8339,9128],[8269,9911],[23057,24818],[25440,30074],[7172,9244],[43685,51361],[34525,41237],[18825,22914],[14870,17806],[12743,180],[10240,1799],[14228,-5618],[15550,-12437],[10168,-6628],[26017,-1730],[18817,461],[3362,-2523],[1273,-4236],[1659,-26917],[3371,-6588],[9745,-7251],[14356,-5879],[11206,-7483],[5043,-7528],[5408,-16621],[8401,-15504],[37766,-32711],[27460,-22429],[-138524,-163722],[-86074,-102205],[-45239,-52450]]],"transform":{"scale":[2.7368101936206237e-7,1.959873859747809e-7],"translate":[-72.65612755799992,45.881476563000035]}}