{"type":"Topology","objects":{"49105":{"type":"Polygon","arcs":[[0]]}},"arcs":[[[336753,370187],[91813,-82182],[24109,-21507],[-49739,-65180],[97062,-89847],[-14551,-19465],[-3781,-4841],[-10809,-14538],[88,-98],[-54227,-72529],[-24706,23083],[-2174,2352],[-75040,69602],[-71091,-77720],[-1548,-1562],[-7549,8378],[-14605,16958],[-9943,11220],[-42979,50216],[-42506,49545],[-37085,43446],[-36891,41982],[-34747,40190],[-15854,18014],[20399,22714],[22347,25355],[5998,6074],[8580,-8791],[42403,46174],[3327,4604],[17676,17833],[26265,31538],[43561,58794],[132583,-117854],[13614,-11958]]],"transform":{"scale":[3.342719405439047e-7,2.0655151510296508e-7],"translate":[-72.78539158099994,45.75585683700007]}}