{"type":"Topology","objects":{"49100":{"type":"Polygon","arcs":[[0]]}},"arcs":[[[290209,490821],[209790,-150282],[-61169,-70465],[-40806,-40171],[-32415,-34824],[-37648,-41910],[-1,-1808],[10018,-7716],[136,-1121],[-55190,-61580],[-66616,-80944],[-20143,14585],[-196154,143755],[66236,74008],[-55889,47602],[47804,46565],[-58162,54026],[15654,16660],[5033,6242],[70,4145],[-1019,2099],[-750,5336],[-2918,1619],[2954,1409],[3907,854],[2032,3029],[7287,1292],[2988,2525],[294,2118],[-2957,2207],[-1793,2917],[-559,4107],[1833,2025],[-334,2189],[-3980,424],[119,2016],[2257,2917],[-4249,-844],[-1051,1038],[1781,2240],[2944,1142],[3888,217],[2798,-1830],[1912,-2761],[2985,-1249],[5821,2],[3219,765],[5942,3882],[4986,717],[4065,-1825],[47707,51834],[14153,-63],[4998,-772],[3550,-1477],[56707,-43332],[11050,11513],[42028,-33829],[44857,58782]]],"transform":{"scale":[2.259354398708572e-7,1.6933469666940795e-7],"translate":[-72.7216961819999,45.83231978400005]}}