{"type":"Topology","objects":{"49113":{"type":"Polygon","arcs":[[0]]}},"arcs":[[[499998,399370],[-34063,-35035],[-2904,1233],[-3560,-484],[-4242,-2624],[-2299,-517],[-4156,-2],[-2132,845],[-1367,1867],[-1996,1235],[-2776,-146],[-2103,-772],[-1272,-1514],[302,-725],[3484,595],[-1614,-1972],[-85,-1362],[2844,-289],[237,-1478],[-1308,-1368],[399,-2777],[1281,-1972],[2111,-1491],[-211,-1431],[-2133,-1707],[-5203,-875],[-1451,-2047],[-2790,-577],[-2109,-952],[2083,-1095],[536,-3605],[728,-1421],[-51,-2801],[-3593,-4220],[-11179,-11259],[41532,-36517],[-34135,-31476],[39907,-32174],[-47295,-50025],[-46020,-48474],[-27749,-26002],[-18673,-14702],[-3516,-3797],[-44794,-38069],[-9065,7248],[-6337,-5007],[-23606,-20904],[-21552,-18728],[-17930,16164],[-20412,18031],[-1838,1696],[-29587,26100],[-34490,30228],[-43546,38592],[-30285,27202],[-12954,11245],[-21407,20140],[9762,40749],[-15416,13612],[13567,22101],[27324,23793],[12283,1465],[5486,-2262],[9142,-7024],[3724,-5552],[34668,29764],[3796,-3517],[55718,47683],[1710,422],[538,1533],[1882,241],[1639,-1009],[1421,1187],[-1410,4416],[108,860],[2170,306],[1437,-968],[1321,-2045],[2468,-1856],[1705,-185],[2264,699],[1457,2265],[2761,2302],[1616,859],[1568,-684],[-50,-885],[1810,1165],[13749,15232],[23776,26553],[2803,3414],[86212,95967],[24149,-20394],[41055,-34079],[52544,-44415],[39099,-1584],[24488,-157]]],"transform":{"scale":[3.1641352082710064e-7,2.505237410474889e-7],"translate":[-72.85440222499994,45.81693504900005]}}