{"type":"Topology","objects":{"49125":{"type":"Polygon","arcs":[[0]]}},"arcs":[[[289197,475435],[8857,-6719],[9788,-8121],[16297,-368],[7274,1307],[2413,-2332],[4095,-7313],[5206,-6249],[27011,-23831],[9863,-8354],[27145,-23331],[25787,-17407],[20709,-9644],[16756,-11462],[8306,-7767],[10057,-2299],[11238,2025],[-12008,-16291],[-15199,-20961],[-27877,-37726],[-35274,-46986],[-5789,-8458],[-20542,-27512],[-18617,-22706],[-6677,-9066],[-6733,-8351],[-6978,-8971],[-27868,-45123],[-58846,-91419],[-28016,26740],[-7365,-9100],[-37800,34250],[-2366,1168],[-3332,610],[-32295,232],[-36499,1852],[-49049,51941],[-38327,39853],[-22542,23847],[9563,13320],[12562,17800],[15217,20362],[7706,11019],[13547,18944],[12752,17539],[51150,70679],[110545,153275],[2874,4121],[1423,1452],[30359,-11841],[15983,-17544],[5516,4916]]],"transform":{"scale":[3.389496378992009e-7,2.1423079646162394e-7],"translate":[-72.7535728599999,45.905478932000044]}}