{"type":"Topology","objects":{"49130":{"type":"Polygon","arcs":[[0]]}},"arcs":[[[275745,495082],[29154,-22555],[4411,-1291],[7759,-1669],[24416,-10470],[5320,-4559],[20308,-5957],[9681,-3430],[5925,-4408],[12815,-12622],[11264,-6687],[6831,-4355],[20722,-4951],[7121,-1928],[7536,918],[13685,-1275],[11996,-4259],[8606,-4581],[5161,-5258],[11543,-7193],[-5343,-6784],[-142132,-183449],[-65765,-84594],[-16393,-20992],[-17419,-22672],[-9908,-13188],[-19565,-24372],[-16151,-21305],[-8626,-11196],[-64469,66345],[-40518,41555],[-21193,21875],[-27737,28260],[4939,5024],[-46721,47087],[-2998,3253],[1213,1423],[52310,57957],[-48303,25456],[2291,54339],[625,6871],[630,21554],[2167,4062],[4699,5298],[2663,2440],[1677,3190],[38334,-19954],[41669,2795],[28413,854],[1455,-198],[10002,-9473],[56744,56467],[72870,73519],[6286,-4917]]],"transform":{"scale":[2.636252032503275e-7,1.7899266398526895e-7],"translate":[-72.8049869899999,45.94304599200006]}}