{"type":"Topology","objects":{"50005":{"type":"Polygon","arcs":[[0]]}},"arcs":[[[499998,328301],[-138,-17115],[-370,-24470],[-41,-16843],[-402,-86],[-40363,-11735],[-10406,-3135],[-19114,-5577],[260,-32271],[-12732,-3019],[980,17223],[-26127,-23735],[-17819,-17551],[-869,30200],[-123,14032],[-62896,-18338],[424,-23925],[157,-25815],[832,-15115],[-3217,-386],[-21236,20695],[-7480,-7379],[-41399,-41149],[-20640,-20415],[-39669,-36872],[-19492,-18016],[-19928,-14904],[-16228,-11884],[-2299,-1934],[-7866,-5721],[-7575,-5739],[-9086,-7322],[-3363,838],[-2530,1450],[-1367,4069],[-1543,2046],[-1585,421],[-3591,-1523],[-1860,-270],[-2028,341],[-8587,2965],[-5415,2592],[-2572,2414],[-534,3801],[2702,9655],[-412,2411],[-1519,1900],[-2267,1034],[-2157,135],[-4046,-365],[-1883,756],[-3357,9481],[-2242,4331],[-4077,3497],[-3703,2015],[-5404,1005],[-2748,1582],[-2314,1996],[8520,6091],[2481,1017],[-8259,7328],[-5454,3859],[-6197,3995],[19888,21930],[-7922,9524],[10093,11101],[-39884,41355],[16788,11424],[9399,6987],[11148,10821],[43620,39331],[-13579,13356],[-30702,31220],[1664,1484],[30492,31530],[20880,21509],[11307,11323],[14022,14308],[6490,6526],[21279,21849],[19635,19659],[46479,-46167],[96249,98446],[646,684],[4138,1090],[34625,9995],[23946,7216],[42405,12184],[7199,1844],[16797,4576],[14000,4027],[171,-19751],[-99,-4460],[126,-15832],[-389,-21683],[7289,764],[3083,-76117],[1532,-44274],[39358,9655]]],"transform":{"scale":[3.450085540170755e-7,2.400734821469953e-7],"translate":[-72.3217786219999,46.04580170300005]}}