{"type":"Topology","objects":{"50013":{"type":"Polygon","arcs":[[0]]}},"arcs":[[[279963,447078],[-3562,-176154],[223597,61840],[-3228,-106925],[-20038,-4990],[-76016,-20759],[-42922,-12297],[-62072,-17028],[-7415,-1859],[-1158,-1166],[-172535,-167740],[-83319,78663],[3402,3235],[6465,7647],[14319,12626],[25425,24749],[-80906,76032],[9628,9501],[87214,87861],[-78520,75685],[18347,19742],[7968,8045],[34597,36620],[27342,29509],[29064,30083],[10813,-7408],[13617,-6482],[13525,-4286],[19626,-10863],[22896,-518],[11833,-4368],[9766,-4335],[8111,-2456],[8494,-7499],[13306,-9252],[12336,4547]]],"transform":{"scale":[1.924644609290003e-7,1.408962257924733e-7],"translate":[-72.27175776699994,46.132213327000045]}}