{"type":"Topology","objects":{"50023":{"type":"Polygon","arcs":[[0]]}},"arcs":[[[211358,491987],[-181,-1595],[1452,-6305],[4445,-9752],[1889,-7196],[56,-8233],[-4186,-8663],[1240,-5217],[5902,-5223],[9354,-1212],[6073,-181],[8314,-1262],[6948,-4426],[9182,-9726],[13461,-6444],[12897,-1134],[14005,574],[6930,4083],[7844,1592],[8904,-1403],[2676,-3664],[5475,-3341],[12449,-5867],[5484,-2041],[4639,-4809],[2173,-5457],[1412,-6540],[3770,-7827],[7838,-14845],[1220,-1792],[5297,-1202],[8769,4273],[10012,6450],[9665,2072],[9971,8026],[3252,8236],[3653,6664],[8344,1695],[13146,-2276],[7216,2559],[4484,7666],[6650,3317],[17008,1247],[8102,-3741],[11406,-8272],[-18898,-18675],[-17779,-18319],[-22498,-22730],[-5180,-4994],[-11930,-12254],[51058,-46982],[-56713,-54542],[-6259,-5897],[52608,-47197],[-16532,-15363],[-9310,-7838],[-4205,-4746],[-25191,-22889],[-24711,-23024],[-7564,-6902],[-16451,-15234],[-13042,-11849],[-23739,-22186],[-36174,-33942],[-7322,-5232],[-15805,14575],[-30557,29681],[-27502,-21560],[-21302,19585],[-34849,30675],[-6058,-4187],[-6037,-3625],[-2090,-1816],[-50101,45102],[29737,19970],[-30554,27958],[-22460,20645],[-11004,-8428],[-14577,12727],[-20489,17592],[-16518,14917],[6505,4656],[13137,9878],[12617,9974],[6805,6576],[25410,23488],[-8533,8054],[-19288,17237],[-20138,18351],[-979,1527],[-2514,1763],[12756,11733],[44448,41326],[47522,45099],[43362,40875],[47852,45651],[-506,-5874],[13,-3173],[1595,-684],[1294,1719]]],"transform":{"scale":[2.959835919671623e-7,2.2697565995133999e-7],"translate":[-72.39364339899993,46.11169053100008]}}