{"type":"Topology","objects":{"50035":{"type":"Polygon","arcs":[[0]]}},"arcs":[[[498683,344481],[-1221,-1684],[-1505,670],[-13,3112],[478,5759],[-45175,-44761],[-40939,-40074],[-44864,-44218],[-41961,-40519],[-12043,-11502],[2372,-1730],[925,-1497],[19013,-17992],[18208,-16901],[8057,-7896],[-23991,-23029],[-6424,-6449],[-11910,-9778],[-12403,-9686],[-5770,-4370],[-4261,-2512],[-7517,-5834],[-8076,-7721],[-4667,-4755],[-1146,-859],[-6150,-6144],[-6530,-6118],[-38734,-37993],[-20824,20119],[-27509,26416],[-37822,36822],[-26670,26533],[-3265,3598],[-2405,2171],[-13073,12875],[-2303,2751],[-3960,3891],[-4650,4223],[-23563,22908],[-56392,53672],[11031,9607],[15014,13555],[23122,21439],[37795,34378],[27053,25417],[3708,2900],[5963,10267],[7713,-7582],[20833,-21061],[16320,-16312],[2983,2171],[13249,-12022],[7484,-6908],[11726,10715],[16006,-15605],[3760,4280],[-23863,23208],[-15129,15290],[-10036,9311],[-3863,-3358],[-11172,10635],[-19586,17860],[-7682,6884],[82,165],[19139,18339],[35069,33964],[-19783,21057],[39299,35150],[44205,40276],[22778,-21196],[21690,-21358],[15895,-16132],[10804,10252],[13532,12993],[6329,5792],[23651,22248],[457,-6674],[2689,-7630],[1771,-2778],[5818,-6380],[1982,-1460],[3337,1186],[8931,10204],[6714,2943],[12281,2015],[4383,1530],[3658,1672],[3477,-235],[9010,-1955],[10721,-2609],[5223,-5843],[24,-2912],[-6602,-4212],[-8173,-2217],[-2754,-1287],[-3619,-7061],[1603,-3964],[6231,-6288],[12900,-10275],[3037,-2076],[5797,-2180],[2165,-1179],[5642,-3874],[3883,-2335],[3661,-7886],[4663,-9471],[3385,-12246],[4706,-6647],[3163,-9183],[1167,-4308],[2200,-4616],[2044,-3393],[7150,-10874],[1238,-2446],[917,-3255],[-637,-6202],[-679,-1716]]],"transform":{"scale":[3.1351761303522226e-7,2.3149904099808207e-7],"translate":[-72.48743093799993,46.14361226500006]}}