{"type":"Topology","objects":{"50030":{"type":"Polygon","arcs":[[0]]}},"arcs":[[[0,395932],[43689,104067],[38375,-40931],[97864,-106163],[55816,-63225],[19304,19959],[50143,-55345],[75588,-90888],[119220,-137966],[-18784,-25440],[-79973,92767],[-58584,-63703],[-37392,41071],[-66199,71467],[-14900,-12910],[-81542,96966],[-104086,125200],[-38539,45074]]],"transform":{"scale":[6.275000349998388e-8,3.8942959885934606e-8],"translate":[-72.44865326799993,46.205408384000066]}}