{"type":"Topology","objects":{"50042":{"type":"Polygon","arcs":[[0]]}},"arcs":[[[441726,315190],[31738,-29042],[14038,-12422],[-45093,-36586],[-11523,-10064],[-9716,-6500],[-17355,-10627],[41229,-38467],[-10433,-10325],[8191,-8860],[-20562,-20399],[6408,-3717],[5638,-3588],[8539,-6816],[-2566,-946],[-8808,-5666],[2393,-1858],[2841,-1471],[5586,-935],[3828,-1873],[4215,-3255],[2317,-4026],[3471,-8821],[1946,-702],[4182,340],[2231,-127],[2341,-962],[1572,-1765],[426,-2244],[-2793,-8981],[552,-3535],[2658,-2246],[5598,-2412],[8876,-2757],[2097,-316],[1923,249],[3711,1418],[1641,-393],[1592,-1901],[1414,-3786],[3930,-1637],[-14550,-15987],[27,-314],[-3844,-3335],[-13412,-14759],[-9036,-9628],[-9186,-10530],[-2460,-2616],[-125418,95041],[-6899,5075],[-12314,9326],[-41244,-43454],[-41608,28181],[-24720,17587],[-47307,33053],[-27212,18877],[22938,34108],[11672,17092],[10810,15195],[9966,14920],[-21093,23055],[-24826,6670],[-26921,-7931],[-2806,6528],[-1039,3663],[-2609,10957],[-2562,3918],[-13044,7348],[-7234,3283],[-11895,3258],[-8737,853],[-14644,-1827],[-15905,-5243],[-3203,4856],[-5214,6208],[-12247,11148],[-2223,1890],[16812,12246],[12336,9895],[2249,1168],[23671,22998],[12375,12171],[-2056,2786],[8626,7623],[11295,8354],[14761,14712],[8695,7873],[10299,9113],[-2660,3052],[36410,34102],[6137,5487],[5775,5512],[1076,769],[4386,4266],[7587,6926],[7061,5231],[3653,2080],[14651,-13119],[18170,-15471],[12926,-11192],[9761,7411],[19918,-18157],[27095,-24585],[-26371,-17561],[44432,-39666],[1854,1597],[5353,3187],[5373,3685],[30906,-26978],[18891,-17224],[24390,18962],[27101,-26102],[14015,-12819],[4773,3223]]],"transform":{"scale":[3.337474894949454e-7,2.580947501894414e-7],"translate":[-72.45655098899994,46.03117344600008]}}