{"type":"Topology","objects":{"50057":{"type":"Polygon","arcs":[[0]]}},"arcs":[[[499999,156446],[-11573,-11927],[-8835,-10885],[2107,-3977],[-12678,-17377],[-24249,-32837],[-2306,-1668],[-12637,-14127],[-17224,-17486],[-4848,-334],[-3477,837],[-3070,1613],[-2294,3932],[-1247,3320],[-1866,6393],[-793,4445],[-6538,11284],[-3344,3277],[-1262,498],[-7755,231],[-22312,19678],[-18942,-20069],[-9721,-10693],[-8870,8966],[-13701,12840],[-23864,23215],[-18680,19565],[-18100,-19429],[-2440,-2293],[-16071,-16698],[4559,-4535],[-13201,-19835],[-32456,-48158],[-16069,-24212],[-31076,32512],[12338,22139],[-5468,5185],[-8424,8635],[-1582,1416],[-13275,-21513],[-37291,37771],[4901,9196],[-5177,4850],[2089,3628],[-5796,5685],[-7577,-11856],[-49108,47354],[6762,11212],[-22198,25083],[3545,4244],[-3140,5677],[8759,9272],[27118,29000],[982,1144],[-3784,4635],[-16953,-16932],[-5456,2192],[-15091,6895],[1359,1653],[624,2056],[-2455,12104],[-868,7570],[463,3916],[1636,7141],[1667,3445],[6429,7635],[976,3024],[855,5190],[403,4563],[1391,1296],[5199,2708],[2463,1],[2770,-1130],[2222,210],[1899,1420],[1806,3114],[758,2882],[-181,3845],[-1245,3550],[-2540,4404],[-2121,6817],[-261,4545],[168,6566],[-240,3017],[-1369,1873],[-6352,2395],[-1844,2334],[650,4373],[1088,2291],[3565,2794],[3291,-369],[5603,-1273],[3019,3100],[1012,2874],[184,2506],[-744,2317],[-1967,3902],[-438,2959],[333,4427],[706,3219],[45456,30776],[14934,9881],[-574,4092],[12842,15517],[34431,41848],[18734,23293],[5507,5904],[16774,-24672],[4865,-5915],[13880,-19312],[4086,-5240],[4570,-5007],[7035,-9785],[8093,-10375],[6734,-9026],[6437,-8220],[6545,-8671],[4047,-5087],[4329,-6594],[4792,-7991],[15520,-23086],[11924,-13406],[39520,-45285],[26165,-33074],[41192,-52705],[31272,-39116],[2714,987],[6102,-5154],[3578,4422],[26896,-15084],[2531,2434],[11350,-14784],[21647,21602],[4817,-5409]]],"transform":{"scale":[3.2578162956327075e-7,1.807646615292874e-7],"translate":[-72.59097009899995,46.10635744600006]}}