{"type":"Topology","objects":{"50050":{"type":"Polygon","arcs":[[0]]}},"arcs":[[[237920,425301],[2177,-2240],[12114,-13357],[5159,-7437],[3168,-5815],[15734,6281],[14487,2186],[8644,-1021],[11765,-3902],[7158,-3934],[12903,-8801],[2535,-4695],[2581,-13126],[1027,-4387],[2777,-7822],[26631,9500],[24560,-7989],[20866,-27620],[-9860,-17874],[-10693,-18203],[-11545,-20478],[-22694,-40859],[26920,-22616],[46799,-39597],[24453,-21070],[41161,-33760],[3252,-3295],[-44806,-58690],[-22913,-30764],[-9582,-13025],[-8252,-10777],[-310,-114],[-9419,9066],[-10093,11199],[-3950,857],[-1665,1980],[-2376,4502],[-2613,3426],[-10543,10199],[-919,4992],[564,3997],[1727,3919],[1741,6010],[770,5216],[-120,5201],[-2029,4730],[-5533,6420],[-2605,4281],[-1811,4978],[-927,5479],[-3659,3194],[-5385,2336],[-9991,6343],[-5725,1163],[-5894,-2486],[-7458,-5334],[-6076,-5164],[-6311,-7501],[-8759,7149],[-8886,7874],[-9943,8422],[-5808,-11301],[-11172,477],[-36734,-31947],[-23537,3037],[-12975,6697],[-14989,-8308],[-9398,-13872],[-7115,3843],[-2281,17038],[-15379,21529],[-11922,8572],[-12476,28939],[-8308,5552],[5768,37416],[7329,15452],[2485,28620],[555,4316],[3280,37643],[-10998,1890],[-11983,1759],[-5864,5949],[-7291,2498],[-6038,3850],[-4379,3940],[-681,3612],[-1149,45917],[-324,3961],[-1245,3148],[-2709,1959],[-6440,-518],[-8938,1274],[-8673,453],[-22525,10858],[-32341,28078],[-1993,1813],[15515,20316],[31342,40408],[12746,16642],[-4403,3804],[15520,14011],[2357,1924],[17477,16302],[18038,-16416],[23045,-19478],[13229,-10776],[8568,-7522],[9385,8973],[18292,16839],[21546,-16511],[7487,-194],[1219,-418],[3229,-2750],[6315,-9467],[765,-3730],[1801,-5365],[1205,-2786],[2213,-3298],[2965,-1354],[3359,-701],[4705,256]]],"transform":{"scale":[3.373730187459969e-7,2.1543890487786208e-7],"translate":[-72.5368110309999,46.02307039500005]}}