{"type":"Topology","objects":{"50065":{"type":"Polygon","arcs":[[0]]}},"arcs":[[[208647,387726],[72944,-77826],[30480,-33217],[6015,-6124],[5120,-5641],[2980,-3990],[16910,-18667],[3111,-3151],[4224,-5217],[34498,-38472],[48923,-53394],[35582,-38304],[26937,-29173],[3628,-4972],[-14183,-14732],[-11972,-12728],[-20326,-23785],[-6474,6125],[-29095,-24458],[-15256,16739],[-3403,-2755],[-36150,17078],[-4810,-5008],[-8201,5838],[-3648,-1120],[-42032,44291],[-55366,59675],[-35168,37447],[-53121,51274],[-16026,15179],[-20862,26140],[-6440,9047],[-5818,7466],[-5441,5760],[-8795,9818],[-8653,9306],[-9051,10220],[-10879,11747],[-9455,11079],[-6141,5670],[-5492,5931],[-18657,21867],[-6538,6697],[-22546,27936],[9534,8609],[95414,84068],[35341,-41958],[36537,-38495],[29386,-29222],[2435,-2598]]],"transform":{"scale":[2.423786447572197e-7,1.596509933019776e-7],"translate":[-72.53800280999991,46.13171030700004]}}