{"type":"Topology","objects":{"50085":{"type":"Polygon","arcs":[[0]]}},"arcs":[[[254406,455535],[16562,-8124],[5987,-2581],[18604,19949],[4155,-5461],[-1079,-1348],[-29759,-34169],[-9612,-10924],[3445,-6690],[-3892,-5003],[24363,-29553],[-7422,-13210],[53894,-55797],[8315,13968],[6361,-6698],[-2293,-4274],[5683,-5715],[-5380,-10835],[40925,-44504],[14568,25347],[1737,-1669],[9246,-10174],[6000,-6108],[-13541,-26086],[36372,-40856],[36754,-39429],[25600,-15249],[-34214,-53270],[2135,-3156],[-43304,-52868],[-16669,-21048],[-45728,64675],[-48174,65995],[-3051,-3603],[-6556,8364],[2971,4591],[-47048,63912],[-3578,-2735],[-91214,-78550],[-125459,-111181],[-3437,2351],[-4045,4325],[-4741,6406],[-6884,9895],[-7767,10723],[-13236,17904],[30696,40826],[-15099,20815],[5118,6195],[4868,5320],[4254,5230],[10172,13890],[10778,13261],[31348,36005],[-52544,74840],[-4337,5998],[4418,4775],[-16262,22657],[8864,10743],[18161,-25006],[5929,8033],[5213,6485],[-5889,8386],[11953,8085],[11735,7383],[19504,30976],[6223,8657],[-38542,51325],[5387,7112],[38925,-50353],[6017,8479],[13996,14295],[-3601,4253],[-744,1914],[221,2420],[4961,8204],[-1889,6506],[733,6092],[1345,2865],[15447,24830],[6797,-8795],[10650,23185],[-874,14540],[4362,6501],[7927,-11081],[55946,-73457],[1268,4620],[2808,5370],[18,2875],[-707,8419],[707,2760],[3965,6720],[2906,3843],[2072,1926],[2180,1003],[5917,-1089],[3532,-176],[2914,522],[2726,1387],[1933,1894]]],"transform":{"scale":[2.968542557085009e-7,1.5341423682852976e-7],"translate":[-72.66605509499993,46.07758199600005]}}