{"type":"Topology","objects":{"50090":{"type":"Polygon","arcs":[[0]]}},"arcs":[[[460093,333990],[7523,-8182],[-8652,-9058],[-856,-1213],[-13389,-13686],[-50561,-51983],[36618,-45808],[15612,-18324],[53610,-59573],[-37100,-39478],[11922,-13869],[-37674,-38825],[-48335,54735],[-35873,-39053],[-4991,-5729],[-31020,-34922],[-1053,-1280],[-23061,24376],[-19318,-21860],[-55858,62786],[-2409,2488],[-37581,-37861],[-3188,3630],[-38805,-41301],[-90612,106626],[-15571,18940],[-11854,13710],[-4274,5349],[-13343,15494],[75338,78614],[-6377,7112],[-11197,-11552],[-28692,32670],[7266,7475],[-1568,2628],[2943,2151],[4865,-2393],[13300,15023],[8051,8040],[2070,-2551],[1023,1760],[8064,8147],[21048,21864],[3828,4540],[-5961,9636],[124850,90529],[90771,63961],[3561,2226],[46817,-52042],[-2956,-3736],[6524,-6811],[3037,2932],[47938,-53736],[45507,-52662],[43,46]]],"transform":{"scale":[2.9830618661232886e-7,1.8841013282030692e-7],"translate":[-72.6821899169999,46.01466346800004]}}