{"type":"Topology","objects":{"50095":{"type":"Polygon","arcs":[[0]]}},"arcs":[[[375192,415749],[21401,-14177],[12381,-8370],[11075,-7793],[7624,-5047],[6507,-3406],[5527,-1851],[9635,-9321],[-6188,-4392],[-34020,-21149],[-13035,-7880],[-1654,-1702],[-3348,2467],[-13012,-7777],[-21496,-14531],[-7867,2314],[-4755,-2081],[2533,-2541],[-11742,-7231],[46376,-31603],[18100,11176],[10306,-6881],[-121775,-76043],[21566,-14988],[6908,-5173],[19162,-13262],[25168,-18319],[139430,-98184],[-53497,-33369],[-14386,-9229],[-10132,-5406],[-29351,19296],[-55759,13022],[-16747,6715],[-7373,4831],[-12292,4211],[-17139,3913],[-19547,1172],[-10765,-844],[-10172,1772],[-29600,4548],[-9759,4003],[-16089,6145],[-18308,11600],[-8461,4050],[-13830,3152],[-29009,5475],[-7599,4189],[-34878,9622],[-11082,1533],[-6303,1186],[-41643,20727],[989,66843],[17026,24107],[-3184,3311],[15118,2086],[23981,52429],[-54636,40069],[79918,13209],[-20044,14125],[-26398,18242],[-49048,34107],[21354,13430],[30515,-19536],[3505,2198],[3428,-2330],[9727,6302],[28565,17335],[40827,19128],[-14449,14150],[9375,5178],[5093,-3910],[20863,8899],[4504,-4061],[22619,16795],[-18475,14840],[7421,4759],[23801,-14835],[26964,13214],[5039,2997],[4720,2081],[7947,587],[11882,3932],[17546,-12260],[912,-17],[60304,-42332],[22150,-15815],[1330,-1597],[7063,-5080],[10662,-7149]]],"transform":{"scale":[1.845525251050454e-7,1.9477969755947438e-7],"translate":[-72.7352976379999,46.006278664000035]}}