{"type":"Topology","objects":{"50802":{"type":"MultiPolygon","arcs":[[[0]],[[1]],[[2]],[[3]],[[4]]]}},"arcs":[[[214876,12571],[-1071,-12571],[-28921,34482],[9892,14643],[26116,35537],[-1716,-21632],[-4300,-50459]],[[427822,278613],[72177,-122014],[-3739,-3241],[-86395,119531],[3441,764],[14516,4960]],[[147412,356418],[-6399,-36],[-2138,568],[-5279,3615],[-4133,3431],[-5971,9142],[-5231,8629],[-2649,5184],[-414,1897],[2387,-647],[4196,-2806],[4605,-4842],[5472,-9054],[8133,-8529],[7386,-5854],[35,-698]],[[256191,446890],[16118,-25528],[22611,8859],[21137,-29453],[-31707,-46545],[-16592,-25285],[-989,12029],[-8718,-7245],[-1627,18636],[-10022,1144],[-4144,-4262],[-136,-5985],[-8733,-11499],[1500,-7666],[-2086,2464],[-3168,-7274],[-1841,1262],[-2571,-1084],[-7917,6642],[-7509,4537],[-5598,2651],[-6000,4967],[-4930,3601],[-5746,2657],[-7225,1182],[-6696,2692],[-8333,5960],[-5007,4719],[-4546,2750],[-7358,2091],[-5141,2912],[-3843,2931],[-5131,6048],[-3598,5221],[-4280,2574],[2241,5019],[2097,3350],[8252,9206],[2295,3737],[1003,6185],[12963,4459],[3065,720],[2593,-378],[2341,-8030],[2589,-5372],[13674,6078],[-2463,11240],[2659,1223],[65243,23678],[11274,2182]],[[30504,497926],[5270,-3651],[-599,-1956],[-5231,2770],[-808,-2805],[12543,-7218],[-3643,-3690],[3005,-6016],[5233,4911],[20505,-49523],[-8996,-5100],[-4016,-48],[-5499,916],[-5526,2075],[-13140,451],[-6092,3565],[-7621,8160],[-5911,6936],[-1458,2364],[-5299,12480],[-596,2423],[1378,7197],[334,4182],[5662,2166],[-9989,19397],[7472,1638],[4809,449],[13698,-233],[4515,-1840]]],"transform":{"scale":[2.586789873580382e-7,1.2919130038260297e-7],"translate":[-72.87508344799994,46.02763871900004]}}