{"type":"Topology","objects":{"51030":{"type":"Polygon","arcs":[[0]]}},"arcs":[[[194225,493209],[282661,-253678],[399,-2162],[-1508,-6787],[-9278,-6698],[-6386,-7533],[-1449,-6007],[-1165,-938],[733,-2312],[6942,-2826],[8394,-1231],[399,-3750],[-47046,-12840],[73077,-71617],[-79800,-32219],[-4404,-1885],[-15811,-7647],[-9286,-4123],[-30317,-14181],[-4789,-1333],[-9953,-4961],[-109030,-48481],[-76542,65754],[4025,3930],[7724,3435],[11260,2341],[7371,917],[4719,3129],[-128,7775],[-4921,4435],[-5545,-737],[-3847,2772],[-2034,5514],[-520,11070],[-3831,3566],[-2759,4860],[-2811,3227],[-314,4639],[2800,2296],[-2753,7478],[-12544,5751],[-8109,2475],[-6745,10575],[-5367,6835],[-4020,7828],[-3070,3582],[-6517,4194],[-5638,1221],[-2414,3284],[-635,7404],[1785,5991],[3009,15896],[-143,10340],[2738,11760],[-997,5967],[-2158,3669],[-2736,6790],[766,6331],[-797,8415],[-3067,9157],[-8962,9993],[-3857,7953],[-651,4390],[-6115,7611],[-4712,2101],[-5880,1627],[-5439,3668],[-3284,4435],[-716,5320],[1072,9832],[2351,8397],[-2218,10175],[-8275,8321],[-9099,695],[-7594,2157],[-6691,3330],[-8077,6674],[-14322,13917],[-11688,13133],[-2363,9756],[2868,12524],[-2268,4838],[-5923,1943],[82055,73343],[10575,-8937],[5276,-5135],[21661,-19593],[1572,-1099],[13875,-13135],[6948,-6295],[52263,47404]]],"transform":{"scale":[1.9427762255532803e-7,1.4905830011666093e-7],"translate":[-72.95239724899994,46.326461108000046]}}