{"type":"Topology","objects":{"51045":{"type":"Polygon","arcs":[[0]]}},"arcs":[[[489940,263536],[2577,-4922],[1508,-4584],[1841,-8418],[1309,-3999],[2231,-9750],[593,-4286],[-350,-2654],[-3247,-6017],[-1036,-3195],[-476,-3775],[-832,-2915],[-1393,-2334],[-1968,-2108],[-3532,1926],[-6070,9743],[-5535,7739],[-1850,2223],[-461,-2879],[-1763,-1462],[-5451,-1837],[-1894,-1056],[-2198,-2341],[-3517,-2435],[-23610,-16715],[-16089,-11909],[573,-651],[-20881,-14543],[1104,-13085],[1565,-2452],[4085,-2751],[3132,-3758],[1686,-5721],[3991,-3521],[2356,-2557],[-22638,-22718],[-6853,-7073],[-5552,-5070],[-3912,277],[-28156,-28965],[-23320,-23781],[-10265,-10345],[-15542,-15874],[-13786,-14417],[-8675,-8571],[-802,1061],[-28880,35203],[-23194,28208],[-11540,14111],[-20468,25181],[-17101,21115],[-26402,32444],[-11465,14153],[-22994,28262],[-11474,13786],[-9323,11399],[-67965,82022],[-26031,30706],[2679,4351],[52377,67545],[20237,-26202],[1222,-1519],[-959,-1364],[25135,-32175],[1013,1549],[3783,-4787],[8947,11191],[57018,71441],[20430,24433],[2447,3210],[6452,7617],[1179,-1286],[18837,24070],[11483,14267],[52156,-67646],[19258,23428],[2517,-3041],[3532,831],[2648,104],[3446,-2134],[2395,-2687],[1664,-4008],[3678,-3909],[1142,-2089],[717,-2613],[313,-3628],[874,-3420],[2593,-6245],[1310,3131],[6951,8824],[5044,4769],[2512,-893],[1211,-2226],[-242,-4480],[2092,-4539],[2370,-3948],[624,-3111],[-2201,-1678],[-4557,1606],[-1636,-586],[-46,-4798],[2446,-4195],[1757,-1212],[4776,473],[2970,-548],[1284,-3348],[2819,-3773],[2814,-6091],[1884,-6428],[-673,-5144],[-2162,-6553],[2634,-3831],[5947,-2634],[6892,-2522],[1904,-3460],[-89,-3686],[777,-3194],[1361,-1867],[3297,-22],[2860,-1731],[3235,-283],[3556,2943],[2319,450],[1349,-1054],[1177,-4379],[957,-1426],[2827,-1719],[3553,52],[2657,-1282],[2800,-5430],[2324,-1829],[4049,1718],[3593,651],[1962,-2346],[3258,-6944],[1636,-2436],[4434,-3271],[3255,-772],[3048,-1500],[4637,-1688],[5964,311],[2329,-1088],[1915,-2546],[1551,-3082],[7241,-3058],[1590,-2046],[3915,-7183],[3259,-2045],[7826,127],[1666,-2449],[-1087,-6448],[-258,-4824],[3596,-3206],[1476,-4257],[-2940,-7903],[-101,-1985],[2395,-2534],[4619,-3948],[2215,-2995]]],"transform":{"scale":[3.737811035622046e-7,2.0151676703363326e-7],"translate":[-73.21629747499992,46.210430951000035]}}