{"type":"Topology","objects":{"51050":{"type":"Polygon","arcs":[[0]]}},"arcs":[[[238232,477114],[154240,-156977],[107513,-105740],[-53009,-51308],[-4167,2317],[-2606,2809],[-6770,1635],[-3697,2038],[-4946,6363],[-2653,1686],[-3837,-755],[-3009,820],[-2121,5765],[-4729,1402],[-2549,-222],[-7989,-1465],[-4888,-616],[-3166,-2060],[-1374,382],[-520,3236],[-1978,3083],[-3289,1388],[-4066,-1810],[-2785,-2747],[160,-3908],[-620,-4273],[-3673,-4301],[-3455,-1100],[-2649,350],[-2123,1792],[-1566,-1754],[-54567,-51602],[6678,-5909],[-8879,-7470],[-3365,-3148],[-28102,-23965],[-78429,-70074],[-12307,-10976],[-5204,4694],[-1392,-1519],[-34575,31559],[1321,1337],[-1683,1491],[-27836,25701],[52,46],[-18605,18233],[-95018,94809],[42293,39453],[32458,-30278],[24125,18880],[1153,1062],[2665,-1494],[1177,-3129],[3041,-737],[3688,534],[4717,1599],[4283,-1004],[3162,317],[5121,5224],[9074,468],[2337,392],[5717,2566],[3440,733],[2711,-24],[2926,-915],[1466,-1393],[287,-1532],[-1364,-3617],[2384,-1180],[2006,585],[2623,1686],[5234,2648],[3565,-1040],[1134,-2909],[3156,-1692],[9811,9441],[-44204,41942],[-45809,43824],[-451,-355],[-7578,7887],[39921,35496],[-41630,36542],[-3008,3148],[60064,57627],[22187,-20199],[35866,29938],[1647,1799],[8977,7700],[-23226,22512],[23948,17818],[4670,3325],[22468,-22885]]],"transform":{"scale":[2.717355394710427e-7,2.0545157490317407e-7],"translate":[-73.22657966399993,46.27996419200007]}}