{"type":"Topology","objects":{"51055":{"type":"Polygon","arcs":[[0]]}},"arcs":[[[429049,286636],[-2404,-450],[-662,-1640],[3901,-9118],[-1010,-3159],[388,-1544],[4689,-1419],[1366,-2339],[-833,-2336],[907,-1752],[2521,242],[2412,-4988],[1147,-5395],[1216,-2017],[2154,191],[2434,-1352],[2209,379],[2764,1831],[1771,-501],[3821,-2797],[5629,1040],[2746,-1552],[2256,-2431],[1379,-4253],[3060,-1563],[2082,1787],[2022,4087],[4338,1910],[2789,552],[2669,2343],[1950,579],[3485,-1320],[2361,-2369],[3457,-170],[1936,-2726],[-45808,-54483],[4371,-5533],[-5221,-6732],[-46410,-51691],[-11366,16033],[-40317,-46422],[-1577,-6814],[2824,-7820],[1709,-8663],[-1502,-7550],[6706,-1920],[-57497,-62791],[-1513,2739],[-5941,1517],[-1462,2853],[-6497,-188],[-3118,-1311],[-3508,41],[-7252,1428],[-9419,2962],[-3936,-329],[-2410,-2673],[-5536,-1813],[-1834,-72],[-3716,1948],[13525,13803],[-67628,82045],[-92574,108009],[16925,20685],[-68840,84964],[-4416,-5437],[-1290,1243],[-45471,48231],[102407,137636],[4916,-5383],[4443,-347],[2824,2768],[7314,2606],[13245,2074],[7967,-2787],[6472,-911],[101263,-116009],[76125,85524],[33162,-12515],[26,-12537],[29726,17496],[2511,-38751],[-9559,-16877],[-222,-5971],[834,-2833],[4305,-7407],[1075,-3798],[45,-2938],[-2080,-6892],[562,-3210],[4583,-6648],[969,-3922],[1425,-2023],[709,-3850],[1182,-1122],[2831,-21],[2062,-1722],[2993,-4877],[821,-5897],[-2027,-9448],[1053,-4884],[885,-8004],[2985,-5260],[4137,-5295],[2678,300],[1815,-1011],[1409,-2852],[2030,-637],[2792,619],[2769,-2957],[458,-5823],[2411,-2497],[1595,-4006],[-877,-1110]]],"transform":{"scale":[2.4808676017348605e-7,1.4101401202807828e-7],"translate":[-73.12705529399993,46.335889474000055]}}