{"type":"Topology","objects":{"51075":{"type":"Polygon","arcs":[[0]]}},"arcs":[[[380500,282747],[9477,-16175],[29757,-49504],[11188,-17916],[7726,-11043],[2984,-4610],[849,-1591],[5979,-4846],[1710,-1893],[1757,-2459],[1977,-3903],[165,-1807],[7223,-8052],[4938,-7024],[9682,-14874],[24087,-40568],[-9718,-4518],[-28259,27513],[-24246,-23813],[6684,-7726],[-23943,-25581],[4228,-4303],[672,-974],[-16138,-7810],[-18659,-8826],[-17012,19351],[-10836,11181],[-27222,-26389],[5144,-5822],[-10827,-10479],[-3506,-3566],[-721,-495],[-8288,-7585],[-216,-55],[-6682,7096],[-26211,-23681],[-16104,15981],[-21720,20465],[-43269,44105],[-66658,72330],[-24,-26],[-62704,69670],[-73764,78645],[98407,102102],[61968,61500],[34988,35227],[36174,-34396],[23109,-22332],[24859,-24369],[33146,-31720],[13850,-20741],[18911,-28983],[3693,-6009],[31395,-48702]]],"transform":{"scale":[4.234219868439331e-7,2.9791341982689025e-7],"translate":[-73.09513858399993,46.44649145600004]}}