{"type":"Topology","objects":{"51070":{"type":"Polygon","arcs":[[0]]}},"arcs":[[[499999,147931],[-17919,-14645],[-19587,-16202],[-13636,-11130],[-15356,-12432],[-4469,-3875],[-16668,-13454],[-15736,-12792],[-9424,-7883],[-11642,-9446],[-32359,-26618],[-23732,-19454],[-23437,33772],[-2756,4166],[-14118,20099],[-10339,14381],[-24744,21997],[-18557,16898],[-17251,15486],[-27004,23854],[13292,12434],[-91414,30555],[19148,24977],[-14335,30338],[-107956,36285],[34430,33416],[68068,61768],[1953,-5376],[39961,-89010],[56563,-11328],[6198,8696],[15746,30871],[2045,7306],[-1017,32533],[-11990,31833],[-28800,92374],[14809,11331],[117,-108],[13373,10451],[25526,-5373],[48870,-11123],[46078,-11111],[6858,-5937],[17676,-13273],[5402,-3444],[9901,-19979],[14083,-32100],[13127,-26173],[18238,-40124],[5128,4974],[19185,-17440],[8582,-9352],[-9165,-7326],[-7854,6769],[-15174,-2263],[-8017,-7826],[-8099,6853],[-12242,10527],[-5202,-4340],[81863,-72424],[-31812,-27760],[26228,-25185],[22715,-21907],[711,-634],[15937,-16097]]],"transform":{"scale":[5.67202116404264e-7,4.296101692202567e-7],"translate":[-73.11523138299992,46.53072600400009]}}