{"type":"Topology","objects":{"51080":{"type":"Polygon","arcs":[[0]]}},"arcs":[[[396549,460205],[103450,-98447],[-55279,-56385],[13300,-12914],[-58480,-55771],[-31164,30773],[-56848,-56804],[-21222,21813],[-4194,-4278],[-4555,4587],[-41247,-37821],[-25682,-24416],[-4637,-4280],[-6068,-7130],[-11397,-10903],[91228,-94189],[-38520,-38533],[-5103,5098],[-10189,10638],[-1152,891],[-15907,15865],[-3874,4160],[-7764,7237],[-60255,-59396],[-4568,1936],[-3745,8862],[-6365,8711],[3965,8555],[705,4543],[-6243,5353],[-7062,3921],[-2025,3564],[129,2203],[-3622,3260],[2353,4446],[4269,8978],[-9429,8063],[-692,3202],[-4462,6636],[614,7906],[2734,5682],[-1417,2817],[-2805,8173],[-2597,4802],[3209,6572],[4988,1730],[2418,-32],[2918,3368],[4646,-1444],[5395,1649],[2578,4794],[-3072,5523],[2597,7389],[2739,2789],[7780,11262],[4620,720],[3073,3307],[2080,458],[3920,8398],[-2076,1769],[-2921,13269],[-4952,4960],[-5084,6222],[-3158,1206],[-2767,-3441],[-176,-5828],[3087,-3500],[108,-3499],[-4514,-2161],[-5600,2482],[-2717,2078],[-5030,2077],[-2365,-2140],[-1792,-5436],[-5258,-7300],[-3014,-1426],[-2471,2679],[-3014,-293],[-2618,1073],[-1284,4475],[-3306,2601],[-3360,174],[-2101,1445],[-6395,466],[-1967,2439],[938,3424],[1017,1329],[-657,5851],[2039,5117],[-3589,3279],[-5399,1915],[-9961,-405],[-3471,6016],[-6817,8586],[-5979,5860],[-3493,6885],[-5472,5906],[-2972,8021],[-6455,7698],[-2731,5792],[200,3562],[-3685,4010],[685,4854],[-135,5863],[-2640,4150],[-1685,10005],[16,3719],[2713,3920],[1175,2879],[2552,3682],[1515,4355],[1476,11286],[-953,3108],[-2845,2731],[-8680,3432],[-2091,1935],[-3426,10351],[-6733,3852],[-328,821],[7694,8037],[22938,-21799],[25744,-25902],[41949,38332],[10693,-11485],[346,88],[13265,12275],[1152,803],[5614,5772],[17324,16961],[-8230,9425],[43565,42713],[17341,-18098],[27226,-31322],[29862,14286],[25828,12640],[-1076,1579],[-6766,6963],[38318,41407],[-10696,12503],[38804,38545],[45224,-44532],[10430,4738]]],"transform":{"scale":[2.6457257114519664e-7,1.8405503211015084e-7],"translate":[-72.98969942199994,46.39005793300004]}}