{"type":"Topology","objects":{"51085":{"type":"Polygon","arcs":[[0]]}},"arcs":[[[475860,189733],[-30036,-23298],[-30151,-24798],[-31755,-25373],[-44815,-36735],[-73175,-62806],[-20869,-16723],[-15798,12944],[116,97],[-81945,64107],[4057,1675],[-30535,42760],[-12273,15676],[-6261,7404],[-9154,8488],[-211,1904],[-2507,4115],[-2228,2590],[-2167,1997],[-7579,5106],[-1076,1679],[-3784,4858],[-9792,11638],[-14183,18884],[-37725,52177],[-12014,17051],[40303,29568],[54951,40459],[19769,14358],[16005,11983],[26722,19440],[28305,20451],[7587,5890],[26079,18896],[23156,16917],[33492,24796],[30200,22090],[15038,-13599],[129435,-113974],[-82,-72],[49039,-42819],[-30702,-2755],[-8951,-12887],[4511,-3044],[2476,-2240],[1623,-2509],[4821,-1913],[6923,-2215],[2578,-1458],[1134,-1287],[-184,-1513],[-2635,242],[-3921,-1471],[-5888,-5969],[-4381,-6771],[-986,-5096],[1768,-9661],[2806,-8514],[2956,-5387],[6350,-10535],[4799,-7120],[1058,-3573],[-819,-8230],[-4888,-13442],[-4180,-16037],[-407,-6416]]],"transform":{"scale":[3.3400617001230817e-7,2.826473552946549e-7],"translate":[-72.93402670299992,46.45295549500008]}}