{"type":"Topology","objects":{"51090":{"type":"Polygon","arcs":[[0]]}},"arcs":[[[286974,350630],[41480,-23809],[19322,-13238],[12488,-16961],[8544,-7465],[11008,-8434],[7808,-8099],[6695,-11594],[2821,-4489],[5852,-4413],[8985,-4356],[22194,-8653],[21688,-6113],[1758,-307],[-51353,-35465],[-6944,-4596],[-3485,-2460],[-47595,-33200],[28563,-20138],[63085,-48119],[60111,-44572],[-36475,-33660],[-9583,-265],[-123769,-6940],[-17524,-627],[-26316,-1002],[-38458,-1655],[-6226,5214],[-17311,15188],[-12959,11465],[-12520,11368],[-13280,11558],[-8208,7400],[-6402,5520],[-3385,2665],[-22394,19774],[-3225,3060],[-21060,17941],[-23360,20717],[-4674,2662],[-7621,6236],[-30880,24543],[2484,2682],[-25166,18567],[-12711,8987],[-2119,797],[-3169,2002],[-477,1698],[699,1758],[1167,1027],[7530,3148],[-607,2083],[-2860,1078],[-2470,2877],[156,4140],[4373,1634],[4903,-330],[1581,1341],[317,3085],[1334,2219],[-1977,2082],[1365,1985],[1821,227],[3892,-2557],[3786,-46],[3017,962],[3603,1505],[8256,5203],[5785,2744],[1616,1223],[938,1352],[772,2260],[4130,-519],[2711,1346],[4636,83],[2925,613],[695,1356],[-223,2600],[1547,1457],[1039,2984],[2933,1897],[840,888],[2290,4037],[1602,785],[1653,55],[1449,-1109],[-574,-1329],[-2296,-2113],[62,-1547],[2791,-2886],[1281,-2360],[1524,-147],[3296,810],[1015,-1888],[2826,-930],[1896,1100],[257,1481],[-5023,1414],[-1135,868],[504,1595],[3945,1158],[-25539,18353],[-13659,10093],[-29645,22109],[-22402,15940],[-9559,6940],[21579,15322],[75667,57536],[46341,33654],[32835,23246],[31178,22719],[31059,21344],[-326,-4555],[1303,-21487],[2557,-17021],[-3611,-20702],[-1996,-12840],[1027,-7820],[7545,-11495],[6917,-10407],[7280,-18236],[10197,-11931],[17422,-12875]]],"transform":{"scale":[3.230085740170725e-7,3.0852489304985713e-7],"translate":[-72.85217500699991,46.35232122300005]}}