{"type":"Topology","objects":{"52":{"type":"Polygon","arcs":[[0]]}},"arcs":[[[327877,441069],[4333,3450],[6710,-7169],[954,1380],[7353,-7317],[11148,16069],[33810,-25822],[19418,-15424],[-568,-1021],[11788,-9372],[5077,4518],[-4693,-7430],[5811,-4516],[1517,2412],[14845,-11501],[-762,-1694],[18952,-14714],[954,2214],[8426,-5541],[-1514,-3585],[10197,-3726],[618,3515],[17748,-6081],[-3431,-18312],[-2108,-6079],[-28241,-49260],[-6611,-12743],[-15507,-24658],[-8740,-10669],[-43612,-46967],[22483,-18640],[5179,-8072],[6370,-18573],[1935,-3193],[-46890,-24164],[-15613,-12440],[-9779,-10569],[-13020,2990],[-39712,15267],[-12691,-45087],[-5190,-16121],[-9835,-36103],[5961,-773],[-1327,-5151],[-9206,1689],[-15217,-1229],[-14226,4320],[-17971,7763],[-9365,5382],[-12492,13476],[-15371,18721],[-4246,2691],[-7749,9285],[-14739,13320],[-7616,4484],[-3243,-158],[-19477,10910],[-15882,15732],[-18608,21697],[-10490,6726],[-8499,10485],[-7869,5982],[-6506,11387],[-11995,10474],[-11990,8523],[-4379,7041],[-4741,438],[-8118,4482],[-690,3374],[-6190,7712],[-12745,12123],[910,51014],[-391,9752],[37268,22749],[27286,23621],[14456,10236],[27547,18070],[12214,8881],[16945,15493],[13829,13986],[25045,23311],[9348,7525],[38895,26189],[37398,26037],[40119,25907],[10394,-9573],[-6900,-4546],[13636,-11877],[-7017,-6513],[7883,-6032],[7251,-10339],[1761,-10049]]],"transform":{"scale":[1.0243439303399094e-7,5.997472283349988e-8],"translate":[-73.66598930890201,45.415406120639034]}}