{"type":"Topology","objects":{"52035":{"type":"Polygon","arcs":[[0]]}},"arcs":[[[499999,385968],[-6351,-6531],[-21553,-15748],[-19099,-25172],[-13160,-14889],[-7923,-13961],[-7842,-10691],[-12004,-19378],[-3819,-1106],[-9458,-12144],[-17566,-27291],[-7762,-20362],[-1125,-7265],[-4698,-11354],[-6126,-24562],[-1919,-13943],[-4080,-18360],[-4004,-34725],[-4691,-30544],[-4854,-11351],[-4037,-16574],[-4389,-11659],[-8962,-16484],[-22246,-950],[-17109,-4234],[-6578,3175],[-4023,7265],[-4675,26320],[-5531,1707],[-8543,-29193],[-9755,-11017],[-4974,1288],[7143,15796],[-6893,9512],[-12484,7592],[-2869,-7644],[-9083,-11336],[-9269,-4560],[-10636,10789],[-10144,-1568],[-4850,-4655],[928,-7310],[19643,-10538],[2711,-5413],[-7095,-6097],[-13755,-746],[-10148,4830],[-6141,7272],[-8991,20126],[-8884,-1742],[-14566,-14715],[-8846,6438],[795,6825],[6169,7009],[2089,7989],[-4527,2180],[-20961,1787],[-5897,4292],[780,19322],[-21694,10728],[-6398,-9980],[-5783,2504],[181,14129],[6018,7310],[-64,3869],[-6770,7434],[-7253,-6093],[-3728,2608],[-1271,6276],[-4825,2929],[-1789,-8740],[-3056,-2314],[-5534,6366],[150,6244],[11640,11208],[-2738,10918],[-5120,3829],[-11627,2478],[-15025,-7417],[-20676,-62],[12381,65308],[37210,201338],[25315,-12187],[14591,23793],[-20342,9916],[37018,71598],[11525,1488],[13031,-4576],[19819,1510],[18939,5228],[80549,689],[36949,-338],[34811,-3413],[60956,-10866],[24211,-5598],[7760,-10232],[-4013,-17495],[-3773,-23199],[6946,-6314],[15120,4793],[24470,-2641],[17949,-10751],[16755,-22334],[11822,-5643]]],"transform":{"scale":[8.188214576431869e-8,6.049982099967868e-8],"translate":[-73.2062456609999,46.06552723100003]}}