{"type":"Topology","objects":{"52055":{"type":"Polygon","arcs":[[0]]}},"arcs":[[[142328,437065],[19717,-19244],[51481,-51410],[7062,-7145],[8690,-8640],[17417,-17714],[20223,-20615],[8461,-8589],[12953,-13236],[15503,-15781],[8743,-8845],[17568,-17680],[21876,-22064],[30194,-33480],[32869,-37626],[35018,-39613],[30670,-34758],[13191,-15069],[6035,-6778],[-2122,-621],[-4454,-3074],[-982,-478],[-3375,-668],[-1649,-2056],[-883,-733],[-4494,-2541],[-1298,-553],[-3088,-760],[-1646,-824],[-1236,-79],[-4969,-1523],[-3504,-1784],[-1452,-297],[-2117,-1960],[-3217,-700],[-2596,-1053],[-2971,-203],[-3172,-981],[-2188,-1623],[-885,359],[-4154,-395],[-2703,-1105],[-2859,74],[-500,1104],[1885,931],[1712,291],[1727,879],[278,665],[-1114,673],[-2558,-549],[-962,-731],[-1579,-212],[-1308,-945],[-2407,-889],[-366,-1083],[1375,-1856],[-230,-834],[-955,641],[-1658,2171],[-201,-806],[1149,-1431],[-668,-514],[-2302,-780],[-1601,-15],[-3628,-1473],[-1839,-66],[-810,-1014],[-3492,-1281],[-470,-1024],[-1165,-473],[-1656,-126],[-1237,-1285],[-996,-2],[-1904,-1798],[-2818,-1580],[-4376,-2043],[-967,-1066],[-1481,-494],[-1229,-948],[-1341,-161],[-309,-888],[-1626,42],[-1951,-1602],[-488,460],[-1298,-470],[-182,-1115],[-1043,251],[219,-706],[-1906,-736],[-732,48],[-256,-806],[-676,214],[-2366,-1339],[-225,-694],[-2925,-1690],[-3996,-2752],[-3565,-2177],[-4308,-3116],[-27963,30383],[-13229,14000],[-3567,3645],[-2497,3395],[-14838,13920],[-5088,4943],[-30599,29092],[-43482,41013],[7462,10524],[-16927,16949],[-57155,57308],[-32292,35890],[-1555,1536],[1150,630],[-13377,15283],[-26701,30655],[-13820,16084],[-13902,15805],[-38035,44775],[-24245,28732],[2583,2918],[45920,50109],[4325,4820],[28394,27590],[25958,-26346],[756,-1001],[34312,-35692],[80,105]]],"transform":{"scale":[4.934655249310618e-7,3.215181230362574e-7],"translate":[-73.28653127399991,46.137948607000055]}}