{"type":"Topology","objects":{"52062":{"type":"Polygon","arcs":[[0]]}},"arcs":[[[79224,477629],[27524,-27511],[43176,-42873],[15782,-15131],[15688,-15402],[30313,-29351],[15185,-14634],[-1305,-605],[1766,-1469],[36657,-34364],[64883,-54872],[19215,-16229],[-8471,-10077],[49360,-39271],[34737,-27854],[5776,-4733],[16843,-13330],[2835,-3250],[4050,-3489],[15018,-13406],[31743,-29091],[-10134,-7656],[-7165,-6253],[-1232,-1528],[-2383,-4559],[-2637,-3992],[-976,-2043],[-1301,-1874],[-920,-2152],[-2073,-4031],[-2493,-4261],[-3474,-5286],[-2416,-2416],[-2698,-2971],[-3835,-3135],[-1178,-671],[-1212,-97],[-6913,5895],[-37743,31730],[-9312,7903],[-40995,-36735],[2096,-1315],[-3803,-3311],[-34943,-31929],[-10051,4579],[-3551,-3442],[-1563,437],[-3533,2417],[-787,3050],[-5899,3027],[71,1489],[-530,3054],[-558,1395],[-6731,-2006],[-2639,1529],[-4437,194],[-4485,-2631],[-8469,6965],[-2148,-1038],[-3134,2068],[-1684,326],[-307,-1523],[-1484,-3126],[-3056,-385],[-213,6746],[-9210,8786],[-3457,5804],[-1254,1189],[3367,4444],[745,777],[-674,779],[-1077,-1005],[-3818,3598],[-3097,-3249],[-836,1140],[3319,3642],[-3541,3115],[-5648,1534],[-3565,2444],[-2160,-2307],[-4331,3203],[-3184,-2782],[-10619,7950],[-2107,4263],[-2359,5162],[-1273,1083],[-352,-2176],[-2030,358],[151,3808],[-8730,4193],[-3319,3535],[-7568,-6457],[-7495,-195],[-1586,2659],[-1641,8550],[-2623,-1111],[-4418,1603],[379,5165],[2089,2878],[-4844,6381],[-656,3420],[-4518,4670],[-1004,5743],[-4940,-1295],[-4172,319],[-2191,-1837],[-3694,2419],[-7480,-811],[-3861,1249],[-178,7546],[-6092,638],[335,4366],[-2871,170],[-59,3867],[-4255,746],[-186,3765],[-4603,791],[-261,3942],[-4008,-290],[-826,3173],[-3452,-71],[-786,5408],[-3815,-312],[-12110,-1181],[-1524,4869],[-9588,-1053],[-1900,3755],[-1775,75],[-1259,5001],[-3285,280],[-1361,4015],[-1901,-296],[-597,3607],[-1633,-167],[-2830,968],[-2686,2751],[457,2715],[684,2044],[3080,3827],[1863,3550],[84,3623],[-3325,3533],[-3055,7716],[-3947,1675],[-494,2565],[4346,10983],[-3451,3162],[-1237,6412],[-4071,3330],[-577,2993],[4661,17991],[-4174,8423],[-4836,5764],[-3638,577],[-5046,-258],[-8165,13348],[3828,8085],[12601,9367],[-6484,28499],[-33387,135114],[54279,42835],[21693,-19120],[3252,-3250]]],"transform":{"scale":[4.346939473879041e-7,3.357908015815671e-7],"translate":[-73.32096994699992,46.110854603000064]}}