{"type":"Topology","objects":{"52070":{"type":"Polygon","arcs":[[0]]}},"arcs":[[[499999,76967],[-157,-564],[-19289,-76386],[-4336,-17],[-5427,4587],[-862,-3692],[-13401,2215],[406,5003],[-1832,402],[460,1113],[-3052,670],[-3031,-4913],[-12394,2234],[751,11477],[-5587,983],[-4001,-5096],[-1617,143],[-3887,-1251],[-2445,397],[-2789,-104],[-2177,-1607],[-2446,397],[-2558,2040],[-3732,-1493],[-4337,2843],[-10341,3415],[-6462,1625],[-3315,81],[-2267,-500],[-3804,150],[-7795,-1846],[-3828,542],[-1031,-5601],[-7960,1124],[-753,-3408],[-664,-1671],[-6750,1168],[-2956,-1379],[-13014,3315],[763,2627],[-13777,3017],[2557,8520],[-113409,84680],[-4077,2747],[-15725,11695],[-11963,8592],[-8740,5967],[-7108,5091],[-66773,49393],[-341,360],[30173,55547],[-122899,95767],[17588,12108],[55322,37419],[57768,36237],[34371,22191],[16708,12901],[49726,31776],[45923,-150353],[8917,-31715],[-17329,-10422],[-5267,-8997],[11229,-14854],[6941,288],[5005,-644],[6653,-6413],[5740,-9374],[-6411,-20019],[795,-3331],[5599,-3704],[1702,-7138],[4746,-3518],[-5979,-12221],[680,-2856],[5429,-1863],[4201,-8584],[4575,-3933],[-116,-4033],[-2562,-3950],[-4238,-4258],[-939,-2275],[-629,-3019],[3694,-3062],[3892,-1077],[2246,185],[821,-4014],[2616,331],[1872,-4469],[4519,-312],[1729,-5564],[2444,-83],[2612,-4179],[13187,1172],[2097,-5420],[16656,1314],[5248,348],[1083,-6017],[4746,79],[1136,-3532],[5513,324],[358,-4388],[6333,-881],[257,-4189],[5852,-831],[80,-4302],[3948,-188],[-461,-4860],[8381,-709],[244,-8397],[5313,-1389],[10286,901],[5080,-2693],[3016,2045],[5739,-356],[6792,1443],[1382,-6393],[6213,-5196],[903,-3805],[6664,-7100],[-2876,-3203],[-521,-5748],[6077,-1785],[3609,1238],[2255,-9515],[2183,-2959],[10310,217],[10410,7187],[4564,-3934],[5349,-2079]]],"transform":{"scale":[3.1603888607774947e-7,3.01754697509384e-7],"translate":[-73.39412796599993,46.11348902000009]}}