{"type":"Topology","objects":{"52075":{"type":"Polygon","arcs":[[0]]}},"arcs":[[[499999,311841],[-27849,-25324],[-115516,-113234],[-36725,-36643],[-24075,-21964],[-38916,-36115],[-69085,-64554],[-12747,-14007],[-62617,68644],[-84223,91582],[-28246,31134],[15670,15019],[1715,-4155],[4401,-2889],[1661,-2832],[923,-5615],[2842,-3850],[8361,-1799],[2287,3202],[1339,7463],[-4544,8941],[508,5977],[-7783,7637],[8197,6680],[166561,158571],[123090,116289],[52269,-56626],[62924,-67262],[59578,-64270]]],"transform":{"scale":[1.5135582271165526e-7,9.9718063436154e-8],"translate":[-73.4425480439999,46.204682806000044]}}