{"type":"Topology","objects":{"52080":{"type":"Polygon","arcs":[[0]]}},"arcs":[[[482742,320851],[9357,-4969],[3368,-10371],[27,-8967],[-2096,-7244],[152,-7281],[4794,-10593],[1289,-4668],[-1650,-16720],[-2618,-8990],[-8963,-20028],[-3576,-5118],[-17192,-18149],[-5334,-4565],[-12183,-12439],[-7590,-4882],[-16565,-4130],[-7157,-6292],[-12468,-5772],[-21665,-4666],[-17618,-7975],[-7381,-4442],[77752,-66793],[-13603,-11681],[15157,-9026],[-49195,-37736],[-12843,2993],[-31275,-20347],[-26219,20508],[-6564,-13701],[-16618,6058],[-4658,-11419],[-11021,6710],[-8326,-6378],[-38988,29384],[6587,4687],[-76047,62234],[14889,11571],[-41971,31857],[10978,7253],[9121,4684],[6379,11072],[-8786,13426],[-2666,2056],[-15455,6107],[-4995,3405],[-7195,9578],[7864,19346],[-4705,14098],[-6331,10878],[-1487,6247],[525,6218],[2852,4779],[-716,4132],[-5356,3237],[-2952,4602],[-6657,3344],[-2416,11259],[-4485,9185],[-4536,7257],[-7884,10463],[-9472,8645],[-6777,3258],[-2377,3980],[-7379,7299],[-4543,2698],[-18466,8780],[-8617,9683],[-5736,11133],[-10434,12516],[-4191,6989],[-1764,9233],[-2087,5993],[1133,6820],[5433,8338],[707,4198],[-2918,5916],[-5537,5431],[-2587,5035],[-215,5177],[3160,7405],[4828,3435],[5921,1020],[7493,2997],[9500,-1727],[5914,-4646],[3394,-5837],[1886,-291],[4292,5459],[15575,6695],[10802,5363],[10760,3873],[4250,3882],[2502,4872],[1831,10757],[4328,2389],[5993,-1668],[5931,351],[2546,2154],[6755,250],[12534,3669],[2551,2329],[6448,2009],[2819,-832],[2016,-4239],[-124,-4557],[1933,-7217],[-2123,-4090],[459,-9213],[-3617,-6697],[2873,-3198],[3101,625],[4421,-2667],[6772,863],[6699,-6149],[13347,-5549],[15522,-12508],[5446,7],[3105,-3380],[14358,10675],[8396,3012],[6305,1133],[11561,-1577],[5971,1839],[5075,3781],[3942,1255],[5428,-696],[9787,-5758],[776,-1941],[-7193,-3223],[-8597,-2589],[-2941,-7934],[8924,-2677],[18967,854],[20486,4337],[5782,-701],[1990,-5115],[-3448,-9066],[-333,-3504],[2992,-7409],[5520,-5870],[9729,-7863],[3217,-3468],[9650,-14964],[6165,-12543],[3415,-4873],[9520,-6809],[13458,-5639],[12135,-6322],[9623,-3040],[9947,112],[3602,1873],[-1721,1955],[-10596,2091],[278,1485],[13071,6026],[5067,-865],[6365,-5183],[15259,-4704],[6789,-2735],[17884,-12460],[4453,-1646],[4300,1425],[8436,78],[7105,-1104]]],"transform":{"scale":[1.0973661547324754e-7,1.026520373040669e-7],"translate":[-73.41493296899995,46.28744639300004]}}