{"type":"Topology","objects":{"52090":{"type":"Polygon","arcs":[[0]]}},"arcs":[[[499999,315649],[-230,-276],[-19263,-11146],[18682,-14085],[-7220,-4817],[-1324,-1126],[-28850,-18730],[-17847,12638],[-48315,-36054],[2419,-1969],[33487,-22861],[-32112,-22208],[6097,-4933],[362,222],[36848,-27418],[35556,-26239],[-7891,-5906],[-2538,1057],[-912,1821],[-2867,650],[-4211,-1657],[-2111,-1055],[-1612,-365],[-1920,737],[1098,2264],[-231,959],[-1179,870],[-2354,572],[-2180,16],[-2768,-459],[-4597,-1606],[-1881,-243],[-7298,-295],[-4119,-3268],[-2545,-197],[-3444,629],[-3796,-1001],[-2964,-336],[-2446,463],[-947,1956],[-2146,934],[-925,-662],[-19408,-11813],[-26107,18942],[-34020,-24682],[76431,-59315],[14966,-11406],[-57996,-41478],[-3080,-2773],[-50120,34943],[-1106,981],[-37917,25793],[-41477,-27010],[-4348,3175],[-33183,24681],[-16581,12270],[-16537,12160],[-19717,14616],[-67843,50349],[-38526,28515],[-2948,477],[-6340,1520],[-2010,963],[-2637,1874],[-1672,656],[-282,2224],[-2139,470],[-1427,1173],[-645,1627],[-1856,-355],[-1452,349],[-4031,254],[-594,776],[979,1848],[-1775,-137],[-1517,735],[912,2233],[-732,1217],[-1493,297],[-1272,1225],[2006,2737],[376,1009],[-329,1951],[686,1059],[2370,2073],[4106,-307],[900,452],[615,1307],[2925,1381],[1160,147],[4308,-1325],[2895,367],[1745,-875],[2223,-281],[1616,1318],[1345,-46],[1681,879],[766,2508],[2150,3750],[-221,2936],[1411,2225],[22244,-16575],[12820,7991],[682,-588],[4120,3581],[30787,19178],[760,-1593],[17922,4514],[37311,-9845],[577,4493],[2175,6287],[8887,12801],[6735,6848],[6373,7696],[13308,14161],[-19876,10073],[26993,25508],[5484,-1518],[18028,11955],[-5680,3611],[34774,23411],[-2232,2104],[29098,21026],[-103033,74104],[68359,47611],[140117,-103893],[108056,-80273],[471,-183]]],"transform":{"scale":[3.378182716365511e-7,3.2839512079022614e-7],"translate":[-73.33804948999993,46.27843940200006]}}