{"type":"Topology","objects":{"53005":{"type":"Polygon","arcs":[[0]]}},"arcs":[[[344787,483315],[2342,-2726],[36496,-39455],[-3858,-4212],[21668,-23678],[16555,-18332],[31650,-34821],[50359,-55594],[-83696,-116527],[-2628,-4004],[-22292,-31143],[-12890,-17863],[-1697,-1367],[46,1039],[-1468,802],[-1517,-1007],[-2589,-2701],[-1365,-2656],[-2122,-821],[-1599,218],[-2314,2178],[-1239,2396],[-1347,1137],[-2033,-359],[-102,-1008],[1322,-5181],[-878,-1491],[-1992,1283],[-1764,-283],[-504,-1797],[-1604,-495],[-52237,-55924],[-3560,4124],[-32503,-34907],[-3492,6512],[-8571,8237],[-5143,2653],[-11517,-1719],[-25617,-27903],[-12720,-25920],[-16684,18424],[-57001,62003],[-19320,20440],[-24199,26059],[-14261,15793],[-249,-1031],[-14233,16380],[-13710,15556],[-14377,16138],[-12365,14136],[-11968,13420],[7113,12351],[2994,8936],[3506,11270],[4697,24945],[2433,15000],[2859,6629],[667,7344],[4333,9119],[3919,11257],[11678,32662],[7085,14693],[3316,12552],[974,10345],[1635,4237],[1041,6807],[1225,20566],[248,10208],[5509,1116],[3229,1010],[1207,1400],[1083,3850],[1036,7898],[-70,1939],[981,2589],[2669,3154],[1791,635],[3572,378],[3301,-1094],[1107,-1579],[1243,-4781],[253,-2179],[-1174,-5934],[-52,-2544],[1153,-1842],[3704,-713],[2778,454],[3916,118],[4187,618],[3151,1195],[3561,442],[1336,-627],[801,-1451],[-227,-2567],[-1815,-5675],[-41,-6655],[1296,-3288],[1442,-2271],[1132,-26],[2071,3632],[3546,1979],[1834,2284],[2613,1959],[705,-65],[26322,47335],[29418,-26761],[634,613],[4289,1769],[25527,8386],[34519,11529],[11989,3686],[27537,9076],[34800,11148],[11638,3620],[2782,-3108],[12781,-13576]]],"transform":{"scale":[3.3748607497214134e-7,2.136078992158336e-7],"translate":[-72.92134817599992,45.87800280400006]}}