{"type":"Topology","objects":{"53010":{"type":"Polygon","arcs":[[0]]}},"arcs":[[[489551,121629],[-28237,-121629],[-461314,59116],[107355,440883],[376549,-72462],[16095,-156583],[-10448,-149325]]],"transform":{"scale":[3.627577055156672e-8,2.842670685331434e-8],"translate":[-72.94312903299992,45.90304676200009]}}