{"type":"Topology","objects":{"53015":{"type":"Polygon","arcs":[[0],[1]]}},"arcs":[[[485399,473016],[-1286,-11180],[-4370,-13567],[-9336,-15881],[-15389,-35301],[-5163,-12167],[-5710,-9854],[-880,-7938],[-3766,-7163],[-3208,-16213],[-6190,-26960],[-4620,-12180],[-3945,-9660],[-9375,-13349],[15774,-14504],[16294,-15279],[18946,-17441],[18066,-16814],[18757,-17703],[-1436,-4875],[-3611,-16008],[-4321,-10918],[-9719,-33190],[121,-54],[-7327,-23508],[-15945,-50884],[-78238,28860],[247,-19550],[-12589,-27146],[-2744,-7695],[-5284,-19983],[-8707,-9715],[-6361,-5196],[-93005,26978],[7791,27309],[-89713,15414],[4409,14423],[-67594,15399],[-21950,2774],[-8694,-38075],[-46623,45245],[9368,36241],[-38073,32872],[60050,163235],[47001,-38876],[-172,-5132],[24424,-4408],[329,1382],[17228,59084],[84795,-13792],[989,6286],[1884,9208],[16942,-8503],[8618,30813],[6901,1149],[8376,20874],[6963,16431],[8662,22185],[4426,13530],[2947,5353],[9025,23111],[87950,16221],[12839,3268],[37585,-36817],[31662,9427],[5975,407]],[[396456,190936],[1481,21476],[-2280,22522],[-53338,10423],[-15207,-63413],[65345,-8503],[3999,17495]]],"transform":{"scale":[2.560982961965547e-7,1.9763828327659766e-7],"translate":[-73.0269022139999,45.868768095000064]}}