{"type":"Topology","objects":{"53025":{"type":"Polygon","arcs":[[0]]}},"arcs":[[[419767,401620],[-13963,-36597],[-20210,-51439],[112321,-23285],[-22401,-58561],[24485,-4004],[-19903,-45572],[-42656,-93070],[23764,-17071],[-24760,-15792],[-87918,-56229],[-101359,79895],[-69846,54297],[-57595,43627],[-106719,80130],[-13007,9021],[1635,12142],[4978,14997],[10656,25235],[580,27833],[-6398,15167],[-2468,7702],[-7181,24013],[-1329,17592],[2548,12784],[38628,-12301],[77285,-25064],[7426,13165],[41899,-36463],[30188,40924],[13968,8074],[6206,-2146],[11675,15225],[4043,13735],[-5712,32266],[7862,5387],[10058,13831],[13330,8931],[32747,-12851],[3612,1275],[48651,-21455],[-3597,-4550],[17547,-15169],[12915,-9553],[48015,-36076]]],"transform":{"scale":[2.503282826565647e-7,2.479412638825627e-7],"translate":[-73.1465865319999,45.889094182000065]}}