{"type":"Topology","objects":{"53020":{"type":"Polygon","arcs":[[0]]}},"arcs":[[[499999,244358],[-12822,-2484],[-87844,-12334],[-9014,-17571],[-2943,-4070],[-4422,-10286],[-8651,-16868],[-6955,-12492],[-8365,-15870],[-6894,-874],[-8605,-23427],[-16924,6463],[-1881,-7000],[-988,-4779],[-84691,10487],[-17208,-44922],[-328,-1051],[-24395,3351],[172,3902],[-46943,29558],[-59971,-124091],[-16350,11196],[-162,-100],[-23200,16283],[41645,88771],[19431,43468],[-23904,3819],[21869,55856],[-109656,22209],[19730,49065],[21857,55959],[-14091,3082],[9333,11210],[12163,59],[2669,14563],[-8021,8851],[7898,25071],[599,19300],[4153,7029],[3667,4333],[1342,2395],[3395,4754],[2079,1765],[6356,3008],[2426,1588],[1122,1780],[1055,4045],[25885,-4298],[10574,30338],[16810,-12348],[281,1276],[2331,3145],[1827,4504],[1487,7662],[379,686],[5507,3194],[4540,4249],[5722,2232],[79172,-55878],[52454,-39592],[12191,-9140],[9359,-7197],[21768,-15368],[3736,-2490],[11604,-8894],[22989,-16957],[4145,-3638],[129506,-96487]]],"transform":{"scale":[2.5640998081986324e-7,2.599481918963509e-7],"translate":[-73.0500613129999,45.90406655900005]}}