{"type":"Topology","objects":{"53032":{"type":"Polygon","arcs":[[0]]}},"arcs":[[[499999,278968],[-98225,-184409],[-6597,3672],[-29023,14085],[-9068,4558],[-456,-586],[-4942,-14203],[-52222,24625],[-22160,-42911],[5309,-21996],[-42977,-11538],[4322,-4997],[-5658,-3051],[-3928,-1538],[-25868,-14432],[-9925,-8120],[-1272,-6836],[-11256,-10594],[-1495,-697],[-84233,40496],[-7303,3271],[7010,12562],[-2375,5927],[-22843,16121],[-11862,14390],[-6065,16860],[435,26754],[-11525,33055],[-7914,22327],[-13593,15599],[-4593,33439],[3516,30184],[8634,26191],[-1788,15106],[-6261,11488],[-10038,8927],[2392,8735],[11886,17441],[964,7198],[-15968,12649],[-8972,8008],[-4062,7513],[7227,8447],[19467,13683],[10891,10830],[1246,28001],[12530,33373],[6420,11375],[17956,-8146],[147300,-72339],[79496,-39386],[96404,-49017],[101062,-52094]]],"transform":{"scale":[1.813623667247267e-7,2.746417832835672e-7],"translate":[-73.15706603199993,45.817980084000055]}}