{"type":"Topology","objects":{"53040":{"type":"Polygon","arcs":[[0]]}},"arcs":[[[441079,451251],[-8968,-11299],[-17479,-33010],[-1737,-27694],[-15192,-10712],[-27152,-13534],[-10082,-8355],[5668,-7431],[12514,-7919],[22272,-12511],[-1345,-7119],[-16578,-17253],[-3336,-8640],[14000,-8829],[8733,-11362],[2495,-14941],[-12044,-25905],[-4905,-29855],[6407,-33074],[18960,-15428],[11038,-22084],[16075,-32694],[-604,-26463],[8457,-16675],[16547,-14234],[31862,-15945],[3314,-5861],[-9781,-12424],[-1182,376],[-340888,114423],[-220,-66],[-147928,50657],[60377,30419],[36099,34539],[26752,-1495],[-4493,66596],[3037,38851],[18757,46612],[12047,21977],[21199,24522],[7353,9298],[30004,16096],[70078,25937],[19207,21257],[117968,-39922],[22694,-8826]]],"transform":{"scale":[1.3002462804924983e-7,2.7767257334525025e-7],"translate":[-73.20393598899993,45.83000060800003]}}