{"type":"Topology","objects":{"53050":{"type":"Polygon","arcs":[[0]]}},"arcs":[[[461722,396704],[6256,-43049],[8409,-157445],[23612,-162405],[-159571,-24425],[-111216,-9380],[-1536,101412],[-33521,-3347],[-194155,-9508],[14097,40426],[20408,50030],[24123,71750],[22907,59287],[28082,51165],[65298,73624],[6401,-17062],[37296,8357],[24158,8046],[5990,8018],[22898,13336],[28005,-1569],[26743,3719],[9837,20854],[12188,14978],[44183,-25976],[24311,1245],[24418,-32179],[7900,-42211],[12479,2309]]],"transform":{"scale":[5.904786609574396e-8,1.7239600479258454e-8],"translate":[-73.14752660699992,46.04065177800004]}}