{"type":"Topology","objects":{"53085":{"type":"Polygon","arcs":[[0]]}},"arcs":[[[335109,422592],[43889,-42066],[53423,-78616],[27491,-11853],[-2005,-4168],[-3180,-3184],[-5616,-6917],[-2590,-5305],[-751,-28142],[-747,-8971],[-2739,-70954],[57715,-33237],[-62500,-75676],[-1451,-1859],[-19552,21153],[-4255,4843],[-17798,-5640],[-53232,-17371],[-42122,-14142],[-18335,-5745],[-52799,-17964],[-39047,-13068],[-6560,-2756],[-971,-954],[-48681,45110],[-52599,-42564],[-4568,32158],[-1369,105386],[-17760,65443],[60699,40444],[-2827,7112],[-1582,2411],[-13229,24689],[-2487,3816],[-14566,25188],[-1410,1491],[-39785,48485],[-41213,70479],[7130,4692],[-123,552],[9426,6526],[8472,6512],[17822,18053],[13145,15892],[18030,-20234],[22167,-24098],[25017,28264],[26976,-32097],[28888,46498],[5228,19421],[629,370],[138359,-158939],[6948,88237],[6995,-6705]]],"transform":{"scale":[2.2063936727872691e-7,1.3708298016594717e-7],"translate":[-72.90119645099992,45.97416337800007]}}