{"type":"Topology","objects":{"54008":{"type":"Polygon","arcs":[[0]]}},"arcs":[[[237969,496966],[35198,-35978],[35706,-35353],[42136,-42168],[19465,-19117],[13892,-13333],[115633,-115153],[-11519,-47774],[-14016,-107242],[-57555,9759],[-6622,-5895],[-47062,14185],[-13025,1824],[-11291,-2899],[-10009,-2234],[-13478,-6441],[-7569,-4719],[-3722,-7279],[-1712,-5279],[-4021,-3646],[-3945,-2523],[-10271,3623],[-2307,2486],[-20828,21101],[-13043,13404],[-146,3],[-17296,-25480],[-1685,-2955],[-985,-4081],[-5818,-27813],[-43661,8897],[-11608,-54886],[-51939,8799],[-249,-1226],[-65123,11131],[4745,4336],[3700,1872],[1926,2523],[890,3299],[163,3495],[782,4836],[161,7601],[-648,7407],[-1735,3436],[-1322,3960],[-224,5467],[1341,2432],[11648,19167],[-722,141],[-8076,8112],[-3191,5877],[7394,8684],[1958,2510],[956,8120],[-11140,13340],[1375,1947],[3448,5687],[5456,42665],[3083,2946],[1320,12222],[16261,24353],[-4670,9102],[646,1890],[-3598,915],[2603,19133],[8771,6163],[3326,16180],[1002,4240],[1592,853],[18921,-3222],[3625,-409],[-2174,6548],[-1737,3481],[-4598,5047],[-1521,3236],[-512,3295],[-1126,3903],[-1860,2551],[-3071,858],[-6861,-180],[-1831,669],[-2677,2312],[-4324,7519],[-8906,14993],[-1812,2113],[-2659,1582],[-3337,998],[-2568,1676],[-1953,2456],[-492,3955],[367,5511],[-171,8330],[-3027,5740],[-4465,5687],[-2237,4114],[-1419,6527],[-2156,5359],[-4164,4085],[-4657,3507],[-6189,1972],[-10214,2751],[-3166,1550],[-2797,2528],[-4787,6446],[-4621,7967],[-1152,6992],[-312,5169],[-73,5568],[-1834,6339],[-6459,7051],[-2786,6401],[-923,10520],[35,2760],[38734,-42295],[31569,45357],[8033,-9308],[8327,-1823],[34211,-32664],[194,-415],[14649,-15261],[93392,86538],[5891,-5782],[2934,2749]]],"transform":{"scale":[3.503845667691491e-7,2.521008042016461e-7],"translate":[-72.98344483599993,45.45237313100006]}}