{"type":"Topology","objects":{"54017":{"type":"Polygon","arcs":[[0]]}},"arcs":[[[361554,454957],[396,-6813],[1459,-9215],[5859,-10503],[6070,-8498],[3546,-3332],[4014,-2045],[12952,-3627],[7848,-2599],[5904,-4623],[5280,-5386],[2734,-7063],[1798,-8606],[2837,-5423],[5664,-7497],[3836,-7566],[219,-10981],[-467,-7264],[624,-5212],[2476,-3241],[3255,-2207],[4232,-1316],[3372,-2086],[2297,-2786],[11294,-19765],[5481,-9911],[3394,-3047],[2323,-883],[8700,238],[3894,-1131],[2358,-3363],[1428,-5145],[649,-4346],[1929,-4264],[5831,-6652],[2200,-4590],[2759,-8632],[-4599,538],[-23990,4248],[-2021,-1123],[-1269,-5591],[-4215,-21328],[-11122,-8126],[-3300,-25219],[4560,-1208],[-818,-2490],[5920,-12000],[-20617,-32102],[-1675,-16114],[-3907,-3881],[-6920,-56244],[-4372,-7497],[-1743,-2568],[14127,-17584],[-1214,-10705],[-2482,-3310],[-9376,-11447],[4048,-7747],[10239,-10695],[-30121,6072],[-48093,6430],[-43076,6400],[-29439,4847],[-9343,-109],[-1953,-6493],[-3597,-2109],[-4021,-5634],[-7637,-12041],[-155,-747],[-68055,64910],[-28563,28254],[-19739,-78877],[-117975,-4500],[37509,92099],[-30870,34012],[-30125,28530],[11601,31911],[31335,88617],[10163,29921],[7097,21618],[14526,-5017],[6975,-2754],[19649,162249],[23163,1311],[143640,7715],[-1872,-6841],[1737,-538],[-83,-1614],[1310,-1702],[2245,-4699],[2277,-7257],[1023,-11110],[47398,-5263],[39370,-6018]]],"transform":{"scale":[2.7633452066905854e-7,1.9123899447799542e-7],"translate":[-73.07912337199991,45.47408101700006]}}