{"type":"Topology","objects":{"54025":{"type":"Polygon","arcs":[[0]]}},"arcs":[[[499999,444520],[-67871,-444520],[-172586,56365],[-2381,-17237],[1888,-3912],[-98755,43567],[30119,177186],[-157291,-27141],[-26432,89494],[-6690,70078],[145200,38057],[25445,6151],[4709,12781],[22893,54610],[301752,-55479]]],"transform":{"scale":[5.551176102346489e-8,7.07971055942213e-8],"translate":[-73.11028892499989,45.576496889000055]}}