{"type":"Topology","objects":{"54035":{"type":"Polygon","arcs":[[0]]}},"arcs":[[[477867,381012],[22132,-12322],[-15775,-15005],[-16173,-17583],[91,-1468],[3791,-11373],[125,-1866],[-1347,-8171],[-1556,-3537],[-13349,-14565],[-1277,-2157],[-1772,-9266],[-407,-700],[-8972,-9031],[-5549,-3316],[-2256,-937],[-44054,-52260],[-4535,-8164],[-7275,-46366],[-19230,-24399],[-12197,-16672],[-2265,-3980],[2323,-3984],[-2077,-12537],[-1216,-916],[-47112,-1001],[-2712,-17189],[-469,-843],[-11089,-81404],[-5968,471],[-33846,6253],[-9096,1726],[-2025,70],[-161446,28572],[1699,4128],[386,2993],[-1227,23011],[-1678,28002],[-872,16597],[-2402,47565],[-2290,30424],[-1541,4365],[-63359,37434],[1774,37226],[4181,21912],[13849,20805],[31612,46122],[41750,25103],[21125,22073],[16971,-9912],[16039,-9172],[30377,-16099],[61022,95089],[26559,35241],[108890,-61086],[12043,-6804],[8683,-5225],[35161,-19255],[47831,-26617]]],"transform":{"scale":[2.404318148635659e-7,3.187645115291066e-7],"translate":[-73.1164231599999,45.60007179800004]}}