{"type":"Topology","objects":{"54030":{"type":"Polygon","arcs":[[0]]}},"arcs":[[[136122,392644],[-3857,-19435],[-4753,-2315],[-27121,-14330],[1249,-26383],[4937,-33695],[29381,10219],[-5625,-66710],[18447,-16403],[-353,1473],[444,6490],[32238,-21223],[12678,167363],[74251,-27546],[2410,-381],[6588,-2665],[27381,-10598],[5765,-826],[35201,1583],[54803,2191],[87,94],[74006,3074],[1517,-10728],[24203,-8061],[-21541,-36705],[-4289,-59504],[-5084,-7879],[-2528,-11100],[-140,-33859],[-11815,-597],[-133564,-7845],[-21540,-1333],[-18268,-165010],[-6488,2803],[-13507,5100],[-75294,89543],[-52928,63075],[651,-2705],[-33,-3589],[-651,-4197],[-2354,-5298],[-356,-6548],[-12,-14696],[-2814,-6627],[1200,-8456],[-68,-7227],[-410,-3005],[-2428,-2665],[-4005,-2976],[-850,1716],[-2899,3521],[-17027,18446],[-33542,36871],[-849,-13621],[-551,-4791],[-48280,53163],[-1377,-1933],[-11872,11447],[2295,14930],[1687,4751],[-793,711],[6718,44593],[1791,18914],[12741,-11657],[4422,8345],[5247,-5145],[5387,1878],[-324,694],[-7888,23451],[-12531,13168],[229,6315],[-3352,2919],[-13468,37894],[-204,2246],[-6196,31799],[-98,5652],[862,4047],[11161,36234],[2401,7501],[7276,17620],[1426,4175],[1190,4745],[4068,18762],[343,3965],[-219,4141],[76465,-82105],[2345,9476],[28655,-34726]]],"transform":{"scale":[2.9717920235837216e-7,1.880405380810549e-7],"translate":[-73.14012290599993,45.53694578600005]}}