{"type":"Topology","objects":{"54048":{"type":"Polygon","arcs":[[0]]}},"arcs":[[[308543,489409],[11129,-10759],[32284,-31133],[37788,-36317],[103028,-99580],[7227,-6945],[-14803,-35462],[-42220,-99578],[-22261,-52855],[-19521,14914],[-19009,-17890],[-53898,-50576],[-4604,4528],[-73016,-67756],[-11452,11948],[-153,324],[-26746,25576],[-6511,1428],[-6280,7286],[-24681,-35512],[-30283,33114],[-26,-2160],[721,-8237],[2178,-5011],[5051,-5521],[1434,-4965],[56,-4358],[-24273,3574],[-29226,3126],[-630,6597],[-1404,4311],[-1386,2791],[-807,1012],[52,958],[-1072,319],[1169,4116],[7820,297],[94,19773],[1674,6483],[3373,4601],[2845,34750],[14283,21437],[-16050,4708],[-1005,6266],[-49073,-1797],[-59,-53],[-36340,-1280],[-23341,-925],[-619,14],[5950,80593],[250,834],[1455,17017],[25274,990],[653,906],[1115,12414],[-1246,3943],[1214,3942],[6543,16504],[10317,24156],[3904,45903],[2432,8083],[23633,51738],[1211,927],[2977,3281],[4813,8941],[218,695],[951,9174],[686,2136],[7160,14418],[834,3502],[723,8089],[-67,1846],[-2034,11260],[-49,1455],[8678,17408],[8462,14854],[15049,-15716],[15836,-16210],[16858,-17525],[10695,-10914],[33354,-34698],[28,-629],[11100,10234],[23458,21301],[-93,373],[3078,3317],[23010,-24416],[4659,-4619],[2307,-1594],[3207,-3297],[2922,-3316],[4534,-4779],[2736,3567],[1635,3296],[-899,1653],[-6166,3885],[-7214,2451],[-1423,2829],[-1495,4743],[790,3695],[4097,7802],[7829,8506],[12344,13124],[-11,7794],[-1029,4315],[5362,10628],[5928,13610]]],"transform":{"scale":[4.481708723416621e-7,3.2198037796078e-7],"translate":[-73.04822118699991,45.556607331000066]}}