{"type":"Topology","objects":{"54060":{"type":"Polygon","arcs":[[0]]}},"arcs":[[[499998,282406],[-78882,-192246],[-13116,-35323],[-407,-654],[-21812,-54183],[-170243,101593],[-20454,11763],[-28657,16868],[-62036,37202],[-52570,31191],[-51821,31742],[97175,54563],[35802,20159],[36761,-16807],[41918,59560],[79508,112204],[27877,39960],[67881,-39051],[63409,-38010],[-51942,-75032],[67402,-43945],[34207,-21554]]],"transform":{"scale":[2.3798715197429532e-7,2.8574484748975447e-7],"translate":[-72.90006392499993,45.51183491100005]}}