{"type":"Topology","objects":{"54065":{"type":"Polygon","arcs":[[0]]}},"arcs":[[[186791,388812],[53559,-3857],[247,16860],[732,27865],[105491,-983],[153179,-1585],[-121,-448],[-795,-17196],[-2904,-56306],[-478,-13886],[-1150,-28710],[-1525,-33063],[66,-240],[-1914,-29519],[-4213,-27227],[3839,-49644],[-3137,-96788],[-99483,3864],[-2740,566],[-11457,312],[-10208,119],[-27408,-146],[1461,-41347],[-41801,1983],[320,-39436],[-93392,2249],[-130750,3091],[310,410],[779,53596],[-312,1814],[1049,5335],[2961,8466],[352,1838],[-23836,-50],[-22228,124],[-29863,-1823],[-1421,-1685],[13186,74901],[61426,348056],[608,3677],[106318,-139558],[5253,28371]]],"transform":{"scale":[3.6759367318740456e-7,1.896745233490694e-7],"translate":[-72.79978379699992,45.523846726000045]}}