{"type":"Topology","objects":{"54072":{"type":"Polygon","arcs":[[0]]}},"arcs":[[[499999,304754],[-91440,-282228],[-7752,-22526],[-156914,110812],[-900,-2918],[-34984,-106563],[-32686,25782],[-64404,52568],[49633,89754],[-60591,45469],[-77865,56073],[5823,4877],[-27919,19211],[80340,61416],[-21473,17760],[23904,14752],[43753,31016],[17625,11845],[28263,19580],[27949,19010],[10266,7252],[32930,22303],[11660,-10386],[2665,-1825],[160378,-121187],[81739,-61847]]],"transform":{"scale":[2.490654341308362e-7,2.388734257468453e-7],"translate":[-72.8328784819999,45.59221341300008]}}