{"type":"Topology","objects":{"54095":{"type":"Polygon","arcs":[[0]]}},"arcs":[[[411690,352151],[2693,-1704],[63334,-40742],[22282,-15267],[-15210,-44833],[-22532,-68141],[-24,0],[-66294,-181464],[-82197,55287],[-161274,108333],[-2680,1632],[-11725,9285],[-38317,25249],[-70376,45129],[-29370,19029],[110137,66978],[10623,7054],[11767,8011],[-51661,33798],[-35180,23189],[45553,30622],[98082,66402],[13629,-8895],[50052,-33582],[57366,-38297],[58004,-38816],[13419,-8673],[19712,-13107],[10187,-6477]]],"transform":{"scale":[2.476796553593859e-7,2.6721458842914145e-7],"translate":[-72.80641193199995,45.66501112600008]}}