{"type":"Topology","objects":{"54090":{"type":"Polygon","arcs":[[0]]}},"arcs":[[[375855,316131],[26408,-20452],[63282,-48502],[34453,-27139],[-29777,-21428],[-9281,-6967],[-25272,-18265],[-25556,-18813],[-15938,-11378],[-39562,-29802],[-21613,-14172],[19415,-17064],[-72645,-59007],[25245,-18456],[-5265,-4686],[-167631,128962],[-61485,47030],[-52525,40319],[-18108,13933],[3157,5823],[9678,14008],[9767,14542],[3551,4740],[7399,6420],[2857,4256],[2717,2210],[-463,11932],[208,9825],[269,4483],[5001,3745],[3647,1599],[3013,2530],[10567,2157],[11980,7406],[1400,575],[377,2639],[-2568,11268],[-2038,7112],[-1921,4876],[-2012,2949],[669,9714],[6943,6531],[5191,5908],[3248,6501],[-789,4347],[-2214,6246],[-2862,5880],[1835,4631],[2532,5112],[4344,7152],[953,1981],[435,10811],[1185,3845],[1968,4503],[1855,2826],[5664,5042],[12156,6619],[8461,7926],[2833,7139],[2565,10614],[823,5770],[1546,3894],[3440,3585],[2615,3353],[2897,4730],[22888,-17207],[46259,-34647],[67983,-51655],[103846,-80359]]],"transform":{"scale":[2.754488388976847e-7,2.4862507525012676e-7],"translate":[-72.90994068099991,45.65694273200006]}}