{"type":"Topology","objects":{"54105":{"type":"Polygon","arcs":[[0]]}},"arcs":[[[493302,298099],[-368,-793],[3446,-6046],[2667,-6420],[951,-4467],[-3912,-6682],[-6252,-6075],[-8363,-6712],[-806,-9985],[2424,-3032],[2313,-5011],[2455,-7312],[3092,-11582],[-453,-2712],[-1687,-592],[-14427,-7612],[-12728,-2218],[-3628,-2601],[-4394,-1643],[-6023,-3849],[-324,-4607],[-250,-10100],[559,-12266],[-3273,-2272],[-3443,-4374],[-8910,-6599],[-4276,-4873],[-11765,-14946],[-11656,-14401],[-15421,-24102],[-10508,-14148],[2019,-5743],[20,-10375],[-24191,-17471],[-15339,-11321],[-8029,-10387],[-1548,-4918],[2926,-6314],[2791,-3766],[14138,-3264],[12083,-5173],[1761,-2200],[-3203,-4388],[-5362,-4747],[-8888,6360],[-5723,4416],[-6286,4388],[-4522,2123],[-9127,6150],[-45092,32500],[-6035,-4415],[187,-496],[-45971,-28355],[-21754,-13623],[-55,836],[-65427,46235],[-20559,14253],[-33369,23558],[-31031,21581],[-29490,20920],[-23266,16237],[5698,3590],[92852,58145],[33936,20271],[28112,17724],[50514,31446],[19925,47741],[19809,49565],[-2903,2114],[33030,71255],[-4313,3145],[21631,33843],[5086,8491],[21579,-9572],[24406,-11232],[31504,-14622],[26816,-12374],[55208,-25193],[-44808,-71575],[-359,-747],[32403,-23625],[43176,-32959]]],"transform":{"scale":[2.2870138340272612e-7,2.4187428574854373e-7],"translate":[-73.00152849599992,45.68459814400006]}}