{"type":"Topology","objects":{"54100":{"type":"Polygon","arcs":[[0]]}},"arcs":[[[429093,348198],[14524,-15917],[31834,-35513],[24548,-26925],[-66582,-75910],[-30923,-35005],[23883,-26509],[35066,-38635],[-7986,-9156],[-7212,-8065],[-74763,-76563],[-78394,85470],[-51322,54939],[-34920,36851],[-17278,18301],[-2187,-5030],[-1975,-3568],[-2596,-3812],[-1167,-4140],[-623,-6138],[-1935,-11288],[-2139,-7593],[-6387,-8431],[-9177,-7041],[-4277,-5363],[-1398,-3005],[-1488,-4789],[-894,-4088],[-328,-11501],[-720,-2108],[-3279,-7604],[-1911,-5440],[-1155,-4103],[-27063,34103],[-20309,24446],[225,773],[28086,74060],[-34605,26067],[-16809,12805],[-19745,15129],[-15298,11621],[-13526,9906],[-3188,-8786],[-13558,-35018],[-10142,12110],[24868,66672],[1643,4010],[-2205,9232],[156,3500],[-4524,11011],[38517,44018],[37583,-39970],[32579,-33237],[6218,-6232],[21368,-21976],[20286,-21138],[15204,56253],[9754,34157],[11965,46986],[4278,17857],[4155,4431],[32368,35298],[5716,-5069],[4893,4350],[2251,-1756],[23393,23867],[10456,-11607],[37762,-41361],[29907,-32394],[25659,-27973],[1594,-1818],[17700,-19324],[15549,-17324]]],"transform":{"scale":[3.6487384374774954e-7,2.337574935149081e-7],"translate":[-72.94195652399992,45.73554105300008]}}