{"type":"Topology","objects":{"54110":{"type":"Polygon","arcs":[[0]]}},"arcs":[[[480517,281467],[19482,-13196],[-31400,-63329],[2759,-1877],[-18828,-44052],[-18942,-42429],[-48020,-27949],[-26723,-15754],[-32260,-18015],[-87106,-50992],[-6577,-3874],[-47680,31097],[-35260,22633],[-8679,6120],[-11805,7817],[-109051,71700],[18140,14618],[-38567,25364],[80185,64726],[-43977,26676],[61490,43120],[-2883,1846],[33390,93405],[32818,90877],[33849,-23288],[113489,-78625],[8225,-5619],[11517,-7588],[36698,-25017],[6755,-4836],[38619,-23593],[19835,-15825],[50507,-34141]]],"transform":{"scale":[2.4058350916696467e-7,2.7214985029964664e-7],"translate":[-73.05756097199992,45.721524825000074]}}