{"type":"Topology","objects":{"54115":{"type":"Polygon","arcs":[[0]]}},"arcs":[[[306633,481203],[193366,-107593],[-37678,-84491],[-38336,-86840],[3311,-1716],[-70601,-40089],[50494,-24801],[-92065,-60179],[44282,-23580],[-20828,-13592],[-30430,-38322],[-160255,84184],[7076,11061],[-4881,2530],[-191,9673],[-57509,28043],[13939,15919],[24763,18467],[-131090,68385],[1293,655],[9742,9940],[1100,6414],[8592,7616],[22388,13541],[3400,1443],[4896,2864],[-3739,4688],[37195,10825],[-4596,20637],[19182,40261],[45197,-23104],[4277,13326],[395,549],[7849,-4275],[25119,-13217],[5710,-3444],[85015,173018],[33618,-18796]]],"transform":{"scale":[2.09545031090121e-7,2.927216934432966e-7],"translate":[-73.12359389399995,45.74823567100009]}}