{"type":"Topology","objects":{"54125":{"type":"Polygon","arcs":[[0]]}},"arcs":[[[418083,357072],[21680,-15989],[-13730,-47862],[30109,-23653],[18218,-13207],[25639,-19231],[-37941,-26157],[-3651,1925],[-7936,-4768],[-9270,5555],[-52494,-38683],[-6739,-4855],[-6937,-19571],[-19403,-51493],[-15820,-37433],[-24659,-61650],[-32900,23167],[-34653,24082],[-10086,6830],[-52836,36427],[-64534,46378],[-12546,8563],[-39724,27758],[-26558,18709],[-41312,28557],[2106,12622],[3045,9647],[2736,5707],[9936,15880],[1763,5272],[200,11719],[3603,12806],[3713,6761],[10164,9061],[13001,8645],[9912,9003],[6013,18514],[3125,7131],[14330,25154],[-282,18115],[89059,-26743],[18152,47150],[8339,21781],[-138,51],[11063,30752],[4920,10117],[4111,14833],[2008,5550],[21391,-15817],[36301,-26096],[28980,-20470],[85505,-62094],[25027,-18450]]],"transform":{"scale":[2.2498110996224827e-7,2.1329677059344147e-7],"translate":[-72.94846295499991,45.801840489000085]}}