{"type":"Topology","objects":{"54120":{"type":"Polygon","arcs":[[0]]}},"arcs":[[[116932,486629],[35140,-29862],[-8649,-32901],[43039,-41075],[8027,34567],[20261,-2520],[62398,-13979],[-4070,-13095],[82815,-13991],[-7191,-24794],[85856,-24491],[-4673,-3755],[-8243,-8874],[-3011,-6627],[-2921,-12545],[-164,-11483],[-1429,-5164],[-8058,-15560],[-2219,-5591],[-2469,-9453],[-1708,-12366],[33503,-27978],[21538,-18331],[32215,-27196],[13080,-10913],[-50659,-47264],[5949,-11824],[-205,-3758],[2899,-9911],[-2158,-4308],[-32709,-71587],[-43799,42678],[-17199,19783],[-33491,29496],[-5859,6045],[-31824,31273],[-9988,9486],[-7132,7024],[-98417,98290],[-175407,173778],[79331,64040],[22489,18106],[15112,-13370]]],"transform":{"scale":[2.774269608539395e-7,2.1770264740525825e-7],"translate":[-73.05934054499994,45.79812615800005]}}