{"type":"Topology","objects":{"55008":{"type":"Polygon","arcs":[[0]]}},"arcs":[[[499998,449467],[-17451,-51955],[-3124,-9033],[-11474,-33874],[-8403,-24503],[-16077,-47282],[-4602,-12688],[-5581,-16631],[-12100,-34864],[-4969,-15131],[-6187,-19440],[-15021,-44208],[-7836,-22377],[-13244,-36047],[-2105,-5314],[-11281,-32822],[-8787,-24858],[-749,-2750],[-1809,-15542],[-2669,1811],[-12538,9365],[-50014,38036],[-6051,4715],[-33375,25382],[-5861,5434],[1496,2166],[-444,1867],[-3571,4631],[-583,1939],[1181,2441],[3768,663],[4635,-3272],[2645,-2983],[2488,-2291],[2920,-1115],[3131,-342],[9362,324],[4266,-320],[-50655,31852],[-440,732],[-11374,8829],[-7195,5408],[-3565,-346],[-10560,-310],[-11680,-879],[-68360,51402],[-30035,22208],[-33995,24989],[-37203,27188],[-4922,3841],[8998,35941],[8913,35094],[12552,-9386],[5899,31914],[13011,67571],[4455,-1007],[5433,-1891],[3485,-1651],[6926,-4574],[10409,-7634],[13902,-10424],[4507,-3047],[3966,-2176],[12836,45738],[14611,50265],[56234,-11594],[5514,19788],[900,3559],[9329,-1792],[34472,-5442],[98173,-16079],[58041,-9467],[53240,-9036],[51890,-8413],[2302,-303]]],"transform":{"scale":[2.7406113212230413e-7,2.6132124264244317e-7],"translate":[-72.97808346399995,45.26455297000007]}}