{"type":"Topology","objects":{"55015":{"type":"Polygon","arcs":[[0]]}},"arcs":[[[499999,466959],[-9803,-82954],[-3045,-34854],[120,-219],[-2835,-27616],[-7596,-69879],[-1418,-10265],[-949,-4605],[-24289,-104896],[-15096,-64686],[-8097,-36421],[-6917,-30564],[-2116,407],[-47648,11312],[-48889,12151],[-53297,12730],[-90150,21621],[-31656,7318],[-8566,2409],[2847,16466],[6888,35611],[4924,26913],[5440,30356],[-5836,1139],[-5010,-32162],[-7589,1825],[-1435,-5510],[-5834,1659],[4742,23063],[-33602,7423],[9002,47170],[-730,4269],[6140,36561],[-339,3761],[1823,5092],[-7327,1267],[-56175,12117],[-15416,3505],[-30789,7962],[-6899,12870],[3950,26156],[2782,23504],[-7013,11929],[-2217,7635],[-79,5745],[1078,2067],[76455,-14439],[293,1590],[60978,-11415],[13628,71201],[51257,-11539],[6831,36078],[1156,5294],[1979,3834],[20305,33054],[172,-6],[15312,-17386],[24453,-27373],[2709,-3226],[12059,-4699],[4630,3272],[4720,4729],[2011,6851],[4369,9440],[8885,6123],[15824,8354],[11750,2900],[13257,3759],[15292,-2365],[55250,-18402],[7775,7647],[67571,-12658]]],"transform":{"scale":[2.9845126890259595e-7,1.9433573867143762e-7],"translate":[-72.96642493199994,45.382008417000065]}}