{"type":"Topology","objects":{"55023":{"type":"Polygon","arcs":[[0]]}},"arcs":[[[353722,484430],[936,-121],[-15100,-16565],[-1738,-2101],[289,-4726],[1713,-3423],[2251,-2969],[840,-6400],[-209,-6569],[-1013,-4180],[-214,-3020],[-1151,-2851],[-2498,-2181],[-4796,-1617],[-4405,-2520],[-2940,-2604],[88,-3829],[2448,-5085],[7744,-7948],[-3072,-15658],[-4361,-17425],[7617,-8573],[34000,-5306],[17024,-2334],[62031,-8073],[8093,-843],[-2015,-3393],[374,-2505],[-6779,-24356],[806,-2846],[-9940,-31423],[37106,-4945],[-5236,-15364],[6442,-1106],[1584,3671],[8380,-1216],[5531,21425],[6446,-758],[-6007,-20223],[-5438,-17928],[-7605,-23725],[-4059,-14157],[-5590,-17726],[-57022,10387],[-14817,-45031],[-13016,-40972],[-4021,1950],[-4572,2729],[-14095,9337],[-10555,6840],[-7024,4098],[-3532,1478],[-5512,1695],[-4517,902],[-13191,-60532],[-5985,-28590],[-12727,8409],[-9039,-31440],[-9123,-32194],[-43919,28764],[-176,-8305],[2476,-3216],[-2816,-7955],[2834,-3227],[366,-3860],[-14815,7220],[-23273,19141],[-33939,18678],[342,3068],[5743,77672],[-18543,15623],[-31129,-5508],[-20691,-3586],[-2902,-571],[-3398,6442],[-5411,5641],[-1978,1420],[-3409,1134],[-6777,726],[-2788,1279],[-44969,29720],[-3136,3383],[2120,1078],[619,1410],[2902,20782],[809,1407],[4458,2922],[6942,4061],[-4923,2984],[3189,2040],[5341,-2912],[4055,2666],[2530,2630],[-58285,40330],[69616,40494],[3830,-2366],[20269,-14457],[26276,14274],[6614,6243],[-52,3294],[-1301,10058],[8901,12601],[11945,8401],[19833,19897],[4364,12524],[-3717,5968],[-434,15116],[725,10637],[-4150,3440],[475,5296],[2668,3553],[-212,5432],[-4992,7528],[-3043,4200],[8325,8145],[5493,3448],[4133,6509],[-528,8567],[1489,5484],[-5348,2899],[-1518,3687],[2802,8748],[7810,7893],[4112,3694],[3677,1383],[1996,4256],[9554,71],[30099,-3177],[44042,-4195],[49171,-4216],[30798,-3980]]],"transform":{"scale":[2.7027027054053653e-7,2.917107974215861e-7],"translate":[-73.05444864599991,45.33341487200004]}}