{"type":"Topology","objects":{"55030":{"type":"Polygon","arcs":[[0]]}},"arcs":[[[436366,320736],[63633,-69283],[-2763,-4517],[-4426,-4583],[-5833,5006],[-3482,-3506],[5376,-5126],[-7580,-6979],[-4866,-5019],[-883,-2418],[-3167,-35703],[-676,-2420],[-5678,-4472],[-24886,-24718],[-18165,-17732],[-3889,-2979],[-4518,-1319],[-3770,-2345],[-40899,-50252],[-21055,-25515],[-34203,-41883],[-13130,-14973],[-64011,66779],[-2265,-28457],[-3542,2948],[-32771,33127],[-16745,16625],[-18508,-19912],[-36034,-37837],[-10069,-11152],[-60842,63029],[-2644,3172],[-42806,41039],[18983,7003],[-881,703],[-14984,40694],[-14387,40011],[85946,27451],[-2256,6689],[5985,1836],[26014,9242],[1553,233],[30599,11032],[3207,241],[1118,1563],[4441,2332],[4420,1433],[-18179,58374],[110134,45631],[11610,116170],[19468,-19747],[101988,-104409],[50318,-55107]]],"transform":{"scale":[2.4756431112864667e-7,1.6980279960561306e-7],"translate":[-73.16247758499992,45.35569653300007]}}