{"type":"Topology","objects":{"55037":{"type":"Polygon","arcs":[[0]]}},"arcs":[[[494870,391014],[-3214,-14735],[1844,-6578],[6498,-5173],[-1810,-9787],[643,-15285],[-5021,-11615],[-6676,-6154],[-10117,-14531],[3698,-7495],[6067,-13433],[256,-9695],[-3242,-6340],[-579,-9449],[5045,-6140],[-881,-18980],[527,-26971],[4518,-10650],[-5303,-22349],[-24104,-35504],[-14515,-14990],[-10817,-22484],[1580,-17949],[63,-5879],[-8037,-11137],[-31932,-25472],[-24632,25799],[-4656,4220],[-84604,-72258],[-56013,57239],[-113531,108447],[-16742,15743],[-52453,50740],[-37193,35568],[17443,3965],[-26980,26450],[16607,11917],[33534,12577],[18153,24121],[12094,-5379],[10917,27342],[14511,38794],[1187,1459],[5556,-5578],[29671,-31577],[30448,-32892],[30928,63523],[146685,5270],[24527,92270],[35492,-33051],[84560,-75934]]],"transform":{"scale":[2.223939127877758e-7,1.6347841295676685e-7],"translate":[-73.11793539899992,45.41015850700006]}}