{"type":"Topology","objects":{"55048":{"type":"Polygon","arcs":[[0]]}},"arcs":[[[417179,338756],[36361,-25823],[46459,-33377],[-12636,-87603],[-119851,-34413],[19782,-44019],[-4810,-1080],[-4831,-1759],[-1218,-1179],[-3488,-183],[-33300,-8318],[-1690,-177],[-28309,-6968],[-6515,-1386],[2455,-5043],[-93528,-20702],[15656,-30172],[16306,-30689],[958,-528],[-20870,-5337],[-86935,60689],[-87628,-60574],[4389,113753],[26791,5192],[-18905,31055],[-7875,5250],[-50233,35866],[-3714,2441],[13982,1864],[14948,1840],[3257,-12],[5368,47837],[-13059,1871],[11924,4561],[4360,13673],[-1214,2547],[-5763,6245],[-5663,3610],[-7184,12897],[-204,4101],[16325,1342],[15294,32671],[-23277,12193],[26991,26982],[-10899,5354],[16342,11875],[4610,27446],[-4783,2031],[-3050,5003],[38428,-5915],[14704,10221],[-11773,2196],[2698,7449],[12114,-3608],[5766,-5253],[33874,-8282],[822,2251],[2429,3838],[2511,2918],[5185,2115],[6493,775],[4845,2000],[2730,4473],[2109,4403],[1152,4338],[-50,7196],[2427,5557],[96,2998],[-1569,3702],[-974,4693],[97,3037],[-1482,2862],[-5377,4244],[-3146,3610],[2761,1914],[2367,3679],[43,1319],[7245,4880],[2456,2958],[804,2226],[-419,1602],[14594,-10388],[54169,-36541],[23168,-15814],[-929,-878],[14807,-9859],[29420,-20511],[61920,-44277],[32359,-22975]]],"transform":{"scale":[2.2749192898394747e-7,2.2516965433936215e-7],"translate":[-73.21071948699995,45.37765004100004]}}