{"type":"Topology","objects":{"55057":{"type":"Polygon","arcs":[[0]]}},"arcs":[[[416991,425718],[9976,-15265],[7863,-4272],[8005,-7393],[1685,-3016],[-6054,-16183],[-16561,-5399],[18137,-2214],[-7454,-56623],[-4525,13],[-20758,-2180],[-19419,-2206],[5156,-2888],[69763,-42455],[10937,-6213],[26257,-36759],[-37208,-6145],[-6096,-134647],[-62566,-37075],[-46660,27878],[-13013,-6598],[-10833,-6290],[3524,-10014],[9237,-30203],[-1156,-14237],[-4549,-5334],[-16114,10273],[-31110,18965],[-15616,10099],[-12050,7399],[-12604,7171],[-12654,7976],[-18077,11124],[-14320,9369],[-22950,14693],[-7500,3963],[-16524,-4380],[-18752,23122],[-2063,7046],[-2922,11496],[1426,14130],[-1373,13129],[-5458,10651],[-13119,15015],[-2890,9686],[69,8642],[6201,7561],[27495,21417],[18261,11534],[17270,11599],[13187,9791],[3325,7298],[-4941,19100],[-8078,18910],[-1123,13436],[-8724,14278],[-8044,19909],[-9174,12894],[-6297,6947],[-18546,14835],[-7955,8359],[-12373,11527],[-17648,17001],[-8759,5345],[-5388,2911],[-15724,6830],[-15725,5854],[-14166,4032],[-19761,4445],[-3422,507],[-5969,33192],[13520,918],[9056,-2592],[12993,-4917],[718,-1770],[-1281,-4308],[2991,-5981],[21667,-8382],[17095,-5837],[19193,-8676],[26521,-8544],[11490,-2892],[11213,-2279],[25182,-8137],[38605,-10670],[4660,8751],[17159,4523],[-21068,5735],[-1136,10063],[-4551,1392],[3156,6551],[-33161,10061],[2955,6056],[65234,-20112],[57164,-17293],[581,1649],[4620,7304],[86180,-24665],[26235,689]]],"transform":{"scale":[1.6380769161533367e-7,1.9022990445976922e-7],"translate":[-73.27425816199991,45.362101171000056]}}