{"type":"Topology","objects":{"55065":{"type":"Polygon","arcs":[[0]]}},"arcs":[[[298803,432541],[11517,-10955],[35307,-29936],[24975,-21018],[41780,-39680],[27595,-23081],[25365,-21657],[34234,-29463],[423,-1959],[-811,-2722],[-2485,-3616],[-7325,-5967],[-41,-1611],[-2394,-4499],[-2793,-2341],[3183,-4413],[5435,-5189],[1498,-3500],[-97,-3712],[985,-5739],[1585,-4527],[-96,-3664],[-2456,-6796],[52,-8798],[-1164,-5305],[-2133,-5384],[-2761,-5469],[-4897,-2445],[-6564,-948],[-5241,-2586],[-2540,-3567],[-2455,-4692],[-830,-2754],[-34245,10127],[-5829,6424],[-12247,4411],[-2727,-9107],[11901,-2686],[-14863,-12498],[-38848,7235],[3082,-6119],[4836,-2485],[-4660,-33556],[-16520,-14520],[11018,-6545],[-27287,-32991],[23531,-14909],[-15460,-39948],[-16504,-1641],[381,-5006],[-19270,-719],[-62733,25478],[-3365,-7545],[-423,-1704],[-41610,17864],[-47487,20775],[-2151,-6257],[24140,-10391],[-2299,-6766],[3314,-1439],[827,-10395],[15336,-5924],[-12490,-4672],[-3393,-9039],[-28103,11020],[-18329,8405],[-8164,2356],[-8362,2988],[-19306,8825],[-13972,8963],[-12442,6028],[-15773,8659],[-2178,6177],[932,4452],[-522,1828],[-9459,5078],[-6591,2678],[-9841,-948],[-27499,43354],[1609,5554],[8368,15332],[7434,11799],[7330,10203],[6783,9027],[9295,10845],[8724,13793],[5802,10404],[1529,13348],[1540,10721],[4116,9729],[4598,7592],[5483,7253],[7871,9114],[8833,10830],[8928,10424],[9231,22315],[9321,16036],[7121,10401],[8300,10855],[8394,8704],[11104,12771],[5535,6634],[7990,12387],[9279,18229],[5423,16731],[7690,16041],[9988,23281],[4497,12026],[10524,21369],[3635,6388],[7913,-5820],[23750,-18851],[19701,-16266],[31164,-26521]]],"transform":{"scale":[2.2503181206357721e-7,1.841587643175863e-7],"translate":[-73.2804462109999,45.44295161400003]}}