{"type":"Topology","objects":{"56005":{"type":"Polygon","arcs":[[0]]}},"arcs":[[[418349,499901],[-1372,-88977],[114,-24170],[-131,-72684],[7820,2069],[75219,-3656],[-38105,-79277],[-5915,-10060],[-9648,-20637],[-6157,2768],[-2582,-1167],[-11305,1455],[-16566,-1104],[-16639,-198],[-11085,-1375],[-7390,-8931],[-5756,165],[-2259,-8401],[-4969,7931],[-11030,-3183],[-11711,-681],[-5359,-12826],[-2495,-11216],[549,-4868],[-1684,-1985],[1453,-5459],[-3691,-1813],[-4897,-7760],[-6453,-2863],[-5028,-83],[-4081,-3156],[-9062,-15431],[-1246,-3124],[-2172,-13483],[-6057,-16080],[-1488,-6277],[-4069,-7446],[-5188,-13511],[-2556,-4780],[-1608,-12708],[-5580,-10113],[-1012,-5274],[-7646,-8136],[-194,-5524],[-1603,1583],[-152095,12677],[-6758,1108],[-3051,-1945],[-1771,3098],[-3825,670],[-2429,-2866],[1316,-2972],[-6812,-2743],[-1608,7044],[-119,-6544],[-6799,3012],[-7392,546],[-8013,-3500],[-5477,-4587],[-1497,-6956],[-11593,-13497],[-34035,71],[-3223,86191],[8918,2153],[-7475,281895],[-3977,125550],[57969,1308],[66156,1759],[14077,-283],[15014,931],[19024,254],[122494,170],[123615,-98]]],"transform":{"scale":[1.389875399750805e-7,7.975602351209588e-8],"translate":[-73.17355360599993,45.056888453000056]}}