{"type":"Topology","objects":{"56010":{"type":"Polygon","arcs":[[0]]}},"arcs":[[[499999,265443],[-5405,-5052],[-1658,-7283],[201,-4274],[-627,-4420],[3016,-3740],[-448,-2449],[986,-1140],[-147,-3093],[-2458,-3958],[13,-1868],[-1883,-3808],[-289,-5974],[-663,-3405],[2508,-3679],[-231,-3838],[-1015,-4627],[1277,-2160],[-3038,-6561],[-923,-8312],[-538,-8211],[-1142,-2222],[-1322,-6595],[-1850,-4983],[1051,-1142],[-1684,-3492],[265,-1980],[-1732,-2903],[-184,-2133],[-1711,-4559],[-205,-5227],[4407,-3928],[-164,-3734],[-3709,-5535],[-3512,-2978],[-9512,-13380],[1147,-2264],[-7859,-1506],[-929,-1478],[-5132,-4121],[-4554,-1514],[-3041,-2026],[-1218,-2699],[-4085,-3019],[-3442,-416],[-1323,-1897],[-4920,-3377],[-194,-2453],[-2057,-3271],[-6065,-5759],[-3417,-6555],[-2694,-3313],[-3881,-9697],[-2740,-9774],[154,-1390],[-2752,-3152],[-5234,-862],[-867,-1478],[-3291,-1860],[-5043,-5672],[-1346,-5153],[-3749,-7191],[-53,-1974],[-2077,-4072],[-197,-2614],[-2484,-2621],[-2765,1173],[-4229,-1309],[-559,-1912],[-3624,-39],[-82148,-1884],[-11948,-561],[-92842,-2097],[-6413,225],[-83133,-1187],[-49844,-1219],[-39472,-812],[-3212,111281],[-914,32798],[-3227,112674],[18118,-330],[-399,9523],[-1042,37723],[13782,-249],[32726,212],[-656,64411],[-1548,130636],[11563,-262],[255646,-2187],[42842,3008],[65363,206],[35911,555],[2768,-59390],[5203,-133343],[-6207,-1019],[2244,-40770],[23685,-34]]],"transform":{"scale":[1.9971639943276558e-7,1.6860770521544949e-7],"translate":[-73.26788102899991,45.01213267300005]}}