{"type":"Topology","objects":{"56015":{"type":"Polygon","arcs":[[0]]}},"arcs":[[[497506,496928],[1751,-128012],[742,-63117],[-36985,-209],[-15575,243],[1178,-36964],[448,-9332],[-20475,323],[3648,-110411],[1034,-32141],[3628,-109047],[-80080,-1156],[-575,-124],[-87565,-1510],[-6861,-817],[-13131,-238],[-13012,-481],[-34127,-579],[-126672,-2531],[-642,166],[-27004,-219],[-47231,-772],[6514,90107],[14121,33541],[35527,50176],[17318,46841],[1871,17790],[5160,7340],[1147,12766],[-2069,9956],[-3123,8744],[-5161,7059],[-3495,5918],[-1277,7156],[55,5707],[1436,7314],[3483,7233],[3827,4500],[2728,-1748],[8092,4147],[10975,8241],[10230,10371],[6369,9958],[7467,8799],[9472,17053],[-4251,23813],[886,12242],[4032,7687],[8051,7333],[11252,2558],[7181,0],[47582,38720],[43495,28677],[45522,-708],[151946,-1594],[51143,-769]]],"transform":{"scale":[1.7672159944314166e-7,1.7206146612286352e-7],"translate":[-73.3436223349999,45.010711332000085]}}