{"type":"Topology","objects":{"56023":{"type":"Polygon","arcs":[[0]]}},"arcs":[[[337159,497905],[-1339,-23665],[-338,-2541],[-2804,-44267],[-806,-6357],[-1094,-27495],[-1077,-10926],[-759,-3430],[-198,-13679],[-303,-1715],[-1420,-19006],[-453,-12128],[-60948,898],[-1483,-16869],[61579,-782],[3130,-228],[36196,-240],[-633,-53824],[2802,519],[2891,-430],[1064,-3778],[5321,-819],[8954,-3635],[3068,-3395],[1280,-488],[6253,-538],[6633,-2369],[4164,-1064],[2838,-3430],[2181,-898],[6089,-792],[4239,-1103],[7846,-2637],[3876,-623],[3894,1572],[82,3730],[3642,-732],[878,-2752],[4313,-2894],[4665,-83],[5442,1626],[7123,-3372],[8584,-900],[2796,60],[4536,1295],[2895,69],[4942,-1720],[1949,-1510],[3619,-1524],[-4076,-3145],[-3708,-5058],[-1529,-5112],[-58,-3991],[1359,-5003],[3722,-4137],[5494,-4937],[3323,-6113],[2204,-6959],[-1221,-8927],[-5494,-5131],[-1992,-12438],[-18438,-32748],[-37822,-35081],[-15036,-23448],[-6935,-62998],[-53203,-571],[-91826,-1280],[-17237,-480],[-7009,120],[-28355,-362],[-11676,436],[-7730,-182],[-124206,-1196],[-4893,329],[-65056,-624],[-855,43482],[-1015,89734],[127313,235],[-343,7473],[882,11989],[42,4719],[-423,24803],[137,10605],[-230,31277],[-145,7573],[-630,49166],[579,54055],[-50890,579],[-1655,61111],[50187,-592],[-247,60112],[2437,116],[22127,-246],[41328,-871],[16520,-14],[1368,22815],[1010,21878],[82132,-1465],[45660,-629]]],"transform":{"scale":[1.6599012398025282e-7,2.4610478620960636e-7],"translate":[-73.41218655799992,45.009773705000036]}}