{"type":"Topology","objects":{"56035":{"type":"Polygon","arcs":[[0]]}},"arcs":[[[478411,435720],[1777,-16464],[4981,-35464],[512,-42591],[-6401,-24095],[5315,-6489],[12179,-11969],[3225,-7754],[-3646,-15397],[-4610,-9948],[-5933,-8656],[-8939,-8576],[-7564,-5673],[-22076,-11806],[-25013,-13915],[-18149,-8995],[-3455,-566],[-7432,-5164],[-15357,-22296],[-76833,-18204],[-17739,-14784],[-26446,-16142],[-40275,-20879],[-44056,-28196],[-6649,2],[-10419,-1863],[-7455,-5339],[-3735,-5598],[-818,-8915],[3935,-17338],[-8771,-12418],[-6913,-6407],[-5898,-7249],[-9472,-7554],[-10162,-5999],[-7492,-3019],[-5673,2859],[-1693,1573],[-4300,1790],[-2517,-70],[-3945,-1349],[-2432,-62],[-7465,937],[-6197,3513],[-4730,-1695],[-4057,86],[-3753,3015],[-763,2867],[-3166,760],[-74,-3884],[-3386,-1637],[-3372,649],[-6823,2748],[-3685,1147],[-5296,825],[-1897,935],[-2467,3572],[-3623,1110],[-5769,2467],[-5436,558],[-1115,508],[-2669,3536],[-2324,1226],[1747,11894],[4949,-2543],[6150,-5636],[5987,27730],[8936,3183],[5295,1005],[11426,23484],[3042,4993],[6082,6214],[7972,8744],[1500,2841],[517,5136],[39,12152],[411,15156],[-1463,1883],[18774,-144],[55979,-701],[926,-163],[4791,9474],[10788,-439],[13682,8140],[14388,9200],[-7444,433],[1194,30955],[1788,32588],[990,24509],[155928,-2548],[-75,6801],[-25648,546],[1157,65144],[-22248,566],[-25979,505],[-52386,1223],[6704,63064],[-19769,1336],[10559,21183],[17739,-9525],[19234,-9720],[75161,44930],[-17387,9594],[23531,15292],[1525,31452],[159734,2084],[-7815,-64279]]],"transform":{"scale":[1.9085890771775813e-7,2.363019246038698e-7],"translate":[-73.3486508869999,45.06583993900006]}}