{"type":"Topology","objects":{"56030":{"type":"Polygon","arcs":[[0]]}},"arcs":[[[354088,360140],[-12066,-19667],[22591,-1240],[-7661,-58549],[59863,-1136],[29687,-468],[25424,-527],[-1322,-60481],[29307,-506],[88,-6315],[-178185,2365],[-1132,-22753],[-2041,-30256],[-1365,-28739],[8506,-401],[-16441,-8542],[-15635,-7558],[-12327,408],[-5476,-8796],[-1058,152],[-63971,649],[-21453,136],[1673,-1750],[-470,-14071],[-44,-11282],[-590,-4770],[-1717,-2636],[-9108,-8117],[-6949,-5769],[-3478,-4636],[-13057,-21804],[-6051,-932],[-10211,-2957],[-6840,-25745],[-7029,5235],[-5656,2361],[-1996,-11043],[-6242,2377],[-5289,792],[-1057,3654],[-2871,415],[-2786,-502],[629,52045],[-35973,230],[-3111,220],[-61198,757],[1473,16311],[60570,-868],[452,11727],[1412,18378],[299,1660],[198,13225],[755,3318],[1070,10564],[1087,26585],[802,6147],[2785,42803],[337,2456],[1163,19600],[7103,137953],[-55267,46557],[10163,83594],[117922,-51425],[8644,-3835],[66633,-29210],[9058,-3659],[45370,-19711],[40561,-18076],[9476,-4478],[22022,-9464]]],"transform":{"scale":[1.6701972803939255e-7,2.5452114504232793e-7],"translate":[-73.36834218999991,45.072452862000034]}}