{"type":"Topology","objects":{"56042":{"type":"Polygon","arcs":[[0]]}},"arcs":[[[499999,3958],[-56767,-1058],[-48658,-188],[-31893,-2712],[-190310,1973],[-1940,95],[-40357,847],[-100089,1470],[-29985,650],[18814,20411],[12619,18694],[54659,23019],[10926,28195],[5287,6528],[2458,717],[12912,11373],[17796,17597],[15704,14928],[5381,7173],[6360,10843],[4221,10947],[3280,12579],[2593,19470],[-2295,9805],[-8664,15132],[-3782,8207],[4554,30469],[-364,53855],[-3543,44845],[-1264,20820],[106920,1035],[-1251,89084],[84688,1803],[-11894,15499],[25620,448],[43771,630],[18873,329],[38572,529],[7404,-94518],[1607,-19805],[2884,-38631],[1766,-20914],[2818,-35549],[2666,-35436],[1560,-18914],[1512,-19898],[-30,-11113],[-22235,9662],[2,-6316],[312,-3035],[3600,-8657],[14257,-30241],[3706,-8130],[1324,-4366],[446,-3430],[3051,-43810],[4455,-61568],[2614,-37873],[895,-2382],[2434,-1117]]],"transform":{"scale":[2.6828162056326406e-7,1.8687387574777734e-7],"translate":[-73.29963697399995,45.095800921000034]}}