{"type":"Topology","objects":{"56055":{"type":"Polygon","arcs":[[0]]}},"arcs":[[[347622,412570],[70572,-59804],[22327,-18545],[18888,-10781],[2221,-2254],[-2417,-69748],[728,-2605],[-5949,4662],[-9699,-7858],[-4125,-2669],[27270,-27981],[6993,-7303],[2584,-2440],[17429,-18454],[5555,-5576],[-95399,-56836],[-30466,-19183],[8422,-8492],[9419,-9707],[1385,-26460],[1250,-18675],[-109,-3701],[1824,-38160],[-66429,1123],[-16359,135],[-69992,-320],[-7104,-109],[-1743,25209],[-9345,120202],[-130603,-1009],[-39271,-734],[-628,27733],[-272,2124],[-720,23597],[-1259,34153],[-27,8909],[424,82899],[-22645,9145],[-30352,14289],[9404,12338],[22613,30579],[57682,74056],[108271,-55935],[23848,-12384],[1131,41036],[11553,-9162],[5327,72125],[91588,-73702],[16205,-13727]]],"transform":{"scale":[2.6855455910910756e-7,2.3358256116510719e-7],"translate":[-73.19206385099994,45.171830474000046]}}