{"type":"Topology","objects":{"56050":{"type":"Polygon","arcs":[[0]]}},"arcs":[[[495826,343953],[-2152,-36377],[-261,-10557],[1518,-18154],[2921,-26216],[2147,-54783],[-19843,-70],[-29944,-482],[-38567,75],[2858,-19107],[-84,-288],[7014,-47992],[6199,-36763],[10792,-66044],[-11193,-10367],[-42261,18374],[-5426,-32802],[-44750,-1405],[-93142,36],[-92296,-63],[-14335,-91],[-11312,-340],[-10608,104],[-49845,-641],[-3539,954],[-1301,2033],[-3802,32333],[-6480,52560],[-4438,37400],[-647,2928],[-1926,3727],[-5390,6940],[-20738,25818],[-5235,7389],[-453,2593],[-4,5392],[32338,-8250],[47,9488],[-2201,16986],[-2269,16147],[-3877,30252],[-4098,30348],[-2569,17855],[-4196,32980],[-2334,16905],[-6835,51064],[-4050,29627],[-3248,15632],[-2362,21416],[-556,7204],[-2564,19731],[-529,10686],[57175,783],[190143,1078],[13603,-128267],[2537,-26898],[10345,115],[101900,342],[23819,-144],[96304,-1194]]],"transform":{"scale":[1.8446158292311847e-7,2.1889884379766728e-7],"translate":[-73.17716481899993,45.09654066500008]}}