{"type":"Topology","objects":{"56060":{"type":"Polygon","arcs":[[0]]}},"arcs":[[[398696,460682],[-103,-106],[49772,-18264],[37135,-11690],[-697,-105966],[45,-11391],[2065,-43655],[1179,-30163],[449,-2716],[919,-33116],[704,-15133],[2890,-23638],[624,-8630],[2662,-25653],[3659,-18729],[-63058,-537],[-30918,-338],[-71702,-645],[-41970,-457],[19484,-15850],[-138734,-1844],[2049,-91103],[-175150,-1058],[9105,83120],[1267,15352],[4104,41119],[3391,39116],[3768,38892],[-40,13620],[6114,19709],[3115,7818],[4594,5089],[1979,18107],[3177,13287],[3680,11441],[12969,13557],[4631,15050],[4128,9802],[328,7694],[2246,7621],[-1546,13047],[-4828,14619],[7212,34897],[-221,11757],[6798,49078],[1587,12394],[18638,-294],[199241,-2399],[1865,-99],[1308,6604],[100086,-39316]]],"transform":{"scale":[1.6377028354057718e-7,1.8273312146619326e-7],"translate":[-73.25734165699993,45.16880175900007]}}