{"type":"Topology","objects":{"56065":{"type":"Polygon","arcs":[[0]]}},"arcs":[[[499999,328523],[-203,-6267],[-2534,-7984],[-2845,-12260],[-7967,-11041],[-2259,-9322],[-1952,-10822],[-1215,-14751],[-2822,-4144],[-1914,-6369],[-3756,-16055],[27,-11095],[-2315,-31680],[-2083,-31863],[-2521,-33496],[-778,-12506],[-114340,-2194],[-1091,-33133],[-16845,-16107],[12447,-10106],[-53801,-47328],[-13769,10240],[-12698,10032],[-13794,10738],[-5937,5081],[-25406,20509],[-28422,22365],[-5673,4151],[-41739,33140],[-5416,4353],[-72410,57178],[-41011,32921],[-24957,19596],[54682,50003],[-4881,3787],[54937,48967],[-21355,16336],[-33767,26555],[30970,26490],[6565,7841],[-2921,2889],[-14340,12648],[16176,14503],[4743,-3825],[4636,5745],[34180,41934],[-11894,-690],[968,8644],[11159,-521],[2996,8389],[10148,-4204],[1016,-10287],[9849,-7366],[14821,-11718],[56381,-45484],[624,-948],[20370,-16571],[29679,-24028],[21839,-17633],[16593,-13261],[-477,38245],[-400,27552],[42,28619],[88052,355],[5430,-114037],[53022,-457],[40156,-253]]],"transform":{"scale":[2.6663101326202993e-7,2.2432578665154474e-7],"translate":[-73.37979713699991,45.15956851700008]}}