{"type":"Topology","objects":{"56097":{"type":"Polygon","arcs":[[0]]}},"arcs":[[[214427,446241],[45439,-27439],[2806,-2119],[64583,-42140],[10689,7456],[38250,25297],[19645,13312],[17776,-11115],[34786,-22148],[3761,-1972],[-5492,-45602],[-6670,-54143],[59998,-37081],[-24106,-233306],[-18661,12623],[-105463,67786],[-6133,-66336],[-13303,8427],[-1304,-37741],[-27460,11390],[-124673,51444],[-209,-215],[-6870,2738],[1045,74583],[-24855,16346],[-19740,12660],[-158,214],[-19837,13085],[-15458,10044],[-9519,6306],[-74017,34421],[9297,9933],[6798,6779],[1798,2951],[6755,22940],[-319,5037],[519,27708],[292,5313],[-1445,4132],[-9511,23025],[-10639,35401],[-12822,42289],[43945,27772],[85475,53703],[84798,-53807],[209,49]]],"transform":{"scale":[2.3322217644430541e-7,2.539729919459432e-7],"translate":[-73.2096968809999,45.26432909200008]}}