{"type":"Topology","objects":{"56105":{"type":"Polygon","arcs":[[0]]}},"arcs":[[[499999,326308],[-66026,-2006],[-789,-7261],[-2059,-16721],[-56518,-8270],[-8701,-1400],[-28886,-4225],[-9806,-2017],[-7838,138],[-46205,1258],[-5355,-306],[-6040,-1659],[-3690,-739],[1291,-9484],[3384,-39194],[3706,-2045],[64814,-35322],[30578,-16388],[14584,-8044],[33085,-14812],[4107,-879],[-587,-761],[-3962,-24918],[-4113,-34533],[-1533,933],[-131791,71150],[-10076,-49714],[1564,-2405],[-8215,-4488],[-176,-33658],[-38445,20964],[-3297,-28850],[-19250,8718],[-2363,-18712],[323,-6963],[-4167,-34801],[-2367,-18894],[-4516,2666],[-9679,6746],[-22591,8847],[-26704,15221],[-84408,49085],[25039,208206],[-62321,33093],[6928,48318],[5201,36907],[2998,20767],[70579,-39843],[14475,8934],[37712,24990],[23215,15224],[45094,29982],[4156,1400],[4984,787],[4285,1776],[19912,10518],[27556,14812],[3709,1563],[3775,-3468],[54129,-30465],[3357,-1311],[8157,-743],[4101,-1162],[2382,-1456],[6515,-5783],[4088,-6602],[3495,584],[24905,3678],[37471,5644],[22321,-16013],[-6916,-79614],[-410,-3148],[40852,-19144],[20973,-14688]]],"transform":{"scale":[2.2453217506435938e-7,2.845913011825862e-7],"translate":[-73.10707901899991,45.244702114000056]}}