{"type":"Topology","objects":{"57005":{"type":"Polygon","arcs":[[0]]}},"arcs":[[[339466,444374],[6027,-43989],[3454,-673],[19956,-5890],[14305,-5345],[15879,-7759],[15880,-9050],[5440,-3859],[8844,-7085],[17820,-22530],[11724,-14333],[-22707,-5778],[9649,-6451],[7337,-6670],[5631,-10537],[6647,-9121],[1792,-7126],[4135,-7498],[3179,-7907],[2256,-11194],[9210,-24789],[1840,-9487],[1438,-3257],[6736,-3852],[4053,-13773],[8,-11501],[-4988,-23972],[-787,-7839],[52,-10054],[-4941,-60],[-82898,-10216],[-17800,-16903],[-67368,-7828],[-30877,-381],[-95,10550],[-11256,3445],[-31045,-105064],[-5174,-16598],[-118052,93232],[-24539,19283],[-13647,11875],[-2445,605],[2172,3813],[426,11220],[21092,78437],[-37218,32239],[-2096,2080],[-54505,42302],[-11323,10428],[-2687,-147],[4112,2014],[10512,1080],[3587,4580],[1109,6191],[5348,2545],[5983,-224],[4391,2121],[1068,1676],[1921,7116],[3201,1829],[5661,-533],[3043,-1241],[5664,-409],[3655,1131],[6163,6545],[8301,928],[3506,1447],[4417,3123],[4852,7633],[1809,-155],[5318,-4604],[4740,-2587],[5588,-345],[2773,582],[2821,2335],[979,4248],[-2244,10511],[571,3690],[2581,2214],[4255,-9],[11169,-3949],[4422,302],[4124,3882],[-138,3765],[-1274,2466],[-10535,7075],[-6635,2432],[-7619,1067],[-7721,3140],[-949,2900],[3941,2945],[3819,1316],[6946,384],[5377,3548],[2319,4226],[-1879,9438],[148,5579],[9985,13880],[6903,4588],[3173,3709],[2104,5044],[288,4949],[-1015,6289],[3754,13732],[1811,4360],[75421,11774],[15489,2280],[4734,1055],[44180,6234],[13291,2790],[38148,-55625]]],"transform":{"scale":[1.6221774643551897e-7,1.4353744907492778e-7],"translate":[-73.32932551399995,45.39325708600006]}}