{"type":"Topology","objects":{"57020":{"type":"Polygon","arcs":[[0]]}},"arcs":[[[316745,410220],[20184,-13667],[2798,-1318],[40582,-26758],[24424,-16563],[39135,-26731],[31655,-22164],[12981,-8799],[11495,-8232],[-4500,-6271],[-13029,-20975],[-5568,-11804],[-12367,-22852],[-9519,-15746],[-6714,-16423],[-11486,-17894],[-9894,-12159],[-6851,-6509],[-13747,-12539],[-10392,-8543],[-10277,-10655],[-8818,-10209],[-11537,-15739],[-11430,-21905],[-11052,-10232],[-10937,-10629],[-9745,-8948],[-6788,-7118],[-5692,-7454],[-5097,-9548],[-1587,-8766],[-9072,-1145],[-1650,-1359],[-11262,-3232],[-20068,-4614],[-10668,-1147],[-5135,-1573],[-2379,1823],[-64536,43474],[2803,-3794],[5170,-3576],[569,-2025],[-2331,-4811],[308,-1347],[4838,-2901],[-394,-1387],[-6161,-3364],[-1500,-2196],[-73140,53986],[11678,6405],[-23820,16873],[-46927,35051],[-24884,18682],[-24411,17823],[15766,10507],[16964,2842],[3104,2244],[18511,21150],[2278,3653],[2660,7223],[11498,3409],[3896,5743],[15911,20795],[3378,2821],[8907,13312],[6566,7198],[6290,9697],[4966,5442],[3891,5224],[9721,9710],[9021,6557],[16761,13465],[726,2706],[7165,41539],[2742,22406],[6038,73425],[4980,21476],[3874,18738],[42336,-28672],[-589,-609],[89384,-60497]]],"transform":{"scale":[1.817637895276677e-7,1.876147252294403e-7],"translate":[-73.32265917599995,45.48137529100006]}}