{"type":"Topology","objects":{"57025":{"type":"Polygon","arcs":[[0]]}},"arcs":[[[499999,220008],[-18215,-6204],[-27628,-17134],[-29851,-10901],[-22310,-10914],[-22316,-12384],[-32624,-21857],[-51523,-69424],[-17829,-26921],[-25146,-44269],[-30471,33871],[-34414,36206],[-83922,91200],[-103750,109986],[27366,49458],[28278,35784],[14185,27791],[8879,14061],[23960,17021],[19753,2470],[11893,5352],[35185,23581],[15747,22678],[29161,17456],[40079,13084],[57887,-64718],[109433,-121651],[56014,-61864],[22179,-31758]]],"transform":{"scale":[6.856108912227628e-8,4.559642319290558e-8],"translate":[-73.24909311399995,45.53503081200006]}}