{"type":"Topology","objects":{"57030":{"type":"Polygon","arcs":[[0]]}},"arcs":[[[200250,0],[-75615,76814],[-47807,47120],[-57628,54599],[-19200,16857],[18590,31748],[13179,19309],[38090,49786],[24119,15676],[16498,8883],[16492,7826],[22067,7818],[20426,12287],[13466,4450],[41322,31687],[14401,15371],[18443,-154],[21630,3465],[13854,7324],[7041,6210],[7385,9175],[5782,11760],[28300,61988],[12949,-7723],[10828,-39060],[34005,-26026],[9570,-6368],[10941,-9721],[21941,-15116],[33081,-19289],[25599,-15412],[-1303,-5853],[-22486,-55117],[-10159,-20825],[-14855,-23759],[-5106,-6110],[-29025,-25842],[-12139,-5912],[-24287,-6517],[-9769,-7344],[-11316,-10843],[-34601,-24299],[-43283,-29072],[-11087,-9020],[-8823,-11028],[-19502,-21619],[-4182,-9808],[-29609,-63778],[-8217,-24538]]],"transform":{"scale":[9.274104948213408e-8,6.357902115803071e-8],"translate":[-73.2317774629999,45.522608019000074]}}