{"type":"Topology","objects":{"57033":{"type":"Polygon","arcs":[[0]]}},"arcs":[[[499174,351724],[-7311,-17207],[-10472,-23818],[-32284,-70536],[-11953,-25401],[31038,-22709],[31807,-27073],[-38646,-73309],[-79,-3],[-25645,-43224],[-25249,22383],[-24602,21485],[-4608,3795],[-983,-993],[-12033,-26395],[-9052,-18606],[-10028,3660],[-15053,-16411],[-27807,-8558],[-13769,-8110],[22372,-17997],[-14465,-2697],[-27447,21531],[-52522,41497],[-24952,19223],[-12559,9240],[786,822],[-19649,14823],[-45947,34245],[-41101,32318],[-21283,16601],[-23152,17692],[-32526,28222],[2585,6180],[3645,6828],[8518,10711],[10250,8178],[12512,7907],[7794,5312],[9003,5822],[12385,5813],[5028,2520],[6118,3588],[9095,8657],[11452,-8980],[26385,-20906],[3476,-116],[3875,-2775],[26486,22940],[1972,782],[12039,2711],[1032,3822],[-106,1287],[-1271,1040],[5808,4589],[18718,10458],[3670,2563],[869,1022],[-17792,10759],[25019,20816],[5294,2016],[9486,2347],[8892,3730],[6438,5993],[5038,7480],[3810,8852],[3396,9349],[1907,9874],[-699,8560],[-1035,9943],[-2515,6275],[-18445,13966],[-23639,16767],[892,1170],[3956,17281],[357,4902],[2991,13752],[13155,-8961],[1527,1515],[53495,-41610],[611,3750],[939,10661],[37167,-28860],[18866,-14435],[3213,-2756],[941,-1344],[4439,2329],[2690,2086],[453,2353],[75,5655],[-1329,6619],[3119,5187],[11,11501],[394,5126],[2610,4147],[720,3284],[38,2809],[-722,2117],[58645,-49366],[83428,-70082]]],"transform":{"scale":[2.6820548441100185e-7,2.4025661851318674e-7],"translate":[-73.19637068799993,45.45392793500008]}}