{"type":"Topology","objects":{"57035":{"type":"Polygon","arcs":[[0]]}},"arcs":[[[162159,499864],[15780,-8185],[24194,-13055],[54219,-27432],[81730,-42237],[13131,-6829],[91488,-48477],[47633,-23538],[-7852,-6673],[-22367,9212],[-3143,-14946],[-11795,-35241],[1394,-563],[-2963,-3754],[-8769,-25683],[-566,-4950],[-6267,-17449],[-1411,-1180],[37449,-16933],[29223,-14099],[3984,-6338],[1640,-10039],[1107,-8643],[-3021,-9970],[-5380,-9439],[-6036,-8939],[-7981,-7552],[-10200,-6052],[-14087,-3765],[-15029,-2371],[-8388,-2036],[-39639,-21017],[28188,-10864],[-1375,-1033],[-5813,-2587],[-29655,-10560],[-9204,-4633],[2014,-1050],[169,-1301],[-1636,-3859],[-19073,-2736],[-3126,-790],[-41961,-23162],[-6138,2802],[-5505,116],[-41803,21109],[-18143,9067],[-14412,-8740],[-9690,-3623],[-7968,-2544],[-19618,-5870],[-14267,-5878],[-12349,-5364],[-19821,-7983],[-16238,-8259],[-13497,-10815],[-5773,-6894],[-4097,-6240],[-4005,2214],[-33200,16267],[-46933,23169],[-15308,8478],[4502,6557],[16219,17042],[2292,2621],[10684,5776],[4834,2947],[6073,2410],[23711,7769],[18954,6493],[6201,2896],[5351,1962],[13305,1742],[6650,1579],[15901,6905],[2797,1634],[8138,6347],[5565,5566],[12319,14728],[713,1563],[-14024,4118],[-18123,5153],[-12019,4040],[-5993,2598],[-5243,1701],[-18630,6954],[-5930,10438],[-7095,2063],[-15502,-16563],[-3169,-3143],[-4045,-2451],[-3857,-1659],[-7589,-1957],[-11851,-926],[-10103,41],[8236,5743],[5313,6278],[17024,21213],[5933,11836],[17022,20849],[776,1406],[7326,7945],[8596,10525],[2113,2087],[7958,10537],[4505,7190],[7337,9923],[4209,9708],[3153,4272],[12459,27471],[5165,14246],[1750,11972],[7918,20190],[6398,10137],[1149,9726],[-708,6616],[-808,13955],[1643,19198],[1983,8971],[3058,11062],[4133,11772],[1066,8965],[-793,5110],[2162,14787],[-1320,11241],[-3633,7861]]],"transform":{"scale":[1.6928979857958463e-7,2.3794378788754608e-7],"translate":[-73.21320603599992,45.51068004100006]}}