{"type":"Topology","objects":{"57040":{"type":"Polygon","arcs":[[0]]}},"arcs":[[[499157,433866],[841,-6896],[-1129,-12098],[-4378,-15887],[-3236,-14930],[-2100,-12109],[-1740,-25909],[855,-18833],[750,-8930],[-1217,-13125],[-6773,-13680],[-8386,-27250],[-1853,-16156],[-5467,-19228],[-13194,-37073],[-3337,-5767],[-4459,-13102],[-7767,-13393],[-4771,-9705],[-8427,-14219],[-2236,-2817],[-9103,-14203],[-7758,-10724],[-821,-1898],[-18024,-28136],[-6281,-15974],[-18026,-28629],[-5626,-8475],[-7904,-7208],[-9170,-6086],[-23972,-11426],[-9511,8212],[-24020,16000],[-46928,31461],[-24825,16738],[-17187,-3385],[-12504,-4514],[-6754,-5865],[-15088,-6098],[-5100,-1384],[-8471,-638],[-10274,-4402],[-3808,-3638],[-6083,-7186],[-12126,-9255],[-11736,-12791],[-27769,17626],[-46138,28474],[-3180,1403],[-22946,14543],[5312,7039],[8145,8565],[9468,6778],[7365,6914],[9902,7178],[3403,1282],[9562,1696],[6673,2413],[22933,12267],[15098,5293],[11064,3618],[11097,2441],[13938,6332],[8387,9265],[6563,9752],[5412,6587],[8980,9742],[5754,9049],[5146,10499],[8802,15504],[12212,17808],[10827,16853],[3013,3533],[4275,2604],[5649,8737],[9303,13615],[5582,9328],[12412,22477],[2525,7466],[14143,-7666],[20791,17006],[9687,-3680],[14680,-6293],[13038,11054],[8466,-4604],[2823,3756],[25036,-16222],[7242,24569],[21147,120635],[131,9747],[13315,31761],[52039,-34748],[31166,-20726],[6018,-4518],[10633,-6141]]],"transform":{"scale":[1.598785017570603e-7,1.7630614661226582e-7],"translate":[-73.26508631599995,45.54506245400006]}}