{"type":"Topology","objects":{"57045":{"type":"Polygon","arcs":[[0]]}},"arcs":[[[499999,351143],[-18024,-110547],[-6173,-22515],[-21339,14867],[-2405,-3443],[-7216,4220],[-11112,-10131],[-12513,5768],[-8256,3373],[-17721,-15584],[-12055,7024],[-2151,-6840],[-10579,-20599],[-4759,-8548],[-7928,-12475],[-4816,-8008],[-3644,-2386],[-2566,-3237],[-9229,-15445],[-10410,-16318],[-7501,-14206],[-4385,-9623],[-4905,-8291],[-7654,-8928],[-4613,-6036],[-5594,-8935],[-7150,-8492],[-11877,-5802],[-9460,-2236],[-9428,-3315],[-12870,-4851],[-19546,-11240],[-5688,-2214],[-8150,-1554],[-2901,-1173],[-8439,-6578],[-6279,-6335],[-8068,-6211],[-6942,-7850],[-4529,-6449],[-86613,58992],[572,595],[-41024,27959],[-2356,1442],[-21099,14640],[-20604,13365],[31369,20807],[978,4164],[-1204,2198],[7238,4148],[12790,5451],[4707,2251],[35942,15779],[21024,9608],[-24068,17236],[-63671,46742],[22865,26889],[32178,36982],[-6587,4761],[38795,45965],[6556,-5659],[10657,29251],[1965,4958],[31209,18349],[10374,6365],[14902,5180],[-74871,55667],[41575,25913],[142573,-100945],[4658,-3361],[14940,-11492],[8614,5593],[22094,13596],[7102,-1051],[20842,-1913],[8269,-2437],[4725,-643],[3250,261],[4549,-3738],[3720,-3743],[11978,-10341],[21073,-21204],[6250,1285],[4446,2258],[5316,6488],[3388,3271],[2041,3852],[-255,2671],[-1553,2689],[1750,3343],[2054,2166],[-1201,2789],[4317,-3615],[40336,-34634]]],"transform":{"scale":[1.8757905115814607e-7,1.923963607927929e-7],"translate":[-73.29718579799993,45.558338694000035]}}