{"type":"Topology","objects":{"57057":{"type":"Polygon","arcs":[[0]]}},"arcs":[[[419336,352136],[-2009,-42884],[71394,-43081],[1734,-5023],[2581,-35012],[2707,-54740],[983,-19100],[1890,-32224],[1383,-26482],[-435,-3443],[-3725,-8784],[-39908,23575],[-3266,-6434],[-106494,55740],[304,-2812],[-476,-2692],[-5665,-12736],[-1658,-3222],[-1987,-2835],[-10133,-11961],[-3345,-5091],[-15542,-24600],[-1202,-2746],[137,-3836],[8629,-21590],[286,-1523],[18756,-25726],[4667,-1981],[-319,-4288],[17455,-8938],[10983,-15921],[452,-470],[-7504,-1276],[-7235,3559],[-37789,20220],[-72585,41645],[-10416,5866],[-64842,36281],[-43017,23568],[-19193,11213],[-12520,7031],[-5065,8849],[-9118,7790],[-22261,12298],[-13227,8264],[-28134,6366],[-12268,6728],[-2339,8846],[6524,12321],[15261,16210],[5535,5986],[22006,26628],[5894,11834],[5195,12541],[1096,14981],[233,8231],[1259,9737],[7025,9290],[6721,17213],[-2555,21487],[-2143,19943],[2179,17563],[-5931,22629],[-2075,20720],[-4961,23063],[5471,21098],[55355,-29852],[76862,-41732],[64890,-35341],[1086,2616],[6048,-2541],[2272,7802],[-903,5217],[-25005,13508],[259,16511],[24390,-13921],[6094,2313],[-18814,11562],[3170,896],[156898,-84901]]],"transform":{"scale":[2.1338120076243083e-7,2.7698977597954937e-7],"translate":[-73.20547312699995,45.588241889000074]}}