{"type":"Topology","objects":{"57050":{"type":"Polygon","arcs":[[0]]}},"arcs":[[[469942,419501],[-668,-6960],[-5634,-22591],[5141,-25076],[2151,-22530],[6147,-24606],[-2258,-19097],[2222,-21684],[2649,-23362],[-6969,-18719],[-7281,-10100],[-1305,-10588],[-242,-8949],[-1135,-16291],[-5386,-13635],[-6110,-12867],[-22809,-28953],[-5738,-6510],[-15819,-17626],[-6763,-13397],[2425,-9620],[12718,-7314],[29160,-6922],[13712,-8985],[23074,-13374],[9453,-8470],[5249,-9621],[2988,-7343],[1084,-10500],[-1777,-13811],[-8259,4249],[-4674,3128],[-24205,14344],[-40416,24048],[-10341,-21980],[-102,-6748],[-36754,26159],[-3935,2730],[1095,-2105],[-1872,-1637],[-1595,-2524],[1415,-2033],[233,-2016],[-1860,-2909],[-3088,-2471],[-4843,-4899],[-4051,-1706],[-5696,-971],[-19201,16015],[-10914,7809],[-3392,2828],[-4144,2823],[-2962,-197],[-4304,486],[-7537,1840],[-18992,1445],[-6470,795],[-20133,-10269],[-7850,-4225],[-13612,8680],[-4244,2538],[-129916,76241],[24706,12404],[21576,36222],[2692,30403],[-144576,81780],[18567,8874],[16964,-9158],[33971,22566],[4821,3383],[3672,3029],[15558,10303],[22433,15414],[45764,31165],[3139,-2745],[69748,57447],[-9628,6875],[18711,7190],[22555,12501],[38238,27811],[15175,9756],[12949,5310],[77606,-46293],[59699,-34204]]],"transform":{"scale":[2.0585545571094318e-7,2.547414354829245e-7],"translate":[-73.28784324799994,45.621555888000046]}}