{"type":"Topology","objects":{"57068":{"type":"Polygon","arcs":[[0]]}},"arcs":[[[193512,499677],[5002,-3113],[161399,-107888],[-19594,-18729],[-11028,-16144],[45502,-28441],[151,-9811],[3862,-2565],[-5598,-11217],[126791,-85380],[-55431,-105071],[-27577,17780],[-14560,10130],[-15406,10946],[-19178,-24377],[-37900,-27724],[-28698,-50940],[-12572,-22975],[-3789,-24158],[-126408,81477],[-2555,-858],[15158,-11096],[-4908,-2222],[-19651,13363],[-210,-15848],[20146,-12961],[728,-5009],[-1830,-7486],[-4874,2439],[-875,-2511],[-52279,33914],[-61926,40051],[-44598,28648],[490,5833],[118,14129],[-1414,18514],[41,9275],[1063,8785],[1255,7505],[3289,6746],[5221,7466],[9708,19170],[6675,16834],[2016,6700],[1681,8886],[941,6105],[1232,3343],[1891,3288],[2735,2905],[9229,6543],[6216,3765],[11322,7597],[13663,8804],[8316,7618],[8545,6719],[8949,8102],[2990,3946],[2134,4711],[4325,8484],[680,1951],[177,5982],[873,3377],[1645,3228],[3843,5684],[8132,8493],[5507,4792],[4745,4707],[3736,5367],[5810,6198],[5405,8899],[3209,8324],[2079,6693],[2386,8869],[1612,8250],[1205,3313],[3818,6046],[4281,8811],[805,5011],[1730,7225],[5062,7655],[7805,9899],[5011,7551],[519,-322]]],"transform":{"scale":[2.648478176956908e-7,2.8862703125405815e-7],"translate":[-73.19144671299995,45.68577989100004]}}