{"type":"Topology","objects":{"57075":{"type":"Polygon","arcs":[[0]]}},"arcs":[[[499998,380919],[-5204,-8164],[-8106,-10705],[-5256,-8279],[-1796,-7812],[-835,-5419],[-4447,-9527],[-3965,-6538],[-1251,-3584],[-1675,-8920],[-2477,-9590],[-2159,-7238],[-3332,-9000],[-5612,-9623],[-6034,-6702],[-3879,-5803],[-4929,-5092],[-5717,-5181],[-8447,-9183],[-3991,-6146],[-1707,-3491],[-907,-3654],[-185,-6467],[-705,-2108],[-4491,-9177],[-2217,-5094],[-3105,-4267],[-9337,-8799],[-8830,-7226],[-8634,-8238],[-14190,-9521],[-11758,-8215],[-6454,-4070],[-9585,-7075],[-2840,-3141],[-1964,-3557],[-1279,-3615],[-978,-6602],[-1745,-9608],[-2095,-7246],[-6931,-18203],[-10080,-20729],[-5423,-8074],[-3415,-7294],[-1305,-8114],[-1103,-9500],[-43,-10031],[1469,-20021],[-121,-15276],[-48186,32644],[-62651,44177],[-68586,47113],[-64911,46324],[-33754,23635],[10575,16352],[7635,-5615],[6394,5168],[-47444,32310],[21266,6591],[20441,-13287],[12503,6315],[-16390,10435],[5783,1553],[8163,3453],[3454,2021],[10550,8747],[9199,8001],[11595,-8111],[23157,16398],[-8612,6832],[15187,15628],[44597,26689],[6842,-5116],[26383,36835],[25034,38726],[11878,14117],[12173,12556],[12485,8825],[17256,10530],[16802,10621],[10934,9805],[4473,8773],[5788,11676],[15199,9277],[173858,-119079]]],"transform":{"scale":[2.5503700807399747e-7,2.6691512183020695e-7],"translate":[-73.26785101799992,45.728420147000065]}}