{"type":"Topology","objects":{"58012":{"type":"MultiPolygon","arcs":[[[0]],[[1]],[[2]],[[3]],[[4]],[[5]]]}},"arcs":[[[158579,21408],[2853,-3923],[-7645,155],[-11971,22123],[3425,3571],[3204,-7006],[5622,-8646],[1189,-4618],[3323,-1656]],[[141698,46252],[-5376,1789],[-10150,24134],[-7548,20379],[-7506,17880],[4349,5313],[4563,-3442],[7688,-3006],[1124,-7507],[5643,-13570],[2265,-8486],[-2241,-7778],[5091,-15057],[3259,-4544],[-1161,-6105]],[[114347,119920],[-3805,566],[-1868,3898],[-3871,15693],[-6952,19521],[-1405,8085],[2165,4227],[4617,-1676],[8310,-21526],[7349,-23974],[-4540,-4814]],[[135433,24416],[3429,-6638],[-10475,225],[-5564,11122],[-3420,3155],[-922,5044],[-22116,39820],[-7911,16170],[-9931,24227],[-8753,30629],[-99,7170],[-3323,13212],[-7016,15835],[-6829,30063],[-6746,16367],[-3686,409],[201,9624],[13656,5908],[2393,-3886],[10287,-38904],[12767,-58093],[4114,-13815],[5387,-13246],[-2927,-3695],[9668,-19155],[10955,-23001],[12808,-20810],[14053,-27737]],[[80500,249155],[15189,-57621],[3130,-10319],[-4681,-6991],[-4620,629],[-2199,8771],[-9787,438],[-13890,58184],[-109,4276],[5941,-895],[3302,2998],[-4181,11444],[2827,1005],[3535,-7327],[5543,-4592]],[[441935,54945],[25777,-22045],[27189,-21748],[5098,-5348],[-13048,234],[-173,-6038],[-19462,418],[209,5971],[-42565,1179],[-40141,-1388],[-8790,8500],[-16082,1181],[-114911,234],[-25569,505],[-7480,-614],[-15528,876],[-6169,6518],[-25528,20080],[-5283,6502],[-7473,12633],[178,2137],[8485,-13611],[4335,3144],[-5637,13781],[-1490,8476],[-7687,31897],[-7351,23758],[-14246,27718],[-11185,14295],[-7638,5359],[-3269,9895],[-3056,2078],[-7882,23341],[-4669,16656],[-17217,51192],[-3579,13430],[-3806,9047],[-29622,51703],[-14847,59181],[-21823,83927],[40097,-14299],[9580,-1150],[17963,-5623],[27759,-11383],[59098,-23114],[52851,-24889],[36919,-14478],[8539,-2655],[8320,-4481],[3057,-3430],[20199,-29537],[12322,-20686],[4304,-12459],[3515,-5781],[13446,-12959],[-29550,-29796],[-41206,-44941],[-10736,-10334],[77299,-65297],[13438,-11658],[45806,-37840],[68915,-58264]]],"transform":{"scale":[9.899565399134787e-8,8.412561025130704e-8],"translate":[-73.52402234899995,45.476239230000026]}}