{"type":"Topology","objects":{"58037":{"type":"Polygon","arcs":[[0]]}},"arcs":[[[499999,393007],[-2409,-22167],[-6294,-41093],[-639,-2678],[-14727,-13320],[-7926,-6485],[-8539,-9606],[-3418,-5169],[-4364,-5384],[-5528,-9593],[-5768,-7119],[-7826,-13171],[-2968,-2790],[-13980,-20571],[-3421,-5683],[-10103,-3371],[-2336,-7147],[-2002,-3613],[-16264,-20922],[-2726,-2220],[-14905,-2811],[-13852,-10394],[-17892,-9869],[-4944,3137],[-23740,-19909],[25813,-19033],[-7020,-22827],[-18972,-62778],[-14114,-46421],[-17292,13835],[-57421,49987],[-49240,42297],[-28463,24198],[-11528,8838],[-2686,2400],[-4905,6482],[-3914,2763],[-1137,-2907],[-9856,-16202],[-979,-5371],[-13081,-28478],[-11279,9663],[-5874,-12049],[-35100,34518],[-34137,6235],[4391,10542],[-6634,7620],[11039,11928],[35086,40240],[1585,2167],[16370,19275],[11942,11079],[7081,6911],[1541,2231],[2179,6184],[-4892,3895],[-58133,47731],[7625,9273],[6614,13940],[40021,-31712],[18540,-14770],[11312,30135],[2183,2889],[-149,3581],[1093,5235],[-627,7786],[1301,27626],[2641,47486],[23038,64890],[22738,20428],[895,3811],[-666,3389],[1315,-1176],[30154,-12325],[-763,5449],[30682,-28678],[1637,20864],[50217,-39877],[19499,14292],[21976,-13171],[34419,-31939],[10444,4562],[9805,-6122],[19791,-1485],[6338,21614],[1935,7942],[1261,19776],[1680,4961],[2265,4270],[630,-707],[96357,-75242]]],"transform":{"scale":[2.068806137611996e-7,1.896510793021742e-7],"translate":[-73.39506826099993,45.47932801500008]}}