{"type":"Topology","objects":{"59015":{"type":"Polygon","arcs":[[0]]}},"arcs":[[[333694,496919],[166305,-134882],[-3098,-50148],[-24816,-59743],[-28420,-20458],[-43577,-32283],[78477,-69343],[-15620,-6453],[-10873,-7929],[-32714,-22855],[-2058,-6178],[-11171,-36438],[-6871,7051],[-40666,-57260],[-48202,28239],[-9148,11413],[-23103,22263],[-9616,11438],[-19183,-20454],[-14666,-27845],[-18147,15373],[-52870,44039],[-2951,4276],[-6056,1281],[-22827,19332],[-28938,25714],[-48500,39044],[-54385,47393],[41302,61195],[46427,66150],[-28217,30530],[73929,86724],[64840,-59353],[13832,10550],[117556,82697],[4025,-3080]]],"transform":{"scale":[1.7895883391760213e-7,1.544486448972629e-7],"translate":[-73.3475607069999,45.61875285100007]}}