{"type":"Topology","objects":{"59010":{"type":"Polygon","arcs":[[0]]}},"arcs":[[[465909,327392],[5716,-4623],[-27923,-35896],[-19840,-26101],[55252,-45373],[20884,-16731],[-18244,-9327],[-31190,-15316],[-4084,-2185],[-11098,-5291],[-6282,-4025],[1045,-2134],[-848,-4043],[-27220,-20197],[17879,-12973],[18309,-14211],[2044,-1400],[-3257,-17736],[-4187,-20329],[-5079,-69501],[-92217,71995],[-603,677],[-2169,-4087],[-1607,-4746],[-1207,-18924],[-1851,-7598],[-6066,-20681],[-18941,1421],[-9385,5858],[-9994,-4366],[-32940,30560],[-21033,12603],[-18662,-13675],[-48058,38157],[-1568,-19964],[-29364,27441],[730,-5213],[-28858,11792],[-1259,1124],[7869,77247],[668,3843],[-14697,13424],[-43215,39091],[-305,13],[-12420,10319],[-18005,14584],[-17000,14478],[-5629,4952],[6452,3502],[19464,38268],[5459,7333],[4744,9679],[-8291,6191],[10754,12119],[-8018,7088],[7263,6126],[18845,-13348],[-3472,8974],[5222,5954],[-8002,7333],[-7007,13199],[-4013,12251],[3895,1968],[2098,-2477],[18508,8621],[2730,1551],[4589,-2919],[4218,2837],[-20483,18671],[5310,3082],[4477,-4353],[14177,-13239],[4825,2159],[26028,-22029],[10954,-10550],[3157,5161],[1718,7224],[420,6509],[-728,7004],[-1563,2751],[-2111,16151],[17295,-15040],[19862,-13091],[1636,2229],[38260,57365],[-32683,31490],[3050,3930],[45024,-36930],[40152,-30425],[23957,-20038],[18899,-15066],[5013,-998],[2442,-3331],[43771,-34317],[15021,-11980],[12143,21699],[15881,15939],[7962,-8912],[19127,-17349],[7573,-8894],[39905,-22005]]],"transform":{"scale":[2.1616591633190488e-7,1.9820471040942952e-7],"translate":[-73.38410109699993,45.55386218000007]}}