{"type":"Topology","objects":{"59030":{"type":"Polygon","arcs":[[0]]}},"arcs":[[[177917,497771],[6716,-5747],[124709,-101532],[92703,-76950],[97954,-78264],[-14914,-8410],[-17493,-15466],[-44079,-44091],[-26000,-19821],[-21571,-11398],[11100,-10900],[-80401,-91075],[-3620,4351],[-41075,-38468],[-143769,120153],[-78535,69127],[-1277,1175],[9463,4455],[-33124,41706],[35299,24780],[-15229,13852],[-34774,30578],[35693,24589],[-1423,2747],[1065,602],[19680,14365],[-13756,11249],[-3529,2516],[9372,4552],[17307,-11697],[11480,6771],[-20308,15217],[-15940,11326],[14382,6372],[-8416,7527],[13232,3397],[5866,25974],[23026,11768],[8033,-6976],[23698,11590],[16504,-9807],[28768,29570],[-10891,8172],[8312,10330],[-5949,4564],[4160,9454],[11441,-9033],[6110,6806]]],"transform":{"scale":[1.7857536515078285e-7,1.606807293614207e-7],"translate":[-73.30865811699994,45.71112018100007]}}