{"type":"Topology","objects":{"60005":{"type":"Polygon","arcs":[[0]]}},"arcs":[[[497681,5471],[-36005,5732],[-49754,-5634],[-28214,-4755],[-36474,-691],[-21519,75400],[-102121,62178],[-7331,-11214],[-2532,-31346],[-121981,74865],[9610,42101],[-3952,46839],[-40493,25602],[5250,3817],[-34417,22006],[2735,37615],[1544,105852],[-16384,12722],[-15643,8344],[18305,25095],[34837,-10640],[73496,-34114],[119424,-49242],[121949,-49577],[10358,-10682],[20714,-5949],[221,4997],[18194,-5028],[28204,-14429],[14048,-40978],[16255,-42175],[5981,-36047],[14510,-35318],[-2683,-79680],[-3566,-17145],[9752,-65578],[-2318,-2943]]],"transform":{"scale":[4.120573641148224e-8,4.788269176529205e-8],"translate":[-73.50185958399993,45.71394046900008]}}