{"type":"Topology","objects":{"60035":{"type":"Polygon","arcs":[[0]]}},"arcs":[[[499999,182913],[-6763,-2901],[-109793,-127999],[-43238,-52013],[-38994,68813],[-13309,-7994],[-29967,-28735],[-10300,-3708],[-17227,8863],[-17185,20995],[-12204,27983],[10648,47097],[1069,18782],[-7295,19309],[-9065,-6261],[-3428,-23344],[-7101,-17223],[-12046,-7016],[-18676,1885],[-16562,17182],[-13503,9805],[-9628,-455],[-9126,-8261],[-9413,-47116],[-9380,-14634],[-15158,18511],[6755,13558],[-79110,128440],[124208,181879],[43708,-62456],[101235,144100],[149955,-219563],[13462,-8569],[25958,-13031],[20705,-28835],[11936,-39662],[8832,-7426]]],"transform":{"scale":[6.579284358564845e-8,3.2068598137214465e-8],"translate":[-73.5001681249999,45.842048488000046]}}