{"type":"Topology","objects":{"61013":{"type":"Polygon","arcs":[[0]]}},"arcs":[[[261091,376404],[6760,-7913],[16544,-28748],[12269,-4693],[15219,-8521],[12550,-8086],[6820,6114],[6007,-7254],[-3975,-4411],[13109,-14870],[6856,-11492],[5210,7523],[9481,10076],[3532,-13478],[3369,-3748],[-17756,-20108],[-4714,230],[3773,-5199],[-766,-4236],[9229,-8666],[1432,-3549],[14381,-13091],[7294,6396],[3763,-801],[16083,-5295],[2964,-2295],[7465,-7737],[5784,-8063],[3413,-9481],[4252,-9320],[3272,-12953],[4649,-6371],[-22786,-23897],[-6799,-6592],[-7369,-8086],[-2622,-547],[-12025,-12907],[4118,-3151],[15491,-14942],[3985,-2250],[5194,-1867],[8916,-283],[9529,-2463],[3877,754],[3017,2284],[14658,9748],[3939,3959],[3672,1913],[3510,-168],[4234,-1760],[6180,-3614],[21920,-21581],[-9299,-10373],[-9664,10994],[-5406,-4926],[-8092,9692],[-10569,-10302],[807,-2904],[-44288,-45350],[9135,-10587],[-22121,-27158],[-25901,29021],[1753,14492],[-1491,1257],[-17304,18452],[1632,6060],[-5232,5680],[3302,10787],[-16723,19139],[-10099,11241],[-9814,13783],[-3367,3748],[-5895,7656],[-15974,-10577],[-16417,-7794],[-10034,-3297],[-16357,-1659],[-7700,-1898],[-12461,2481],[-8966,2154],[-19035,3759],[-4793,1432],[-21100,7096],[-14883,6048],[-2982,2529],[-15186,9063],[-34783,25909],[-10130,-11968],[-83349,56136],[-17213,10032],[87768,104703],[1989,2791],[7048,1211],[5346,9758],[4247,4870],[4180,1878],[5362,-626],[-623,2882],[3840,1202],[4468,-2962],[2530,-733],[7755,9900],[-1533,1466],[2389,3142],[-1774,3789],[-492,8839],[-4899,-6008],[-57824,62663],[57742,60472],[68309,-66289],[-9300,-10841],[6134,-6628],[8403,9521],[13776,-13534],[8942,9529],[14755,-14228],[-1468,-2536],[4142,-5318],[19879,-23271]]],"transform":{"scale":[2.2500612601227544e-7,1.4193944787895975e-7],"translate":[-73.54065763999995,45.93964063000004]}}