{"type":"Topology","objects":{"61025":{"type":"Polygon","arcs":[[0]]}},"arcs":[[[338868,417015],[11973,-109481],[1329,-6695],[-25771,-76326],[22348,-24071],[14684,-16726],[14540,-17157],[122028,-133900],[-45114,-32659],[-1444,5134],[-2842,3134],[-5190,3961],[-9497,3675],[-4954,825],[-4312,1571],[-3552,2367],[-5115,6607],[-9335,6125],[-2960,5888],[736,7056],[2600,4314],[2574,9626],[268,5263],[-1045,5631],[-2393,3123],[-2435,1542],[-6701,381],[-2056,-1598],[-2374,-3953],[-1890,-873],[-6997,1077],[-4492,-2814],[-278,-4439],[1862,-2397],[4942,-3104],[5223,-1253],[1434,-1744],[-472,-7354],[-2803,-5673],[-5036,-4153],[-4574,-719],[-2878,2284],[-2342,3883],[-4154,15404],[-2692,4380],[-7005,8625],[-3575,8063],[-4130,4445],[-6171,2110],[-8750,-185],[-11811,-2802],[-5133,-3476],[-2470,-2632],[-2206,-3792],[-1177,-3854],[-75,-4590],[3052,-17774],[1693,-5445],[462,-4586],[-2087,-5252],[-2170,-2293],[-2555,-189],[-3160,1293],[-922,1669],[-466,9329],[-1809,7208],[-2251,3120],[-5042,4341],[-8564,4584],[-4825,1645],[-5468,248],[-2045,-1426],[-1028,-3041],[-55,-6407],[-1188,-1870],[-4050,-971],[-9631,392],[-6552,-1265],[-3694,427],[-2397,3553],[625,9202],[895,2867],[2547,3772],[8649,7632],[13729,5222],[3428,2245],[2378,3178],[2570,9630],[-2672,7474],[-7044,382],[-8363,3916],[-8684,3105],[-1763,1175],[-1520,4015],[-15786,-17741],[-17014,18095],[5782,7130],[-22930,22931],[3013,3566],[-8612,8810],[-2787,-3188],[-15501,14698],[-11523,11241],[-2401,-2641],[-9171,9038],[-2635,-2606],[-9892,9639],[-2978,-3267],[-7553,7168],[6335,7556],[-7891,7581],[-42371,-47167],[-12610,12393],[4765,5274],[-3695,3643],[-8683,-8785],[5530,30818],[10453,57154],[2073,10367],[3096,27557],[2158,12228],[-7497,7991],[-35135,-35513],[-53771,55777],[19811,23267],[4771,-3888],[5761,-1938],[5150,-654],[4329,705],[-17745,17438],[62035,63365],[27652,-29707],[38340,39402],[7758,-1244],[9244,-568],[4927,-933],[3726,-1796],[1526,-2012],[57,-2970],[-1566,-4194],[-10724,-13151],[-3599,-9048],[-518,-4206],[367,-3853],[3076,-8280],[17625,9570],[8495,5895],[21443,22103],[55664,57744],[2995,3011],[1199,-13105],[2642,-11462],[3599,-7879],[3395,-5141],[8098,-8574],[16363,-18086],[7884,-9987],[8802,-10129],[10347,5953],[5939,-4574]]],"transform":{"scale":[2.0342096284200845e-7,1.3492683585366179e-7],"translate":[-73.47242347799994,45.97706148000009]}}