{"type":"Topology","objects":{"61020":{"type":"Polygon","arcs":[[0]]}},"arcs":[[[368302,416897],[-34066,-38710],[92459,-92798],[60414,59084],[12889,-13296],[-3710,-20343],[-5321,-45849],[-3314,-15475],[-26756,-28882],[-24517,-26041],[-7565,-7397],[-22734,-24304],[-30555,-33915],[-40808,-43075],[-28596,-30706],[-50892,-53613],[-1184,-1577],[-37810,40727],[-7878,9308],[2790,4437],[-28061,24903],[-17006,-16680],[-26201,23686],[-15983,-16661],[-11665,11601],[17685,18972],[-129917,116019],[74313,71635],[26825,29193],[24836,24308],[81673,81109],[10885,9666],[63788,63689],[17022,-18832],[23307,22919],[3652,-4464],[3192,-8858],[6561,-9206],[8729,-22121],[7429,-17528],[7946,-11809],[8144,-9116]]],"transform":{"scale":[1.183039426077776e-7,8.109976019955748e-8],"translate":[-73.5119650019999,45.99306738800004]}}