{"type":"Topology","objects":{"61040":{"type":"Polygon","arcs":[[0]]}},"arcs":[[[423291,252441],[6721,-489],[4490,848],[1627,745],[4507,5221],[1372,2626],[515,2741],[-939,3729],[-1566,3084],[-1639,2104],[-1294,2694],[16037,-16218],[-18766,-20954],[-24026,-27618],[8592,-9599],[18576,-20970],[14860,-16956],[4604,-4669],[43036,-46918],[-2819,-3580],[-45752,-47921],[-21995,-23755],[-23006,-24221],[-11835,-12365],[-16862,19525],[-24942,28265],[-15576,-15819],[-14183,15224],[-34346,36007],[-62422,-62695],[-43935,47401],[-9250,9459],[-22279,23517],[-20144,22162],[-1962,1803],[-15608,17276],[-23924,24676],[-17350,19931],[-3466,3234],[-1356,2606],[-29698,32567],[-2841,2588],[-24503,26443],[-496,735],[-9448,9590],[26275,27139],[2774,4378],[13590,13528],[4135,3909],[12463,12766],[25134,25113],[15398,15524],[14582,14897],[24495,24752],[11915,11875],[48474,49182],[32902,32440],[6661,-8402],[11475,-13942],[8559,-5780],[4756,-4713],[6476,-8502],[23765,-27045],[163,-319],[16890,-19486],[1108,-2195],[63022,-64375],[22691,-24082],[9958,-9648],[-1435,-2649],[-147,-5635],[470,-9366],[-710,-2554],[-4308,-7849],[-493,-2623],[1432,-3357],[3836,-5762],[1419,-2974],[3979,-10353],[1419,-2974],[1883,-1734],[1999,-887],[6286,-351]]],"transform":{"scale":[3.0501993603985083e-7,1.9874936949871478e-7],"translate":[-73.6376946229999,46.02607955100006]}}