{"type":"Topology","objects":{"62":{"type":"Polygon","arcs":[[0]]}},"arcs":[[[142266,476944],[-3290,-15217],[7444,-10845],[6102,13665],[5428,16802],[2757,87],[19590,-29962],[10261,16149],[11525,-17591],[17670,-11196],[29598,5529],[23972,-10807],[10196,9869],[32606,-49371],[-20589,-19638],[-11471,-16486],[-14532,5463],[-1397,-20339],[-6145,230],[-8477,-12490],[-5922,-18276],[-20281,1598],[-8168,-18789],[7697,-11658],[32133,5367],[23080,-2170],[16793,-5790],[-1801,-5761],[13071,-8260],[14287,-12572],[4024,-7562],[1691,-12937],[-5289,-19346],[-9544,-23451],[10361,-15448],[4832,6669],[11029,6129],[22167,5157],[7755,3509],[6724,7056],[9790,24394],[5391,2090],[13990,-6461],[2156,5862],[-31103,22354],[-7034,10318],[802,14933],[9277,15999],[9406,13277],[34347,40526],[41102,-61661],[4381,-7303],[-7626,-14047],[36967,-55591],[-12289,-12982],[-11572,-19485],[-16289,-40793],[13227,-7987],[-6522,-16155],[-2872,-15259],[1519,-17920],[4621,-13618],[13129,-9135],[12683,-17867],[-24809,-26831],[-32333,48425],[-15351,24355],[-21848,-20837],[-62711,-62862],[-19269,27881],[-47406,70891],[-21136,30533],[-32840,48605],[-37453,48170],[-6801,9881],[-16859,1655],[-21429,-5064],[-22872,-10445],[-24108,-23291],[-21572,-22415],[-10576,-6123],[-18004,-6207],[-11269,-8620],[-26988,42383],[16022,25998],[13175,28041],[-962,3030],[-20967,30935],[-992,25733],[7784,11639],[4736,11795],[5344,5124],[13467,5353],[4009,12667],[13351,-1498],[8109,3385],[5101,-5763],[7539,924],[13301,10443],[5209,12003],[8779,7397],[9816,11649],[3309,6517],[358,18441],[2252,8553],[-871,8136],[1970,14412],[6474,13561],[-5314,21741],[-1497,11580],[5375,-402],[4123,-7968],[6241,-4838],[7025,-9478]]],"transform":{"scale":[8.823102252632261e-8,5.1245221446020486e-8],"translate":[-73.9131442528934,45.4900124335701]}}