{"type":"Topology","objects":{"62015":{"type":"Polygon","arcs":[[0]]}},"arcs":[[[426157,475429],[45306,-53961],[3458,-4327],[-44560,-48097],[31878,-34963],[2148,3770],[35612,-41945],[-78709,-87008],[-1023,-3888],[22641,-28398],[21186,-26965],[-61165,-72025],[-1034,-1868],[-16548,-19984],[-44416,-51598],[-3532,-4172],[-2585,1982],[-1753,554],[-6428,579],[-5635,3317],[-6614,3192],[-9026,2173],[-5991,4623],[-6485,3708],[-3295,2586],[280,1955],[1437,2171],[9484,1959],[1247,1617],[231,1971],[-6092,5902],[-2951,-22],[-4479,-4650],[-2767,-2014],[-3617,460],[-9365,8168],[-4016,974],[-9076,289],[-6237,508],[-5697,-492],[-6283,-2619],[-4791,-1493],[-3681,419],[-4220,4777],[-949,4188],[-1629,3371],[-3588,5829],[-2338,6417],[-2258,853],[-2260,-1884],[-1307,1081],[-361,2334],[-2415,4642],[-886,3606],[-2870,3867],[-1457,2377],[-1966,4545],[-4067,3289],[-2229,345],[-1895,-2323],[-2257,-826],[-5583,-4225],[-568,834],[-43777,59206],[-40395,54942],[-15345,22478],[-88594,128183],[23813,25477],[2278,-4758],[3284,-4545],[35260,42577],[11177,-14428],[26705,28931],[23704,-29057],[625,1213],[23491,23704],[11195,-14623],[20992,25257],[-16609,19058],[21968,24547],[25867,29495],[17751,-22175],[15692,-19695],[25381,-30743],[28411,34008],[28408,-33387],[1392,-548],[-78,-776],[1428,-866],[73624,74812],[497,797],[1673,-3216],[18228,-21353]]],"transform":{"scale":[3.944118908238308e-7,2.3152989305980939e-7],"translate":[-73.64048969299995,46.185852030000035]}}