{"type":"Topology","objects":{"62025":{"type":"Polygon","arcs":[[0]]}},"arcs":[[[493509,165782],[-4329,-3870],[-16879,-14337],[-3740,-3293],[-20327,-17005],[-23544,-19377],[17232,-15821],[5279,-4917],[-10941,-10321],[-5277,-4737],[-12957,-11305],[-16035,-13372],[-26370,-22234],[-17318,-14255],[-12554,-10938],[-5658,4834],[-17925,16111],[-16354,14540],[-34629,30535],[-26396,24236],[-22616,20149],[-35284,31517],[-17957,15195],[-31322,26922],[-20007,17760],[-13817,11697],[-13665,11771],[-28667,24803],[-51694,44629],[-9758,8531],[18158,16512],[40667,36698],[42744,38865],[33763,30546],[47436,42949],[31879,29001],[2597,2198],[14981,-15115],[16380,-16312],[21086,-21593],[55248,-55496],[18689,-18336],[43800,-41496],[16892,-16092],[9564,-7949],[3590,-3651],[7353,-6561],[2527,-1957],[3271,-1981],[6032,-5468],[7066,-5727],[4995,-5915],[3102,-7147],[3508,-5363],[4381,-6274],[29096,-28752],[-4057,-3251],[9874,-8477],[-4963,-4462],[-10209,8450],[-17798,-12735],[21283,-20219],[17063,-16270],[-6489,-6068]]],"transform":{"scale":[3.5212722425451837e-7,2.8089014978022225e-7],"translate":[-73.80018255399995,46.10651204100009]}}