{"type":"Topology","objects":{"62020":{"type":"Polygon","arcs":[[0]]}},"arcs":[[[499998,91088],[-72000,-58391],[-37074,-30052],[-28390,23306],[-38459,-25951],[-17828,16722],[-4300,3952],[7092,6111],[-18652,16384],[-23260,20358],[19453,12822],[11158,-8509],[5424,4495],[-10791,8534],[4432,3272],[-31799,28953],[-4790,6318],[-3833,5399],[-3389,7196],[-5462,5958],[-7722,5765],[-6591,5506],[-3575,1995],[-2763,1969],[-8037,6607],[-3923,3677],[-10453,8004],[-18464,16204],[-47870,41783],[-20425,18461],[-60384,55881],[-23048,21742],[-17902,16424],[-16373,15221],[75687,59310],[67166,53676],[39548,29809],[72659,-72147],[933,-563],[110692,-108577],[18786,-18657],[49451,-45601],[53592,-49139],[9646,-9608],[-55627,-41726],[-6752,-4944],[15891,-14352],[14248,-12971],[34078,-30626]]],"transform":{"scale":[3.2217820635650536e-7,2.789604719210412e-7],"translate":[-73.72368493399995,46.14731117400004]}}