{"type":"Topology","objects":{"62037":{"type":"Polygon","arcs":[[0]]}},"arcs":[[[460465,189799],[18043,-19521],[-1978,-2417],[-12994,-14628],[-10979,-12646],[-1435,-1455],[-27818,-31325],[-4848,-5559],[-528,-286],[-5408,-6029],[-566,-464],[-2353,3073],[-3367,3041],[-1574,1884],[-1892,3698],[-1507,1473],[-1790,790],[-1428,-70],[-1836,-1099],[-2296,-3008],[-2454,-311],[-3983,1751],[-2819,3969],[-4270,2894],[-1648,1597],[-1749,5440],[788,7121],[46,2162],[-1220,4564],[-758,4759],[561,5255],[98,2162],[-1151,3842],[-637,1184],[-1090,2887],[-1984,3943],[-1843,3099],[-1585,2129],[-954,391],[-2591,-2146],[-2123,547],[-814,626],[-1565,2961],[-267,1387],[-666,1324],[-799,147],[-1150,-1470],[-171,-2266],[1044,-3497],[-196,-1155],[-793,-366],[-1550,475],[-6012,2625],[-2704,1801],[-1470,1590],[-1693,3673],[-1060,1021],[-1370,769],[-1343,327],[-1021,-172],[-1404,-1109],[-377,-1451],[1192,-3860],[-888,-4824],[-763,-1795],[-528,-552],[-7344,-1707],[-873,-980],[-891,-2377],[-1516,-580],[-539,2527],[-166,2025],[154,1785],[614,2092],[-1829,-231],[-2164,-1334],[-1179,-311],[-834,972],[-1368,-999],[-2664,-3018],[-1876,-2926],[-1324,-2585],[-638,-2977],[-6071,-7016],[-16288,-16697],[-8875,-9335],[-9195,-9535],[-11060,-11757],[-10357,-11145],[-13342,-13764],[-3294,-3282],[-5620,-6618],[-12392,-13154],[-22641,-24401],[-7516,-7779],[-12399,-13592],[-20163,24014],[-30093,34597],[-6262,7086],[-1660,1613],[-14604,12485],[-3042,3559],[-42914,46146],[-4970,5484],[-25409,25839],[-11026,11882],[-2606,3190],[-3734,4339],[-6207,6663],[466,1124],[2499,3566],[2807,3345],[8679,9899],[462,692],[4835,5467],[944,1195],[9363,10962],[458,398],[24499,29186],[22523,26768],[4876,5855],[8057,9935],[13283,16926],[3680,5370],[4342,4376],[2967,4126],[4538,5125],[11983,13055],[35755,38847],[23359,25250],[17829,19040],[24842,27111],[19691,22153],[4700,5413],[6829,6936],[10636,10982],[19595,-22641],[14685,-16920],[17137,-20353],[22485,-25643],[10618,-12210],[11639,-13532],[17572,-19473],[21795,-24755],[19505,-21794],[24929,-26712],[586,-767],[13781,-15713],[1596,-1537],[16703,-19351],[764,-1549],[1948,-1922],[9759,-11845],[-463,-609],[-9287,-10151],[-14825,-15477],[-7971,-8561],[-5885,-6024],[-6645,-7129],[5542,-5532]]],"transform":{"scale":[5.423338666677501e-7,3.344760569522147e-7],"translate":[-73.88166598099991,45.977858569000034]}}