{"type":"Topology","objects":{"62030":{"type":"Polygon","arcs":[[0]]}},"arcs":[[[362938,455896],[86043,-91314],[41996,-45397],[9021,-10857],[-44984,-42471],[-66276,-64390],[-16291,-15547],[-33487,-32409],[-19938,-19503],[-21168,-20432],[-34248,-32770],[-17041,-16714],[-5653,-5118],[-18583,-17712],[-3790,-5731],[-35926,-35531],[-48425,47026],[-47416,48018],[-52986,54545],[-33786,33962],[19814,20239],[27334,26377],[41623,41140],[25310,24742],[20450,20919],[8330,8763],[17268,19100],[-8331,9096],[-27198,29275],[37160,35854],[32083,31465],[5903,6094],[26644,26525],[6832,7163],[6211,-7262],[25746,-30732],[55541,47689],[42218,-44102]]],"transform":{"scale":[2.2309378618764892e-7,1.5180597761195724e-7],"translate":[-73.67843472299994,46.078647887000045]}}