{"type":"Topology","objects":{"62047":{"type":"Polygon","arcs":[[0]]}},"arcs":[[[376097,398224],[6296,-4492],[33363,-23481],[18499,-13052],[8818,-6192],[8918,-6157],[12910,-9343],[20216,-14166],[11588,-7996],[3293,-2398],[-10572,-6880],[-6787,-4348],[-4672,-3390],[-19573,-13881],[-24690,-16986],[-17722,-11930],[-23217,-15819],[-35540,-24341],[-11909,-8179],[-4509,-3213],[-2949,-2585],[-4316,-2742],[-3660,-3363],[-13202,-10605],[-8008,-6225],[-4845,-3669],[-22388,-16772],[-24352,-18288],[-455,-248],[-9306,-6868],[-938,-750],[-4807,-3425],[-458,-432],[-8626,-6203],[-2789,-2097],[-2484,-2233],[-464,-704],[6169,-4175],[3713,-2718],[2589,-2000],[10960,-7445],[25255,-16189],[4941,-3436],[23955,-16236],[-2246,-1537],[-44544,22804],[-15073,7994],[-2478,-1865],[-40462,-29213],[839,-629],[-2091,-1583],[-661,401],[-1178,-558],[-16841,10973],[-5464,-3852],[-14005,8632],[-673,-1975],[-5273,3788],[-5402,-3778],[-13291,-9504],[-12784,-9049],[-1539,-1033],[-16506,-11851],[-11580,-9179],[-36518,-29669],[-2289,-1889],[-19239,13546],[-10333,7766],[-18721,13646],[41175,31909],[-47165,35028],[30283,22194],[11908,9021],[12987,9406],[16530,11584],[13682,9639],[-4912,3738],[-11095,8298],[-16717,11170],[-15336,11797],[-940,663],[36607,28527],[-1544,1208],[-17557,13238],[47147,35882],[-47407,34455],[38815,28667],[-45346,33668],[37488,26710],[50497,35724],[15103,10462],[72764,51491],[774,562],[31025,-20932],[41963,-27535],[8032,-5373],[38663,-25974],[27105,-18165],[5578,-3796]]],"transform":{"scale":[5.456355172710269e-7,5.338304896610328e-7],"translate":[-74.00539414299993,45.97910312400006]}}