{"type":"Topology","objects":{"62053":{"type":"Polygon","arcs":[[0]]}},"arcs":[[[359898,28729],[-30579,26674],[-15107,13062],[-13639,12098],[-7890,7203],[-9565,-9295],[-17832,-15635],[-68678,-62836],[-42550,37942],[-42801,43531],[-19578,17109],[-45517,46324],[-790,941],[-16251,15150],[-29121,30101],[1191,926],[6331,6721],[45594,45509],[29803,29998],[33075,29429],[36285,35291],[17604,16821],[22999,-20838],[2144,-1518],[49065,43055],[30274,26150],[12100,11410],[13605,12550],[83049,73397],[98261,-90333],[-84109,-76917],[102728,-92446],[-102165,-96275],[38046,-35517],[3345,-3242],[-79327,-76540]]],"transform":{"scale":[2.5179642159289914e-7,1.9896196192393914e-7],"translate":[-74.07615946399993,46.07983603500008]}}