{"type":"Topology","objects":{"62055":{"type":"Polygon","arcs":[[0]]}},"arcs":[[[453548,291385],[35487,-35724],[10964,-10402],[-300,-341],[-66017,-67633],[-13701,-13740],[-45816,-46923],[-45611,-47058],[-23172,-23957],[-5695,-6144],[-5066,-5585],[-12675,-12802],[-20543,-21076],[-898,742],[-9362,9941],[-79553,77648],[-43135,42159],[-54873,52637],[-48774,46823],[-12505,11945],[-12054,12870],[-249,1072],[61891,63481],[8303,8249],[41436,42310],[46554,48148],[633,323],[50735,51149],[26648,26789],[1821,2113],[1717,1600],[56796,-54431],[49,-573],[15025,-14354],[30280,-27886],[70254,-69731],[41406,-41639]]],"transform":{"scale":[6.01403306806658e-7,4.0642284084576133e-7],"translate":[-74.18426145699993,46.146177438000045]}}