{"type":"Topology","objects":{"62065":{"type":"Polygon","arcs":[[0]]}},"arcs":[[[224363,499430],[7003,-7525],[46818,-50523],[43764,44297],[1070,1053],[2493,-2347],[37369,-36885],[39543,-44151],[21665,-23722],[75911,-84226],[-46272,-50964],[-54095,-58418],[-24002,-27726],[-35717,-41061],[-25421,-29204],[-32185,-37158],[-30619,-35085],[-13669,-15785],[-6510,6898],[-31622,33005],[-45108,47194],[-9372,9766],[-48957,50027],[-36199,38035],[-517,-548],[-14099,14387],[-45635,49419],[77869,85759],[-57520,62617],[63091,70327],[30899,33112],[55429,-61075],[54595,60507]]],"transform":{"scale":[4.67671905343811e-7,2.937984575968501e-7],"translate":[-73.9114962349999,46.19168703100007]}}