{"type":"Topology","objects":{"62060":{"type":"Polygon","arcs":[[0]]}},"arcs":[[[499999,301673],[-1384,-1292],[-1466,-1709],[-21469,-21647],[-40871,-41331],[-510,-260],[-37504,-38908],[-33381,-34188],[-6689,-6667],[-49859,-51296],[-111,-532],[-22869,-23815],[-9401,-9656],[-9482,-9964],[-9852,-10477],[-7333,-7848],[-2239,-2865],[-4355,-4636],[-6398,-5943],[-27027,-27947],[-11189,-692],[-35733,37339],[76,105],[-40309,40531],[-24233,22492],[-40186,40735],[-34197,35342],[-22028,20230],[48188,50258],[61649,64477],[52339,52876],[41789,41750],[1517,1071],[10502,9857],[29521,29245],[25479,25410],[28802,28281],[20901,-21891],[65982,-66125],[15956,-15013],[7497,-6469],[852,-505],[188,-846],[17016,-17231],[14,-219],[9560,-9788],[161,146],[14246,-14437],[12,-43],[47828,-45905]]],"transform":{"scale":[7.465285270570786e-7,5.029588079177127e-7],"translate":[-74.41334557099992,46.197659028000025]}}