{"type":"Topology","objects":{"62070":{"type":"Polygon","arcs":[[0]]}},"arcs":[[[396558,246642],[42888,-54625],[558,-408],[59995,-76159],[-18965,-22278],[-16108,-18542],[12179,-14394],[-15392,-19078],[-8209,11046],[-17222,-17905],[-459,-915],[-17379,21947],[-19580,-21852],[-8195,10897],[-25852,-32159],[-2409,3432],[-1670,3594],[-17459,-19243],[-1897,2506],[-43517,65657],[-23686,-27128],[-65993,80729],[-18836,22736],[-34379,42318],[-32486,35353],[-2170,2249],[-928,-1009],[-38048,-42458],[-40702,48425],[-40637,48124],[39786,49242],[42627,51368],[42589,49286],[42110,50147],[18670,22453],[13785,-16105],[70971,-75018],[-5415,-6709],[73332,-86458],[51858,-61231],[6245,-7835]]],"transform":{"scale":[5.379380918761845e-7,3.065265930531186e-7],"translate":[-73.82515268299994,46.26589724400009]}}