{"type":"Topology","objects":{"62075":{"type":"Polygon","arcs":[[0]]}},"arcs":[[[302821,482846],[27352,-26391],[-13614,-12402],[103302,-100875],[-5595,-5562],[-15251,-15012],[-24508,-24486],[-5804,-5568],[52900,-54776],[12718,-13374],[26,24],[64647,-64508],[1005,-833],[-1474,-452],[-2488,-1619],[-712,-755],[-3879,-3500],[-1855,-1544],[-2283,-1491],[-898,-1014],[-1051,-2898],[-1077,-901],[-2430,-1049],[-1791,-1677],[-26610,-23734],[-10405,-9176],[-5141,-4626],[8143,-8137],[-413,-515],[-9868,-10058],[-92,-216],[-5256,-5305],[-6703,-6661],[-4382,-4472],[23115,-22528],[1512,-1507],[-13565,-13083],[-33220,-32165],[-2206,2279],[-30955,30467],[-12456,12057],[-1143,1816],[-339,-452],[-50307,-42237],[-974,489],[53,438],[-951,310],[-19411,18850],[-19411,-19203],[-17343,17359],[-10721,11119],[-12130,12521],[-55910,56927],[-520,304],[-42972,43896],[-2816,2790],[-76835,72744],[-39829,37652],[56715,56316],[98675,80017],[91114,73713],[3730,3532],[1479,1119],[1341,699],[1141,1176],[30842,23300],[17784,-17152]]],"transform":{"scale":[5.772413724827876e-7,4.1008076616152855e-7],"translate":[-73.68253220399993,46.28249925800009]}}