{"type":"Topology","objects":{"62085":{"type":"Polygon","arcs":[[0]]}},"arcs":[[[377371,490847],[20582,-30837],[39615,-62271],[38869,-58023],[22701,-33937],[861,-1426],[-41211,-64384],[-29806,-46647],[-29950,47767],[-1834,2782],[-1611,2565],[-41529,-63892],[-29959,44983],[-6162,-9128],[-39315,-62755],[-33216,-53112],[-42794,-68552],[-21181,-33980],[-49905,73587],[-15988,23929],[-29931,45470],[-29986,45491],[-25026,37918],[-30595,46297],[84141,125349],[38759,61459],[22026,34877],[18360,-26975],[44827,-65959],[27798,47367],[6051,-1897],[-981,13569],[1777,9220],[2325,8327],[4009,5849],[6472,3681],[7630,-3023],[6683,-7936],[4794,-9498],[4416,-3244],[3652,1003],[4974,4117],[3978,1946],[4781,-2103],[7114,-2698],[5356,-619],[5885,899],[3418,1153],[3324,2942],[2875,6880],[1262,6509],[3082,3963],[8104,670],[6493,3008],[7300,4933],[7751,3537],[6327,-837],[9184,-3188],[3424,-5126]]],"transform":{"scale":[0.0000010583255926512118,4.817775815551894e-7],"translate":[-74.13006857899994,46.56204795100007]}}