{"type":"Topology","objects":{"62080":{"type":"Polygon","arcs":[[0]]}},"arcs":[[[311848,455811],[-11041,-11416],[-33864,-31281],[-8019,-7391],[29350,-28981],[41443,-41150],[66940,-67584],[22642,-22416],[21333,-21118],[47582,-47182],[11784,-10979],[-21191,-16502],[-783,-831],[-922,-497],[-1016,-790],[-2565,-2501],[-62602,-52199],[-67799,-56665],[-35502,-36328],[-45446,39708],[-42298,40828],[-50829,48975],[-62009,60170],[-2327,275],[-3121,3141],[-165,22],[-7308,7511],[-25742,24707],[-16219,-15351],[-45219,43815],[9057,24442],[-15992,16734],[61417,65030],[44312,46826],[66229,69841],[7764,7593],[37741,-37423],[52315,53154],[2030,-2133],[2312,-2314],[37728,-39740]]],"transform":{"scale":[8.40116276232559e-7,5.790954521909194e-7],"translate":[-73.93805408899992,46.39122824100008]}}