{"type":"Topology","objects":{"62802":{"type":"Polygon","arcs":[[0]]}},"arcs":[[[144575,488651],[9245,-818],[18387,7689],[3358,-6566],[7507,-2847],[10452,-250],[-2150,-7369],[5264,-13074],[5825,-1845],[2842,-3146],[-2212,-6151],[9440,-12059],[-21,-2394],[12037,-5261],[1586,-3300],[11304,-1997],[12434,-5658],[-1103,-4198],[-13213,253],[-236,-3623],[6706,-5761],[5240,2475],[9928,-838],[12367,3310],[36459,-3919],[10289,-3727],[16955,-125],[11650,-2597],[9092,-66],[14528,3428],[7699,-4849],[15445,-18252],[6344,-19325],[-5182,-2356],[-12905,13441],[-6513,50],[-16974,-2270],[-7803,-7241],[3869,-7215],[7771,3477],[3900,-3564],[2486,-10856],[3901,-3678],[5158,-40],[6481,-3584],[15827,6876],[10365,-112],[3808,-2331],[-198,-8523],[-2598,-7196],[-7850,-10521],[-3843,2214],[-10535,-1560],[-78,-9111],[-3851,-4877],[-268,-16764],[2681,-2416],[9191,-2464],[7635,-12148],[11585,-9783],[2658,-4925],[-73,-8441],[5034,-14409],[-5211,-6008],[-14403,-3541],[-6572,-7137],[7807,-6105],[11679,1053],[9057,-3604],[6447,-7348],[14297,-8550],[7796,-7359],[2505,-8459],[-2599,-2261],[-9069,2462],[-5282,-73],[-5211,-6006],[-52,-6045],[3897,-3680],[7705,-3709],[5281,-39],[5129,-3576],[-2555,-11044],[10211,-12168],[5196,-9622],[12932,-9793],[6519,1091],[7838,-2456],[3876,-6076],[1078,-17003],[-7699,-9752],[-2533,-8792],[-108764,-69864],[-381002,411948],[127071,88051],[5056,-4048],[6503,-1188],[5945,-6112]]],"transform":{"scale":[1.074948609897994e-7,7.888794777584892e-8],"translate":[-74.41215945899995,47.187217925000084]}}