{"type":"Topology","objects":{"62904":{"type":"Polygon","arcs":[[0]]}},"arcs":[[[467696,0],[-1484,1265],[-9344,8460],[-9232,7777],[-61198,52722],[-67817,58335],[-84810,72817],[-67078,57490],[-63964,54736],[-102769,87766],[107767,98631],[63170,-45222],[32589,-30990],[53467,-53185],[19161,-24710],[18716,-25741],[6100,-8343],[-6972,-8440],[13857,-15499],[58254,-70096],[11001,-15224],[28065,-38776],[40822,-56753],[45980,-72562],[151,-13],[5387,-6191],[2386,-4425],[97,-3634],[-1683,340],[-1759,2650],[-984,638],[-27876,-23823]]],"transform":{"scale":[5.363395006789948e-7,4.285039130077801e-7],"translate":[-73.91576298599993,46.92762762400008]}}