{"type":"Topology","objects":{"62902":{"type":"Polygon","arcs":[[0]]}},"arcs":[[[499999,395396],[-19131,-38651],[-9767,-18588],[-40231,-105961],[34182,-49958],[-70724,-182238],[-142554,122428],[-161478,138379],[-90296,77241],[10460,-2753],[9536,329],[6309,2841],[5131,6673],[2951,8610],[-2173,11303],[4253,9813],[13811,9676],[15984,-1627],[6446,-6099],[1013,-12082],[2010,-7883],[16032,-13925],[9307,-11746],[10577,-11150],[11819,1277],[13752,-602],[9881,-4372],[7698,-10724],[9377,-1173],[9786,7782],[-1725,2745],[-9200,6348],[-5385,12281],[753,8406],[6919,14965],[126,5804],[-3781,11256],[2587,7015],[12129,11483],[5827,11253],[2403,4145],[8582,8399],[7993,8242],[4873,13649],[7419,5010],[12344,3289],[20237,3723],[7140,5234],[3146,8101],[956,18802],[6162,16084],[5341,1548],[8831,-6411],[15404,-7482],[16698,-8893],[26214,1414],[13688,3552],[18840,2998],[6477,-1358],[10739,-7060],[8726,-5929],[9805,-13889],[14326,-12131],[14054,-7762],[40044,-12147],[13456,-4849],[4041,-2729],[2053,-5907],[6821,-14508],[976,-1511]]],"transform":{"scale":[3.234531409063756e-7,2.5693426186857507e-7],"translate":[-73.58143695599995,46.783734423000055]}}