{"type":"Topology","objects":{"62908":{"type":"Polygon","arcs":[[0]]}},"arcs":[[[499999,130056],[-22819,-24008],[-30849,-32504],[-4640,-4585],[-69664,-68959],[-2083,1931],[-40687,37909],[-41378,41382],[-42398,41625],[-34427,34722],[-28344,28541],[-25552,25693],[-37355,37495],[-10206,10415],[-46243,47118],[-34626,35205],[-21745,22075],[-6983,6631],[38368,36286],[36444,34398],[19591,18464],[42625,40109],[36374,-36846],[42140,-42780],[46193,-47003],[18388,-18742],[38601,-39629],[20052,-20617],[45933,-47313],[14513,-14962],[34935,-36067],[45667,-47250],[20175,-18734]]],"transform":{"scale":[0.000001198456372912742,8.211431542863624e-7],"translate":[-74.57592812099995,46.693424908000054]}}