{"type":"Topology","objects":{"62910":{"type":"Polygon","arcs":[[0]]}},"arcs":[[[451030,274830],[-28963,-18530],[-18898,-11933],[-8551,-5329],[-26394,-16608],[-13844,-8218],[-26423,-15710],[-14417,-8588],[3983,-2540],[27504,-17485],[5371,-3392],[26540,-16861],[13207,-8401],[3624,-2293],[35970,-23001],[8184,-5226],[51303,-32579],[10773,-6845],[-13890,-8368],[-21063,-12691],[-42987,-25930],[-38841,-23592],[-1148,-710],[-23988,13787],[-28256,16219],[-3046,1638],[-42226,25796],[-33862,20938],[-29361,18402],[-15619,9809],[-7301,4168],[-38624,25848],[-72777,48562],[-50709,33760],[-32423,21552],[-3878,17588],[3679,3860],[9610,4242],[7643,14130],[14605,19173],[3678,4992],[-1283,2816],[-13748,5876],[-3609,3236],[1268,11568],[2990,8024],[29,5],[3105,6621],[3194,3303],[5316,-475],[3928,-1356],[1853,797],[-2341,6725],[-2696,9377],[-1411,10597],[4642,5467],[8602,4751],[1945,2154],[-6276,47850],[-852,15916],[2350,10572],[1650,10696],[1897,4347],[3558,653],[6820,-3979],[6162,-5476],[3651,1443],[3882,6576],[2318,6455],[3693,10167],[3782,6919],[12637,3910],[51273,-33038],[36442,-23520],[40428,-26128],[49101,-31788],[60469,-38108],[59016,-37882],[58030,-34705]]],"transform":{"scale":[8.402875985751467e-7,8.969569059138124e-7],"translate":[-74.5115599209999,46.44850037500004]}}