{"type":"Topology","objects":{"62914":{"type":"Polygon","arcs":[[0]]}},"arcs":[[[499999,245768],[-35685,-34769],[-33048,-32705],[-38293,-37641],[-13624,-12687],[-1967,-1381],[-54205,-53735],[-67889,-68057],[-4625,-4793],[-63874,66245],[-74912,77353],[-111877,115251],[25935,27051],[88202,91857],[61147,63559],[47680,49491],[8886,9192],[10661,-9567],[22803,-22519],[42869,-42239],[49426,-48045],[61663,-59227],[4449,-3760],[41253,-37226],[35025,-31648]]],"transform":{"scale":[5.755267170534444e-7,3.9076732553456745e-7],"translate":[-74.47827358899991,46.352462235000075]}}