{"type":"Topology","objects":{"62916":{"type":"Polygon","arcs":[[0]]}},"arcs":[[[499999,94529],[-69909,-13208],[-112822,-16967],[-52838,-7002],[-110979,-57352],[-20028,8741],[-7078,6113],[-9922,13570],[-2810,8358],[-3773,21093],[-427,12614],[1253,13268],[15726,94535],[-4268,26210],[-4537,14887],[-5709,12412],[-50994,74636],[-60884,193562],[195003,-157986],[304996,-247484]]],"transform":{"scale":[1.3971233942464413e-7,1.2235735271466557e-7],"translate":[-74.50830152999993,46.60302133400006]}}