{"type":"Topology","objects":{"62912":{"type":"Polygon","arcs":[[0]]}},"arcs":[[[112861,498157],[30963,-25911],[53621,-44960],[32342,-27171],[16181,-13392],[50505,-41186],[12846,-11258],[-7275,-16442],[36327,-29476],[13030,10328],[20679,-16622],[5871,-5052],[132,-14],[2507,-2113],[1869,-186],[49817,-40477],[13574,-10945],[54148,-43733],[-9602,-7995],[-21663,-17858],[-21908,-17550],[-21925,-18292],[-20468,-17534],[17771,-14568],[-24415,-20651],[-24788,20846],[-13816,-11302],[-28216,-24002],[25724,-21371],[-34825,-29270],[-23811,19659],[-40401,32923],[-17413,13166],[-8641,6776],[-28,270],[-32663,25699],[-34141,26823],[-10,25],[-10171,8435],[-113,-87],[-6825,5720],[-10,128],[-12148,10068],[-134,495],[-606,294],[-5354,3780],[-11390,8771],[-47101,38637],[-14920,12790],[31210,24582],[62624,48961],[-49878,41079],[-6577,5447],[-28902,23964],[-2912,2390],[-10611,8754],[-21325,17570],[-4316,3534],[-22099,18219],[-3201,2647],[11584,8947],[21232,16370],[11124,8564],[21208,17305],[6868,5551],[15185,12435],[23273,19308],[2387,-1842]]],"transform":{"scale":[0.000001045766865533694,8.608177616354411e-7],"translate":[-74.2480955019999,46.264602865000086]}}