{"type":"Topology","objects":{"62919":{"type":"Polygon","arcs":[[0]]}},"arcs":[[[499998,22171],[-3530,-3813],[-738,-10415],[3177,-6736],[-1285,-1207],[-10931,1859],[-4488,1881],[-5142,3736],[-6004,2525],[-4982,550],[-14786,7498],[-8940,9199],[-15977,11847],[-6410,5537],[-4565,-611],[-14131,5639],[-7092,3688],[-7019,5541],[-5160,1303],[-4509,-1190],[-6506,37],[-5743,5531],[-7052,40],[-3911,-3046],[-5155,2461],[-1265,1859],[702,5496],[-8875,20313],[-4518,6741],[-16685,16708],[-8298,5545],[-10925,3765],[-6425,3682],[-2615,15],[-7083,5538],[-1233,7359],[-2614,6316],[-1912,6533],[-363,7803],[694,7383],[1953,8169],[3131,10454],[695,4280],[-2534,3660],[-4504,9867],[-1874,1804],[-5818,3736],[-1887,12],[-9031,5547],[-2553,651],[-5747,5530],[6476,4250],[-655,2436],[-5143,4947],[19,3069],[-7023,6173],[-10996,2549],[-9624,8676],[-5767,2462],[-5164,1243],[-11565,-518],[-10387,3123],[-5089,3673],[-12076,5621],[-6569,612],[-3219,1232],[-9013,9252],[-3863,5519],[-594,13491],[-3209,3086],[-3176,8583],[-12144,16097],[-1865,3658],[-640,5503],[-1263,2496],[-10891,11691],[-1288,-1848],[-143,-3761],[-1836,-1728],[-1947,9],[-10959,10476],[-8317,3688],[-7694,6812],[-3855,7371],[-5137,6741],[-1855,6144],[-5803,7439],[-5120,9867],[-3211,3083],[-1338,8],[-7686,8604],[24,4285],[-1273,1220],[1285,1211],[-586,4286],[-7683,9242],[-1245,6143],[-11580,9260],[-16706,18488],[-7655,14799],[-2610,13444],[-1877,1860],[1211,1141],[270070,-258434],[228717,-219394]]],"transform":{"scale":[2.1838385676772278e-7,1.554252268504691e-7],"translate":[-74.6174352399999,47.49963407100006]}}