{"type":"Topology","objects":{"62922":{"type":"Polygon","arcs":[[0]]}},"arcs":[[[248953,436347],[14368,-14691],[81287,-154937],[155391,-266719],[-173770,19015],[-66861,7120],[-79789,11557],[-88643,18517],[-67885,16939],[-7617,183774],[-15434,96818],[68388,146259],[12129,-1531],[99865,-24000],[9579,-18276],[3589,-13516],[7104,-11404],[31101,-11619],[10879,4398],[6319,12296]]],"transform":{"scale":[1.1673505747013439e-7,4.2043612087231944e-8],"translate":[-74.65989826399993,47.22996558400007]}}