{"type":"Topology","objects":{"63013":{"type":"Polygon","arcs":[[0]]}},"arcs":[[[132533,498197],[-11165,-8531],[14976,-11636],[38472,-30941],[19529,-14966],[27192,18238],[21120,-16146],[10154,7676],[44602,-35433],[33315,-26786],[29655,-23548],[5958,-4527],[4336,3812],[3135,-962],[14564,-6326],[58698,-29385],[7132,6264],[24495,-13562],[10695,-4743],[-43970,-24554],[-3683,-1914],[-11125,-6348],[-230,-1277],[-15960,-55810],[5190,-5234],[-13883,-104039],[969,-5007],[1385,-1216],[3834,-1784],[3430,-3570],[1457,-3409],[238,-1928],[1781,-6932],[1015,-1541],[1534,-3542],[1661,-1486],[3233,-1577],[3602,-1316],[8713,0],[4244,2060],[2845,952],[3354,2006],[2404,1059],[4064,1300],[7066,3841],[2589,2051],[3721,375],[1665,-1320],[459,-2862],[-1995,-2559],[626,-839],[5732,-1682],[2962,751],[4487,396],[4329,2257],[605,25],[3546,-1980],[3876,171],[1505,-1250],[3328,811],[-14218,-10978],[-15898,-13173],[-7943,-5546],[-54136,-45192],[-6059,-4885],[-54839,45648],[-45028,36819],[-4434,3823],[-608,1702],[7397,46693],[171,461],[3821,-712],[13260,54856],[-11673,679],[-6576,8518],[-82697,15209],[3555,14876],[-44939,36744],[-4761,3573],[-10637,8717],[-17461,14522],[-5353,4305],[-46467,38056],[-69836,57407],[-24640,20123],[7112,5876],[11875,9562],[13571,11330],[11964,9856],[8103,6791],[27262,22189],[2557,2454],[5101,4144],[11692,9723],[1483,-429],[4143,512],[9192,2814],[5460,2523],[4319,635],[4619,-302],[5188,-650],[-1108,-850]]],"transform":{"scale":[3.1951333702671363e-7,2.711555343110611e-7],"translate":[-73.66087631399995,45.87657593700004]}}