{"type":"Topology","objects":{"63025":{"type":"Polygon","arcs":[[0]]}},"arcs":[[[302897,300862],[-50057,-55515],[-2199,2490],[-39375,-45046],[11937,-13215],[26636,-29734],[37089,-41714],[39841,44867],[-2535,2821],[55719,63923],[10391,-11597],[-4003,-22857],[93111,-23368],[7402,-13088],[13145,-1045],[-14932,-84282],[-4302,1095],[-193,-710],[-8327,-71741],[372,-2146],[-89360,101934],[-41229,-44559],[-47712,52867],[-43185,-50662],[-1765,-1955],[-18566,21011],[-53799,61718],[-34200,39512],[-29784,33993],[-33119,37957],[-31319,35669],[-27010,30862],[-17413,19505],[-4156,4993],[6741,7216],[19039,23164],[3206,3500],[10874,12702],[27918,31090],[18472,20834],[27814,31762],[15917,17755],[8052,9130],[27744,-30920],[78628,-88202],[65060,-72728],[-6568,-7286]]],"transform":{"scale":[2.8378247556498834e-7,1.764817989636374e-7],"translate":[-73.7000480809999,45.900056673000044]}}