{"type":"Topology","objects":{"63020":{"type":"Polygon","arcs":[[0]]}},"arcs":[[[443060,350086],[56939,-56403],[-165157,-168200],[7515,-7423],[-118088,-118060],[-109939,109763],[-114330,113011],[116707,118532],[6521,-6551],[167841,165244],[38369,-38598],[35499,-35240],[15888,-14442],[62235,-61633]]],"transform":{"scale":[9.574125748261664e-8,6.707028614061435e-8],"translate":[-73.64009436399994,45.920904035000035]}}