{"type":"Topology","objects":{"63030":{"type":"Polygon","arcs":[[0]]}},"arcs":[[[200220,443854],[21484,-41121],[24668,-47800],[38807,-74660],[13392,-25419],[1272,2367],[31150,61287],[34415,-63955],[29739,53903],[64456,-123311],[3827,-7672],[36569,-68438],[-7105,-5724],[-369,1763],[-170,7330],[-2349,1133],[-2257,3895],[-1451,326],[-1299,-2184],[-676,-7339],[-764,-957],[-2120,2259],[-2578,762],[-3453,-566],[-2489,-2052],[-1918,1810],[-1351,-2078],[-1391,-913],[-7248,1018],[-1933,949],[-1291,2006],[-773,2682],[180,4624],[589,3531],[1505,3276],[-42,2982],[-1791,3377],[-6203,9209],[-3734,10568],[-3051,6877],[-6722,6122],[-1444,804],[-5583,-2934],[-1494,478],[-1824,10789],[-1013,1593],[-2710,-4213],[-1401,-442],[-1394,2221],[-2113,1113],[-3489,-1787],[-2173,2046],[-1486,5970],[-1614,4082],[-2218,-437],[-3143,-5003],[-2053,-1557],[-4108,3635],[-1922,8851],[-777,495],[-2198,-2698],[-1831,-782],[13809,-27195],[-6255,-13049],[-3735,9999],[-2133,-7768],[-4347,-2058],[-15875,222],[-7828,-14932],[-6019,16432],[-6256,-3752],[4625,-10147],[-4338,-5509],[-8111,6576],[-4689,-13579],[-14242,30469],[-46377,-48621],[-7004,-31919],[-11617,4037],[-8491,-8715],[-31594,1903],[-14177,797],[-11644,22206],[-2137,-920],[-8401,-5289],[-22297,-13556],[-9948,-6294],[-2801,-1949],[-3039,-3114],[-3352,-4832],[-2794,-4911],[-4770,-9908],[-2891,-4662],[-3270,-3354],[-26401,-15293],[-100,-183],[-15480,-6376],[-6046,-2284],[-2376,-1965],[-3464,-6452],[-16404,29641],[-8225,-17844],[-1360,2926],[-30363,58426],[-19540,38426],[9450,40750],[3277,-6979],[11955,43608],[2854,-357],[4830,16505],[-14674,25135],[24986,22849],[-7454,13237],[1523,36476],[48793,43411],[2379,2025],[1973,3217],[1218,-4853],[25575,15108],[348,9824],[-272,2662],[-1918,1909],[-377,1862],[422,3196],[2,4195],[-692,6993],[943,3055],[-856,3296],[-1277,163],[-1225,2443],[-588,3967],[1004,2500],[2889,4168],[1047,3485],[630,4607],[1173,3049],[8,4565],[-3453,2573],[9,1234],[3589,1741],[1454,1190],[916,3488],[-1266,1581],[-660,3167],[-1884,-1732],[-1965,370],[-962,2558],[255,2831],[2338,1163],[945,-770],[2428,234],[83,2094],[-988,3239],[-240,2660],[-928,3341],[4968,-69],[-623,-13961],[5480,-1088],[1397,-6272],[46138,-4510],[198,1267],[2415,24831],[-11226,26525],[4615,14668],[29241,-56145]]],"transform":{"scale":[3.934277468554362e-7,1.458858437716691e-7],"translate":[-73.74674838599992,45.87304670300006]}}