{"type":"Topology","objects":{"63048":{"type":"Polygon","arcs":[[0]]}},"arcs":[[[273636,499995],[1502,-2567],[11012,-15938],[3307,-4435],[5263,-7563],[12789,-18749],[11986,-17257],[-1601,-2300],[-247,-2048],[-1069,-101],[-484,-1508],[2514,-3270],[7499,-11990],[28075,-43708],[26029,-39660],[1165,-1987],[7051,12112],[14064,-20121],[2971,4381],[2035,1334],[5184,1549],[13270,4330],[87,123],[22631,10381],[2806,2277],[2478,3164],[4088,6727],[2397,3333],[2872,3279],[2606,2115],[2473,1358],[5405,-9221],[26205,-42843],[-5305,-3707],[77,-952],[3635,-6054],[-121,-7392],[248,-3022],[-285,-2079],[-7796,5284],[-5876,-10113],[-4681,8081],[-10672,-3172],[-12191,-13849],[-26868,-123],[-3927,-30356],[6839,-11163],[6958,-10821],[13769,-22251],[7203,-11723],[28624,-45940],[64,-1297],[-2091,-13040],[8543,-8546],[-1096,-15539],[-3913,-5577],[-758,-35667],[-16115,-18000],[2096,-4240],[-6755,-8420],[-25074,-31514],[-15618,1023],[-32749,2485],[-34505,2663],[-13720,938],[-8311,8262],[-1716,1585],[-3812,8606],[-16037,3571],[356,8629],[-16135,9653],[-13522,7752],[-58,-58],[-3298,-30063],[-13104,-316],[-6686,21238],[-1600,6105],[-26248,37238],[-10431,14443],[-687,-1918],[-18147,-24067],[-1365,-1437],[-28038,39643],[-11774,17604],[-28276,41115],[-18820,27275],[-59317,86046],[-14656,21144],[-17449,25363],[-10250,14679],[-18558,27186],[7046,3249],[10964,4143],[12837,6954],[7004,4212],[11838,4090],[101507,45801],[64383,29150],[52411,23886],[5646,2123]]],"transform":{"scale":[4.589244998489825e-7,2.1491619983234746e-7],"translate":[-73.90160357699993,45.80450859500007]}}