{"type":"Topology","objects":{"63040":{"type":"Polygon","arcs":[[0]]}},"arcs":[[[165886,19858],[-49,745],[-74880,88395],[-18845,22554],[-36018,42813],[-18204,20818],[-17890,21479],[10272,58407],[70290,238],[31890,26646],[27920,6103],[12247,-15546],[15367,19457],[20399,-10168],[742,4001],[-646,5814],[317,14221],[-9512,11650],[-198,1830],[13875,7134],[-68556,82430],[-14137,17744],[22122,8151],[50005,17705],[18839,6908],[4794,1203],[26115,-29003],[31794,-1041],[70856,-2487],[19045,11384],[26051,-5273],[15711,41688],[6778,4141],[97619,-106250],[-33069,-13252],[-7198,-3291],[-30,-11135],[-10057,1164],[-5215,-3654],[-8464,5525],[-9129,2255],[-19591,5551],[-204,-5185],[-25305,2711],[160,-3572],[-3875,1309],[-189,7826],[-16230,5358],[-236,-9029],[5888,-1401],[218,-1206],[-994,-17091],[-17526,1717],[849,31532],[-13461,1100],[-210,-4330],[-14584,-1756],[1193,-6293],[58,-5803],[-1423,-39780],[-1484,-45966],[4842,-6966],[5491,-4275],[1548,-7891],[-166,-11688],[14963,-3314],[-56,-3896],[-8468,2411],[-19319,113],[-370,-10099],[7144,-1950],[7118,1511],[9650,5769],[2719,645],[4047,-1308],[3992,-8401],[2931,-3743],[4610,-3522],[9496,-2561],[5124,121],[4800,1496],[7082,4821],[5751,2459],[2130,-690],[8730,-7140],[8141,-4158],[10887,33],[5398,-4031],[4497,-2217],[6978,-734],[7268,1204],[4374,1632],[7139,3890],[-7736,-140875],[-493,-3369],[-2714,-4542],[-5323,-2478],[-3698,3050],[-3143,786],[-246,-6362],[-3215,-3726],[-6048,2933],[-6776,-4922],[-50618,73023],[-16983,-20197],[-19710,-12506],[647,-5470],[-21342,-12289],[-4151,1342],[-25328,-29259],[-3845,2479],[-12683,-2091],[-77666,-29997],[-3555,-30104],[-17850,19858]]],"transform":{"scale":[1.754257808515801e-7,1.1169904139800534e-7],"translate":[-73.70599239899991,45.83269085300009]}}