{"type":"Topology","objects":{"63055":{"type":"Polygon","arcs":[[0]]}},"arcs":[[[319217,443649],[23507,-24414],[3802,-4296],[18250,-15063],[2073,-1945],[7827,-8551],[38021,-42225],[-64226,-67684],[38380,-42402],[14320,-15795],[38524,-42436],[60304,-66581],[-22534,-28344],[-12377,-2959],[-5968,-1650],[-55422,-18518],[-68078,-22598],[-107340,-35510],[-10567,-2678],[-5695,5966],[-42157,43244],[-30052,30770],[-28075,28846],[-15675,15949],[-14801,16277],[-16727,17989],[-2260,1486],[34769,40783],[-20907,17296],[-19643,15878],[13237,14379],[-41820,41127],[-19630,18671],[-8277,8333],[7711,9791],[45912,57137],[14559,17679],[20753,22822],[1932,1989],[16074,17428],[16710,18299],[6792,7278],[6628,-7297],[847,3802],[17607,-16619],[6869,7413],[21174,-21129],[1482,1074],[831,-772],[2628,3049],[-1055,1211],[50872,56256],[3115,3594],[18948,-15394],[56004,-43917],[2824,2961]]],"transform":{"scale":[4.339959079918294e-7,2.77202356404763e-7],"translate":[-73.97787302499995,45.88952570800006]}}