{"type":"Topology","objects":{"63065":{"type":"Polygon","arcs":[[0]]}},"arcs":[[[282994,352955],[16135,-19451],[63588,71351],[34987,-40976],[14448,-17327],[15867,18004],[25409,-32169],[17175,-22221],[-16200,-18913],[19019,-22918],[26577,-33768],[-54846,-62132],[43450,-50931],[3682,4883],[371,-7184],[1331,-3080],[-1794,-2553],[1153,-1193],[-5828,-8046],[-1901,595],[-3357,2408],[-2888,-978],[469,-2341],[-4029,509],[-3140,-1526],[-3193,-3960],[-4016,-7930],[-5298,-984],[-1492,-2268],[-65955,-85101],[-5951,3164],[-4629,-5919],[-6357,7027],[-31644,36562],[-35549,41593],[-47594,55015],[-10834,-11918],[-22540,25071],[-29015,-28320],[-20839,23237],[-41051,48042],[-15981,18070],[13095,14566],[-5534,1007],[-4930,469],[-4608,-983],[-5826,-3920],[-9809,-4367],[-4421,-798],[-6059,2555],[-4678,3582],[-3951,-39],[-2924,-1576],[-5760,345],[-7275,1047],[-15740,-1020],[-6955,345],[-5398,-1043],[-6347,-4328],[-5080,-2333],[-3385,-1165],[-5415,-1123],[-5991,257],[-4025,-1190],[-4494,-524],[-4340,1528],[-884,1220],[1025,890],[9795,11547],[956,549],[8779,10644],[50387,59997],[2596,2787],[19886,24222],[23535,28015],[3582,4631],[-32679,37387],[-10038,10597],[12037,13656],[10701,11581],[14396,16350],[26852,29646],[16819,19441],[839,1167],[24369,-28082],[15900,-19660],[1999,-2053],[20521,-25223],[22695,-26764],[9421,-10766],[28621,-34495]]],"transform":{"scale":[2.9942878285747327e-7,1.746348772697105e-7],"translate":[-73.6582487629999,45.97191379100008]}}