{"type":"Topology","objects":{"64":{"type":"MultiPolygon","arcs":[[[0]],[[1]],[[2]]]}},"arcs":[[[17265,119309],[14675,925],[894,-5227],[-22422,-4660],[-10114,6721],[8019,6133],[8948,-3892]],[[481852,436834],[18146,-29820],[-57841,-52519],[-25458,-27555],[-58038,-44533],[-117807,-105844],[-58395,-53179],[37397,-55370],[-47519,-17375],[-66663,-31514],[-45067,-19125],[-27882,40231],[12656,1571],[19787,11623],[11223,258],[10521,11456],[2582,10610],[-5178,3873],[2170,8514],[16757,-1655],[12594,11597],[-7594,17632],[7970,14416],[3394,-2333],[6604,14797],[-681,17218],[18975,50426],[26026,27561],[20074,12497],[14929,6375],[8292,9402],[15579,-5612],[-2160,23754],[5051,21163],[22913,19483],[-5315,21999],[7125,11797],[5747,1763],[642,-10897],[-6265,-11359],[4931,-6084],[11722,13555],[-1553,18526],[-3787,7399],[26089,18185],[20692,5958],[835,4798],[24380,15126],[24813,-9072],[10092,666],[16232,8493],[25696,5845],[24682,13383],[34487,10254],[5398,-8358]],[[474696,498925],[16165,-6921],[-11419,-16607],[-8603,-5698],[-18985,-3116],[-8963,6727],[3673,11783],[9998,13116],[18134,716]]],"transform":{"scale":[4.443590232846314e-8,4.127680691803637e-8],"translate":[-73.88097936257888,45.47050885482765]}}