{"type":"Topology","objects":{"64015":{"type":"Polygon","arcs":[[0]]}},"arcs":[[[433325,482380],[-3195,-110283],[18919,-1047],[40575,-1575],[2594,-274],[7780,75],[-993,-16538],[-3213,-59158],[-5451,-111847],[-61325,1722],[-12558,234],[-2075,-56452],[-32,-3847],[-2088,-63152],[260,-5224],[-15191,3080],[-820,-18952],[-3941,473],[-1297,-12172],[-28832,-7935],[-6673,1106],[-2410,599],[-5626,-9203],[-1617,2823],[-1704,921],[-3423,-509],[1,-1975],[-2761,-4173],[-919,-2116],[-1367,-6981],[-6802,1287],[903,1482],[-5997,1676],[-7473,1306],[-53998,10807],[-8954,1613],[-13161,2799],[-27108,5160],[-45392,9377],[-23022,5961],[-22298,4761],[-5742,790],[-18376,3534],[-5060,387],[-4261,-258],[-4551,5402],[-36118,40036],[-18992,20952],[-27867,30600],[15341,44798],[11198,34858],[-4948,2657],[565,2519],[-4942,2226],[555,1572],[-7526,3913],[342,1109],[-6657,3210],[340,1108],[-5942,2933],[13067,42590],[1751,5216],[939,4514],[20829,73214],[5047,-8852],[23118,-12383],[6635,-4626],[12785,-7943],[-1348,-3801],[2043,-490],[28875,25074],[-1469,2592],[12139,7357],[9584,12309],[1382,4668],[4301,3747],[874,34151],[16046,33454],[1947,6810],[76444,-84378],[21095,22806],[6391,6329],[1112,1973],[40111,42842],[7358,6150],[5348,-943],[915,21477],[30379,-2433],[964,10421],[441,9579],[18216,-3926],[47435,-9511],[18571,-4182]]],"transform":{"scale":[3.4785192770389453e-7,2.1068938537881254e-7],"translate":[-73.70004577199995,45.71594515900006]}}