{"type":"Topology","objects":{"66007":{"type":"Polygon","arcs":[[0]]}},"arcs":[[[491097,294314],[-2750,-12815],[3366,-4170],[6939,14007],[1346,-540],[-12837,-25815],[-1591,2924],[-10974,-11809],[-3035,-1834],[-631,-4900],[-3400,-4943],[828,-5300],[-2056,-1621],[-257,-7548],[-2528,-6767],[2906,-1759],[1613,5233],[2068,-3775],[2800,2560],[-11431,-22229],[-1210,872],[-4932,-3821],[-2608,-408],[-10231,-10990],[-896,-6571],[14646,6431],[221,-1924],[-15632,-7004],[-983,-4220],[-4915,-5332],[-1314,-7398],[2898,-2358],[4474,-6600],[4510,9110],[1204,-1232],[-17512,-33456],[-1110,-4167],[-14375,-42896],[-1022,-3691],[-13960,-74569],[-2999,923],[-2890,-3912],[-4196,702],[-27199,9622],[-13312,5501],[-13602,4019],[-40293,14590],[-92259,34549],[6952,46168],[-77746,73546],[-10283,10181],[-12219,20980],[-108680,92954],[39623,46903],[6703,8185],[43971,60198],[2558,4142],[13918,16727],[46330,47453],[2650,3579],[25585,-24363],[62198,-58279],[16964,-16888],[28960,-27288],[17050,-16413],[96802,-34567],[41019,-13731],[14883,-4162],[18108,-6181],[5344,-103],[8431,-3710]]],"transform":{"scale":[1.5765134330271868e-7,7.505575011154175e-8],"translate":[-73.56931731199995,45.61073792800005]}}