{"type":"Topology","objects":{"66032":{"type":"Polygon","arcs":[[0]]}},"arcs":[[[181105,486783],[8967,-126],[11761,3310],[7328,8765],[3504,-18245],[23740,-7088],[-4992,-11199],[7183,-10560],[12568,-7517],[11809,-10534],[26391,-19069],[2983,8371],[7615,11176],[10118,-7812],[22451,-5891],[11187,-8647],[35267,-21555],[45368,-24368],[19324,-15121],[35826,-15245],[-11547,-5710],[14508,-20232],[13407,-27645],[4128,-11338],[-43868,-52057],[-6088,-6456],[-10103,-17942],[-13045,11475],[-61564,-74081],[-21131,-27475],[-15999,-28940],[-15095,-36247],[-32113,-38780],[-11520,7690],[-30009,14872],[-14613,13774],[-11892,7820],[-35112,28213],[-7520,-7772],[-6166,3124],[-37417,28269],[-21203,17981],[-50096,37823],[12002,24989],[10174,27166],[-20608,17465],[-25836,19911],[-15721,7774],[20652,41815],[4291,7189],[-39659,33545],[2995,11563],[-3735,6552],[4149,11746],[9873,12393],[21372,45220],[11337,15329],[4068,9807],[42347,-28949],[9394,24909],[17263,28005],[15116,-11136],[12691,16159],[5507,26753],[27988,-13216]]],"transform":{"scale":[7.511421822841289e-8,4.2917183834343006e-8],"translate":[-73.61823677899991,45.47394873500008]}}