{"type":"Topology","objects":{"66047":{"type":"Polygon","arcs":[[0]]}},"arcs":[[[0,374508],[15682,46964],[112927,-113987],[20957,52855],[-9052,11560],[-41115,40663],[3373,8969],[18087,26515],[2089,10453],[21359,41498],[27391,-28813],[12081,-2232],[54383,-60170],[120418,-139057],[12305,-12009],[89940,-101873],[19897,-17929],[19277,-26129],[-52348,-50828],[-48693,-60958],[-4671,10782],[-42793,42638],[-743,-12708],[-8862,1977],[-119893,106096],[-9119,8786],[-41194,45835],[-171683,171102]]],"transform":{"scale":[7.209974419948977e-8,2.5348734697406237e-8],"translate":[-73.6684780569999,45.44680771700007]}}