{"type":"Topology","objects":{"66058":{"type":"MultiPolygon","arcs":[[[0]],[[1]],[[2]]]}},"arcs":[[[498692,335739],[-2597,-3821],[-13720,10201],[-16534,10363],[-15767,11076],[-27571,17888],[2269,3841],[27165,-17042],[16727,-10872],[31335,-19714],[-1307,-1920]],[[182801,367778],[38775,-24566],[10540,14632],[24645,-16695],[18747,-11245],[6579,-4568],[62316,-39139],[31570,-20665],[-11546,-7567],[-18653,-19662],[-11673,-13019],[-4111,-7746],[-5547,-14791],[-17866,-17001],[-13038,-25246],[-14971,-27099],[-7972,-8939],[-11961,-9867],[4310,-13656],[-2355,-11897],[-4616,-1777],[-13560,-13035],[-1326,-3283],[-11484,-8329],[-2140,-2817],[26102,-12774],[5747,-3630],[-13305,-16603],[-71692,35804],[-11421,-17341],[-10548,-9700],[-14947,-27050],[-2984,-7131],[-26525,187],[-27447,-1563],[-35620,14706],[-37178,14329],[-7646,3442],[9796,24448],[8865,17094],[11603,28510],[15184,74084],[704,8578],[4001,17112],[30892,159049],[19712,18324],[11352,-12006],[10704,4110],[30142,13903],[29846,-17905]],[[338049,479983],[-15610,-24043],[-2486,-5124],[-1717,930],[-3996,-8914],[-5280,-7554],[-18529,-28529],[3968,-2769],[-3985,-5682],[-15259,8992],[-1993,1952],[2620,13664],[4014,10863],[6171,11722],[18626,28471],[636,-423],[17024,26460],[21231,-11852],[-5435,-8164]]],"transform":{"scale":[1.1357076514150658e-7,8.070039540079617e-8],"translate":[-73.68714469899993,45.45243970300004]}}