{"type":"Topology","objects":{"66062":{"type":"Polygon","arcs":[[0]]}},"arcs":[[[101653,497504],[49525,-38112],[175151,-137839],[-4866,-10314],[59097,-48033],[33798,-29737],[35440,-27829],[29408,-27385],[-3532,-7796],[22832,-18441],[1493,-3935],[-35649,-10927],[-18411,-7763],[-45309,-25335],[-29867,-6570],[-52857,-3668],[-9981,-6282],[-40970,-46856],[-20554,-19935],[-24669,-20747],[-67671,55486],[-133570,105092],[-18761,15764],[-1730,176581],[1361,32948],[4274,-5241],[32706,-24143],[8538,15254],[-8503,7439],[39717,76600],[11316,20282],[8565,23937],[3679,-2495]]],"transform":{"scale":[5.298512397020641e-8,3.0055294110562226e-8],"translate":[-73.65619353199992,45.473868218000064]}}