{"type":"Topology","objects":{"66072":{"type":"Polygon","arcs":[[0]]}},"arcs":[[[301590,499585],[9784,-3333],[10544,-4820],[23579,-9577],[23755,-10037],[16625,-6356],[59779,-24558],[15311,-5154],[9211,-4507],[14100,-5560],[5321,7758],[10399,-4106],[-29280,-43917],[-15400,-27413],[-13357,-24460],[-7725,-11381],[-5585,4106],[-8344,4391],[-16008,7281],[-7704,2825],[-3648,-265],[-2428,-8187],[-4331,-4004],[-6683,2714],[-321,-2321],[-11066,-27152],[-15106,-26886],[-11292,-11832],[-4121,-9282],[3529,-3957],[-6895,-10828],[-155,-10215],[-3436,-5756],[-20462,-30501],[-34760,23664],[-13121,5327],[-35862,-6658],[-25114,10966],[-2800,-16778],[-4312,-7088],[-8323,-3573],[-2397,-2555],[648,-15535],[4737,-4655],[-269,-3179],[-2799,-2418],[-12373,-3691],[58872,-52066],[-14208,-12393],[-54052,-58674],[-18551,-18011],[-18716,18627],[-20664,19966],[-17175,16143],[-19175,-79714],[-9427,8437],[-39382,37041],[-20957,16483],[27279,13412],[8286,5563],[34207,36886],[10966,11586],[18358,20417],[53828,68757],[7765,5553],[3221,3555],[4320,8618],[9907,22910],[21537,47444],[9098,20579],[24480,51600],[4412,11648],[10479,23997],[8418,17364],[13197,35825],[7107,17903],[7442,13715],[5698,603],[11585,-311]]],"transform":{"scale":[1.3095759391528147e-7,9.308618417236064e-8],"translate":[-73.68617296699995,45.48375078000004]}}