{"type":"Topology","objects":{"66087":{"type":"Polygon","arcs":[[0]]}},"arcs":[[[434478,26575],[-5704,957],[-7434,196],[-6182,-736],[-4692,4404],[-11117,2306],[-3226,3012],[-249,7901],[-2132,-3154],[-352,-3563],[2019,-4133],[7022,-2619],[4834,-1],[1559,-4960],[-5537,-2189],[-5714,701],[-3287,-935],[-2686,-5345],[-4126,-2364],[-1754,-2856],[-6360,-2554],[-6929,-876],[-3553,1045],[-8456,6133],[-7248,2546],[-4059,-7679],[-893,15],[4214,7979],[-5184,-3409],[-5056,7],[-8045,3849],[-6967,1477],[-1609,-3011],[-4139,1586],[-10,4250],[-1500,-886],[-10512,-1731],[-7350,725],[-4069,1355],[-9391,-1367],[-3851,-3963],[-4131,-2591],[-5825,-1730],[-3901,-7150],[-5485,-3709],[-2422,2090],[202,3564],[-3761,6817],[-6479,4353],[-4142,1432],[-6245,99],[-1469,1162],[-3624,-3663],[-5963,-10684],[3262,-5518],[12912,-1799],[-318,-1361],[-12986,1799],[-3776,5905],[-3290,3697],[-2532,4671],[-4448,5763],[-4616,4553],[-2013,4586],[-8359,2865],[-8369,2257],[-16466,2840],[-3939,62],[-1211,-1347],[-4795,-12224],[-2292,5806],[-2919,3613],[-11991,8615],[-1831,1927],[-5769,2140],[-6491,-1493],[-2922,-1474],[-6563,-1263],[99,-3267],[-4194,-1984],[-3841,-3279],[-5861,850],[-172,8428],[-1284,8600],[-2388,9449],[-1657,3518],[-11052,11939],[-2799,1865],[-4083,5455],[-1145,2978],[-7487,29170],[-2471,-273],[3101,3356],[649,2781],[-1121,2328],[-5579,4896],[-2354,7237],[-1689,7796],[-2495,17353],[12574,3428],[-12590,46632],[-1089,9132],[-2171,5818],[-4673,15696],[-6095,8691],[19328,13979],[5858,3775],[-6543,9314],[-27460,40194],[-4565,6320],[-14689,23178],[-1370,-934],[-2364,5892],[-6768,10092],[-8273,10798],[-1087,2869],[-9986,15002],[28977,20680],[45879,32467],[38821,26608],[41292,27873],[15231,-25154],[4865,-9077],[-11256,-11066],[342,-1609],[-2469,-2053],[-875,-11034],[2673,-1193],[4698,154],[648,-1343],[-2386,-2991],[-86,-2627],[-6959,-3460],[-3752,-9556],[-35293,-25535],[1665,-2560],[6245,-5313],[1925,-2566],[34802,-31289],[-11910,-15835],[9253,-14754],[26219,-39762],[24339,-21186],[45147,-41075],[44974,51300],[110445,124344],[1524,-823],[22223,-17994],[32749,-27136],[15789,-16822],[14259,-13682],[-23955,-26900],[-18260,-19251],[-11575,-12741],[-19735,-21128],[-20324,-21220],[1283,-2002],[2748,-10344],[6880,-31538],[6609,-29335],[3478,-18658],[2404,-11121],[-9028,222],[8011,-36145],[8609,-44309],[-4002,-1666],[1337,-5590]]],"transform":{"scale":[1.7194584789175973e-7,1.1856853113711837e-7],"translate":[-73.79456992199994,45.43522807000005]}}