{"type":"Topology","objects":{"66097":{"type":"Polygon","arcs":[[0]]}},"arcs":[[[382948,489521],[12688,-15309],[1382,-2928],[10512,-11019],[8601,-10298],[3003,-6012],[1742,954],[18663,-23651],[13324,-15224],[27367,-32242],[8315,-9503],[-7444,-3851],[-24560,-14267],[7746,-8868],[5938,-16017],[2758,-5938],[1383,-9317],[16000,-47584],[-15978,-3500],[3169,-17707],[2148,-7954],[2990,-7387],[7088,-4994],[1426,-2376],[-825,-2836],[-3941,-3426],[3141,278],[10415,-32781],[-2559,324],[-2492,3208],[-12626,7051],[-7804,2188],[-5292,-12],[-15558,7011],[-9709,1282],[-4479,-2035],[-4723,134],[-2597,2666],[-10250,2762],[-13232,-69],[-10852,831],[-1752,-2845],[-6323,542],[-5903,-2483],[-5099,216],[-3908,-1810],[-56,-3020],[-9836,-5612],[-7652,-5020],[568,-5198],[-2750,-5698],[-6325,-4803],[-4612,987],[-5825,-3339],[-2366,-202],[-7063,-3943],[-6996,-5337],[-1014,-3784],[2164,-568],[1419,-5052],[-4050,-9711],[-4643,-5910],[2059,-6299],[-243,-8208],[-4219,-8548],[1275,-7918],[3994,-3766],[4396,-2456],[683,-4036],[-3523,-1507],[-3526,-6774],[-3711,-1503],[-2343,1034],[-6492,6665],[-3471,1436],[-4929,-946],[-5704,-7136],[-20823,-2071],[-10047,-7082],[-7604,2726],[-10798,-1497],[-5766,-239],[-1727,-1451],[-5921,1697],[-6064,-934],[-11645,-6675],[-2271,-206],[425,-2639],[-2459,-5392],[6368,-3098],[-3857,-4447],[-7498,-1924],[-12755,-5269],[-7667,-6183],[9565,-9178],[1797,54],[-2254,-4543],[-5391,-5590],[-6887,470],[-2880,2668],[-2640,343],[-6656,-2477],[-8599,-5397],[1826,-8931],[-3707,-1272],[-6072,3791],[161,3793],[2411,2761],[-1424,4975],[666,5492],[-6869,6898],[-14433,1181],[-4591,2146],[-6117,1313],[-5162,-855],[-2639,2062],[-2514,10687],[-25720,65245],[-23232,68729],[21881,280],[24643,-1465],[-22770,35036],[16815,1636],[-9460,9696],[-15635,19051],[-4592,3178],[-25185,28930],[-26553,29353],[-17724,20305],[2208,2258],[106094,62861],[119306,71805],[8768,-13776],[10410,-11758],[79532,39840],[13013,8061],[32537,14766],[1965,1708],[9115,-10478]]],"transform":{"scale":[1.3532063864122968e-7,1.1619462838922572e-7],"translate":[-73.84639065099992,45.42487112200007]}}