{"type":"Topology","objects":{"66092":{"type":"Polygon","arcs":[[0]]}},"arcs":[[[173411,466011],[103466,-3233],[69427,25771],[86465,-30656],[67037,-11883],[-8011,-129706],[-19357,-60878],[-51047,-89233],[-7616,-79409],[-62207,-86090],[-36340,2539],[-93844,70008],[-37608,19345],[-49655,-1248],[-62718,27112],[-51152,75658],[-19061,66271],[2510,53022],[90191,177452],[20349,9146],[59171,-33988]]],"transform":{"scale":[1.8283406566762304e-8,6.44147688293057e-9],"translate":[-73.74623057999992,45.43057060000007]}}