{"type":"Topology","objects":{"66102":{"type":"Polygon","arcs":[[0]]}},"arcs":[[[402900,387249],[16374,-33676],[24531,-48683],[23266,-47980],[4243,-5274],[14443,-31596],[8738,-16083],[-15533,-2712],[21036,-58110],[-22766,2431],[-20215,-464],[-84285,-956],[-7318,-2072],[-56054,-55491],[-31177,-34791],[-16897,33289],[-7948,20955],[-21461,-15765],[-9268,13699],[-16234,-11509],[-11748,-5335],[9602,-44403],[-24834,-3115],[-5794,20798],[-11290,-10192],[4748,-29012],[-16867,-6029],[-1125,14871],[-7881,10326],[-8536,3509],[-5134,-22045],[-1962,-639],[-51414,-8028],[-3374,10799],[-22511,-12928],[-18011,-11038],[-4796,31962],[-3802,17737],[-3579,-1339],[-7225,24794],[-5230,6245],[-5612,55488],[7301,7057],[-1624,19425],[14078,8698],[4742,-18156],[6221,2407],[-1735,7000],[19309,11587],[22371,-7627],[7304,2313],[10376,5525],[7842,10206],[11585,10788],[25910,39750],[2206,1867],[21322,8275],[12716,6762],[53323,58222],[44939,45996],[-9569,18411],[10006,13216],[18694,23389],[15575,15369],[4617,10677],[25795,41172],[12053,21117],[2125,1666],[7997,-17921],[9455,-17785],[4588,-9931],[11584,-22299],[21794,-44814]]],"transform":{"scale":[1.4647909095812905e-7,7.005783211564181e-8],"translate":[-73.9054071239999,45.43541548600007]}}