{"type":"Topology","objects":{"66107":{"type":"Polygon","arcs":[[0]]}},"arcs":[[[499999,228420],[-15917,-9091],[-806,-8004],[-3951,-1771],[2038,-7208],[-6278,-6017],[-1711,-6691],[-2685,-3520],[-3571,-62],[-2423,-4672],[-4116,92],[454,9587],[-1222,6330],[-2394,-1521],[-13013,8027],[-6991,6030],[-2360,11941],[-4174,3962],[-1748,-1107],[-8359,6776],[-3620,4379],[-4383,1101],[-8455,6206],[-8746,4206],[-18505,-11901],[-19295,-18331],[-4452,-6345],[1304,-7620],[-3523,5092],[-5642,-6462],[-13435,-18178],[-111,-2288],[-5479,-8615],[-6461,-6158],[-19386,1720],[-5782,-1876],[-2684,-3379],[-8290,-5832],[2753,-9369],[-6879,-1711],[-5529,-4174],[2582,-7934],[-1565,-1112],[-2967,5795],[-9299,-16265],[-12593,-6453],[-1428,4186],[-2866,-3232],[-9382,-5521],[-2359,2342],[-7438,-2844],[-8967,-10114],[-407,-4718],[-7501,451],[-2672,-2090],[-6390,1573],[-5448,-5322],[-1783,-5117],[-11453,-11924],[-3224,-12533],[-5428,-13487],[-5585,-452],[-3783,-3498],[-4735,-7773],[2827,-11378],[-96,-10738],[-1129,-3557],[-5464,-7184],[-10719,-1628],[-2529,3634],[-3752,10252],[-1731,897],[-3307,8807],[-8076,-2689],[-8089,-4264],[-9195,-15411],[-6588,0],[-3808,3948],[-6737,3871],[-7038,867],[-10850,-6209],[-13952,-5142],[-9036,2628],[-9769,-1172],[-1946,17401],[-10668,85896],[-7621,52886],[-1521,26511],[-18687,154098],[18886,12306],[23608,14411],[3538,-12039],[53917,8949],[2057,713],[5384,24576],[8951,-3914],[8265,-11510],[1178,-16578],[17689,6723],[-4979,32339],[11839,11362],[6075,-23184],[26045,3472],[-10071,49498],[12320,5946],[17024,12830],[9718,-15272],[22506,17575],[8334,-23359],[17719,-37109],[32697,38781],[58780,61858],[7676,2311],[88387,1066],[22506,-127071],[24916,-120623],[2436,-19762],[2598,-4123]]],"transform":{"scale":[1.3968173136345344e-7,6.28477116953987e-8],"translate":[-73.9009770429999,45.41415728700008]}}