{"type":"Topology","objects":{"66112":{"type":"Polygon","arcs":[[0]]}},"arcs":[[[499999,173641],[-3388,-1258],[-11637,-13327],[-7450,-10324],[-5798,-489],[-26434,-17599],[-10805,-3069],[-9922,392],[-11872,2494],[-20686,-40],[-29248,2416],[-25107,-7348],[-10957,-2235],[-14364,-8302],[-10294,-2103],[-14501,-6636],[-11384,-8198],[-11514,-5976],[-10958,-2374],[-13471,-14559],[-17302,-5773],[-9051,3017],[-10919,123],[-7837,-3798],[-13412,-21221],[7,-20263],[-11301,-13474],[-6361,-4647],[-12667,4583],[-5160,-2023],[-2502,-11630],[767,16922],[-8095,785],[-2210,-13993],[-2677,-1913],[-5013,7273],[-11916,-281],[-3411,4063],[-14932,-2609],[-10059,-8354],[-7609,85],[-1209,7231],[-9480,-3087],[-14197,1963],[-13101,8473],[-5147,9356],[-22184,-863],[-13231,-2735],[2248,9242],[25872,127613],[-1125,15361],[24360,93779],[15931,9095],[25973,16855],[75601,46942],[11983,8995],[41564,21988],[5762,2506],[30422,21378],[3207,4480],[40031,26163],[82906,52803],[35286,18027],[6831,2455],[33798,-149325],[2752,-25689],[13780,-51246],[19296,-83235],[3521,-16862]]],"transform":{"scale":[7.723201446401243e-8,6.485727571455991e-8],"translate":[-73.93394368899993,45.40298691300006]}}