{"type":"Topology","objects":{"66117":{"type":"Polygon","arcs":[[0]]}},"arcs":[[[469441,480614],[2020,-14669],[-9082,-5328],[6979,-41900],[6508,-4715],[8986,-18721],[4452,1010],[4731,-13393],[5964,-24135],[-4481,-1716],[-23142,-12601],[-54375,-36912],[-26253,-18289],[-2103,-3133],[-19953,-14943],[-3778,-1751],[-27261,-15371],[-7860,-6288],[-49583,-32813],[-17035,-11783],[-10447,-6359],[-15977,-65554],[738,-10738],[-16969,-89207],[-1475,-6462],[-2990,-2023],[-4668,-140],[-3555,1790],[-5971,-124],[-11122,-3653],[-8742,-4262],[-7260,-6609],[-23492,-3700],[-17107,-4748],[-22678,-25],[-9025,-1349],[-3224,2172],[-15905,3193],[-4738,2481],[-9409,2049],[-1260,-4447],[-32340,14637],[-3283,-2000],[-17422,10874],[-12833,5485],[-1607,1474],[14242,-5694],[10640,-7013],[888,1349],[-5557,5886],[1885,2791],[-5330,6562],[1334,2215],[1450,10170],[3228,5688],[285,4555],[-6629,6966],[-7079,5578],[10924,12616],[21532,-26930],[25668,38182],[850,1773],[10214,9387],[5882,10758],[1171,8709],[-1986,13249],[-389,9805],[1024,6589],[-29980,44778],[-27625,53443],[-11265,5378],[63012,78356],[18839,-12291],[1849,20770],[10766,4684],[2042,22117],[17541,8751],[4182,-9879],[15587,6078],[7949,10750],[30610,-16093],[15167,8829],[5063,-6790],[32609,18857],[-3614,6789],[37624,17003],[2986,-4938],[23066,9487],[-1255,3536],[16039,8111],[-1650,4819],[54091,19932],[3469,596],[83618,37816],[13060,-19384]]],"transform":{"scale":[1.1775782151568186e-7,9.27802955606405e-8],"translate":[-73.95985583599992,45.402129230000064]}}