{"type":"Topology","objects":{"66142":{"type":"Polygon","arcs":[[0]]}},"arcs":[[[499999,367125],[-39716,-37957],[-37341,-36230],[-44129,-44212],[-27871,-28160],[-6898,13983],[-1489,-2280],[-24629,-19704],[-9850,-10755],[-60204,-53166],[-7881,15689],[-6637,18386],[-90311,-95821],[-80310,-83887],[-1672,-3011],[-17857,36057],[-9493,17940],[-3758,7990],[-7749,14310],[-6553,14419],[-15651,36610],[2911,3331],[41144,42496],[19231,22712],[-4597,15314],[-5792,14878],[-1515,8182],[-2984,7338],[-10923,35689],[7779,11476],[16304,16448],[20283,19191],[25932,27813],[11493,11029],[4211,5907],[-10678,22091],[-530,9672],[-3299,4044],[10335,12189],[1822,-3503],[5491,5134],[7390,4443],[6034,5334],[16573,16304],[4177,3727],[4496,5775],[4983,3949],[3903,6460],[29364,26134],[9408,9116],[7344,-15297],[13481,-29059],[4583,1781],[-3860,-3209],[2519,-5442],[3531,4852],[2014,-3630],[-3805,-4933],[9178,-19777],[14177,-29345],[6954,5916],[810,-6302],[36569,35206],[5087,4705],[4694,-9596],[7576,6878],[45042,44947],[7241,7589],[25425,-10867],[12321,-6265],[10269,-4049],[-5332,-5918],[-17504,-15667],[12729,-14487],[3800,-5204],[8143,7758],[3058,-4381],[4406,3061],[5886,8144],[2809,770],[18826,-21837],[11187,-12233],[-2759,-1594],[30654,-35389]]],"transform":{"scale":[1.7876582753168534e-7,8.7073198146402e-8],"translate":[-73.85730640699995,45.46254541400003]}}