{"type":"Topology","objects":{"67005":{"type":"Polygon","arcs":[[0]]}},"arcs":[[[457476,148119],[-2277,-4019],[-626,-2777],[-3409,-5318],[-3378,-6811],[-33052,-53887],[-14015,-21832],[-16535,3793],[-16791,-16169],[-5645,-18564],[10389,-6415],[-10752,-13832],[-3248,-2288],[-30412,14686],[-9536,5081],[2457,6758],[-6304,3046],[6935,11429],[-2587,1671],[9682,20102],[-48243,21772],[-51105,28670],[-3841,1789],[2061,-7219],[-1524,-9267],[-16130,8684],[-474,-3236],[161,-9549],[-2246,-4770],[-8373,-6631],[-1897,-543],[-43041,13785],[-3678,-5107],[-2184,-5098],[-117437,41743],[-5622,2277],[4467,14454],[-13042,5324],[3933,6099],[-15393,6429],[-2098,3457],[3983,10343],[-3860,1311],[2234,5638],[-3344,13623],[9086,14164],[-3024,1745],[-4991,8322],[5160,12312],[-3703,1270],[10140,30517],[-14347,6221],[1752,47043],[2390,45416],[22538,33729],[-2966,38972],[119285,-36795],[1219,2241],[-4758,2099],[-1857,3887],[-3653,-3419],[-2509,3452],[1171,4725],[-2217,3827],[363,3726],[4386,4102],[-729,2920],[1628,2503],[3194,2036],[981,2388],[-5342,5143],[4171,7710],[1315,1180],[-682,5259],[1908,2120],[-2278,4271],[-98,2278],[2952,7603],[2580,3436],[3033,1090],[-92,2530],[-2947,3082],[-4465,2538],[-257,2707],[6803,-1610],[2619,-1844],[72575,-23690],[-2267,2050],[1068,3144],[-2210,541],[-3497,-2726],[-1540,1859],[-572,3486],[-2403,-1795],[-3083,-14],[-3985,4933],[1190,2130],[3474,263],[22978,-10739],[48673,-27782],[15946,-8731],[20484,7834],[5392,-12094],[22851,14266],[24308,14454],[47611,27973],[28475,17095],[10433,5895],[5536,-735],[1557,-4389],[-3031,-4313],[363,-2186],[-75536,-44253],[3037,-7936],[-8556,-8063],[8625,-9473],[-33529,-21229],[5657,-8675],[-1340,-1786],[2441,-3981],[-2203,-2059],[3534,-6039],[-10324,-13899],[-1246,-5562],[11142,-24976],[9690,-3852],[-6442,-7676],[2032,-698],[23554,-12170],[-7371,-8394],[26252,-14500],[-24438,-11842],[16758,-7599],[-8687,-10957],[-7137,-10440],[7116,-6497],[8982,3059],[5997,3641],[9632,2287],[12190,8534],[24799,16958],[37666,24111],[7940,-11507],[-59590,-35906],[-21715,-13915],[3657,-5251],[7496,-5742],[7563,-8280],[6753,-9279],[2521,-2759],[6688,-12250],[-2588,-10580],[724,-3046],[-864,-7004],[3064,-7512],[2370,-9901],[1398,-3359]]],"transform":{"scale":[1.7805616211241273e-7,1.4237105474217997e-7],"translate":[-73.57384598399995,45.277672403000054]}}