{"type":"Topology","objects":{"67010":{"type":"Polygon","arcs":[[0]]}},"arcs":[[[499999,329269],[-3410,-4523],[-2084,-1583],[-9385,-12706],[-4477,-5434],[-3205,-1126],[-11285,-2762],[-13274,-2151],[-10012,-5468],[-3950,-5715],[-207,-16722],[-3130,-5256],[-2251,-6262],[223,-5370],[1076,-2662],[-3163,-7506],[-5604,-6146],[-5519,-9711],[-3067,-13719],[1734,-605],[-5246,-11622],[-16695,-15830],[-329,41],[-20603,-22453],[1558,-3851],[-1720,-3401],[-2785,-244],[-11286,5473],[-389,-164],[-7247,7208],[-74872,-39873],[2250,-3341],[1655,-3269],[554,-3043],[-848,-4343],[-1497,-5131],[-3694,-4658],[61,-1720],[1152,-2901],[-62435,-31673],[-20175,-10399],[-1314,-541],[5224,-8042],[8202,-13538],[-62783,-36527],[-5394,13343],[-3088,216],[-3637,5917],[11556,5545],[-4448,8052],[-3873,-1670],[-6474,9782],[14015,6519],[-5273,9559],[-6074,-1368],[-1324,3529],[-26425,-12232],[-6241,10148],[-16894,-5775],[-1126,1714],[-4241,-2044],[-1492,4280],[4591,2405],[-1027,2995],[-1887,2345],[1072,7254],[1252,5975],[-1682,4299],[-1739,6255],[-2251,4746],[635,4426],[-531,1925],[1900,6683],[-4911,7740],[-1849,1743],[-4958,5864],[-5552,5231],[-5503,3627],[-2684,3319],[15941,8790],[43743,22686],[-5828,7272],[-27651,-15234],[-18204,-10714],[-8948,-5393],[-7070,-1445],[-4404,-2300],[-6593,-1934],[-5223,4106],[5237,6595],[6377,6924],[-12301,4801],[17941,7481],[-19273,9161],[5412,5304],[-17292,7690],[-1490,442],[4728,4849],[-7113,2434],[-8179,15780],[914,3515],[7580,8781],[-2596,3814],[1618,1303],[-1792,2515],[984,1128],[-4152,5481],[24612,13412],[-6331,5986],[6281,5095],[-2230,5012],[55450,27960],[-266,1383],[2225,2724],[-1142,2772],[-4250,500],[-271,1882],[618,3706],[-935,453],[-2051,-2009],[-3123,-714],[468,4027],[3209,-84],[813,987],[-2053,2066],[-76,1199],[-2324,1791],[-230,3518],[-3132,1003],[-1041,2651],[-2404,674],[297,1599],[-8380,-2489],[-7063,17607],[-1944,3727],[8913,2876],[4545,-3998],[46019,23951],[-18650,3900],[-22872,-2053],[12863,42570],[-8779,5074],[-4624,2879],[20222,11322],[1621,1526],[13483,7885],[11439,7793],[17186,12476],[-32392,19709],[9434,5252],[9319,2528],[11056,4264],[13812,9428],[42603,-19732],[9724,-4573],[3181,-487],[1532,-1859],[3099,-364],[1613,-1727],[64066,-30743],[60099,-28237],[29167,-14118],[61879,-29646],[21935,-10476],[61223,-28768]]],"transform":{"scale":[2.4255267910542743e-7,2.2533690867384678e-7],"translate":[-73.51146859599993,45.281034027000025]}}