{"type":"Topology","objects":{"67025":{"type":"Polygon","arcs":[[0]]}},"arcs":[[[335041,481472],[-3776,-17547],[-1948,-4387],[-5676,-7057],[54,-2715],[5566,-1507],[5496,614],[10025,3952],[3525,128],[2768,-3681],[-4081,-5972],[-1700,-4815],[352,-10691],[-3755,-3686],[-11099,-5042],[-6272,-436],[-9230,1128],[-2378,-1075],[486,-10608],[-1682,-4221],[6346,-1600],[765,4061],[3239,3863],[4339,1221],[25843,628],[5767,-3715],[-42,-6108],[-4293,-4273],[-7529,1276],[-10302,-9207],[-15587,-11690],[-3407,-5219],[6127,-157],[10234,-2496],[3999,-6237],[7870,-3063],[5241,-3793],[1736,-3158],[-8457,-10328],[9239,-5442],[-13325,-13837],[-26,-10451],[1102,-9149],[2458,-10292],[-4743,-26763],[-1491,-6128],[-4519,-12422],[23101,-8225],[39561,-17279],[92537,-42605],[-8097,-6338],[-25629,-16441],[15866,-8362],[30360,-13317],[-2003,-136808],[-54821,22862],[9910,8856],[-132156,56759],[-35,6954],[-7289,3069],[2726,19295],[-7334,3370],[808,4103],[-9800,3932],[-7163,254],[-5690,4873],[-22430,5975],[-15882,3516],[-95529,22617],[-692,-221],[-53246,15116],[14413,17479],[-43106,9203],[-48647,10694],[-22033,5082],[4298,4368],[16620,-3919],[5011,8162],[6271,5231],[30170,-7054],[30344,42140],[18179,425],[38421,-1805],[26035,506],[7477,21815],[-12489,1875],[-5243,11813],[7731,18171],[-18656,10372],[-4822,1844],[2912,9683],[27451,-3067],[31816,14403],[7804,-1167],[44382,87395],[18990,37900],[9999,6183],[3619,8023],[6987,2707],[11225,207],[9931,-4104],[6877,-1353],[6052,-2787],[-236,-3813],[-4311,-6755],[2196,285]]],"transform":{"scale":[9.794492788982933e-8,1.0613245226485567e-7],"translate":[-73.5688118249999,45.34983723400006]}}