{"type":"Topology","objects":{"67020":{"type":"MultiPolygon","arcs":[[[0]],[[1]],[[2]],[[3]]]}},"arcs":[[[226507,456298],[77472,-28007],[-17675,-11034],[-37908,-25742],[-18734,-9456],[23872,-8851],[2568,-1813],[34080,4492],[13726,6687],[11387,-5482],[16667,-8865],[22482,-6992],[5525,2548],[8837,5209],[12537,-5633],[11543,-2557],[11214,489],[13301,-1976],[9853,-4826],[5073,-4714],[67672,-30251],[-35903,-19149],[-23901,-11961],[-28164,-12103],[-3390,-2342],[-42245,-17379],[9661,-4417],[18339,-7789],[-26873,-65341],[47785,3151],[38959,-5984],[-96136,-36763],[-9498,6135],[-18620,-4414],[4064,-5721],[14752,-27022],[17511,3820],[-623,-2455],[5022,-1033],[2174,-4069],[6545,-1541],[479,-5400],[4855,-2748],[158,-1842],[4293,-3172],[-1700,-1514],[-6703,130],[-977,-6181],[6524,1097],[4281,3082],[1956,-696],[112,-3188],[-1688,-4459],[1237,-983],[-16000,-5717],[-43668,-16578],[-73018,-27126],[-37277,-14017],[-35045,-13835],[-20842,29561],[-5355,8125],[-3859,9158],[-723,8408],[907,26242],[1730,101352],[-25610,9628],[-13386,6045],[21623,11885],[6829,4581],[-78064,30801],[-33375,12491],[-19486,5947],[3813,8981],[1257,4430],[4001,19346],[-2074,7441],[-930,6614],[22,7556],[11241,10003],[-7795,3935],[7136,7464],[-1466,2284],[-4421,2742],[-6639,2213],[-3374,4511],[-8633,1804],[-5168,114],[2873,3771],[13151,8452],[8689,6655],[6353,-922],[3621,3090],[35,4414],[-4865,2686],[-21802,-453],[-3660,-883],[-2731,-2793],[-646,-2935],[-5354,1156],[1419,3052],[-410,7668],[2006,777],[7786,-814],[5293,313],[9361,3646],[3169,2665],[-298,7729],[1436,3480],[3442,4319],[-2335,2659],[-2974,-92],[-8456,-2857],[-4637,-443],[-4696,1089],[-47,1963],[4788,5101],[1645,3172],[1947,9054],[3490,8138],[2895,-457],[1673,3152],[7466,-506],[23469,-5878],[13392,-1056],[6496,117],[7375,-3324],[9028,92],[3118,1133],[3153,-1197],[8865,1871],[9262,3890],[-4622,3358],[2207,163],[5312,-2447],[8889,2547],[6043,3064],[19556,12309],[6105,1592],[4176,-226],[12353,853],[10410,1916],[12236,3922],[7170,1443],[18251,-6552]],[[43280,475467],[-1670,-36],[2037,4193],[2446,-597],[401,-2919],[-3214,-641]],[[75439,479430],[-4192,-264],[-3800,1572],[1023,3278],[9186,1918],[16221,1916],[10883,865],[5930,-1673],[-4133,-1858],[-3978,-450],[-27140,-5304]],[[112524,497678],[-9295,-1888],[-28545,-4672],[-27350,-3882],[1928,3846],[6203,201],[6504,3675],[9157,642],[2159,-1310],[10731,1670],[11478,924],[10087,3115],[6943,-2321]]],"transform":{"scale":[1.1610335020676953e-7,1.4681025562053152e-7],"translate":[-73.53831572199994,45.33751320400006]}}