{"type":"Topology","objects":{"67040":{"type":"Polygon","arcs":[[0]]}},"arcs":[[[324100,497098],[26844,-6165],[22696,-5009],[19549,-4092],[8742,-1707],[-928,-4250],[56999,-10626],[-44819,-32505],[3199,-86],[8275,-1901],[3505,-259],[9797,-2102],[2831,-2210],[8500,-1903],[11888,-2311],[12943,-3024],[25878,-5502],[-12334,-9232],[-16425,-11041],[-3586,-5056],[-11202,-21437],[-5540,-6288],[-806,-1734],[-56640,-76333],[-21753,14398],[-2001,1195],[-4566,-6144],[-2910,-3070],[-3621,-4427],[-483,-44],[-31346,-38083],[-32914,-38004],[-22206,-25865],[-11079,-13210],[-6984,-7788],[-5107,-6383],[-6928,-13427],[-7958,-15163],[-987,-1023],[-10109,-19829],[-7592,-14209],[-9763,-22453],[29950,-6344],[-6739,-5425],[-21595,-18119],[-10033,-7944],[-871,-950],[-12239,-10281],[-18848,-14755],[-4972,-4978],[-10372,6399],[-7773,5505],[-32414,22563],[-57358,39848],[-17241,11881],[-34654,24113],[41155,66682],[13657,22199],[24785,39765],[23490,37303],[16258,26045],[4969,8735],[10241,15954],[3196,5614],[8404,12614],[5663,9243],[5443,9469],[9363,14634],[1088,2793],[2663,4625],[2865,3624],[12489,19621],[12159,19808],[8250,12909],[17073,27495],[2210,-333],[33700,-6780],[2712,5792],[-14626,9615],[18360,-2929],[18969,25193],[33801,-6980],[1659,5022],[4104,-943]]],"transform":{"scale":[2.2538274876549707e-7,2.438028676057689e-7],"translate":[-73.7342310599999,45.22900528800005]}}