{"type":"Topology","objects":{"67045":{"type":"Polygon","arcs":[[0]]}},"arcs":[[[499999,446717],[-7874,-16282],[-12425,-26750],[-12764,-26498],[-2926,-4896],[-2722,-6244],[-1112,-3773],[-9568,-19761],[-3569,-8378],[-3794,-7925],[-3984,-8969],[-8590,-17034],[-3265,-7583],[-10466,-21545],[-5077,-11795],[-16615,-35172],[-24003,-50379],[-25328,-53703],[-13957,-29977],[-42055,-90053],[-18804,17284],[-33092,30063],[-23707,21809],[-10978,9962],[-203324,189120],[3251,10477],[4765,7591],[2860,5641],[573,5811],[-964,7544],[77,5987],[3507,8889],[3929,5961],[3383,8958],[3169,5478],[4400,5888],[6775,3488],[7793,712],[20459,4024],[9691,3399],[7555,4876],[6361,2582],[5958,1220],[7536,1144],[6317,603],[3650,2821],[4761,4500],[6534,11918],[3681,4119],[7424,3088],[8143,2407],[7318,1377],[6792,3757],[2567,3800],[2041,5052],[3854,6810],[4416,8549],[2975,6930],[3493,6833],[6596,8578],[5576,4869],[3393,4022],[6080,12783],[4078,4488],[6447,3029],[2449,3691],[479,4586],[-36,4898],[6237,8583],[1688,-90],[75656,-10396],[37354,-4945],[1321,2319],[31408,-3264],[17829,-3649],[34254,-3957],[5498,-1586],[78648,-27714]]],"transform":{"scale":[2.205549451098679e-7,1.8053060506122062e-7],"translate":[-73.79817104899989,45.25589910000008]}}