{"type":"Topology","objects":{"68005":{"type":"Polygon","arcs":[[0]]}},"arcs":[[[470016,424416],[931,-63005],[28650,-597],[-325,-55728],[354,-50689],[81,-7808],[129,-32243],[-76,-10933],[239,-25573],[-26,-4865],[-495,-12360],[193,-7705],[-71675,-243],[571,-92511],[482,-44831],[-20692,-533],[-60921,-1715],[-75119,-2092],[-58506,-1998],[-61290,-2295],[-60916,-2913],[-61437,-2202],[-30168,-1577],[38545,138037],[13,545],[4887,17958],[1557,3933],[7048,26201],[3045,11793],[-511,2],[23783,79552],[15772,62200],[4870,18975],[5295,20127],[4639,13804],[4803,14698],[5732,-4011],[1566,-1408],[9841,16660],[5603,11033],[33208,760],[22658,60225],[34587,43],[10698,148],[81,8724],[29064,-1140],[3756,185],[67386,-1030],[4649,-221],[17077,-179],[5042,-159],[-994,-35845],[-756,-34566],[107072,-2628]]],"transform":{"scale":[2.948433436866885e-7,2.3871377542754415e-7],"translate":[-73.5383785969999,45.006114798000056]}}