{"type":"Topology","objects":{"68015":{"type":"Polygon","arcs":[[0],[1]]}},"arcs":[[[468770,194179],[-2436,-10779],[-5636,-23951],[-1247,-3597],[-3906,-16413],[-12,-499],[-30839,-126220],[-72808,-2787],[-40635,-1042],[-61922,-2236],[-40831,-1947],[-58594,-2591],[-34683,-1317],[-59968,-387],[-55253,-413],[1694,28776],[-1207,137862],[22936,65],[-129,9068],[24,14132],[-75,1863],[175,19267],[-83,13893],[71,12924],[-164,28097],[9893,114],[-703,35138],[-160,13550],[-1324,36401],[12746,6537],[22231,11043],[-1171,1017],[101548,47747],[-25,477],[15200,7637],[10817,5263],[71,330],[13217,6372],[14190,7097],[827,275],[63407,30356],[1793,1529],[8625,4019],[9954,4962],[17677,8617],[12552,5571],[4464,-4794],[15814,-17601],[-53,-335],[6640,-6909],[11432,-12682],[17658,-18886],[3119,-3454],[9850,-10335],[21314,-22794],[19927,-21142],[3785,-4240],[51441,-53070],[-12615,-56857],[-19022,-72720],[409,-1]],[[275595,164728],[-144,-10101],[13195,55],[24613,-82],[320,6820],[663,2470],[1532,20683],[-19431,-229],[821,3282],[-21246,-163],[-323,-22735]]],"transform":{"scale":[3.686306632612525e-7,2.6114399028798076e-7],"translate":[-73.6949373349999,45.00278288100009]}}