{"type":"Topology","objects":{"68010":{"type":"Polygon","arcs":[[0]]}},"arcs":[[[260136,455242],[-1073,-4935],[240935,3469],[-18992,-313136],[-8224,-37400],[-3956,-103240],[-305198,1232],[-163628,-827],[5812,497133],[263435,2460],[-9111,-44756]]],"transform":{"scale":[2.9729059458093722e-8,1.7249140498189918e-8],"translate":[-73.59339776899992,45.04315589600008]}}