{"type":"Topology","objects":{"68025":{"type":"Polygon","arcs":[[0]]}},"arcs":[[[499999,452006],[-2493,-8548],[-2879,962],[-11,-2328],[-841,-2138],[-3515,-4807],[4412,-1403],[-4308,-14775],[-6561,652],[-1133,-2338],[-86254,-266128],[-20916,-60342],[-30654,-762],[-5173,-11054],[-9085,-16692],[-1445,1412],[-5292,4016],[-4433,-14726],[-4284,-13830],[-4888,-20165],[-4495,-19012],[-59371,58168],[-4444,4726],[-23119,23291],[-24403,24789],[-11369,11327],[-3599,3785],[-20382,20702],[-13274,13983],[-7583,7490],[61,366],[-18130,19168],[-5274,5379],[-14489,-6106],[-29837,-13821],[-2221,2605],[-18574,18598],[-7305,7484],[-10286,10258],[-23471,23946],[33367,31363],[-21977,22418],[-19089,19279],[-777,1071],[8977,9487],[20524,21886],[8615,9487],[8749,9942],[2373,3362],[3421,4024],[5423,5899],[22196,24549],[65627,76520],[15302,15261],[23781,-18692],[-22081,-35483],[52261,12228],[2102,-2693],[409,-6561],[28568,3594],[-579,3914],[533,2824],[-3212,2965],[-2064,1057],[48002,-3555],[60855,-3742],[-3653,3241],[-6902,4986],[-3582,6266],[-980,5255],[757,4604],[287,8045],[9048,4916],[3018,1350],[8826,4869],[8247,-4588],[3104,-2359],[9373,-7760],[7579,-5841],[9309,-7003],[9601,7688],[765,439],[17745,13898],[20031,15451],[27601,-21419],[3883,-3130],[3042,-3305],[2012,-3022],[1842,-3622],[2268,-6087],[1908,-10084],[852,-2866],[2785,1364],[9006,3841],[2240,337]]],"transform":{"scale":[3.1939539479071265e-7,2.3825321850642303e-7],"translate":[-73.6082779039999,45.08733027900007]}}