{"type":"Topology","objects":{"68020":{"type":"Polygon","arcs":[[0]]}},"arcs":[[[398773,330630],[10573,-12967],[13677,-16052],[11456,-13994],[17980,-21426],[20703,-24916],[-31431,-34856],[22109,-26614],[9689,-11400],[6880,-8319],[17497,-20669],[2092,-2895],[-1931,-1180],[-9377,-4898],[-1951,-1863],[-68934,-36977],[-900,-336],[-15426,-8646],[-14370,-7761],[-78,-402],[-11758,-6411],[-16525,-9303],[26,-581],[-110400,-58164],[-4239,4616],[-12939,14827],[-51762,60755],[-37716,42442],[12398,12708],[12311,12383],[-12001,14050],[-17714,20347],[-31989,35030],[-1136,-1250],[-6942,7527],[-16370,17952],[-25830,28132],[-1801,-1924],[-6776,-5746],[-10322,13438],[-4372,5239],[-13924,18065],[-11677,15574],[-5573,7120],[47385,49055],[5074,-5785],[17909,-21022],[9599,-11416],[4247,-4904],[832,-1970],[48164,49457],[46482,47208],[36111,36820],[40177,41271],[20699,-24554],[11986,-14014],[4213,-5204],[18794,-22040],[5163,-6269],[25553,-29897],[16201,-19430],[34909,-42020],[5275,-5941]]],"transform":{"scale":[3.39068666137343e-7,2.143734887470483e-7],"translate":[-73.75528236999992,45.099340279000046]}}