{"type":"Topology","objects":{"68035":{"type":"Polygon","arcs":[[0],[1]]}},"arcs":[[[443381,448417],[34682,-19551],[21936,-12028],[-56429,-36055],[5013,-2787],[-56166,-36817],[25635,-14427],[40629,-23378],[-6540,-69834],[35559,-38893],[-4462,-112500],[-29198,507],[-52517,1183],[-646,-17672],[-874,-18429],[-10564,12],[-26428,704],[-14147,198],[-1559,-94],[157,-48556],[-32091,478],[-121612,2060],[859,27084],[1127,28085],[-5726,123],[-19396,140],[-5282,175],[-76536,807],[-4265,-147],[-33013,893],[-92,-6835],[-12151,-116],[-39284,-33],[106126,208111],[1393,1828],[8075,-510],[5300,11553],[-5429,1099],[4325,3757],[1034,1674],[15,1818],[3540,-752],[3068,6685],[-110,1183],[1333,3353],[3555,10552],[-333,-11],[5229,20238],[54911,-30891],[5614,290],[7362,24465],[2210,8064],[16626,69404],[-3804,1035],[1893,8028],[-6597,10809],[-232,5145],[759,3212],[-3248,2423],[1773,5539],[-1763,5422],[999,3419],[2920,1400],[5147,-1678],[15219,13010],[10544,10275],[23051,21767],[109289,15569],[-1362,-1334],[-4954,-1699],[-4043,-4757],[45998,-26801],[24367,-14063],[65,-948],[3516,-1980]],[[335019,291501],[-979,1578],[-987,4236],[-6097,7017],[-4651,1011],[-1852,-5236],[-1547,-932],[-8018,-1380],[-1337,-893],[-2440,-6498],[-13055,-393],[972,933],[6824,4676],[-6648,671],[-24526,-435],[74,-5129],[-1049,-1304],[-21457,-634],[6134,-4106],[-10128,2775],[2348,-46904],[32123,476],[-548,-1876],[-3185,-3207],[26689,-15040],[5455,3734],[5655,-2898],[15331,10923],[2559,1606],[-4819,2591],[-1542,1450],[17742,12479],[14698,10017],[15833,11099],[-16566,528],[-19262,785],[611,3480],[-801,1443],[46059,-303],[6615,5082],[-2340,1188],[-2895,5107],[-47095,-379],[-1898,2662]]],"transform":{"scale":[2.595883671767581e-7,3.0467485534981484e-7],"translate":[-73.48166431399994,45.10728263100003]}}