{"type":"Topology","objects":{"68030":{"type":"Polygon","arcs":[[0]]}},"arcs":[[[312999,418036],[6548,-15761],[162398,2241],[9986,-30240],[8068,-7037],[-22810,-30098],[-158831,1799],[2764,-8549],[-2106,-20598],[66423,-4653],[57128,-3125],[-54600,-65726],[-50688,-59315],[-61178,-73893],[5319,-8588],[16611,-15344],[-8822,-9514],[-52864,-64679],[-19502,17164],[-18814,-22120],[-92031,89060],[10981,18999],[1890,11109],[-110770,-2824],[-8099,277745],[34921,-16431],[-21151,24314],[73997,3755],[3614,7720],[-256,30379],[84576,2569],[22926,-3968],[-23530,-27687],[-3351,-5528],[45016,2325],[8418,38477],[4605,5287],[27652,8174],[5332,5517],[6390,31006],[16038,-5984],[21022,-41546],[3407,-25089],[3373,-9343]]],"transform":{"scale":[7.527772855539817e-8,5.145125690253379e-8],"translate":[-73.41825917799991,45.17458737700007]}}