{"type":"Topology","objects":{"68045":{"type":"Polygon","arcs":[[0]]}},"arcs":[[[456942,417496],[-616,-305],[17282,-23521],[13346,-18473],[9415,-12792],[2359,-5651],[1070,-4105],[97,-7163],[-7486,-25439],[-2829,-10610],[-6129,-21165],[-5739,-21275],[-1506,-5082],[-1256,-5862],[-3727,-21449],[-2208,-10693],[-3430,-21042],[-2113,-10854],[-1862,-10902],[-4187,-21857],[-1767,-10814],[-2245,-10900],[-1804,-11020],[-5809,-31572],[373,171],[-3994,-19851],[-7128,-26753],[25855,13250],[10186,-8502],[-28709,-15409],[-1240,-489],[-15533,-8524],[-15061,7767],[-12262,6475],[-15167,8606],[-5021,2616],[-13344,5087],[-14281,-5399],[-4885,-1497],[-14638,-5451],[-466,-8921],[-1223,-5104],[1585,-5829],[5797,-6946],[11167,-5530],[5910,-3596],[-98463,4150],[-77668,3942],[3340,-1170],[5195,-3288],[-862,-3132],[938,-4340],[-46222,-3985],[-664,7275],[-3401,2986],[-84558,-13559],[35727,39346],[-38480,20727],[-24757,-16922],[-23844,5779],[18650,27569],[12287,17747],[2211,2823],[7603,11391],[5432,7436],[5911,8520],[15902,24450],[1203,1493],[29031,43945],[15676,23027],[13623,20996],[13694,20319],[-4476,22987],[-5940,2603],[-3677,5089],[1149,4160],[3527,4434],[5915,8843],[5557,4775],[15726,10607],[958,1277],[423,11602],[9438,10925],[543,1896],[33449,-10149],[12881,-4255],[18246,-4964],[1200,443],[3677,4439],[1305,2749],[263,4689],[-204,6497],[1988,1819],[10873,5401],[1129,1076],[3718,5862],[2138,7054],[2476,3072],[2650,2356],[279,5233],[1119,3045],[1960,3036],[-2187,2623],[-475,3735],[711,2294],[8639,1740],[2944,1307],[3391,3393],[5299,3028],[9697,9166],[-9369,4251],[5091,12301],[15146,10713],[14913,-2512],[12643,14465],[29813,35707],[3048,4514],[3072,3523],[565,1841],[2055,2663],[804,-2283],[-1536,-6266],[-1319,-7608],[2321,-2458],[1260,-3142],[-5639,-2522],[1831,-4490],[5213,2144],[1381,-1798],[20761,6057],[7667,-10642],[32469,12828],[1627,-3700],[7463,1433],[6479,-10024],[-17221,-6838],[7957,-10259],[4758,1750],[5465,-8443],[-14201,-5815],[4470,-6205],[3796,-227],[6627,-13995]]],"transform":{"scale":[1.9740079680156473e-7,2.1486012972027883e-7],"translate":[-73.56631793899993,45.19133057500005]}}