{"type":"Topology","objects":{"68040":{"type":"Polygon","arcs":[[0]]}},"arcs":[[[312601,225705],[-27110,-24470],[-12402,-11551],[-17900,-14622],[-6054,1885],[-3433,-1575],[-1174,-3843],[2071,-6092],[-2084,-6227],[3820,-2725],[-891,-3610],[271,-5785],[7759,-12150],[-2227,-9024],[4476,-1163],[-19556,-78016],[-2598,-9066],[-8661,-27503],[-6601,-325],[-64583,34725],[-6151,-22750],[393,13],[-4182,-11862],[-1568,-3767],[129,-1330],[-3241,-296],[-13033,-3378],[-4029,-1198],[-1234,2519],[-2763,8864],[-3281,5351],[-2665,3184],[-2910,2655],[-4405,2905],[-5619,2753],[-39940,18827],[-28990,-13581],[-9112,6739],[-23123,-10504],[6375,21207],[3573,15737],[-335,-134],[5196,25028],[1614,8735],[2008,8640],[1579,8572],[3746,17327],[1665,8644],[1890,8603],[3068,16681],[1973,8478],[3335,17002],[1123,4648],[1347,4027],[5132,16867],[5482,16778],[2533,8411],[6694,20166],[-88,5679],[-956,3253],[-2111,4480],[-8420,10141],[-11937,14643],[-15456,18645],[69546,30612],[-9011,11256],[-5743,6685],[1446,451],[22170,8645],[68613,26332],[-1266,2412],[-67,1430],[4061,3874],[1646,4266],[929,3609],[-607,2530],[-1820,2718],[-2471,2778],[82281,33150],[7964,-5992],[426,136],[12405,-4552],[3058,204],[1891,2827],[-1712,3202],[22643,18667],[361,-34],[18347,13161],[5764,9662],[17234,-4565],[56820,-20409],[16062,-6110],[3286,-1086],[72612,-26432],[12112,-4381],[1989,-8822],[-5541,-5956],[-3093,-6473],[1306,-4299],[-11199,-2736],[2778,-4285],[-1585,-1129],[-9272,-1208],[2133,-5907],[-19802,-3345],[1534,-5356],[-613,-6071],[1716,-5008],[-15164,-2104],[2692,-5684],[353,-5919],[1779,-6164],[-914,-478],[-4616,-6529],[7865,1067],[9805,-26072],[-2810,-3273],[-24118,-25075],[-22520,-22867],[-52878,-7592],[-45234,-40026]]],"transform":{"scale":[2.2071085742168925e-7,2.7103749407490576e-7],"translate":[-73.48043900099992,45.19370195200008]}}