{"type":"Topology","objects":{"68055":{"type":"Polygon","arcs":[[0]]}},"arcs":[[[471897,435614],[28072,-9077],[-13497,-21934],[-18728,3818],[-2936,-5797],[18948,-6000],[-1298,-2488],[-8852,347],[-7452,-1004],[-2663,-2628],[-976,-5688],[-2103,-5745],[-4558,-11763],[-2759,-3478],[-9790,-14038],[3813,-2042],[-1085,-2889],[2464,-1048],[-4565,-8482],[2975,-1333],[-1094,-3510],[3250,-677],[-12,-2135],[9639,-3596],[-2064,-2362],[-4223,-6238],[-3710,-6419],[-229,-2356],[3174,-12257],[-7099,-7552],[-11634,-12745],[-3097,-4420],[9139,-3496],[-7983,-11374],[-6434,1494],[-5936,1706],[-6230,-9621],[-44225,-70287],[16548,-6626],[-3360,-4665],[-4945,-8025],[-5701,-9763],[-11623,-21049],[-40530,11203],[-11896,-18553],[-37906,-58812],[-5675,-8436],[-3088,-4248],[-6803,-10251],[-5109,-6988],[-10160,-15604],[-3140,-4454],[-7895,-12229],[-33300,24606],[-6728,5159],[-24496,18138],[-5490,4283],[-15621,11534],[-54336,40719],[-6251,4841],[-5262,3665],[-14113,10970],[86,67],[-42972,32341],[-9390,7028],[-8983,6871],[4307,4659],[16327,13811],[10602,9624],[754,888],[8693,7434],[18708,16960],[5836,5077],[-25944,5939],[8456,21015],[6578,13298],[8758,18560],[855,957],[6893,14193],[6000,12567],[4426,5973],[6048,7291],[9598,12364],[19236,24208],[28513,35571],[27154,35645],[417,41],[3138,4145],[2519,2873],[3956,5750],[1734,-1119],[18843,-13477],[45002,65529],[8192,-2650],[41830,-12610],[42701,-11729],[42845,-11676],[56502,-15240],[32420,-10479]]],"transform":{"scale":[2.601775483551404e-7,2.6048193296385603e-7],"translate":[-73.69821215299993,45.184665375000066]}}