{"type":"Topology","objects":{"68050":{"type":"Polygon","arcs":[[0]]}},"arcs":[[[312473,489838],[42528,-11603],[1507,2696],[2537,2703],[29678,-7293],[1309,287],[5773,3509],[1549,2522],[-111,5054],[327,1712],[11121,-4595],[1051,4903],[-1422,3819],[2649,-947],[35240,-15169],[33264,-11519],[-6675,-10635],[1784,-884],[-4782,-6049],[4347,-1611],[-1694,-3575],[6576,-2688],[20970,-7772],[-1811,-1207],[-2592,-2710],[-2251,-1043],[-6604,-1389],[-544,-1833],[364,-2982],[1671,-2094],[-1499,-2423],[-856,-2432],[-213,-4179],[-2025,-1881],[-1893,-2453],[-1635,-5633],[-2842,-4681],[-862,-860],[-8313,-4312],[-1520,-1453],[156,-5186],[-200,-3745],[-998,-2196],[-2811,-3544],[-916,-353],[-13950,3963],[-9846,3397],[-25571,8106],[-414,-1515],[-7215,-8723],[-324,-9265],[-732,-1020],[-12023,-8470],[-4247,-3812],[-4522,-7061],[-2695,-3540],[-880,-3323],[2811,-4062],[4540,-2079],[3424,-18355],[-10470,-16226],[-10413,-16766],[-11986,-18385],[-22192,-35090],[-918,-1194],[-12157,-19522],[-4519,-6804],[-4151,-5938],[-5813,-9096],[-1691,-2253],[-9393,-14172],[-14257,-22012],[18228,-4617],[-81173,-67753],[-27455,-21736],[-6707,-5223],[-4233,-3564],[-2933,-2975],[-10822,-8805],[-10656,-8399],[-25386,-19378],[-11103,-8402],[-254,-45],[-13826,10247],[-17960,12788],[-13882,10331],[-6928,4734],[-45837,33476],[-21274,15478],[7955,11839],[3164,4312],[10235,15105],[5150,6766],[6853,9923],[3111,4112],[5718,8167],[38191,56933],[11986,17959],[40837,-10846],[11712,20378],[5744,9450],[4983,7771],[3384,4515],[-16671,6414],[44558,68040],[6277,9313],[5980,-1650],[6484,-1445],[8044,11010],[-9209,3383],[3120,4278],[11722,12339],[7155,7311],[-3200,11866],[231,2278],[3740,6216],[4253,6039],[2080,2286],[-9711,3481],[11,2067],[-3273,655],[1100,3399],[-2997,1290],[4601,8211],[-2484,1015],[1094,2797],[-3843,1976],[9866,13590],[2778,3367],[4593,11385],[2120,5562],[982,5508],[2684,2543],[7507,973],[8921,-338],[1305,2409],[-19090,5808],[2960,5612],[18869,-3696],[13628,21269],[37265,-10161]]],"transform":{"scale":[2.5822416844830656e-7,2.6907982815970656e-7],"translate":[-73.6391891369999,45.161240530000036]}}