{"type":"Topology","objects":{"69005":{"type":"Polygon","arcs":[[0]]}},"arcs":[[[466180,5467],[-22726,716],[-49225,-14],[-72884,887],[-36691,-521],[-75585,-1437],[-36374,-959],[-12554,-1080],[-4871,848],[-28712,-572],[-45272,-1028],[-42480,-2168],[-6688,-101],[-18345,-38],[277,158377],[-14050,1028],[69098,48174],[3872,2537],[19155,13065],[9104,6469],[13877,9188],[7296,5000],[14090,9085],[1589,1648],[23499,16533],[7645,4649],[7476,5285],[6344,4723],[6062,3984],[16897,11952],[1739,1519],[8076,5367],[5312,3337],[569,618],[15451,10748],[11689,7669],[18957,12807],[16837,11683],[14064,9218],[9109,6165],[8650,6031],[8187,5922],[43653,29471],[22368,15236],[14302,9458],[13123,9076],[15869,10737],[25572,17430],[23784,15972],[14452,9838],[1352,-51265],[161,-19082],[719,-49484],[-10098,-162],[169,-39569],[-75,-18202],[87,-19566],[-179,-27134],[76,-2623],[-24,-19902],[131,-12772],[-23409,-92],[1231,-194151],[-1728,-40528]]],"transform":{"scale":[3.611681623363558e-7,1.854291368582322e-7],"translate":[-73.86330656599995,45.00176911400007]}}