{"type":"Topology","objects":{"69017":{"type":"Polygon","arcs":[[0]]}},"arcs":[[[288088,480060],[4732,-6052],[9911,-13236],[11819,-15354],[3712,-4451],[8761,-11421],[5753,4885],[1528,1635],[21926,-23910],[13895,-15258],[5894,-6395],[962,1063],[27154,-29773],[15037,-17292],[10189,-11941],[-10452,-10523],[-10525,-10800],[32015,-36070],[43939,-51633],[10984,-12604],[4676,-4975],[-20515,-11432],[-9305,-5400],[-9173,-5113],[-27856,-15230],[-23122,-12814],[-14348,-7891],[-11865,-6673],[-12933,-6951],[-20224,-11203],[-39468,-21663],[-7404,-4354],[-7822,-4433],[-8235,-4533],[-12715,-6776],[-15224,-8588],[-17140,-9416],[-10569,-5637],[-13970,-7900],[-12621,-6855],[-1572,-1114],[-15315,-8808],[-5444,-2908],[-5737,-3472],[-6759,-3885],[-6912,-3418],[-21247,-12153],[-1436,-1212],[-11659,-6123],[-9835,11578],[66707,68828],[-25788,32872],[-147,409],[-10816,14311],[-2950,4173],[-5174,-777],[-5838,-4],[-5625,1087],[-1236,1417],[-27515,33674],[20527,20912],[-26012,29448],[-51959,-53849],[-216,539],[-3294,3621],[-781,1189],[-22194,26296],[-17262,20324],[66296,69241],[76336,78829],[90687,94714],[11045,12259],[14579,15408],[4071,4213],[10598,9287],[6959,-10326],[7517,-9613]]],"transform":{"scale":[3.9944692689387616e-7,2.522424304848716e-7],"translate":[-73.87035850099994,45.04712393400007]}}