{"type":"Topology","objects":{"69010":{"type":"Polygon","arcs":[[0]]}},"arcs":[[[314170,483009],[17220,-23729],[22140,-30700],[779,-1390],[3287,-4227],[215,-629],[51833,62868],[25949,-34379],[-20477,-24415],[27448,-39313],[1232,-1656],[5613,-1268],[5824,3],[5159,909],[2945,-4873],[10790,-16708],[145,-477],[25727,-38378],[-66547,-80354],[9813,-13518],[-7659,-4940],[-12518,-7885],[-8212,-5553],[-17277,-11214],[-3493,-2177],[-62325,-41344],[12673,-883],[-249,-135941],[-111197,-7790],[-27772,-1934],[-21360,-882],[-28143,-2401],[-12346,-654],[-26849,-1007],[-30391,-3247],[-32927,-1678],[-19621,-1245],[-5528,121036],[-5621,-665],[-951,49023],[-21438,31739],[295,1162],[25820,30699],[18346,21488],[12929,15325],[19380,22884],[11936,13966],[26796,31802],[12654,14941],[18235,21351],[7804,9448],[4703,-6737],[71241,78123],[14969,-22819],[56760,67233],[12241,-16990]]],"transform":{"scale":[4.00417074834158e-7,2.1605609211223605e-7],"translate":[-73.99615751499994,44.99726365400005]}}