{"type":"Topology","objects":{"69025":{"type":"Polygon","arcs":[[0]]}},"arcs":[[[268149,384825],[105293,-77349],[17144,4969],[3532,-7202],[19987,-11625],[22724,-8108],[32104,-2738],[27977,-7146],[3089,-12931],[-12823,-11658],[-47501,-15668],[-5756,-7770],[1581,-11398],[11936,-18089],[9608,-29682],[14319,-26472],[2492,-12664],[-3078,-27263],[-8687,-12710],[-20206,-42889],[-12921,-22274],[-42830,-24158],[3888,42999],[1626,64443],[-28767,-12062],[-70418,-47809],[-60255,45385],[-32156,35456],[9545,8721],[13068,5053],[23109,21774],[11343,16953],[28921,20224],[19010,17247],[-63932,47853],[-137729,110495],[-103386,79699],[49324,12039],[23510,8160],[38498,23369],[156817,-115174]]],"transform":{"scale":[3.9244238488429876e-8,3.6376932753898214e-8],"translate":[-73.8634638449999,45.179297987000034]}}