{"type":"Topology","objects":{"69030":{"type":"Polygon","arcs":[[0],[1]]}},"arcs":[[[441615,408549],[403,-214],[18040,-20594],[10958,-11404],[-34026,-33879],[63009,-67468],[-12413,-13217],[-101923,-102123],[-85797,-84995],[-74511,-74655],[-4354,4915],[-65992,75358],[-456,699],[-21409,24324],[3,117],[-11536,13135],[-565,470],[-12803,14807],[-10656,12044],[-10372,11961],[-6592,8021],[-13300,15583],[-4724,5762],[-7941,9077],[-54658,63799],[5120,6424],[12702,15322],[12611,15501],[-3204,4815],[2495,4565],[2455,9107],[9281,9681],[16075,16228],[-3471,4804],[8223,5247],[-852,2211],[4263,4191],[3307,-3169],[5468,7423],[4080,-4157],[6952,9381],[1364,3462],[201,-455],[2307,4008],[2506,2696],[3297,3030],[6129,-6987],[7273,7563],[-3491,4321],[-2881,3142],[5446,6685],[68,6032],[363,5394],[3610,-1864],[16872,18754],[12004,12650],[8947,379],[12621,813],[12223,940],[4505,8002],[6607,6787],[11649,2980],[8104,1103],[9993,3588],[6083,9652],[12254,10334],[8303,-8741],[10189,21599],[9000,4621],[20876,-21698],[14051,-13670],[1186,831],[1616,2417],[1724,3412],[2368,9910],[4620,12456],[4218,6929],[2119,1249],[3348,29],[2866,-2571],[2334,-2881],[7122,-7701],[2474,-2080],[4339,-2569],[2120,-4346],[3239,105],[2022,-1193],[1343,-1446],[-32,-2040],[-3557,-6066],[-2104,-1672],[-2603,-1364],[47453,-53470],[29456,29841],[10657,-11676],[7787,-9397],[9522,-10924]],[[274364,391870],[-17316,17908],[-4252,-3632],[-2595,-1269],[-5447,-1873],[11417,-12392],[15207,-17182],[7059,-7440],[-2099,-2682],[-3192,-3146],[-1253,-2635],[-2552,-3385],[-1442,-786],[-1055,-1356],[3551,-5514],[6654,-7058],[7774,7435],[3177,1875],[-180,-10020],[-429,-6686],[4729,3757],[1428,3463],[2230,6669],[959,1977],[341,4239],[-276,1969],[-1581,4116],[-1060,4615],[-1318,2812],[-176,1773],[636,1208],[5245,2436],[1416,1813],[-340,2011],[-3090,1112],[-3545,424],[-2509,1261],[-2206,1808],[-390,1120],[-1894,-772],[-11626,12027]]],"transform":{"scale":[3.554075628151414e-7,2.3394483788970743e-7],"translate":[-73.95045159599994,45.10162071400003]}}