{"type":"Topology","objects":{"69037":{"type":"Polygon","arcs":[[0]]}},"arcs":[[[348972,438198],[39017,-53722],[5670,-7645],[3372,-4851],[9494,-13120],[4705,-6755],[7405,-10073],[7607,-10141],[9140,-12469],[403,-396],[8235,-11059],[-1,-99],[15283,-20480],[324,-590],[40373,-54382],[-45650,-52284],[-12039,17746],[-57296,-60754],[-3782,5240],[-6449,-7543],[-14303,-16193],[-9658,-11019],[-22260,-25548],[-9822,-11111],[-25860,-29572],[-14660,-16601],[-20764,-23874],[-238,-903],[-85809,125509],[-101631,148338],[-72,518],[-7895,11194],[-14175,20225],[-380,394],[-10362,15405],[-13085,19721],[-2823,4380],[-4895,7230],[-10439,16053],[-5652,8403],[175094,29238],[22317,3702],[3597,-4916],[4177,3759],[951,601],[5490,4905],[9413,8926],[307,157],[16269,14782],[11835,11054],[39922,36318],[14672,14103],[44928,-61801]]],"transform":{"scale":[4.978688237375732e-7,2.7782822765638507e-7],"translate":[-74.1241940029999,45.040719652000064]}}