{"type":"Topology","objects":{"69055":{"type":"Polygon","arcs":[[0]]}},"arcs":[[[419230,324188],[66653,-70208],[-29353,-22673],[-43566,-31156],[87035,-93289],[-30183,-31226],[-92640,98252],[-17159,-16092],[-10279,-12450],[-5200,-11869],[-5514,-20443],[-14336,-41269],[-537,-22886],[-11237,4993],[-3951,-11439],[-17528,-19733],[-39010,-22700],[-33047,39946],[-16576,17099],[-37470,43441],[-165332,184469],[44374,35018],[51371,39666],[42045,33896],[111233,88026],[16214,18438],[112286,-130312],[5244,-4653],[13792,10950],[27226,-31843],[-12695,-11380],[8140,-8573]]],"transform":{"scale":[5.761546723087674e-8,4.3043124086198854e-8],"translate":[-74.1932893239999,45.07686765400007]}}