{"type":"Topology","objects":{"70005":{"type":"Polygon","arcs":[[0]]}},"arcs":[[[237047,486118],[31239,-32592],[15542,-16059],[52054,-54223],[28871,-30135],[7008,-7439],[9349,-8651],[9346,-9921],[9773,-10149],[43529,-45473],[1098,-1329],[14687,-15844],[5476,-5293],[6504,-6990],[28476,-29623],[-54486,-49049],[-48975,-43760],[-63035,-56105],[-65319,-58780],[-1128,2341],[-5759,5828],[-13425,13991],[-23962,24646],[-6800,6789],[-64261,-58298],[-12011,13443],[-11118,14439],[-101,-77],[-45484,45304],[-4753,5204],[-592,1172],[-36999,39420],[-15575,14791],[-25645,26708],[-571,279],[1325,3471],[1819,2420],[29053,28367],[8546,8562],[13228,12975],[30301,30674],[37311,35119],[-19321,19775],[-12130,12856],[-31041,31953],[162,596],[12464,11942],[19038,18430],[22910,21465],[28096,27026],[7243,6828],[18913,16885],[55820,49972],[13310,-13881]]],"transform":{"scale":[2.5002232604470294e-7,1.803745027490106e-7],"translate":[-73.79349803799992,45.16821555200005]}}