{"type":"Topology","objects":{"70012":{"type":"MultiPolygon","arcs":[[[0]],[[1]]]}},"arcs":[[[386370,13148],[-22535,-13148],[-86651,53402],[46793,26815],[35793,-24057],[572,-715],[4598,-3175],[44004,-27649],[-16282,-7876],[-6292,-3597]],[[392319,383725],[46666,-31082],[9368,-6086],[20233,-13319],[31412,-20451],[-54004,-30495],[-18296,-10305],[-7007,-4167],[-27183,-16492],[-22162,-13101],[-18419,-11247],[-12059,-7287],[-157,-364],[30033,-19499],[11733,-7847],[18692,-12069],[-36094,-21432],[-29317,-18718],[-12656,-7832],[-8407,-5311],[-28108,-17313],[-1760,-1475],[-1282,-2119],[-13095,8646],[-10709,7438],[-14657,9241],[-40508,-23619],[-65257,42322],[3581,1080],[2892,1323],[4890,4801],[47,1616],[-1850,1144],[-2778,943],[-4458,-82],[-2914,3440],[-5966,2034],[-3404,1645],[-9791,6097],[-3213,2281],[-3940,2033],[-4603,-23],[-2916,-989],[-5801,-5483],[-6353,-9859],[-3255,-7845],[-2374,-2701],[-2219,-1911],[-1631,-658],[-19326,10820],[-28706,17173],[-25009,17610],[-10222,7082],[21374,26087],[8218,6609],[31908,-20892],[25553,42370],[25387,35361],[6966,8633],[35572,44568],[19225,23374],[5500,-932],[2726,3684],[858,3638],[-382,3899],[-16857,351],[-7237,519],[-3555,1319],[-626,1275],[17608,15836],[-3547,2836],[-2983,2949],[-2142,4320],[690,5186],[2120,5557],[4243,4862],[5575,5027],[5474,5356],[2384,5368],[1510,6298],[2318,4800],[4663,5318],[4946,6662],[4941,5638],[4659,4079],[5102,3783],[-3538,18573],[3512,1326],[-2871,2221],[5410,2828],[29486,-17888],[21274,-13954],[126855,-84432]]],"transform":{"scale":[2.584366948734006e-7,2.9556487512970153e-7],"translate":[-73.86677656699993,45.16595339700007]}}