{"type":"Topology","objects":{"70030":{"type":"Polygon","arcs":[[0]]}},"arcs":[[[499998,301438],[-30873,-83952],[-38550,41396],[-9928,-13096],[-25822,-51689],[12349,-14031],[30213,-34891],[-14955,-7245],[-16926,-33872],[-13798,13708],[-20359,-16206],[-10106,-15138],[-16602,-5626],[-13466,-1731],[-19353,-4672],[-10977,-10646],[-7487,-12549],[-20305,-1472],[-20971,-1279],[-14868,-592],[-19943,-19841],[-26701,-28014],[-153196,158400],[33446,68055],[-33558,35519],[-21460,19099],[-15802,117673],[65488,11548],[66085,12076],[30792,44056],[23816,33572],[2410,-1738],[59554,-40709],[5557,-5376],[13300,-18172],[20016,-22246],[35307,-37164],[36922,82827],[2521,-2010],[33860,-36007],[54455,-60195],[20922,-24150],[28993,-33620]]],"transform":{"scale":[2.13911261822513e-7,1.4917324034653032e-7],"translate":[-73.95123397899994,45.19650014200005]}}