{"type":"Topology","objects":{"70040":{"type":"Polygon","arcs":[[0]]}},"arcs":[[[301937,436663],[-32995,-28654],[16709,-37444],[1958,-4680],[11839,-26545],[2611,-6733],[6637,1940],[6041,3525],[22984,-34712],[12104,-18558],[26497,-40334],[13753,-20574],[34288,-52087],[21462,-32212],[2038,-3471],[25519,-38484],[26617,-40006],[-35540,-6480],[-278837,-51154],[-18231,30775],[-12651,21504],[-4659,8232],[-5948,9498],[-1363,2685],[-10931,18245],[-4216,7603],[-3015,4749],[-4336,7775],[-19163,33160],[-22982,40243],[-21341,36929],[-11988,19729],[-14714,25211],[-566,689],[-9210,15662],[-13477,22299],[-6831,11801],[776,1210],[1954,-27],[2150,-1165],[232,-1647],[1782,-1499],[2321,-146],[1783,-1045],[3060,807],[2687,-153],[825,1349],[4688,727],[2736,983],[4299,3170],[3699,4652],[2106,3881],[2115,5356],[3749,172],[3122,3811],[297,1582],[-1052,923],[1652,3037],[3444,3181],[2627,-2701],[4244,1129],[3651,3405],[1498,4231],[2279,10680],[486,5321],[917,2595],[1139,10867],[49,6519],[-886,1260],[54,7426],[-1321,8465],[-1304,5291],[-1439,3706],[-1174,1150],[-2680,1002],[-4291,-1922],[-814,239],[-672,2787],[611,5546],[1086,3442],[1238,2080],[3192,2222],[1969,-3713],[2088,1387],[662,1350],[-1208,1776],[1918,652],[2142,3143],[1557,1168],[-21,-2946],[1709,-196],[1938,-2126],[4116,225],[2306,3197],[1438,6952],[137,2038],[1365,2815],[530,5435],[1190,6558],[865,6620],[-204,5446],[-3177,10873],[-1363,8635],[294,1074],[61,8161],[942,610],[-232,-3738],[6232,-373],[18250,-210],[1989,4392],[1496,-1552],[874,-3017],[8803,438],[5859,-995],[5783,-424],[3994,54],[8253,-2334],[3986,-682],[8046,-2842],[9139,-3650],[10431,-5089],[11530,-5105],[5809,-2242],[769,-692],[5079,-1778],[6810,-4184],[2722,-1061],[2654,640],[1125,-2003],[5357,-2461],[7315,-2379],[2269,-1453],[4961,-1322],[6488,-3784],[9742,-4289],[1916,84],[3854,-2101],[2688,-41],[925,-1375],[5403,-1898],[2326,418],[1500,-873],[3175,-277],[1903,-1389],[2367,472],[1543,-590],[7203,-906],[685,-1088],[3953,166],[2357,-605],[9204,-314],[7233,-707]]],"transform":{"scale":[3.12634053268133e-7,1.587931215862156e-7],"translate":[-74.18222567299995,45.14556380700008]}}