{"type":"Topology","objects":{"71":{"type":"Polygon","arcs":[[0]]}},"arcs":[[[113102,498514],[147136,-44772],[57181,-16154],[74685,-20589],[88763,-26053],[3570,-7734],[-7660,-30369],[-4294,-20591],[-4927,-17321],[-4643,-21799],[-4358,-34183],[-2533,-26414],[1608,-37938],[-3317,-7719],[5154,-14562],[1715,-31344],[4728,-25920],[492,-14709],[14381,-54496],[15247,-41311],[3969,-4536],[-23491,4069],[-32040,8268],[-35244,17283],[-80875,40548],[-11902,5194],[3305,10673],[-29050,14411],[-4587,-13871],[-116687,57898],[-11691,5559],[-41977,-116316],[-52626,16573],[-14705,6801],[-38880,26798],[20372,49902],[-4300,2369],[-3736,24549],[-3343,2645],[2367,8146],[-6491,1535],[3733,15461],[-2834,5183],[3468,18745],[49663,-25269],[12513,22776],[-39561,28765],[9308,20639],[33937,-23501],[1662,3302],[33412,-22206],[-1506,10966],[2645,-1126],[-8039,40551],[-7740,3936],[2963,8244],[-50470,34682],[8909,18600],[-9183,6645],[5361,26938],[-36191,15647],[-14851,10011],[10384,28760],[-22001,11151],[12353,29353],[14985,17969],[4258,-2825],[68652,-19499],[7973,43067],[4881,-1485]]],"transform":{"scale":[8.08623474002797e-8,4.912193409612979e-8],"translate":[-73.54627675050683,45.59150641481185]}}