{"type":"Topology","objects":{"71005":{"type":"Polygon","arcs":[[0]]}},"arcs":[[[178523,484960],[63297,22],[26100,247],[99460,-37597],[87625,-149783],[23563,-41501],[-8523,-5416],[9832,-15950],[10800,-18974],[9259,-15684],[-2361,-7061],[288,-5054],[-3542,-55],[-4242,4735],[4145,-6595],[-1507,-3264],[-4739,4474],[5938,-8915],[-2234,-1221],[-8353,15673],[-589,-1502],[4540,-8813],[2203,-2413],[35,-6113],[-8979,-10727],[-7702,-5865],[-5316,-5709],[-2591,-5027],[-7075,686],[-4615,-577],[-4385,-2707],[-766,-3272],[-6192,-2157],[-2238,-2105],[-4435,-8909],[-5010,11653],[3816,3775],[6870,4721],[-1726,370],[-12341,21645],[-1077,-876],[7393,-12473],[4619,-9257],[-8451,-6656],[151,-1685],[5731,-14494],[4144,-6684],[-3622,-10422],[-2002,-3171],[-6133,4929],[-6590,9808],[-4773,309],[-10494,-4954],[-2822,-3075],[-6286,-3843],[-7612,-5683],[110,-6032],[-4157,-5189],[-1116,-5927],[-3661,-4928],[-2345,-5118],[-4049,-12634],[46,-4519],[-5155,-17230],[-5736,-7303],[-8615,-7009],[-1919,-3439],[167,-10190],[-2105,-5919],[138,-3457],[-5371,-2874],[-2618,1973],[109,3542],[-3192,2245],[-3418,4992],[-3032,1623],[-4042,-1027],[-1139,1516],[382,6997],[-5783,7848],[-23793,20503],[-11128,8517],[-3200,1269],[-9243,7614],[-2635,-66],[-2282,2767],[-5009,1728],[-2446,2857],[-7877,3437],[-12313,4450],[-15709,1556],[-7002,-736],[-4787,-1553],[-5990,-4551],[-209094,244946],[2548,5455],[2379,2426],[3168,445],[4818,-3942],[4189,3149],[1113,7568],[5115,1461],[5090,-4090],[4654,-1013],[7091,1398],[2434,3347],[5315,12186],[4652,4684],[8518,897],[4797,3099],[4289,-30],[5993,-5640],[8659,2864],[3567,-882],[5521,-8378],[2900,-345],[2926,4270],[5387,3924],[6396,402],[8974,4802],[2971,37],[3227,-5902],[-278,-5923],[1270,-5669],[2941,-2125],[9654,903],[6301,3048],[-10140,13043],[-3581,2531],[-15191,16964],[-35556,40971],[35105,33162],[49057,48455],[12250,-15039]]],"transform":{"scale":[1.546961813923819e-7,1.0159423718843319e-7],"translate":[-74.37637598899992,45.19727985600008]}}