{"type":"Topology","objects":{"71015":{"type":"Polygon","arcs":[[0]]}},"arcs":[[[473573,82235],[-7270,7609],[-29113,-24520],[-20832,-16781],[21101,-20731],[9014,-8584],[2125,-1282],[6018,-6599],[-3739,-1543],[-5729,-456],[-1745,1074],[-754,2869],[164,2999],[-1915,2986],[-1763,-19],[-5326,-2430],[-3795,-204],[-3197,-1985],[-1737,-2160],[-1719,174],[-3278,4238],[-2116,447],[-5140,-1449],[-3556,2853],[-2545,15],[-2847,-1567],[-5054,-453],[-2763,-2371],[-3153,-6166],[-1444,-1693],[-4209,-709],[-2761,512],[-3022,2070],[-3036,-739],[-659,-3829],[-2485,-1594],[-2860,1995],[-1881,-226],[-1411,-1228],[-1513,-2758],[-190187,189621],[-24952,25183],[-152489,146930],[3152,11008],[28417,14358],[95735,47241],[16118,8191],[70951,34597],[45570,22870],[46129,-44831],[36480,-34823],[23145,-23381],[16552,2010],[12429,-5010],[6634,-7106],[24964,-13642],[2888,-972],[8200,-1225],[22209,25918],[38280,-14179],[-31799,-37131],[-22177,-52022],[56122,-21996],[-8854,-48241],[-2267,-15225],[-7989,-49628],[525,-1363],[-1257,-2943],[6062,-959],[-10074,-53416],[-2572,-17599]]],"transform":{"scale":[2.606722953445929e-7,2.0077113354229066e-7],"translate":[-74.47220664699995,45.230038765000074]}}