{"type":"Topology","objects":{"71020":{"type":"Polygon","arcs":[[0]]}},"arcs":[[[438339,280741],[33261,-32923],[20277,-19889],[8122,-8150],[-2237,-2107],[-48011,-44593],[9609,-23854],[2904,-3292],[-1813,405],[-2909,-582],[-3362,-12980],[-10909,-39285],[-2303,2314],[-17916,6322],[-5787,-2061],[-15555,793],[-17767,18655],[-4576,-3965],[-889,-407],[-5363,5976],[-26157,-23092],[-65,71],[-11178,-9382],[-9636,9875],[-186,-152],[-28838,31669],[853,3952],[-4311,4301],[-1786,-9151],[-481,-4222],[-1481,-8005],[-777,-5719],[-1226,-6506],[-2226,-14712],[-1224,-6269],[-999,-8286],[-1281,-8045],[-1995,-11476],[-1076,-7809],[-2762,-16130],[-1055,-7007],[-6503,-25023],[-48700,16758],[-12779,-111],[-30991,-9],[2123,15502],[8310,47051],[-5001,844],[1036,2593],[-433,1200],[6591,43713],[1871,13412],[7305,42491],[-46304,19376],[18298,45822],[26235,32708],[-31582,12489],[-18323,-22830],[-6766,1079],[-2382,854],[-20598,12019],[-5474,6258],[-10254,4413],[-13656,-1769],[-19094,20594],[-30099,30673],[-38058,39488],[4860,2615],[31391,16553],[91297,48545],[-219,211],[11568,6428],[31938,17047],[17332,9657],[162,-81],[14331,8100],[5606,3391],[5277,2801],[1332,-12],[19636,-19430],[3408,-3069],[2964,-3143],[33978,-32859],[11610,-11408],[22212,-21557],[20841,-20406],[22384,-21721],[7385,-7367],[21267,-20863],[23790,-23682],[33989,-33627]]],"transform":{"scale":[3.1594791189586954e-7,2.2793404786808097e-7],"translate":[-74.40444653899993,45.24275664800007]}}