{"type":"Topology","objects":{"71033":{"type":"MultiPolygon","arcs":[[[0]],[[1]]]}},"arcs":[[[460339,209],[-2198,260],[23862,28651],[2965,11453],[2494,-2617],[-6149,-11278],[-20974,-26469]],[[134533,499999],[33401,-40961],[48224,32814],[72476,-146443],[3616,918],[2970,5091],[82673,-159476],[106073,-74283],[16033,-8771],[-5992,-23014],[-2832,777],[-9971,-38035],[-2811,-4401],[-3677,6463],[-4196,1684],[-3264,-1361],[-6285,-8325],[-4620,-3328],[-5507,-6586],[1566,-7603],[-3694,-7189],[-6039,-1446],[-5769,-3663],[250,7230],[-4926,6128],[-14343,639],[-8809,-829],[842,-2460],[-6272,-6810],[1678,-5272],[-4375,3088],[-2547,4463],[-5270,-1104],[-2232,-3940],[-3460,-1943],[-3245,855],[-3590,5645],[-3024,1496],[-10828,24922],[-54598,113510],[-32044,-24159],[-132848,-97526],[-37320,-6842],[-39943,-7688],[-6673,-1647],[-48361,87034],[-14970,19210],[25872,116075],[7971,38348],[6904,1719],[4297,-1194],[-6886,9726],[-22790,70480],[113863,131761],[5302,6223]]],"transform":{"scale":[1.3322467644937816e-7,7.714382428771773e-8],"translate":[-74.26439606699995,45.25428001100004]}}