{"type":"Topology","objects":{"71045":{"type":"Polygon","arcs":[[0]]}},"arcs":[[[366099,470910],[46002,-58264],[11317,-14536],[12553,-15382],[17331,-22053],[11513,-14341],[34386,-44058],[797,-1147],[-19233,-8531],[-50063,-21338],[-40636,-16970],[-32094,-13778],[14118,-18345],[-81743,-35178],[-56690,42928],[-51966,-39485],[49816,-38142],[6360,-4262],[3555,-2897],[-8384,-9553],[-8299,-6280],[-1475,-2299],[-14488,-12282],[-4224,-1247],[-3130,-3271],[-6298,-4134],[-8452,-3035],[-1594,-1364],[-5950,-7725],[-3716,-2823],[-13070,-3276],[-15855,-7529],[-13677,-11012],[-17502,-11968],[-6433,-4625],[-2461,-2391],[-1344,-2399],[-2660,-7648],[-7908,-7122],[-12289,-10628],[-4985,-4585],[-6544,-8409],[-2159,-9526],[-14386,10721],[-54139,40976],[10675,43308],[13137,48393],[11201,42027],[10928,42569],[-6451,3211],[5685,21071],[16026,61387],[4527,17015],[13593,49695],[14273,57138],[15203,57967],[9449,-1523],[1624,6044],[17698,-1889],[23423,-2999],[26586,-2813],[100991,-12233],[16370,-1299],[15563,-2523],[45598,-5333]]],"transform":{"scale":[1.941039682079828e-7,1.8313761827528793e-7],"translate":[-74.26595437499992,45.29727954300006]}}