{"type":"Topology","objects":{"71070":{"type":"Polygon","arcs":[[0]]}},"arcs":[[[499999,405609],[-11989,-53714],[-203556,-43461],[21862,-40433],[124053,-264636],[-3382,-3365],[-8127,1936],[-3833,5722],[-8319,8433],[-9872,6013],[-9056,670],[-6272,4354],[-12471,4299],[-2833,2231],[-12318,4296],[-15604,6649],[-18534,3082],[-10367,3581],[-12091,-230],[-13517,-4160],[-14809,-9135],[-10327,-3147],[-18038,-3537],[-11406,-4413],[-8009,-154],[-6611,11547],[-250,12300],[2040,4620],[-190,6845],[-7052,2969],[-11413,13567],[-11389,5793],[-24820,6852],[-13249,2913],[-15232,1886],[-9785,2299],[-11476,573],[-9158,3569],[-8207,6459],[-1495,10222],[-13794,6745],[-5393,12115],[-2561,9770],[1507,9033],[-4664,10601],[-3694,5254],[-620,8243],[-6821,17350],[-3539,5485],[-7982,1700],[-6297,3193],[-469,8356],[7195,5616],[9864,2457],[5960,4003],[2351,5198],[-5254,2254],[-9369,89],[-1757,3498],[6209,752],[5876,8181],[14819,9717],[8995,4669],[-603,9402],[3978,2978],[3142,7278],[9277,3507],[-1895,4311],[2779,3569],[-8968,15514],[-9105,7047],[-12918,4997],[-5428,863],[-7007,-3297],[-1932,-7289],[-4977,744],[2279,9954],[7065,6892],[12023,4990],[1171,6948],[-9503,10532],[-13206,5926],[-10299,-1178],[-12364,1973],[-15676,7493],[-3628,4525],[2230,16450],[-4025,3402],[-1119,5579],[-4672,10253],[1923,6710],[9864,3293],[6880,3855],[8284,7461],[-117,20765],[866,3211],[62429,2911],[34812,2333],[39391,5072],[35646,7079],[20035,4795],[22328,6278],[34664,11612],[20502,8078],[49031,-30692],[23503,-14397],[55504,-32968],[33183,-23871],[14906,22481],[4068,-12992],[22219,-1951]]],"transform":{"scale":[8.449399098799508e-8,7.75974371949305e-8],"translate":[-74.00098884599993,45.35181619200006]}}