{"type":"Topology","objects":{"71075":{"type":"Polygon","arcs":[[0]]}},"arcs":[[[499999,190109],[-37423,-31889],[-63273,-45835],[-40757,-24787],[-36570,-18925],[-65065,-27947],[-71901,-20022],[-63540,-9211],[-113957,-11493],[3316,50874],[5941,19569],[-425,16951],[-15546,24593],[20226,10572],[9522,18578],[3514,26944],[14529,23513],[6790,22298],[30439,47451],[10955,25416],[16664,13852],[7987,-1997],[18068,17025],[15597,-17725],[25695,3587],[14460,14352],[8904,46065],[37038,43647],[10926,21294],[-3009,39901],[8706,19967],[17460,13272],[29015,-32146],[32926,-61006],[51917,-48055],[100709,-135816],[10162,-32867]]],"transform":{"scale":[4.629011658031947e-8,1.965672331342984e-8],"translate":[-73.99898964899995,45.38687791700005]}}