{"type":"Topology","objects":{"71090":{"type":"Polygon","arcs":[[0]]}},"arcs":[[[499999,449207],[-158894,-356004],[7652,-54841],[-41189,-24293],[-2657,-14069],[-15113,23167],[-38958,46426],[-59960,78654],[-12513,2914],[3155,9360],[-50289,68284],[-13760,21068],[-69626,-51068],[30833,-43511],[-22800,-13104],[-32704,45918],[-10606,28691],[-12570,17048],[9716,1117],[20057,12143],[-3326,24808],[6037,25600],[6763,10489],[19432,10341],[7184,-4919],[16607,1010],[1658,12665],[29054,7204],[17195,-204],[16548,21246],[-61,20235],[-15009,6523],[-21488,19888],[9963,25855],[19773,13356],[30984,17146],[24227,7261],[18126,26965],[10650,7423],[17456,-3834],[53099,-940],[9850,-8877],[21957,-6004],[14187,434],[12217,-12833],[19920,363],[7361,9878],[21222,8201],[17441,-5044],[7146,-7939],[26933,6318],[15778,-17709],[31342,-12806]]],"transform":{"scale":[4.2362090724171964e-8,2.9802929605885115e-8],"translate":[-74.04526728799993,45.41142688400003]}}