{"type":"Topology","objects":{"71095":{"type":"Polygon","arcs":[[0]]}},"arcs":[[[489563,487074],[10209,-23422],[-4386,-29832],[-16005,-55809],[-9914,-12714],[-13620,-3519],[-6883,-26469],[-12414,-9767],[-29084,-35665],[-10584,17199],[-19748,16930],[-9497,-1925],[-28926,-18639],[-7610,-36840],[2022,-20384],[-9304,-15216],[-11711,-2306],[-11300,8074],[-11418,-4801],[-5852,-17765],[4010,-10449],[-2774,-26534],[-6473,-16511],[-22351,-25392],[-23980,3291],[-27756,-29043],[-30776,-14046],[-8309,-10251],[-12605,3524],[-60007,-31856],[-14710,-19286],[-35098,-37651],[-13200,42155],[-20212,735],[-8289,26297],[26528,67692],[14950,45446],[8620,9832],[23488,11671],[13166,-11422],[26449,24498],[16620,20501],[28904,16569],[2020,47730],[4527,11139],[15503,2246],[7771,-13829],[15484,167],[444,48171],[7806,23964],[37915,-192],[36671,-32151],[16135,2234],[4046,-6709],[17484,11348],[-7040,24616],[2070,18657],[17234,18412],[17156,10107],[8149,-7190],[-1700,-12848],[10431,248],[14790,27588],[29649,28180],[18875,-9025],[27740,26548],[26670,13689]]],"transform":{"scale":[4.0461318922558583e-8,2.1673321346622893e-8],"translate":[-74.03187266599991,45.42588461200006]}}