{"type":"Topology","objects":{"71105":{"type":"Polygon","arcs":[[0]]}},"arcs":[[[242282,458002],[17494,-12725],[-2815,-16020],[26079,-19897],[1606,-3089],[9426,-14920],[3153,-5542],[14792,-25293],[7394,7335],[21361,-41679],[17654,-31822],[24540,29423],[22135,-44890],[-7732,-8492],[25092,-37619],[16247,-31846],[8063,-16832],[25120,-52005],[-1712,-2364],[-7918,-9412],[10598,-18963],[949,-3305],[11272,-21087],[14918,-35201],[-802,-976],[-1455,-4451],[-2820,-1844],[-1641,-4278],[-3045,2982],[-2563,-2481],[-2574,964],[-2144,-1570],[-246,-2809],[-2205,268],[-681,3859],[-2112,-2202],[-1700,2843],[-99,1666],[-2235,1532],[-470,2191],[-3352,1838],[-925,1565],[-2542,45],[-1417,714],[-1091,-899],[-2383,1763],[-1142,2373],[-2082,-1515],[2922,-7908],[-31277,-35340],[-5762,1621],[-89760,21734],[-17708,4558],[-29486,6840],[-241,536],[-7843,2080],[-9788,1823],[-16695,4231],[-2461,1073],[-30253,7716],[-930,876],[-48851,12650],[-8667,2144],[-20617,5369],[-26785,6436],[-8848,2947],[-9307,1518],[-57421,14288],[-15116,3285],[-13317,3502],[-10061,2207],[7588,57991],[436,3725],[8440,63655],[705,5965],[20679,142863],[30628,-9330],[3858,28407],[33463,-17840],[37739,-22281],[1092,3551],[15179,59281],[212,1096],[17587,70257],[1151,5138],[23146,-15148],[17254,-12902],[16363,-12028],[3846,-1668],[2916,-251]]],"transform":{"scale":[3.413981627963944e-7,1.567998795996634e-7],"translate":[-74.24268704699995,45.371988926000085]}}