{"type":"Topology","objects":{"71110":{"type":"Polygon","arcs":[[0]]}},"arcs":[[[499998,437321],[-19506,-99500],[-726,-4525],[-8677,-48294],[-445,-2825],[-8753,-49353],[-5521,1350],[-8887,-51365],[-8342,-50630],[-7945,-44036],[-2647,-15075],[-9367,-54398],[-3322,-18670],[-13362,10080],[-2214,1895],[-5351,3845],[-9357,7412],[-28237,21239],[-5004,3970],[-33172,25028],[-43879,33621],[-9232,6662],[-16067,12464],[-40508,30866],[-14493,11112],[-10015,7485],[-840,792],[-9563,7164],[-40282,30490],[-10023,7800],[-6888,4896],[-23951,18509],[-11099,8155],[-10183,8054],[-20282,15079],[-3912,2616],[-18814,14803],[-26229,19478],[-2903,2257],[1224,6935],[1648,12190],[6397,43030],[13550,-2585],[37556,-6771],[1728,-407],[55008,-10734],[4394,27933],[5530,31844],[29261,9046],[41616,13351],[16060,5354],[8440,55040],[20956,-4885],[14109,-3207],[56087,-12580],[27936,-6444],[28422,-6501],[28732,-6349],[27118,-5886],[28108,-6037],[7279,-1638],[2308,-287],[3685,-1302],[7607,-1648],[25239,-5913]]],"transform":{"scale":[3.32088418176822e-7,2.0667651535299106e-7],"translate":[-74.3963914169999,45.33962186000008]}}