{"type":"Topology","objects":{"71115":{"type":"Polygon","arcs":[[0]]}},"arcs":[[[174933,434034],[2250,-2024],[20317,-17472],[14576,-13278],[3029,-2345],[15686,-13521],[7914,-7229],[8597,-7316],[18553,-16600],[5338,-4392],[7763,-6996],[31205,-27348],[7406,-6427],[651,-710],[7759,-6714],[11227,-9967],[31379,-27685],[12447,-11179],[7152,-5976],[33990,-30158],[25696,-22448],[3877,-3562],[21874,-19050],[7249,-6649],[4144,-3448],[1716,-1700],[13271,-11593],[-4948,-33834],[-5072,-33404],[-5948,-38462],[-4834,-34421],[-25048,33264],[-17535,23427],[-15673,20637],[-5442,7289],[-16496,21487],[-15360,20183],[-16371,21325],[-8556,11285],[-25043,32505],[-2184,3110],[-2511,3035],[-14472,19222],[-982,11],[-3890,-2772],[-4130,-3354],[-10562,-8012],[-119,79],[-12774,-9553],[-23539,-16863],[-8524,-6356],[160,-211],[-67286,-48019],[-23133,-16376],[-11479,-8288],[-19814,-14226],[-43142,-30145],[-9801,-7137],[-58213,-41163],[-17278,-12510],[28403,142051],[15891,79509],[25463,126677],[-355,471],[18022,87928],[3954,21894],[6837,28437],[2417,13031],[15905,-14059],[17769,-15617],[23056,-20478],[17571,-15810]]],"transform":{"scale":[4.286967173933827e-7,2.304195208389449e-7],"translate":[-74.4713850039999,45.304874787000074]}}