{"type":"Topology","objects":{"71125":{"type":"Polygon","arcs":[[0]]}},"arcs":[[[499999,361374],[-13256,-107965],[-25227,-10505],[-65365,-26187],[-45959,-17746],[-8687,-62462],[-6902,-54796],[-86400,21057],[-2715,799],[-58988,13283],[-21284,5069],[-10047,-84407],[-2588,-23911],[-1925,-13603],[-35627,34578],[-46751,44785],[-36027,34151],[-32251,30747],[32195,187151],[31255,13980],[14905,5657],[9395,4003],[66608,26895],[44857,18571],[6125,2728],[27821,11000],[22579,9272],[64289,26885],[30519,13184],[22435,9173],[43694,17637],[22289,9602],[2398,-10705],[-252,-1705],[2902,-10798],[8291,-40506],[10597,-49078],[2636,-14676],[34461,-11157]]],"transform":{"scale":[2.114272748545095e-7,1.0536244072496394e-7],"translate":[-74.42824435799992,45.40488460200004]}}