{"type":"Topology","objects":{"71140":{"type":"Polygon","arcs":[[0]]}},"arcs":[[[499999,155401],[-74506,-39400],[-1365,-184],[-120915,-61296],[-61706,-34347],[-22550,-12800],[-14375,-7374],[-27910,18853],[-73855,47766],[-102817,67062],[18691,56276],[15992,42256],[5988,18216],[19546,63799],[8168,24361],[16383,52421],[2180,4833],[6471,21519],[1670,12995],[23104,69642],[26055,-12384],[63644,-31124],[53300,-33387],[41193,-27157],[33953,-25293],[41589,-42811],[41832,-43636],[38436,-56668],[8447,-15427],[33357,-56711]]],"transform":{"scale":[8.463431526864382e-8,9.480984961970914e-8],"translate":[-74.39127090099993,45.518708719000074]}}