{"type":"Topology","objects":{"72":{"type":"Polygon","arcs":[[0]]}},"arcs":[[[283140,468781],[5467,6578],[26229,-7159],[-2984,-5305],[10745,-2579],[73018,-20148],[31820,-8589],[28928,-4107],[28043,-3063],[13690,-36947],[1903,-374],[-18398,-35436],[9066,-2615],[-14974,-33277],[1762,-565],[-36965,-48895],[-20832,-18883],[-31880,-28015],[-2590,-2704],[-54534,-26220],[-8820,-13255],[-3891,-3232],[12160,-862],[11458,-4186],[-81685,-87598],[3121,-5961],[9955,-3720],[5478,2813],[33502,35663],[1775,-601],[-10700,-11793],[5865,-2557],[-5675,-6927],[-4545,-2995],[901,-3658],[9469,-4195],[20374,17698],[5822,-2484],[-38593,-34126],[-54385,-58502],[-74295,21534],[-2096,1313],[-58253,16910],[-2648,107],[11107,15582],[-116055,33592],[28903,40627],[4429,6759],[16576,28627],[31098,52573],[29865,40117],[74084,104270],[-89125,26482],[45582,70348],[27146,41158],[10556,-2762],[104026,-28456]]],"transform":{"scale":[8.956275942094025e-8,9.885886566137649e-8],"translate":[-73.5486183023616,45.54944692640998]}}