{"type":"Topology","objects":{"72010":{"type":"Polygon","arcs":[[0]]}},"arcs":[[[400533,332005],[1668,-33445],[1440,-10807],[-694,-22049],[4502,-5464],[2168,-21441],[7730,-9928],[8089,-3886],[8338,-6833],[11827,-13423],[18117,-36077],[2715,-11644],[26,-9480],[15003,-22135],[18537,-13205],[-3207,-5505],[-7484,-5110],[-5524,-8245],[-8634,-17676],[-5776,-5464],[-9615,-4421],[-16153,-2195],[-15560,-12173],[-23771,-30344],[-3717,-433],[-11858,-13048],[-6721,-1038],[-12345,5752],[-18641,4378],[-13711,-928],[-8177,-3465],[-6981,926],[-5596,-2527],[-7219,-6913],[-7095,3379],[-7003,-1032],[-6639,-6106],[-16594,8593],[-28114,23808],[-6312,-2678],[-3623,-4684],[-9967,1954],[-11743,-3575],[-18958,-10612],[-16930,26852],[-68491,78372],[-37835,44693],[-23819,25695],[-46186,54860],[30413,7888],[18354,7427],[10596,7778],[14843,13575],[11465,17826],[4218,10065],[4489,15907],[2446,16807],[-274,17501],[-4343,29356],[-10254,59999],[-8445,52592],[20869,-1100],[9205,-12664],[9632,975],[-836,6177],[7161,-5694],[2474,2643],[32564,-1288],[6949,621],[35249,-36075],[45937,-55375],[14100,-14403],[10263,-12550],[15973,15992],[-24184,27363],[-23450,29068],[4203,7022],[12863,11651],[12734,-14638],[8076,5167],[9249,9333],[3191,5276],[15134,-21656],[43764,-48178],[10361,-9801],[30715,-39677],[14829,-16183]]],"transform":{"scale":[8.974192348385531e-8,5.508222016438422e-8],"translate":[-73.92654465399994,45.53011555900008]}}