{"type":"Topology","objects":{"72015":{"type":"Polygon","arcs":[[0]]}},"arcs":[[[367749,475010],[31606,-53924],[16299,-25256],[25891,-43929],[46870,-77037],[11584,-26392],[-7484,4784],[-8988,-442],[-5008,-3422],[-7689,-8664],[-10006,-5560],[-4352,-6810],[-8555,-7198],[-15660,-16197],[-2395,-6211],[-8812,-14903],[-11001,-31721],[-744,-7533],[-3862,-6499],[-3504,-10525],[-9361,-10393],[-3127,-12299],[-5808,-5976],[-2609,-8456],[-3314,554],[-3453,-4260],[-7214,1284],[-16616,-14092],[-5664,-197],[-2003,-6060],[-4148,-6013],[-15671,-6082],[-5175,-46],[-15879,4523],[-13555,2062],[-13901,-4516],[-15979,-8005],[-9962,-588],[-25705,-15666],[-10715,-9085],[-8779,-11215],[-4560,-8736],[-7752,-3963],[-21735,25099],[-62202,105251],[-1901,3953],[-51202,86932],[-26989,44121],[-4810,9656],[-9659,16261],[-841,14583],[-11650,134295],[17569,3673],[3718,-36968],[82018,7427],[46057,14285],[4455,8515],[26578,10024],[-232,-3678],[18663,6846],[80484,23596],[10020,-23516],[8754,2647],[5328,18677],[14242,1485],[-1837,23646],[37284,2843],[14648,-24989]]],"transform":{"scale":[1.3114330428657098e-7,5.6038820077585967e-8],"translate":[-73.9747725869999,45.51689688300007]}}