{"type":"Topology","objects":{"72020":{"type":"Polygon","arcs":[[0]]}},"arcs":[[[489607,476470],[-16468,-16341],[4835,-8404],[10801,-9965],[7257,-2250],[3830,-5701],[-15410,-15124],[-11082,8221],[-3894,-9497],[21,-8742],[-3936,-2638],[-1278,-8455],[-6355,-8925],[-5252,-3831],[-10284,-668],[3866,-2875],[12365,640],[725,-14670],[3501,-854],[-5930,-6107],[-8905,-15213],[-5417,-6651],[-17771,-16977],[-8113,-14282],[-10991,-25944],[-3439,-15016],[-6843,-6499],[-4671,-9486],[76,-14660],[1053,-9296],[11672,-23423],[-9282,-3776],[-4867,-4507],[-9161,-4585],[-13493,-4797],[-14491,-7741],[-8437,-9167],[-10480,-6182],[-5599,-598],[-20126,-8204],[-14020,-8557],[-4779,-7871],[-12386,-13150],[-5587,-10282],[-1015,-8326],[-5780,-4765],[-21207,-11556],[-6923,-2597],[-10745,-6718],[-2548,-6422],[-3948,-3848],[-10981,-4697],[-6203,-7585],[-13428,-13541],[-6556,-4488],[-11116,-5234],[-11928,-7913],[-6345,-8525],[-6123,-996],[-7076,-4479],[-14571,-11511],[-3772,-219],[-11656,3782],[-4539,-54],[-43984,47397],[-60418,65687],[91007,74422],[113063,92715],[15817,13321],[-6287,10275],[23823,22185],[6742,-9875],[36344,30701],[85294,71242],[92488,78201],[2089,-2222],[29227,-21307]]],"transform":{"scale":[9.842639285277696e-8,6.692624985249025e-8],"translate":[-73.99788952199992,45.485008503000074]}}