{"type":"Topology","objects":{"72025":{"type":"Polygon","arcs":[[0]]}},"arcs":[[[420453,266096],[4950,-6001],[2466,-3562],[13834,-16280],[26243,-32078],[975,-1459],[31078,-37855],[-35580,-34462],[-32811,-31393],[-13981,-13530],[-2593,4351],[-9164,-9776],[2418,-4529],[-6084,-5870],[-43495,-40857],[-35009,-32795],[-2630,3274],[-84694,113559],[-13903,18235],[-35197,38534],[-7140,-8941],[-20917,-24715],[-2751,-4761],[-3165,-3733],[-3842,4662],[-26496,32957],[-85457,104200],[-37508,45279],[124930,138263],[5393,-5916],[6989,7171],[3406,-3561],[38030,44309],[-34,-5742],[6155,-461],[1075,2926],[11666,-761],[3704,4668],[20741,-1283],[14632,-6125],[5449,3410],[6034,4551],[13027,-20704],[32306,-49724],[23800,-36367],[18138,-22614],[48665,-60161],[36347,-44333]]],"transform":{"scale":[2.558618157235814e-7,1.518720717442353e-7],"translate":[-74.0807122789999,45.49282631700004]}}