{"type":"Topology","objects":{"73":{"type":"Polygon","arcs":[[0]]}},"arcs":[[[499999,275913],[-31474,-34146],[18296,2192],[696,-10434],[-56183,-9530],[-11528,-14875],[44990,6094],[-7321,-13150],[-50996,-8695],[-15136,-15992],[37747,2744],[-2043,-9389],[-44095,-9799],[-92460,-79732],[-20568,-81201],[-16573,7374],[-2142,10179],[-14960,32453],[-52410,59402],[-13993,9700],[-18801,6925],[-11569,1826],[-87757,7955],[-51719,5153],[61404,106240],[3816,33786],[6643,67307],[2928,14427],[1810,18233],[-4512,85305],[-1229,29052],[2733,4682],[131667,-39166],[-986,-3675],[-40065,-56787],[160875,-46955],[-15397,-21781],[3671,-148],[80749,-23637],[2905,-1837],[102987,-30100]]],"transform":{"scale":[6.46110930336612e-8,7.072482789917902e-8],"translate":[-73.55922804326607,45.52993300105304]}}