{"type":"Topology","objects":{"73015":{"type":"Polygon","arcs":[[0]]}},"arcs":[[[276672,496009],[56242,-61077],[42264,-46243],[26938,-28795],[15148,-16755],[9864,-11054],[5167,-5279],[41632,-46231],[26072,-29114],[-29303,-37744],[-38127,-48840],[40088,-45163],[-22216,-23710],[14479,-15594],[17327,-17786],[11460,-12323],[-2111,-64],[-4724,1292],[-4146,2328],[-5101,-2549],[-2349,-179],[-3591,-1861],[-4330,-4595],[-816,-1525],[-244,-4394],[-2729,-501],[-1054,1997],[-1501,7393],[-960,1994],[-5428,1251],[-5254,91],[-10403,-6193],[-2868,-4018],[-724,-9002],[-1283,-1298],[-5309,-401],[-2504,-1330],[-1770,-2664],[-2408,-1166],[-1389,-2231],[-457,-2849],[-1831,-3706],[-2835,-1601],[-2433,-3036],[-268,-6481],[-1559,-5003],[-2988,3178],[-18885,22472],[-4046,4450],[-37300,41616],[-18351,21256],[-17119,18922],[-9573,-12180],[6244,-7792],[24046,-27962],[-14479,-15486],[-6757,6264],[457,-10673],[-5161,5020],[-1329,-6357],[-2179,-5405],[-3114,-5224],[-3520,-3843],[-3094,-2509],[-3029,3206],[-9645,11202],[-29177,32605],[-12331,13106],[-9994,10082],[-1679,2839],[-2263,1075],[-10360,13959],[-6735,3737],[-3009,2680],[-2154,3542],[-13531,-16346],[-2110,-3068],[-12596,-14653],[-11497,-14602],[-17228,18612],[-21945,23380],[-14544,15745],[-6112,6852],[-14522,15371],[-15547,17072],[-16325,18749],[-10384,13136],[-12936,15700],[-34527,38274],[47314,57750],[-10795,11674],[19142,24340],[8802,11975],[11531,4895],[11784,8149],[4530,6408],[5885,9251],[7240,9452],[8580,10584],[9467,2975],[3552,21432],[18526,-3674],[5633,5530],[12653,2619],[9379,7149],[8346,2445],[67,13724],[4396,2886],[14126,4416],[5980,4423],[10793,410],[7636,5145],[12786,2221],[10196,2392],[6029,7273],[2809,-2775],[3741,3404],[634,-555],[5082,6079],[7481,-7648],[3347,3658]]],"transform":{"scale":[2.734801609603745e-7,1.6375065350132006e-7],"translate":[-73.92567552199995,45.64284665100007]}}