{"type":"Topology","objects":{"73010":{"type":"Polygon","arcs":[[0]]}},"arcs":[[[492035,202650],[-2895,-7795],[1370,-2800],[5112,-2221],[599,-5400],[3778,-17051],[-54083,-93355],[-9846,-16549],[-11414,-15021],[-16540,-12625],[-9895,-4770],[-18269,-6268],[-30379,-9682],[-23758,-6691],[-3116,-1358],[-13992,-1064],[-7341,3662],[-4271,5348],[-9622,6484],[-25882,6218],[-52257,70675],[-44957,62086],[-37203,52571],[-5489,8171],[-16514,21858],[-18332,26329],[-8424,10848],[-78415,108834],[22880,35075],[25064,35200],[4201,7371],[26927,39269],[4284,-8511],[5991,-6436],[13400,-8979],[20617,-33532],[4502,-2582],[3342,-6818],[19887,-24223],[24537,-31481],[58062,-78327],[19193,-26909],[6028,-7702],[6156,6027],[7005,9232],[6197,12550],[4335,12985],[2647,15270],[10268,-12058],[-908,25637],[13448,-15045],[28810,37198],[-47850,67173],[-12425,18719],[19048,29259],[34066,-45454],[36522,-51066],[74222,-99970],[8052,-10691],[37581,-53983],[5946,-7632]]],"transform":{"scale":[1.3742983085957719e-7,6.816613033222969e-8],"translate":[-73.8808057629999,45.62903281600006]}}