{"type":"Topology","objects":{"73025":{"type":"Polygon","arcs":[[0]]}},"arcs":[[[274090,436276],[48743,-42947],[-8913,-9653],[105014,-86791],[33077,-31884],[29133,-29279],[18854,-14869],[-6194,-8198],[4873,-3616],[-31349,-40489],[3808,-4822],[-6626,-4579],[-21903,-19931],[-27507,-34203],[-5589,4087],[-12627,-4546],[-9293,-6551],[-3817,-5645],[21922,-19488],[29813,-21908],[-19528,-32262],[-4539,-9828],[-819,-6941],[-4421,-1933],[-35567,34012],[5752,6764],[-6052,5386],[-18800,-17438],[-42140,39397],[-101024,87564],[-60309,54644],[-27349,-30819],[-120713,109865],[114809,118806],[88234,91818],[71047,-63723]]],"transform":{"scale":[9.082155164306112e-8,6.731524063050492e-8],"translate":[-73.80737643599991,45.65036612100005]}}