{"type":"Topology","objects":{"73030":{"type":"MultiPolygon","arcs":[[[0]],[[1]]]}},"arcs":[[[240010,649],[-15479,-649],[736,10299],[9957,18127],[10872,10454],[15082,16534],[27053,19451],[13138,8059],[16519,8157],[21700,9348],[16541,357],[2440,-2538],[-2999,-7763],[-19795,-20933],[-15339,-11514],[-1856,-3877],[-30788,-28600],[-13471,-6941],[-17863,-13295],[-11227,-1397],[-5221,-3279]],[[285248,446103],[50663,-36695],[23528,13525],[15576,-15411],[76200,-93334],[48784,-56623],[-4080,-3594],[-19945,-10341],[-18182,-11061],[-7976,-7564],[-9771,-17430],[-2324,-18497],[6131,-13587],[-4813,-9552],[-5831,-7033],[-10307,-8650],[-8751,-1842],[-16364,-359],[-11907,-8630],[-10693,-10178],[-7927,-5195],[-21175,-857],[-15552,-4130],[-23905,-13081],[-14951,-9710],[-6331,-5495],[-12206,-5842],[-9952,-8793],[-14975,-11102],[-15627,-17083],[-7333,-11335],[-12686,-12244],[-9498,-17103],[-37504,22824],[-27579,20302],[4801,5880],[11690,6824],[15886,4736],[7032,-4257],[34604,35628],[27553,20765],[8339,4769],[-4791,5023],[39438,42178],[-6132,3766],[7794,8541],[-23722,15490],[-36647,30502],[-41613,33212],[-132110,90413],[11213,10057],[-61320,44738],[3297,1695],[68862,45033],[22726,17576],[52258,-35904],[65607,62930],[72498,-53895]]],"transform":{"scale":[7.219357638710187e-8,6.461903123806901e-8],"translate":[-73.78248306199993,45.653326425000046]}}