{"type":"Topology","objects":{"73035":{"type":"Polygon","arcs":[[0]]}},"arcs":[[[181744,43134],[-9834,11074],[-37329,42617],[-8390,9760],[-52722,62097],[-12615,15855],[-6477,7665],[-54377,63580],[36288,42555],[30846,35946],[55681,65116],[22139,25819],[-25174,33449],[25056,8305],[63604,21523],[35518,11504],[1816,-2025],[17149,-20342],[26858,-31492],[25304,-28979],[12478,-14653],[11351,-14319],[13486,-16347],[14088,-18407],[8806,-10434],[15968,-18113],[29212,-34356],[17466,-20106],[42354,-48925],[19704,-23021],[-20188,-7579],[-31915,-11727],[6801,-40291],[4817,-28122],[1931,-10214],[123,-1894],[1320,-3056],[-836,-1069],[-3794,940],[-3328,-36],[-4521,1144],[-3434,-222],[-1094,-497],[-296,-2112],[343,-3999],[-1597,-3090],[-1413,-1309],[-3702,373],[-4631,-2160],[-842,-1843],[-1993,-438],[-3888,106],[-593,-2966],[-2108,-1800],[-891,-1400],[4344,-27273],[4789,-27128],[-11414,-11580],[-4273,-3066],[-9470,-6172],[-17329,385],[-1603,420],[-23369,7181],[-16878,6370],[-6141,-1909],[-11699,2104],[-3878,7501],[-9957,-4644],[-7530,9002],[-3975,6041],[-8858,-555],[-6607,369],[-7332,-113],[-7533,2421],[-1131,-1323],[-6662,143],[-5515,-1003],[-7963,2325],[-6203,1209],[-22345,4948],[-12888,2094],[-2635,3393],[-2299,565],[-6124,687],[-4745,-2014],[-1237,-1779],[-1714,-378],[-12351,-306]]],"transform":{"scale":[3.607101694203048e-7,2.0827395054790102e-7],"translate":[-73.91202087099992,45.71277836400009]}}