{"type":"Topology","objects":{"74":{"type":"Polygon","arcs":[[0]]}},"arcs":[[[271898,402478],[3697,-1339],[31894,54418],[-21263,8156],[10513,12990],[18849,-7823],[5654,9147],[41781,-19010],[15801,-4824],[56551,-11756],[-41454,-76680],[106078,-37806],[-88177,-148860],[-35545,-57272],[-37013,-75055],[-19726,-40867],[-4427,-5897],[-113052,40001],[20191,32878],[52844,84791],[-89737,32679],[-32940,32191],[-3121,2355],[-131986,47742],[-830,2403],[7591,4654],[10114,1129],[4571,5059],[8142,3086],[539,4212],[11510,72],[5327,3325],[-16126,18127],[27984,9564],[-3598,6182],[870,20639],[-935,5938],[-28388,15759],[-30775,57149],[-4925,20771],[4042,17573],[-12423,22921],[3420,8798],[106924,-38987],[161554,-58533]]],"transform":{"scale":[7.524989868070604e-8,6.924659023265444e-8],"translate":[-73.56967807060029,45.562525414210704]}}