{"type":"Topology","objects":{"75005":{"type":"Polygon","arcs":[[0]]}},"arcs":[[[268740,443018],[74980,-22597],[522,-1318],[1427,730],[20313,-6128],[13756,-4252],[12066,-3306],[108195,-33273],[-17503,-11040],[-9141,-5594],[-41349,-25826],[-27635,-18297],[32110,-30883],[14293,-13473],[1663,-1815],[-2099,-2313],[-252,-3573],[690,-9121],[809,-7227],[-1744,-1375],[-3545,-695],[-5353,197],[-4862,846],[-6479,5867],[-2103,154],[-10279,-7620],[-4659,-5925],[-6239,-3774],[-5253,-5438],[-3623,-2212],[-4964,-983],[-4717,-410],[-2488,-1883],[-839,-6053],[-4103,-1829],[-9340,-2989],[-4521,-8964],[-3263,-3740],[-7854,-5719],[-1633,-6478],[821,-2226],[-604,-3272],[-819,-6642],[-1944,-6529],[-1782,-2051],[-5397,-2699],[-5025,-4075],[-5747,-5854],[-5296,-4659],[-3665,-1812],[-5536,-1862],[-3396,-2216],[-5219,-6377],[-2622,-2572],[-3509,-1950],[-10005,-6374],[-3524,-3641],[-2440,-1634],[-11084,-3436],[-2385,187],[-4075,2727],[-4102,663],[-4940,-519],[-4323,-1728],[-4828,-3752],[-4412,-2691],[-2891,-1180],[-1366,661],[91,1952],[-627,7426],[-1754,1992],[-2748,286],[-3225,-334],[-11057,-3353],[-12140,-5032],[-11135,-5923],[-5806,-1131],[-5365,-1627],[-4090,-2592],[-3471,-3470],[-3367,-2463],[-4566,-2883],[-4385,-1618],[-11480,-3803],[-6901,-2526],[-4914,-2742],[-5287,-3345],[-8281,-5536],[-2128,-260],[-9839,1392],[-5908,1156],[-13310,4843],[-4876,2002],[-4424,559],[-3546,-436],[-4437,-1794],[-3829,-3372],[-3957,-4465],[-1483,-4019],[892,-3588],[2027,-4701],[-890,-1355],[-1999,-1145],[-1793,210],[-1405,1518],[-968,2338],[-3871,4078],[-3418,2635],[-2826,1342],[-2902,423],[-2785,-835],[-4422,-2738],[-4151,-2154],[-3557,-2789],[-3170,-4118],[-1044,-2537],[297,-2626],[4234,-6484],[-901,-1729],[-2437,-1306],[-2295,819],[-2335,1677],[-3160,869],[-6035,719],[-4747,1775],[-2940,-39],[-1932,-1916],[299,-3283],[1805,-1815],[4012,-2609],[2528,-1355],[1716,-1791],[1742,-3020],[801,-2575],[-422,-3085],[-1300,-4726],[-1417,-2813],[-2061,-2351],[-4395,-2651],[-6467,-7356],[-3388,-2552],[-4820,-2441],[-5464,-1980],[216,2482],[9340,56862],[3658,21525],[8600,45576],[2172,12248],[1997,12853],[857,6663],[11846,68345],[1532,11298],[3144,25800],[3014,25888],[2858,25176],[484,4898],[2583,14636],[2220,10763],[4386,22041],[4759,23650],[1126,5125],[4694,23454],[6451,29487],[4386,20658],[2753,14196],[1074,6281],[1375,10093],[104864,-32834],[8418,-2672],[27656,-8627],[22690,-7157],[19587,-5690]]],"transform":{"scale":[3.424143188286054e-7,2.48826273652537e-7],"translate":[-74.21208743899989,45.67055526100006]}}