{"type":"Topology","objects":{"75028":{"type":"Polygon","arcs":[[0]]}},"arcs":[[[290156,499951],[18800,-24474],[10384,-13216],[17677,-22835],[14848,-19034],[60092,-77467],[19065,-24555],[25248,-32579],[3397,-4435],[11927,-15850],[28404,-35689],[-31805,-14346],[-35062,-12440],[-50645,-18779],[-19951,-7246],[20046,-29180],[-17628,-22529],[-44337,-56808],[-24561,-31361],[-28894,-37128],[-18848,21933],[-19851,25503],[-25775,38247],[-11696,15158],[-2877,2504],[-18815,24284],[-20226,24778],[-11695,15122],[-4861,5883],[-5568,7220],[-34956,42410],[-5626,7476],[-6757,8551],[-58339,73461],[-14674,21033],[-6597,9782],[15118,8626],[4827,2410],[24537,13196],[6264,3195],[714,24],[11487,6070],[8321,4913],[22800,12527],[10629,5290],[35053,18206],[5798,2727],[1432,956],[3485,1449],[1602,158],[6515,3623],[16914,8969],[21672,12727],[15732,8673],[7695,4030],[12704,7829],[18612,9613],[20086,10023],[9972,6126],[8187,5246]]],"transform":{"scale":[4.530102700205078e-7,2.387212194425081e-7],"translate":[-74.03304743199993,45.76605130700005]}}