{"type":"Topology","objects":{"75045":{"type":"Polygon","arcs":[[0]]}},"arcs":[[[280811,437687],[-4977,-5696],[8523,-7711],[20213,-17282],[43057,-38064],[-13629,-13309],[20226,-14697],[21527,-16007],[-35799,-37748],[2326,-1374],[17223,-16649],[15240,-15065],[16140,-14762],[28905,-26698],[30943,-28480],[43406,-40024],[5864,-5523],[-2009,-457],[-7624,-3021],[-13977,-4990],[-11936,-2974],[-7712,-2294],[-8760,-4219],[-10719,-4883],[-21586,-7989],[-20002,-7661],[-13655,-6242],[-8270,-3211],[-16907,-6913],[-23291,-10144],[-18181,-7149],[-6999,-2887],[-1725,-127],[-3744,-1155],[-1539,-761],[-6233,-2174],[-37672,-14512],[-11423,-4216],[-24504,-9984],[-8944,-3917],[-12345,-4837],[-768,-20],[-6732,-2546],[-26370,-10518],[-5188,-1921],[-16249,-6876],[-19052,21063],[-81,-39],[19616,25636],[24526,21055],[34832,38500],[-1929,2273],[-2759,2605],[-5548,4312],[-1566,-817],[-2362,-482],[-3814,-1907],[-2639,-688],[-1450,-1096],[104,-1533],[-617,-2847],[479,-3252],[-1850,-1179],[-3984,-883],[-1996,-669],[-2757,-447],[-1148,1216],[-4684,-664],[-974,342],[-1964,1946],[-2848,2079],[-1754,-912],[-1362,1129],[-1006,2656],[1242,4080],[-2862,5063],[-18604,15438],[-558,910],[-8559,7826],[-3479,3015],[-3169,3463],[-50,903],[-6678,7217],[3195,1370],[2047,1539],[1154,2575],[-543,2508],[-1124,1887],[11132,3125],[-25694,25932],[-17541,-16754],[-38231,-37561],[-3034,3025],[-8406,8089],[-3717,3828],[-5549,5206],[5960,5764],[-7506,7452],[16256,16242],[-41341,39268],[35562,33738],[-36251,32561],[12754,13035],[45910,37870],[2890,-2685],[32651,31970],[112352,112167],[11740,12536],[24233,-24324],[13376,-13842],[24905,-24146]]],"transform":{"scale":[4.2150499701001265e-7,2.995010930021719e-7],"translate":[-74.09413863499992,45.84801504700004]}}