{"type":"Topology","objects":{"76020":{"type":"Polygon","arcs":[[0]]}},"arcs":[[[499999,382247],[-2112,-11143],[-8358,-41466],[-2431,-13587],[-5387,-159],[330,3290],[-12347,-3545],[6907,41420],[1584,8628],[-33293,-4187],[-8424,-44131],[-20973,28952],[-4489,6145],[-20624,-2049],[8329,-16077],[-7809,-5732],[6313,-11918],[-25703,-14132],[-13064,18031],[-22412,-15073],[500,-1513],[-11621,-7043],[22986,-34011],[3807,-5022],[831,-63],[1472,-1987],[4159,-10172],[2155,-6568],[-21,-1973],[1719,-2977],[1660,-1496],[2998,-1378],[730,-3992],[4917,-37825],[872,-16576],[-13657,2485],[-934,-135],[-6703,1298],[-19961,2558],[-5514,-25963],[-5104,-26276],[-2251,-11302],[4008,-907],[59765,-10933],[51583,-8191],[11447,-2049],[-18591,-93503],[-65613,6472],[-21692,3552],[-41339,5378],[21,134],[-12443,2114],[-576,-2566],[-1737,-1141],[-5568,1429],[-16732,43418],[-1451,1011],[-4500,1484],[-3151,1606],[-4180,658],[-3153,1407],[-4510,267],[-6369,148],[-6973,-2050],[-946,40],[-2858,1799],[-3963,427],[-2726,614],[-4899,1553],[-7776,1476],[-13151,-4999],[-6480,-684],[-5216,15872],[-44002,-15432],[-1508,-409],[-16009,2672],[-15671,2730],[-15189,2851],[-3856,293],[-28384,5826],[2660,10318],[344,730],[-57692,13496],[8613,35132],[8009,34265],[9953,36821],[842,4448],[6924,28977],[2966,12635],[11163,-2335],[4252,-1282],[2444,576],[13353,-2563],[23677,-3763],[53440,245587],[2050,9007],[25583,-8069],[35785,-12002],[86350,-28884],[51797,-17196],[31716,-10629],[31760,-10855],[33013,-10974],[26870,-9027],[29439,-10116]]],"transform":{"scale":[3.523653607307985e-7,2.734875649750988e-7],"translate":[-74.38005617399995,45.60052586000006]}}