{"type":"Topology","objects":{"76025":{"type":"Polygon","arcs":[[0]]}},"arcs":[[[499999,358632],[-3265,-14759],[-5200,-21479],[-7648,-30657],[-5568,-24386],[-1336,-5328],[-5642,-24590],[-5200,-22918],[-2632,-11188],[-3064,-15218],[-574,-5094],[-3387,-26176],[-3576,-26916],[-3729,-26824],[-1817,-11746],[-14046,-71063],[-1015,-6926],[-2367,-13364],[-35925,11560],[-32786,10316],[-40285,12540],[-38754,12407],[-38702,12145],[-38745,12027],[-24459,7625],[-105368,33009],[-43668,13714],[-31241,9226],[2650,19474],[2978,18304],[1342,7212],[1100,28389],[14043,38950],[5662,17606],[1436,5482],[2425,10777],[3846,15456],[1220,7811],[6790,24128],[3564,13291],[7172,26067],[-507,510],[667,8392],[9040,68959],[8134,54621],[28450,-9646],[14390,-4738],[23825,-7722],[39943,-13059],[37241,-12360],[18856,-6119],[68393,-22432],[27240,-9008],[38491,-12876],[42861,-14441],[31104,-10024],[40174,-13238],[17469,-5703]]],"transform":{"scale":[2.887650955301846e-7,2.3931985863970084e-7],"translate":[-74.32802345499994,45.705065636000086]}}