{"type":"Topology","objects":{"76030":{"type":"Polygon","arcs":[[0]]}},"arcs":[[[294887,341606],[24146,-18482],[23272,-20120],[22008,-18520],[4620,-3699],[10931,-10236],[15803,-14066],[12585,-10844],[-111,-205],[61236,-58841],[-1351,-38014],[-8687,-3901],[917,-5506],[10261,-11311],[-1825,-7187],[3449,-15020],[5059,-5656],[6099,-17364],[7357,-14618],[4489,-6295],[2596,-4568],[1284,-8000],[-631,-7198],[1605,-9903],[-158,-4893],[-1944,-10439],[-4219,-1495],[-13497,-5610],[-18303,-7987],[-2375,-1628],[-16455,8916],[-19062,11218],[-23234,13519],[-7071,4187],[-88093,51456],[-1156,-15819],[-903,-9843],[-12376,8595],[-28462,19953],[-22035,15108],[-30366,21768],[-27269,19407],[-19298,13576],[-48454,33813],[-13358,9221],[-26385,18631],[-28297,19684],[-16880,11638],[-10193,7142],[-20156,14540],[1328,33299],[566,11914],[12960,21551],[67320,116376],[26006,40149],[52551,-42811],[41854,-35232],[92302,-80350]]],"transform":{"scale":[4.075968051936147e-7,1.5877782555572216e-7],"translate":[-74.30735885799993,45.78078984700005]}}