{"type":"Topology","objects":{"76035":{"type":"Polygon","arcs":[[0]]}},"arcs":[[[499998,438289],[-1772,-17441],[-2061,-24661],[-8948,-60974],[-9949,-76977],[-734,-9368],[559,-569],[-7891,-29099],[-3922,-14835],[-7472,-26936],[-1341,-8718],[-4233,-17255],[-2667,-12029],[-1579,-6119],[-6230,-19655],[-15452,-43478],[-1210,-31692],[-1478,-8048],[-3274,-20435],[-1343,-10000],[-124419,18524],[-74090,11280],[-29644,4458],[-25332,2966],[-5846,1693],[-47335,8885],[-33208,1430],[-41510,5373],[-37617,4505],[2490,17498],[3658,29421],[4291,37743],[8182,69682],[16664,137511],[3972,40400],[16004,105216],[36826,-6258],[3181,9672],[134170,-20932],[16900,-2706],[253660,-38072]]],"transform":{"scale":[2.6244678289349185e-7,2.1438894077790928e-7],"translate":[-74.43757584399991,45.73978706100007]}}