{"type":"Topology","objects":{"76043":{"type":"Polygon","arcs":[[0]]}},"arcs":[[[258963,479931],[21640,-2548],[23879,-3039],[19102,-810],[27231,-5025],[3363,-958],[14573,-1677],[17053,-2522],[42621,-6380],[71574,-10477],[-891,-6642],[-1584,-6499],[-41274,-177194],[-18288,2715],[-10312,1848],[-1888,-414],[-3284,924],[-8622,1685],[-2291,-9116],[-5348,-20907],[-650,-3210],[-7687,-26567],[-6186,-24722],[-6653,-25349],[22764,-4973],[-2549,-3805],[-3894,-4011],[-3369,-3801],[-631,-2680],[185,-2153],[3088,-4285],[3717,-4792],[824,-2621],[-577,-1570],[-1462,-1672],[-2293,-734],[-4367,-979],[-2214,-1853],[-2947,-2934],[-3280,-2182],[-3355,-1447],[-2323,-2185],[-1628,-3362],[-879,-3428],[-2433,-4584],[-5709,-6274],[-2792,-3353],[-1647,-3020],[-281,-3076],[842,-3525],[4569,-7329],[403,-1981],[-810,-1469],[-2164,-113],[-4375,661],[-3269,-1198],[-1080,-3559],[1223,-3658],[-885,-3606],[-63,-4969],[3237,-2880],[5811,-2172],[4737,-1644],[1228,-2134],[-1219,-2853],[-3318,-1902],[-1793,-2672],[630,-2326],[2926,-1981],[-10188,-2156],[-6496,-3800],[-9874,-20007],[-3324,308],[-18942,102],[-10056,-46],[-12120,258],[-7310,708],[-13101,1802],[-11715,1471],[-8400,1435],[-4315,1868],[-5666,3316],[-5802,3911],[-6984,5690],[-7634,6409],[-8177,7287],[-6679,5617],[-5514,4778],[-3319,3038],[-3241,2269],[-4911,2759],[-6522,3423],[-5459,2607],[-5165,2161],[-6189,1750],[-7592,1705],[-8126,1267],[-7910,-95],[-7792,-405],[-8476,-1464],[-13607,-3719],[-11776,-1715],[-10957,-1252],[-13214,-533],[-7498,-196],[-6521,416],[-8022,1240],[-9536,2532],[-10312,3373],[-9643,4059],[-10466,5094],[-18779,9494],[-6289,3325],[19416,93385],[5945,30572],[703,3512],[6672,31605],[-60,345],[31923,150423],[-90,18],[13924,64530],[289,1980],[2566,13553],[4211,24029],[24126,-2269],[49712,-5729],[56176,-6791],[31969,-4002],[11481,-1277]]],"transform":{"scale":[4.562218824437688e-7,3.790462860925782e-7],"translate":[-74.55572071699993,45.570544615000074]}}