{"type":"Topology","objects":{"76055":{"type":"Polygon","arcs":[[0]]}},"arcs":[[[434133,0],[-25803,9917],[-63591,28065],[-47691,20371],[-24801,13133],[-126079,69665],[-54289,37889],[-40527,38083],[-28566,31097],[-22786,29048],[151058,77341],[88026,-15426],[15403,79570],[34126,10191],[-12952,20742],[-2173,7477],[-9494,10694],[6223,32141],[65744,-11748],[-29608,-159914],[15523,-1581],[5014,26315],[11043,-1734],[162065,-28062],[-65865,-323274]]],"transform":{"scale":[7.541544083087681e-8,5.5444554889140796e-8],"translate":[-74.62092084999993,45.61487723000005]}}