{"type":"Topology","objects":{"76052":{"type":"Polygon","arcs":[[0]]}},"arcs":[[[468818,418906],[-2908,-19222],[34089,-4758],[-3174,-22030],[-2009,-12960],[-228,-1894],[-10910,-61712],[72,-19],[-25015,-143854],[47,-330],[-5239,-30285],[-433,-2626],[-4766,-29910],[-15215,-89306],[-7367,4791],[-4757,3991],[-10126,4850],[-14477,7500],[-3321,1815],[-3220,1033],[-6150,2952],[-6333,2629],[8533,45222],[-20993,3924],[-1430,243],[-649,-3681],[-2011,221],[3834,22371],[-8514,1643],[-808,-4496],[1231,-1496],[281,-1046],[1677,-2903],[-4419,-1424],[-1996,-11132],[-11402,2159],[-19566,-10819],[-7924,10908],[-5717,4421],[-2413,1712],[-2964,1602],[-6697,2295],[-3724,527],[-6817,-1064],[-5592,-328],[-4325,-879],[-10722,-3273],[-12323,-4083],[-14791,-3539],[-14570,-2731],[-11244,-1226],[-11364,-1670],[-14327,-2410],[-16765,-2903],[-12337,-1873],[-12568,-1014],[-9040,672],[-7116,1551],[-4550,1373],[-28583,10344],[-13569,3855],[-15441,3752],[-17208,3514],[-11455,2033],[-11979,988],[-13705,-17],[-11316,-1996],[9766,47424],[6141,31455],[14377,68300],[18021,91518],[11296,54252],[18236,61427],[15218,56735],[87139,-20261],[7994,-5113],[15701,-1490],[617,1065],[1081,-753],[1478,-642],[2345,-709],[1496,-170],[3959,620],[5903,1044],[4002,505],[6520,314],[7092,-349],[4400,-440],[20601,-3053],[14133,-1948],[198,-92],[15371,-2228],[1946,355],[2336,-1124],[2187,-351],[1264,199],[68288,-11707],[26517,-8039],[28627,-10663],[44568,-16063]]],"transform":{"scale":[5.822268504537162e-7,3.963531827063127e-7],"translate":[-74.80790088299995,45.60316070400006]}}