{"type":"Topology","objects":{"76065":{"type":"Polygon","arcs":[[0]]}},"arcs":[[[164624,491979],[1105,-183],[77525,-10982],[72705,-9865],[12612,-1508],[73590,-10875],[92712,-13770],[5126,-851],[-6303,-24703],[-7541,-39884],[-8218,-60592],[587,-13165],[-1737,-26153],[-3546,-18862],[-2698,-15781],[-12128,-88188],[-10678,-38741],[-3650,-4622],[32,-1151],[558,-1606],[-9,-1572],[-731,-3249],[95,-1237],[-1402,-3007],[-906,-10292],[-2099,-50886],[-5694,-40254],[-51467,19850],[-33060,13179],[-30621,9935],[-78858,14466],[-1461,-244],[-2523,433],[-2699,1389],[-2248,-439],[-17749,2754],[-230,114],[-16322,2408],[-23666,3758],[-5203,559],[-8190,430],[-7530,-388],[-4621,-625],[-6819,-1289],[-4571,-766],[-1727,208],[-2708,877],[-1707,793],[-1247,932],[-713,-1316],[-18132,1840],[-9232,6320],[-100627,25038],[36912,159018],[16130,-208],[16197,95040],[9066,51293],[10624,94547],[8743,93],[18306,-1413],[13240,-1279],[35406,-5328]]],"transform":{"scale":[5.041774903550287e-7,3.2072098344192557e-7],"translate":[-74.75372111699994,45.76919541900008]}}