{"type":"Topology","objects":{"77011":{"type":"Polygon","arcs":[[0]]}},"arcs":[[[499999,241261],[-15901,-11765],[-66797,47209],[-18275,14787],[-22719,-14496],[-28207,22883],[-1922,-6806],[-3010,-2109],[-5085,1514],[336,3336],[-2940,1964],[-563,5082],[-2967,426],[-9110,-5530],[-4489,-1036],[-3650,-2320],[41408,-35500],[-2310,-3364],[-7217,-3609],[-10623,-1776],[-5603,-1552],[-4419,-3101],[-10426,-9854],[80963,-61495],[6621,-4606],[-228858,-169543],[-86101,57145],[12319,11004],[-16091,12545],[-3995,4815],[265,4109],[-2045,5559],[8934,993],[6827,2814],[3292,2443],[5615,2423],[16419,4266],[5018,157],[8283,-4615],[5014,-110],[10087,-2291],[5313,1090],[1512,1523],[-444,6682],[1901,2589],[7762,3138],[5439,3025],[-908,1210],[-7523,67],[-4139,2506],[151,1554],[4733,1676],[3610,4644],[808,3868],[10116,4921],[9789,2119],[3097,1843],[1361,3595],[6727,2212],[4449,-574],[875,-3213],[2389,-1557],[9857,647],[2540,1848],[4935,693],[1049,1593],[-6929,2264],[660,6073],[5273,3774],[1931,3899],[-1293,1226],[372,4170],[-58532,43511],[-27725,17131],[-3259,-1318],[-5754,383],[-1144,-1727],[1911,-2353],[8450,-340],[2813,-4032],[-8578,-7406],[-4596,-8110],[554,-5682],[-6577,-9961],[-7439,-5947],[-6239,-881],[-8392,3812],[-8713,6821],[-4434,1508],[-3515,-4712],[-3080,-776],[-3586,2235],[-3836,-1637],[-425,-3202],[-8694,-6521],[-9873,7416],[12691,8470],[60516,42105],[-6967,4266],[-119067,84248],[72400,52208],[37603,29583],[-79331,64203],[39160,26342],[82836,-61435],[10550,6785],[17149,-13395],[90411,-69617],[12680,-9572],[55946,31495],[28423,-19431],[14462,-10910],[8734,-5678],[16620,-11429],[-6409,-4024],[-13456,-3546],[112221,-87981]]],"transform":{"scale":[1.3909857019711187e-7,1.3475298350596812e-7],"translate":[-74.05928292199991,46.01221590300008]}}