{"type":"Topology","objects":{"77012":{"type":"MultiPolygon","arcs":[[[0]],[[1]]]}},"arcs":[[[371040,246753],[978,-1022],[-112,-1737],[1695,-790],[1005,1100],[640,3544],[9402,-11920],[7572,7552],[6092,-7704],[22266,-24588],[-27002,-31230],[-2207,2400],[-26986,32031],[3475,5133],[1473,1616],[1868,808],[3540,924],[2406,1881],[771,1753],[-13802,18491],[1215,1208],[1497,540],[3036,2880],[989,-222],[189,-2648]],[[311730,382209],[25675,-29180],[41439,48327],[10760,12025],[5770,7148],[4760,-5542],[8231,-9303],[9115,-10045],[19681,-21883],[20049,-24345],[21858,-23050],[14510,-17121],[6420,-7713],[-17891,-19890],[-21609,-23904],[-16982,-19407],[-15569,-18618],[-2071,-2393],[-37405,45828],[4486,1848],[2137,2094],[-5541,5954],[-2911,2958],[-4822,5682],[-9472,10121],[-18648,-16404],[-4227,4985],[-30137,36262],[-5716,6977],[-3516,-3534],[-27611,32001],[-13052,-13721],[26443,-33442],[-12535,-15409],[-24132,-27195],[39688,-43882],[2321,-2222],[-20171,-21932],[-4230,-4412],[3291,-3863],[2898,3396],[142,1668],[1279,854],[1194,-1164],[1027,403],[1172,2454],[1477,-784],[2905,-3554],[2796,-1985],[2081,459],[2480,3097],[2192,5188],[-185,2961],[1531,4223],[2861,3858],[-938,2101],[-2817,176],[-637,1226],[382,899],[1917,-199],[1087,687],[9241,-8924],[19510,-22663],[-124,-2173],[430,-639],[-643,-2029],[-1757,-1967],[-221,-3162],[2311,-1180],[-351,-831],[-1644,-359],[-847,-963],[-3287,-338],[-796,811],[-291,1673],[-1483,299],[-2241,-1151],[-454,-1874],[-1032,-960],[-3264,-1103],[-3372,-2563],[-269,-2015],[-1203,-2419],[-1578,-872],[-51,-809],[1381,-1306],[2506,-36],[304,-629],[-1813,-1577],[-2588,-1634],[-633,-1348],[148,-3482],[-505,-792],[-1770,-568],[-3361,1193],[-1672,59],[-2762,2403],[-1672,-83],[-5473,-2222],[-1872,-1262],[-1096,-1273],[-2276,-1465],[-2979,-517],[682,-2896],[-88,-2140],[1332,-2508],[5363,-6534],[-4106,-5732],[28699,-29766],[-15870,-19351],[-5593,-7570],[-18809,-20064],[-530,-315],[-15030,-16707],[-2389,-3756],[-4523,-4912],[-1435,-2284],[-1746,-1172],[-3599,-3908],[-10378,-11608],[-86667,91002],[-44730,48735],[-65496,73867],[-207,-254],[-17295,20415],[-22996,26090],[15819,17604],[134,-147],[26702,29117],[26213,28837],[13414,14656],[12787,14098],[12830,14253],[5963,6502],[12449,12898],[6629,8882],[14037,15724],[10031,10900],[15121,16863],[17322,18950],[10587,11655],[13008,13675],[5730,5677],[17570,-23150],[9805,-11653],[477,-723],[27464,-35627],[11813,-13157],[25825,-33480]]],"transform":{"scale":[4.173109186217879e-7,2.5870241140477806e-7],"translate":[-74.1674570429999,45.98850648000007]}}