{"type":"Topology","objects":{"77022":{"type":"Polygon","arcs":[[0]]}},"arcs":[[[457858,353812],[-9284,-15359],[-88831,-137439],[-25815,-39171],[-2284,3292],[-36299,-46402],[-10144,-16065],[-61957,-90063],[-22490,37788],[-2067,-3566],[-1388,-5876],[-175,-3046],[340,-1314],[1915,-2740],[756,-2611],[-7,-1753],[-494,-2174],[-1155,-1905],[-1253,2025],[-277,1956],[-935,1156],[-1604,-1262],[-2104,-3316],[-1797,-929],[-810,-1570],[473,-1627],[-778,-3892],[-636,-1020],[-1991,-1182],[-989,420],[-1028,-1824],[-852,-4109],[-1286,-679],[-1173,-1785],[-1772,-783],[-2309,1953],[-1062,274],[-2225,-722],[-8648,13730],[-5574,-9359],[-2409,3092],[-5442,-8451],[-640,1103],[-21442,33309],[-27790,-41916],[-62983,94962],[-39143,58946],[90786,135762],[5036,6992],[10344,15121],[2463,3844],[4643,-6849],[7211,-10829],[4376,5483],[11613,-17765],[6291,8769],[-6382,10484],[47378,64960],[5731,7464],[-5603,9657],[46814,76827],[35015,-51579],[67841,-96316],[8124,12288],[2816,4136],[1369,1238],[1122,2419],[3540,5198],[1870,3976],[11765,17682],[417,334],[14723,21234],[4379,8014],[12422,20479],[55622,87068],[48273,-76500],[-42141,-69687]]],"transform":{"scale":[5.331120602241465e-7,2.444339128677337e-7],"translate":[-74.24621468799995,45.911281484000085]}}