{"type":"Topology","objects":{"77035":{"type":"Polygon","arcs":[[0]]}},"arcs":[[[443967,455761],[-15904,-7221],[7315,-6201],[-45161,-17815],[3848,-20625],[688,8569],[8262,755],[2089,-675],[6024,-6330],[15403,1984],[210,-1854],[4768,480],[5204,-5279],[4679,480],[55,-1273],[5711,1304],[345,-1077],[-1841,-5241],[-9531,-8199],[-4624,514],[-971,-6950],[1505,280],[202,-4909],[-4912,-137],[4806,-24786],[13951,2300],[656,-4030],[-2507,-414],[11657,-16324],[235,-3910],[-16452,-1705],[-27934,-3731],[1816,-731],[-428,-2399],[1737,351],[1657,-3431],[13015,-5376],[10661,-4709],[-5986,-2567],[5333,-6],[-388,-6333],[-1426,-2002],[-3710,-922],[11390,553],[1528,-1282],[698,-9378],[-11216,-770],[645,-4805],[-11838,-1269],[-42385,-6348],[20857,-37784],[15733,-29129],[18670,2609],[3363,-11623],[9034,1300],[1908,-6147],[37850,5757],[9738,-51755],[-21921,-3765],[1005,-7235],[-4959,-1318],[1619,-11854],[-3084,-1169],[5127,-9212],[2620,-35377],[8010,1585],[842,-5026],[-27335,-4178],[-15191,-2543],[-32798,-5769],[-11737,23598],[-75476,-12105],[-2290,10889],[-9837,-1585],[-45124,-45151],[-34553,-35330],[-26080,12462],[-32747,16166],[-22649,11764],[-9577,4252],[-45603,21285],[-48227,23123],[-50034,21242],[165126,171372],[21524,21210],[21963,22359],[64695,63543],[8810,-8416],[19195,15108],[9573,-9437],[6844,-1388],[52616,55580],[30293,31732],[20025,21229],[7402,6813],[8272,-7861],[15732,-10926],[10806,-6375],[5702,-5538],[4252,-6237],[163,-2999],[-1408,-2784],[-2701,-1274],[-3533,431],[-11360,3516],[-8145,-1862],[-1879,-2329]]],"transform":{"scale":[1.9669778139563787e-7,1.3815120230238486e-7],"translate":[-74.18716396699995,45.819791990000056]}}