{"type":"Topology","objects":{"77030":{"type":"Polygon","arcs":[[0]]}},"arcs":[[[499999,137258],[-39858,-34558],[-29102,22792],[-15812,-14260],[48389,-42603],[-58573,-19045],[7,6674],[-3081,6001],[-2870,3541],[-5128,4476],[-7418,2743],[-4631,-938],[-9446,-3560],[-8852,-1459],[-5749,268],[-11047,4183],[-6677,3648],[-3341,4739],[2399,3912],[10076,2008],[14049,-3791],[4370,-464],[3341,1371],[1740,3005],[-200,3234],[-5260,6724],[-7053,5970],[-13364,6876],[-19457,11781],[-10231,8475],[-9154,-7345],[-24767,-22892],[-37466,-34215],[-65073,-59931],[-8464,1496],[-11840,10174],[-23739,-16288],[-66972,55765],[22763,18980],[-51821,42005],[-18644,14754],[11139,9421],[3235,-1732],[7197,7560],[36711,34085],[-5217,3874],[-6440,3640],[-5067,5811],[3175,3412],[-2395,1807],[8603,8563],[-69529,56761],[30928,25331],[-9063,6878],[-4088,4047],[-21232,19188],[7462,1377],[3561,-524],[7738,-3724],[5936,1490],[3934,3406],[4312,1295],[2854,7842],[3449,3481],[3314,-804],[6675,2256],[2132,1948],[2607,7423],[-1584,3105],[2713,2995],[6021,1770],[7053,6328],[5381,2408],[3135,-2207],[926,-3732],[4200,-3861],[3870,3634],[1656,4147],[27,3343],[-2538,4982],[-6420,5230],[-1136,2507],[587,5813],[4651,11206],[6925,6807],[75391,-72095],[207880,172003],[96076,-76115],[-94248,-78871],[109567,-91791],[-43086,-37970],[19895,-17420],[-15797,-13473],[14707,-12171],[9849,-8949],[22279,-18910],[8045,-7071]]],"transform":{"scale":[1.5904128808255433e-7,1.2812065024129312e-7],"translate":[-74.15341545399991,45.87233960300006]}}