{"type":"Topology","objects":{"77043":{"type":"Polygon","arcs":[[0]]}},"arcs":[[[422951,452773],[13002,-14209],[2504,-2999],[5550,-5093],[-18939,-18761],[42576,-42037],[-5267,-6340],[1466,-1339],[-1944,-2526],[3103,-4305],[3943,-2695],[3194,-2870],[-22480,-25243],[-4408,-5598],[-1980,1283],[-6821,-6977],[11418,-10926],[31731,-31110],[-13939,-14057],[34339,-34578],[-48996,-50745],[-16634,-17854],[-16303,-16938],[-125059,-136856],[-144850,73749],[-65686,32336],[-82471,39292],[41466,44437],[5774,5601],[12886,14157],[143864,154692],[15254,16124],[40675,44152],[15359,16232],[57040,59227],[44014,-47064],[1311,-1559],[11171,11942],[4945,-4372],[11442,13224],[17750,-19397]]],"transform":{"scale":[2.5972054544108745e-7,1.7299782399560456e-7],"translate":[-74.26326478099992,45.83502866200007]}}