{"type":"Topology","objects":{"77050":{"type":"Polygon","arcs":[[0]]}},"arcs":[[[262903,431600],[237096,-138781],[-17371,-10360],[-46005,-28177],[-17250,-10290],[-162715,-98722],[-14572,-9035],[-6532,-3573],[-46899,-28359],[-46160,-23516],[-119492,-68165],[-23003,-12622],[1031,6814],[18801,99275],[19726,91352],[275,-56],[1093,5539],[529,5442],[1592,5105],[-252,1827],[3052,3584],[12792,38949],[1964,7491],[40248,115056],[39679,76988],[2222,42633],[71064,-39766],[49087,-28633]]],"transform":{"scale":[2.2963537527064591e-7,2.710789521578771e-7],"translate":[-74.3065868409999,45.831904189000056]}}