{"type":"Topology","objects":{"77055":{"type":"Polygon","arcs":[[0]]}},"arcs":[[[499999,315603],[-32201,-94468],[-54912,-138829],[-100867,7843],[-3569,-11741],[659,-3645],[-2709,-3098],[-21784,-71665],[-174067,11880],[75273,219479],[-185822,15214],[41849,111929],[69722,-7300],[52345,148796],[286085,-17427],[-48495,-158407],[98493,-8561]]],"transform":{"scale":[8.182650765310722e-8,1.2238603677211907e-7],"translate":[-74.49075305699995,45.86958346700004]}}