{"type":"Topology","objects":{"77060":{"type":"Polygon","arcs":[[0]]}},"arcs":[[[102940,494815],[-7143,-42070],[31746,-5724],[-12859,-82560],[29737,-4469],[3723,26958],[462,1165],[-113,1370],[610,4417],[17232,-2949],[9381,52222],[5503,35537],[67705,-12982],[28844,-5686],[39005,-7971],[1009,132],[1530,-538],[1400,17],[1878,-791],[758,547],[2764,-1280],[95782,-19668],[78105,-16094],[-589,-5760],[-131,47],[-9457,-76113],[-9015,-82715],[-139001,25088],[-9260,1783],[-73518,13792],[-1744,-6371],[-20179,4123],[-8771,-69333],[-2175,-26622],[-9132,-90612],[-4482,-45918],[-2352,-24870],[-2004,-19387],[-1366,-11530],[-10936,1488],[-30450,4664],[-53510,7911],[-47353,6674],[-22982,2643],[-153,-1157],[-41439,5798],[9529,63098],[2210,50162],[952,10145],[1476,2964],[-100,1219],[770,3204],[10,1550],[-588,1583],[-35,1134],[3842,4556],[11241,38190],[12768,86935],[2838,15554],[3733,18595],[1829,25782],[-618,12975],[8651,59732],[7940,39316],[9612,35284],[26880,-5184]]],"transform":{"scale":[4.78956345912723e-7,3.25349118698253e-7],"translate":[-74.53663568299993,45.752460522000035]}}