{"type":"Topology","objects":{"77065":{"type":"Polygon","arcs":[[0]]}},"arcs":[[[499999,430367],[-28409,-128053],[-1438,-43586],[-25658,-78711],[-26027,-117629],[-1270,-7657],[-8272,-39820],[-1974,-3663],[163,-1869],[-1029,-5220],[-256,-4159],[-105344,19747],[-129186,24132],[-3730,1572],[-1021,-671],[-2535,969],[-1887,-20],[-2063,660],[-1360,-161],[-52610,9780],[-38902,6978],[-67191,11723],[21411,133369],[525,4173],[927,4872],[25736,160029],[3944,19040],[13260,28878],[19592,74682],[9474,-781],[209,1027],[17108,-3153],[13421,-1852],[40527,-6654],[37669,-7179],[54009,-9158],[32692,-6069],[32986,-5745],[24944,-4579],[64231,-10230],[2067,-205],[85267,-14807]]],"transform":{"scale":[3.551083922168234e-7,2.6514996229984054e-7],"translate":[-74.44127133699993,45.887284855000075]}}