{"type":"Topology","objects":{"78005":{"type":"Polygon","arcs":[[0]]}},"arcs":[[[499999,399278],[-82870,-98979],[9918,-12439],[-10147,-9618],[-83865,-83690],[11297,-13508],[-11138,-11295],[-20557,22886],[-7747,-7063],[-12762,13950],[-8220,8824],[-4358,-4951],[-18314,-19483],[-8914,-9008],[-160708,-174904],[-37430,40910],[-54184,56814],[13980,74717],[7406,-8269],[18040,-19542],[161252,170500],[15764,14995],[-1202,2448],[5899,6430],[27394,26811],[822,-1058],[22028,18232],[25163,20283],[10589,8304],[15659,-16130],[86450,104554],[90755,-100721]]],"transform":{"scale":[3.0116288832582665e-7,1.897292394585382e-7],"translate":[-74.27380569899992,45.94890203700004]}}