{"type":"Topology","objects":{"78010":{"type":"Polygon","arcs":[[0]]}},"arcs":[[[457074,382031],[-27751,-20726],[40339,-30718],[30337,-24037],[-109074,-89977],[-19822,13926],[-13403,-7171],[-31855,-17513],[-27884,-15742],[-1041,913],[-34680,-23150],[-7467,-5553],[1522,-2114],[-19956,-12946],[-204128,-147223],[-22836,16873],[-9375,7141],[24706,90008],[3025,8513],[14376,44364],[66486,50259],[35160,27209],[-3713,2648],[-11891,8974],[-21465,17815],[-25798,20658],[5941,16702],[7683,-3353],[1963,1205],[5361,4214],[79786,54155],[14953,-11686],[4646,-3471],[7995,5900],[1269,1466],[73124,57864],[4472,3331],[-50437,37204],[32146,22064],[29344,19942],[11447,-8664],[16806,-12419],[26387,-19800],[41294,-30886],[20752,-15418],[41256,-30781]]],"transform":{"scale":[2.3790470380945525e-7,2.1972867945735382e-7],"translate":[-74.26959516099993,45.97634256900005]}}