{"type":"Topology","objects":{"78015":{"type":"Polygon","arcs":[[0]]}},"arcs":[[[189548,0],[-5416,3422],[-52826,32940],[-22645,22289],[-19000,19059],[-26043,21337],[-63618,45288],[32358,24536],[123205,92729],[-14472,8894],[-9378,5126],[-13100,9465],[-10412,7299],[-17306,13220],[26400,18657],[-23840,16727],[-47629,33848],[43332,32518],[17127,-11605],[38481,29953],[7279,5142],[36152,-26695],[38717,1692],[93520,68306],[22139,14522],[15074,11330],[8959,-5940],[4924,-1842],[7449,-1725],[1274,-3638],[4379,-9565],[3930,-7113],[1662,-1499],[3642,-1732],[3495,-3785],[5326,-1527],[2081,-6137],[2240,-3209],[445,-2583],[-350,-3670],[1059,-1714],[-1525,-1695],[1012,-706],[-1108,-1961],[2187,-2596],[1618,-362],[1457,-3333],[-614,-4533],[-5701,-4096],[-19646,-6712],[-16463,-5422],[-8156,-3128],[-5646,-12828],[-20817,-46],[-12225,-10315],[-31768,-24854],[37984,-24959],[34498,-22978],[43245,34855],[64270,-45915],[-50918,-37958],[31185,-19319],[38965,-27593],[-34379,-25898],[-9908,6875],[-15504,-11464],[69793,-49366],[-57925,-45091],[-15026,-12510],[-74366,51053],[-8262,-6387],[-28057,-22202],[-27202,-21953],[-54167,-44201],[-45445,-36722]]],"transform":{"scale":[2.1574341548686143e-7,2.057894315788606e-7],"translate":[-74.30717272999993,46.11448933000008]}}