{"type":"Topology","objects":{"78020":{"type":"MultiPolygon","arcs":[[[0]],[[1]]]}},"arcs":[[[51793,234434],[-16624,-13301],[-13184,9899],[-21985,16114],[11103,8024],[17465,13043],[4292,3563],[15670,12207],[22440,16393],[5246,4467],[5652,3716],[8891,-7166],[5349,-3958],[6732,-5130],[4818,-2780],[7434,-4820],[-63299,-50271]],[[449230,410974],[47078,-33759],[-19532,-15526],[-34638,-28178],[-37227,-30184],[-36461,-29352],[-5888,-5331],[-7286,-5930],[-12442,-10801],[-6351,-5086],[-6761,-5187],[-3988,-2872],[-9410,-8720],[-4872,-3411],[-5630,-3815],[-6855,-4785],[6666,-6417],[10299,-7976],[9385,-6568],[13468,-9310],[12388,-7009],[5287,-2115],[1956,-1275],[15338,-9018],[16465,-9955],[8871,-5136],[8314,-5641],[9632,-9035],[11297,-10180],[7738,-4723],[11826,-6242],[10348,-6895],[16195,-8804],[16492,-9057],[9067,-4602],[-6589,-6055],[-12371,-8790],[-5927,-4429],[-12748,-9714],[-12709,-9609],[-13331,-9987],[-26050,-19653],[-26534,-19842],[-23507,17915],[-11755,8925],[-23395,17877],[-14949,11463],[-9523,7188],[-6485,5014],[-16624,-11543],[-17088,-11959],[-18115,13956],[-15560,12277],[70,55],[-32476,29035],[-18688,13931],[-43092,28754],[23348,19907],[27828,23961],[13976,11902],[14416,12035],[4244,3464],[38207,-27677],[7720,6783],[29759,24442],[-35857,26762],[7966,6215],[5090,-3727],[17663,14041],[-20020,14957],[-16022,10474],[26161,20578],[-33020,24891],[-22218,-18895],[-17724,12457],[-19513,13529],[16320,13473],[6281,5593],[10695,25],[2900,6953],[4192,1696],[8457,2939],[10094,3639],[2927,2221],[316,2457],[-748,1807],[-830,196],[-1124,1407],[569,1064],[-520,382],[783,919],[-543,929],[179,1991],[-228,1399],[-1152,1741],[-1069,3326],[-2736,827],[-1795,2052],[-1872,939],[-853,814],[-2020,3855],[-2249,5186],[-655,1972],[-3827,935],[-2529,999],[-4604,3220],[3977,3798],[13040,10398],[17512,13880],[16860,13202],[16711,12794],[40656,31552],[17817,-14219],[17910,-12791],[69849,-50128],[15982,-11455]]],"transform":{"scale":[4.199249898500223e-7,3.796072492144989e-7],"translate":[-74.32194126199994,46.06024804700007]}}