{"type":"Topology","objects":{"78032":{"type":"Polygon","arcs":[[0]]}},"arcs":[[[207234,482139],[22360,-19317],[46649,-41301],[13608,-13866],[9927,-12385],[11832,-14486],[27603,-21408],[46656,-36693],[19007,-16703],[33029,-34807],[-73,-65],[15825,-14717],[18424,-16733],[-1144,-971],[29061,-25817],[-2577,-2311],[-42133,-40155],[-731,-1016],[-4605,-4094],[-2677,2409],[-8616,8108],[-45972,-37578],[-3088,-2924],[-1133,-837],[-4425,2328],[-3424,-11591],[14866,-14334],[12367,-12362],[6851,-6227],[2139,-1839],[-20258,-18879],[-38308,-34876],[-8283,-30785],[-1745,-5907],[-73331,12398],[-1779,172],[-55241,8567],[-21451,3835],[-28369,4811],[-28118,5081],[-46450,7667],[-32396,6013],[-34856,5572],[-11543,1550],[-14712,2641],[12135,57808],[2095,14500],[64182,-16316],[7049,20004],[17228,-3534],[50856,-10145],[4552,17745],[9739,38857],[10898,47013],[10680,48083],[6482,34155],[-78872,16440],[-65926,17550],[10660,39662],[2222,18609],[6073,21668],[22808,79592],[68473,-59352],[45900,41493]]],"transform":{"scale":[4.128978757957212e-7,3.1665111930231003e-7],"translate":[-74.40750810499992,46.001396587000045]}}