{"type":"Topology","objects":{"78047":{"type":"Polygon","arcs":[[0]]}},"arcs":[[[499998,450123],[-2641,-24544],[-18126,-74850],[-11999,-42208],[-2278,-16786],[579,-12349],[-13766,-73299],[-45533,9801],[-9980,-59731],[43985,-7502],[7267,-1167],[-9128,-70110],[-14639,-77378],[-12193,1086],[-47575,29020],[-50120,2375],[-62005,6753],[-1950,260],[-180292,26492],[-32012,5291],[-3671,1823],[-33921,4201],[420,1665],[16114,81763],[20335,96847],[18291,98374],[13078,63882],[6141,46333],[124918,-22836],[4300,29010],[1314,578],[1993,2724],[1960,3286],[2016,736],[2232,198],[2321,10983],[5134,-993],[5415,-2662],[453,1431],[3720,-2032],[2682,13411],[47653,-9285],[219508,-40591]]],"transform":{"scale":[3.4738688477383523e-7,2.400916641833219e-7],"translate":[-74.55478414399994,46.019586942000046]}}