{"type":"Topology","objects":{"78042":{"type":"Polygon","arcs":[[0]]}},"arcs":[[[85616,36069],[12741,85466],[-13947,1958],[-84410,12575],[19152,100123],[87382,-16431],[26420,122867],[-1113,20699],[4371,28137],[23028,70752],[10474,37784],[150378,-38799],[179907,-36344],[-14785,-75509],[-24365,-106296],[-24855,-103935],[-22219,-85905],[-10382,-39228],[-115998,22428],[-39299,7812],[-16079,-44223],[-146401,36069]]],"transform":{"scale":[1.8101624603243946e-7,1.4323313446629405e-7],"translate":[-74.4171305759999,46.03758962000006]}}