{"type":"Topology","objects":{"78055":{"type":"Polygon","arcs":[[0]]}},"arcs":[[[499999,429980],[-19642,-75549],[-13291,-29215],[-3954,-19260],[-25799,-161888],[-930,-4928],[-526,-4222],[-21465,-134918],[-46940,8250],[11203,73966],[-66084,8138],[-12092,-69478],[-16115,3366],[-36343,6435],[-4029,-13572],[-7294,1043],[-131958,16850],[-104740,13305],[14561,92522],[14243,60211],[229,1785],[6583,30322],[-295,434],[18199,82336],[36724,-6743],[-5776,-25112],[18632,-4452],[-6083,-26149],[72409,-13691],[15238,-2672],[6107,24577],[9548,-1657],[10195,-576],[6960,24353],[17394,-1529],[15240,54031],[14045,-3190],[7003,32085],[5184,24609],[-61508,11563],[-6486,-26479],[-92928,15789],[4079,29280],[-42141,7122],[16590,72926],[33266,-3848],[3600,-1668],[31393,-4849],[176808,-24267],[1913,-237],[60807,-6187],[49151,-2175],[46655,-26582],[2460,-205]]],"transform":{"scale":[3.542330864662074e-7,2.621046122092254e-7],"translate":[-74.58806313299993,45.90709425000006]}}