{"type":"Topology","objects":{"78050":{"type":"Polygon","arcs":[[0]]}},"arcs":[[[141589,492152],[75903,-18449],[-7345,-75852],[167383,-40902],[11681,68595],[110788,-29955],[-9337,-63754],[-12616,-83119],[-25295,8267],[-27452,-139975],[-31330,3963],[-12536,-63086],[-18362,1491],[-17200,4292],[-10998,-63668],[-27446,6922],[-130425,35465],[10959,67742],[-33561,11533],[10403,65057],[-66147,17466],[-10615,-69046],[-88041,23141],[16992,146715],[703,-191],[8990,71303],[3654,27463],[-1480,3828],[4300,37097],[65459,-12358],[10656,67862],[32315,-7847]]],"transform":{"scale":[1.9666593733183027e-7,1.0117574635154972e-7],"translate":[-74.5885069539999,45.96923796500005]}}