{"type":"Topology","objects":{"78070":{"type":"Polygon","arcs":[[0]]}},"arcs":[[[436117,407350],[241,-137858],[63640,1171],[-4372,-32162],[-6265,-41955],[-15061,-71222],[-9610,-44254],[-1407,-7249],[-15800,-111],[-25953,580],[-57785,1152],[-25923,168],[-1464,-72326],[-34116,-1928],[-38210,-1356],[1515,37670],[-11880,-464],[532,39277],[-45683,661],[-906,76100],[-9544,-97],[-688,38906],[-39516,-926],[-2394,117691],[-16936,-158],[-1487,391],[-1773,-422],[-81353,79],[-53919,-172],[599,37481],[1202,78646],[24816,-68],[-178,23764],[-391,4080],[398,3279],[-163,2869],[36394,773],[27061,780],[504,33906],[65309,734],[54001,570],[-80,3675],[115036,974],[-60,-18183],[37737,-455],[1733,-62],[-431,-53879],[-205,-18883],[72835,-1187]]],"transform":{"scale":[5.254998649997324e-7,3.8161462522924516e-7],"translate":[-74.94093017599994,45.94410205200006]}}