{"type":"Topology","objects":{"78075":{"type":"Polygon","arcs":[[0]]}},"arcs":[[[415302,43486],[-22930,5058],[-37055,9529],[-42468,7854],[-13644,3170],[-23470,4858],[-72475,11031],[-8954,-35052],[-6954,-46792],[-186647,-3142],[-705,369922],[31976,681],[649,128387],[105969,169],[54695,781],[22673,-431],[84072,489],[-15462,-55056],[836,-2956],[-2221,-1975],[-17336,-67826],[105343,-16893],[-17461,-93304],[18437,-4137],[54447,-10215],[18170,-2113],[16107,-1410],[39105,-6071],[-21478,-90334],[-32098,4175],[-31121,-108397]]],"transform":{"scale":[1.7917880235754935e-7,1.42215538430956e-7],"translate":[-74.7117503689999,46.046944443000086]}}