{"type":"Topology","objects":{"78095":{"type":"Polygon","arcs":[[0]]}},"arcs":[[[266893,494858],[104042,-68033],[69663,-45662],[59400,-39105],[-70065,-46159],[-58127,-38184],[-1716,-1102],[-22180,-14449],[-75751,-49415],[46087,-29121],[-23961,-16484],[11526,-8135],[65633,-42199],[39245,-25270],[32490,-20676],[-15203,-38036],[-4053,-10364],[-123214,14722],[-26748,3367],[-1505,-4865],[-2087,737],[-256,-518],[-3038,965],[-2882,361],[-1303,-3984],[-1252,-72],[-1133,-266],[-1100,-1192],[-1119,-989],[-737,-209],[-2413,-10521],[-70120,8281],[3125,15229],[4259,21047],[9809,40431],[5894,41540],[2772,13396],[9695,28514],[5066,18700],[-713,6237],[-23887,16161],[-60109,37264],[-45707,28878],[-14286,8783],[-80934,51729],[8710,5748],[52506,34710],[26449,17535],[15362,10141],[17640,11702],[46588,30113],[50433,29581],[41463,24279],[7742,-5141]]],"transform":{"scale":[6.188795217591048e-7,6.619794719589468e-7],"translate":[-74.64344906199995,46.126026849000084]}}