{"type":"Topology","objects":{"78100":{"type":"Polygon","arcs":[[0]]}},"arcs":[[[499998,199821],[-3912,-3399],[-20689,-19793],[-9208,7669],[-23295,-21491],[25605,-22368],[12816,-11054],[-13771,-12005],[-6336,-4854],[-5490,-5445],[-23480,-19982],[-16399,-14881],[-4492,-4343],[-18275,-15900],[-11924,-10039],[-46922,-41936],[-70454,60354],[-24,-78],[-50104,43953],[-60525,53719],[-101219,89710],[-17779,17292],[36954,35041],[-71075,61906],[116824,105045],[34206,30716],[2647,2341],[40981,-32676],[63617,-57082],[74757,-65793],[45083,-36329],[74986,-65462],[-139,-169],[47036,-42667]]],"transform":{"scale":[4.012903005804135e-7,3.1140267080533245e-7],"translate":[-74.47501474899991,46.14092756800005]}}