{"type":"Topology","objects":{"78102":{"type":"Polygon","arcs":[[0]]}},"arcs":[[[426792,170169],[-6210,-20068],[-13231,-27669],[-18504,-42611],[-20570,-41947],[-16301,-35415],[-1038,-1955],[-27889,-504],[-14078,1451],[-29030,5029],[-33188,6766],[-5034,823],[-9389,1806],[-1957,53],[-5900,678],[-4806,1050],[-6839,957],[-2217,427],[-13682,1571],[-2181,152],[-23011,2473],[-1331,662],[-5345,1130],[-23431,675],[-8891,720],[-10094,887],[-11490,1456],[16237,27812],[16748,-1072],[11208,23177],[-20404,1557],[-8404,362],[-9482,542],[-28408,2622],[-9621,1061],[9111,23938],[-54964,4334],[9045,17403],[1159,507],[-436,757],[8067,14127],[40208,81115],[-82683,-821],[8651,17931],[-17187,2336],[28675,57308],[15952,27507],[65800,1153],[7940,-2194],[5081,-2138],[16187,-859],[3467,10434],[-317,906],[8808,11795],[24076,46540],[31344,50083],[32203,53010],[25747,-10491],[82372,-34488],[108328,-44503],[43049,-19300],[1286,-7446],[-9129,-22334],[-17473,-34052],[-4998,-16000],[-10621,-49609],[-17679,-48285],[-7675,-25134],[-5631,-18188]]],"transform":{"scale":[3.434033648068046e-7,5.543053706107008e-7],"translate":[-74.67550811599995,46.03718304400007]}}