{"type":"Topology","objects":{"78115":{"type":"Polygon","arcs":[[0]]}},"arcs":[[[463068,76298],[-40290,-288],[-10865,253],[-26211,-457],[-50785,-100],[-311,-75307],[-15324,-399],[-102368,1867],[286,29721],[606,84804],[-2434,97],[-53041,718],[86,28616],[-161684,-1531],[-252,95886],[-481,241521],[174836,4574],[1,-51],[180524,2565],[101817,11212],[-14625,-62776],[-26337,-131016],[15786,-5344],[-7947,-40995],[75944,1876],[-36931,-185446]]],"transform":{"scale":[3.7388811577617304e-7,2.424551289103488e-7],"translate":[-74.83112645299991,46.09955326100003]}}