{"type":"Topology","objects":{"78127":{"type":"Polygon","arcs":[[0]]}},"arcs":[[[499999,313700],[-13408,-33837],[-61262,-186937],[-22410,-47372],[804,-3640],[-8823,-41914],[-41189,3449],[-12924,8595],[-20205,8811],[-167431,-4633],[-72,-196],[-109883,-7658],[-8832,220828],[2540,50912],[-17648,5759],[-951,26407],[-1312,7170],[220,3203],[-3412,8357],[-1821,983],[-6055,343],[-3926,2814],[-1999,3267],[22,3717],[4464,6836],[6225,-3996],[4295,-5359],[7180,-5367],[2408,776],[-2153,9787],[-2138,12332],[1168,2279],[6274,4026],[11538,-161],[6819,-1454],[4885,12442],[-275,2283],[-5641,5560],[-4065,11555],[-1524,2286],[-4601,2556],[-6052,1191],[-9193,6613],[-6898,4322],[-2958,3986],[302,2282],[5124,4290],[5391,1160],[14534,1916],[7522,3175],[-4313,2620],[-8755,-432],[-2312,-907],[-7334,-638],[-4234,69918],[211426,1994],[4323,-40],[1775,-1379],[-5211,-2968],[6444,-1832],[-1180,-2603],[-7197,-4335],[-6089,3815],[-13860,-8481],[-547,-6469],[-2898,-3136],[3084,-2742],[1547,-49068],[159407,-3650],[-1965,-102607],[135235,-804]]],"transform":{"scale":[1.3495777591552974e-7,1.380017280034819e-7],"translate":[-74.68085200699994,46.21856876900006]}}