{"type":"Topology","objects":{"78120":{"type":"Polygon","arcs":[[0]]}},"arcs":[[[174533,499992],[99054,-488],[60581,-352],[71169,-464],[94662,-701],[-18383,-80488],[-14884,-63255],[-30338,303],[441,38788],[-35760,1381],[-348,18549],[-691,1034],[651,1187],[122,2446],[3109,3205],[1365,-1441],[1616,1637],[265,985],[-1446,693],[1168,1122],[-398,520],[-969,15],[-47430,-754],[950,-26429],[1645,241],[519,343],[1963,162],[967,-990],[-1687,-1200],[-3260,-724],[-1210,-439],[-1149,-1622],[-67,-862],[662,-1506],[1549,-1636],[2061,-2499],[1358,-450],[1032,-966],[343,-865],[911,-4368],[1265,-2100],[63,-864],[-1097,-4703],[-1528,549],[-2590,61],[-1406,-1521],[-262,-862],[479,-4662],[482,-3700],[-540,-293],[-1610,2029],[-964,2026],[-1397,1509],[-1001,-2584],[-5,-1405],[449,-1235],[880,-1063],[1359,-129],[408,-373],[765,-3158],[-49,-1211],[294,-2710],[213,-9984],[3960,-2177],[-569,-19244],[1980,-83480],[-38628,-4550],[-43883,-650],[-68312,-1055],[0,36],[-108660,-3039],[298,-160404],[156,-63685],[71,-3841],[-47171,-595],[-57046,-769],[-1080,-268],[2065,229618],[48049,-504],[22431,-494],[4,14648],[-147,15211],[184,1032],[99,68888],[-42,3082],[32721,-127],[-79,7226],[351,74461],[-68666,1907],[221,38284],[1218,46543],[21813,-365],[44567,295],[1256,-82],[46242,36],[20643,340],[1603,-7]]],"transform":{"scale":[6.015942151885106e-7,3.6506172212349763e-7],"translate":[-74.89415671599994,46.13253908100006]}}