{"type":"Topology","objects":{"78130":{"type":"Polygon","arcs":[[0]]}},"arcs":[[[421827,499870],[-1417,-39879],[-257,-32803],[79846,-1633],[-408,-63802],[91,-6190],[-38049,108],[49,-2641],[-116,-59024],[-213,-884],[172,-13034],[-5,-12552],[-26085,424],[-55872,432],[-2402,-196743],[1254,86],[-511,-30225],[-27486,-698],[-36969,-693],[166,-2570],[-404,-2937],[396,-3654],[182,-21285],[-40385,94],[-17623,-418],[-30218,275],[-7011,-95],[-26284,-635],[-5286,126],[-13340,1354],[-8625,-1123],[-23473,106],[-5221,-820],[-18420,-6786],[-92588,-1751],[-25315,2048],[2483,24571],[23987,241207],[14461,-3],[24271,-42],[20996,401],[27304,-1066],[-1518,16292],[-1647,30907],[843,37923],[55,21006],[-2054,35291],[119,7391],[-503,18600],[-1849,31580],[-1852,23084],[2,710],[19871,252],[5216,-27],[7693,318],[7025,386],[18900,-47],[9026,30],[22942,949],[21772,1600],[21502,1041],[18309,838],[25117,1529],[9272,657],[27948,491],[26190,910],[32416,472],[16200,318],[17105,381],[10225,-128]]],"transform":{"scale":[5.173526267051795e-7,4.260611421222937e-7],"translate":[-75.08928252799988,46.102012364000075]}}