{"type":"Topology","objects":{"78802":{"type":"Polygon","arcs":[[0]]}},"arcs":[[[499998,259397],[-13594,-15246],[-28024,-31987],[-25544,-26673],[-23018,-27190],[-35212,-41246],[-4890,-6093],[-8254,-7528],[-16650,-16116],[-13550,-13736],[-22173,-22334],[-19354,-19871],[-12842,-12848],[-17964,-18529],[-11679,7959],[-21240,15663],[-20860,15223],[-13328,11924],[-15231,10795],[-9966,8167],[-14551,17605],[-12407,15624],[-10710,9752],[-11424,8884],[-21208,17212],[-19755,15597],[-2520,2206],[-6807,3656],[-15958,12119],[-17344,16100],[-12091,11358],[-13264,13794],[-8586,11095],[8829,8275],[7250,6599],[6279,5898],[12119,15082],[5137,4963],[8707,8970],[8180,8796],[16025,18679],[9385,10252],[7583,9220],[46964,50759],[47947,52196],[44615,48727],[25156,26850],[20001,-19269],[79569,-78054],[146252,-143279]]],"transform":{"scale":[3.2602851805704014e-7,2.195170650341024e-7],"translate":[-74.1963975669999,46.09368340200006]}}