{"type":"Topology","objects":{"79010":{"type":"Polygon","arcs":[[0]]}},"arcs":[[[238962,499805],[-1100,-37782],[-208,-16054],[-207,-12258],[-754,-16921],[-1103,-40819],[8410,21],[37497,385],[39894,5],[26102,233],[35451,185],[2546,-71688],[9532,-124],[27578,162],[26266,-136],[25569,-7],[12851,51],[11685,5],[-363,-1441],[1391,-5321],[-2394,-3246],[-1185,-2019],[-1581,-3122],[-1181,-1794],[-4578,-5914],[-3483,-3935],[-7889,-9154],[-3273,-4424],[-6245,-10141],[-10490,-1019],[-2537,-4102],[-2032,-3996],[-1544,-2642],[-4058,-4968],[-2765,-3311],[-3150,-3017],[-5147,-4223],[-7220,-5786],[-3881,-2951],[-9232,-5767],[-10468,-4720],[-457,-1442],[17354,-23],[5920,-146],[14671,-151],[281,-54628],[26074,77],[18305,-124],[922,-2396],[593,-36130],[-12601,-56],[-30094,-11],[-58194,411],[-58445,176],[-68155,-143],[278,-4222],[4840,-6396],[2648,-8061],[2734,-10815],[-5500,-8982],[-10839,-10504],[-16107,-10344],[-2114,-5459],[583,-12877],[8436,-10272],[806,-13442],[-21627,-80],[-56064,-641],[-28432,-341],[-27857,-99],[-27484,-1070],[-1,19],[-39194,-995],[-2923,-8883],[-1962,951],[-3262,3010],[-5445,2827],[-2373,2991],[-654,2171],[6127,9215],[-3971,3715],[-11671,2584],[-5088,8020],[-3406,8869],[2345,6435],[3,3947],[-2892,8710],[860,3606],[3143,5686],[3093,3454],[6023,6217],[1565,3055],[283,3118],[-1359,3097],[-4373,3340],[-11580,5599],[-1783,8382],[2899,8007],[2955,3989],[2844,2550],[7538,-282],[2069,5874],[3078,5337],[6043,7691],[1188,4099],[-213,2546],[-2458,4193],[-949,5318],[1150,4231],[1745,2771],[11878,16457],[2401,6564],[1568,8571],[4554,8537],[2027,9142],[-2687,3547],[-1954,5132],[-1769,2027],[443,5620],[-5667,3108],[-6227,2493],[-8486,1915],[-8582,3345],[-6099,3345],[-5444,4474],[-5597,3313],[-4451,1423],[-1443,1320],[16533,463],[37409,1103],[21775,657],[23074,655],[51505,1578],[45511,1438],[-1368,61067],[-628,36419],[-215,10299],[278,20961],[76,11693],[349,33013],[967,20006],[1045,24434],[864,20512],[13467,45],[28320,-194]]],"transform":{"scale":[5.667730195460085e-7,5.367592035183599e-7],"translate":[-75.8175748939999,46.16996098100009]}}