{"type":"Topology","objects":{"79015":{"type":"Polygon","arcs":[[0]]}},"arcs":[[[499840,498797],[-139,-16232],[-1009,-65718],[331,-20476],[33,-45934],[223,-54766],[188,-53525],[-157,-65774],[-1122,-45936],[68,-66923],[1742,-36326],[-91,-26318],[-53359,-93],[-24685,103],[-59246,88],[-99904,-967],[-77390,769],[-1306,75885],[-2034,5031],[-40327,263],[-57440,-165],[-620,114735],[-32321,317],[-13043,308],[-38232,46],[1005,3030],[23065,9910],[20336,12117],[8553,6198],[15906,12149],[11337,8870],[6942,6338],[15030,17386],[3404,5549],[4475,8394],[5587,8616],[23114,2137],[13755,21301],[7214,9292],[17375,19226],[7675,8264],[10087,12422],[2603,3769],[3483,6556],[2610,4239],[5272,6817],[-3064,11175],[806,3038],[4900,3583],[8325,4137],[13018,7168],[2751,7752],[5599,9471],[11735,8296],[5624,4979],[49870,34355],[15838,754],[19031,2257],[3588,1563],[20371,5798],[12602,4089],[26798,-3483],[12824,-787],[6845,-734],[16313,4972],[11107,1618],[8710,228],[5184,-168],[15163,-5008],[5535,-234],[5704,1518],[5835,2691]]],"transform":{"scale":[2.5726533453068646e-7,2.5556710313412913e-7],"translate":[-75.58791343599994,46.23046458200008]}}