{"type":"Topology","objects":{"79022":{"type":"Polygon","arcs":[[0]]}},"arcs":[[[416616,114233],[-2782,-3237],[-2722,-1828],[-2638,281],[-7232,6023],[-2474,204],[-4154,-275],[-5298,-1945],[-7779,-5980],[-3266,883],[-6115,947],[-12781,4188],[-6011,-4918],[-9715,-6974],[-1712,-1879],[-9075,-2715],[-7555,-907],[-23785,-41317],[-2681,-5988],[-5599,-9978],[-2670,-11389],[-1311,-9323],[-6210,-8623],[-3969,-4975],[-2340,-4323],[-12277,-10],[-13504,-128],[-26866,18],[-27598,343],[-28978,-408],[-10016,311],[-2675,181081],[-37250,-470],[-27424,-588],[-41919,-13],[-39398,-970],[-8837,-54],[1159,103108],[792,42738],[218,30965],[219,40553],[1155,95551],[26271,278],[18367,46],[33668,570],[8868,-116],[36588,807],[30830,-155],[32268,-114],[44351,51],[45307,-419],[32067,394],[12039,176],[3695,-551],[6420,-267],[10678,97],[21443,1476],[19989,1654],[14961,885],[15197,610],[15551,1093],[16173,1272],[-622,-2617],[-956,-5500],[461,-4587],[932,-3571],[1422,-4135],[3146,-2020],[2974,-1043],[9015,-4852],[1391,-2216],[1741,-3499],[2368,-4013],[5199,-9827],[-802,-14905],[1100,-3324],[-7,-5416],[-1381,-5900],[-769,-3898],[-2380,-23076],[-795,-19193],[5997,-22288],[2593,-12289],[118,-6213],[-776,-2736],[-1446,-3282],[-5762,-8955],[-3283,-5697],[-4209,-8991],[-529,-8117],[2419,-7506],[2222,-4223],[4274,-3809],[10423,-8945],[4584,-5777],[5616,-8690],[3477,-6785],[3407,-10705],[205,-4959],[358,-1079],[-216,-4308],[-752,-7859],[-1533,-6737],[-8296,-7393],[-4073,-4644],[-3894,-5183],[-4064,-8602],[-1823,-7514],[-1848,-3093],[-4116,-4928],[-6562,-2940],[-6094,-2033],[-594,-3955],[-1322,-6408],[-2360,-8535],[-1907,-4516],[-4107,-6196],[-3056,-563],[-4504,-1331],[-6371,-823],[-3001,-2928],[-4268,-5223],[-4818,-8206],[-2493,-5685],[-1311,-1525]]],"transform":{"scale":[5.394089928179659e-7,2.1249829499659708e-7],"translate":[-75.6840485429999,46.333666814000075]}}