{"type":"Topology","objects":{"79030":{"type":"Polygon","arcs":[[0]]}},"arcs":[[[499999,9550],[-22370,-1971],[-16305,-1084],[-19151,-1340],[-19390,-2065],[-20432,-1224],[-8038,-37],[-16833,60],[-6257,-500],[-6852,-410],[-4643,38],[-17699,-327],[1,-38],[-27903,-614],[-4301,63],[-25337,-101],[-77621,629],[-36446,255],[-24596,-88],[-36986,260],[-14043,112],[-21921,-29],[-22118,178],[-13181,-44],[-24487,43],[-13090,89],[77,18912],[536,32458],[246,21977],[285,34786],[794,42978],[157,15876],[379,21861],[12903,-143],[15733,-41],[6607,-94],[-88,7639],[-208,12323],[-396,20990],[-486,29783],[-311,15968],[-34211,-500],[-598,26104],[-233,11719],[95,6956],[18,24013],[73,19918],[-81,35255],[-66,4826],[15312,340],[23388,484],[44288,808],[119091,1866],[20806,487],[14051,247],[-137,14451],[78,11960],[-13,30773],[34497,-322],[457,24255],[19788,119],[20625,59],[20731,128],[20525,415],[17475,949],[33007,3774],[24823,1298],[15709,731],[14768,555],[38161,1653],[-38,-42681],[65,-2778],[-120,-13838],[-65,-1255],[-159,-18051],[-256,-19091],[-162,-19488],[-98,-18869],[-29,-11539],[-695,-2695],[-877,-4793],[-115,-4605],[536,-4196],[603,-2560],[291,-2372],[-58,-2336],[14,-9264],[-88,-2070],[-157,-30625],[-505,-45554],[3,-19467],[-803,-43090],[-186,-43587],[640,-31766],[2068,-42709],[873,-19899],[412,-17092],[250,-14179]]],"transform":{"scale":[5.809000258000283e-7,3.3035805471609874e-7],"translate":[-75.23359483799992,46.31051160200007]}}