{"type":"Topology","objects":{"79047":{"type":"Polygon","arcs":[[0]]}},"arcs":[[[244139,423316],[-254,-185],[80556,-56163],[77789,-54310],[-49331,-38104],[-42246,-32715],[-40481,-31332],[79081,-51497],[11006,-7738],[4303,-3109],[76420,-55993],[59016,-43545],[-1870,-22088],[125,-26537],[-74432,349],[-118524,503],[-156453,563],[-72401,219],[1954,6311],[3952,7177],[-376,7411],[-7173,3680],[-4328,2092],[-2352,1940],[-761,4742],[485,7836],[879,5735],[1630,2048],[4455,6656],[3865,6175],[578,6234],[1269,7055],[1934,6484],[3900,4148],[4731,-46],[692,2115],[-1747,942],[711,2458],[-1050,1908],[3562,7131],[5921,2894],[1189,3560],[-1450,2709],[-1436,295],[-1563,2533],[-6272,3711],[-5274,-608],[-13139,-823],[-4696,2125],[-2490,736],[-10988,1447],[-5527,619],[-6203,-2198],[-5437,-266],[-3998,2257],[-3302,2466],[-2830,1168],[-5705,1893],[-2493,1597],[-1979,2257],[-3556,3303],[-3811,1459],[-3683,1975],[-1690,1972],[1139,2114],[2716,4273],[1162,4638],[1687,5251],[-2120,3594],[-7425,5273],[1877,1249],[21083,13036],[8809,5553],[-13468,12693],[-17302,16158],[-620,965],[4791,2865],[27870,17185],[13918,8671],[12996,7781],[23906,14686],[-47719,44875],[21865,13484],[5460,3534],[18580,11805],[-3943,2481],[-9806,6946],[-31887,22970],[-7258,5172],[15063,11647],[18330,13805],[18045,13903],[18173,13796],[18149,13718],[9604,7293],[-37027,27823],[35526,21815],[34693,-25528],[840,225],[5192,3453],[78399,-54833]]],"transform":{"scale":[3.9970995541988256e-7,3.701401422803338e-7],"translate":[-74.8197138779999,46.314461925000046]}}