{"type":"Topology","objects":{"79050":{"type":"Polygon","arcs":[[0]]}},"arcs":[[[365279,39309],[-43196,45744],[-2861,-2881],[-463,-188],[-19114,21297],[-19575,-18200],[20402,-23211],[-15292,-17528],[-10013,-11509],[-9942,-11600],[-10100,-11517],[-8299,-9716],[-2991,3215],[-6453,7154],[-6411,7196],[-25775,28823],[-6409,7213],[-12894,14407],[-6514,7222],[-6474,7307],[-7305,8121],[-7077,7941],[-6659,7416],[-1247,1436],[-8339,9321],[-23,-26],[-39488,45086],[-42029,47924],[-19952,22810],[-3277,3649],[-37509,42684],[66185,72230],[-1411,1706],[22189,24233],[25247,28312],[54795,59469],[32200,35150],[61228,-67165],[43209,-47477],[1234,579],[902,1011],[-13,2048],[-1110,2011],[-228,2274],[903,1274],[1805,1516],[3606,1529],[2917,-11],[2482,-1285],[2249,-231],[2254,986],[2489,2801],[61629,-69528],[56226,-63556],[59011,-66826],[-551,-1126],[-3167,-4588],[-2038,-6053],[-869,-6534],[-52684,-58471],[-45073,-50105],[-30337,-33763]]],"transform":{"scale":[7.254606329212462e-7,4.436790693582375e-7],"translate":[-74.98712450099991,46.45370818500004]}}