{"type":"Topology","objects":{"79060":{"type":"Polygon","arcs":[[0]]}},"arcs":[[[497288,74211],[-8584,-29],[-674,-21082],[-50945,281],[20,-26747],[-116,-10395],[204,-12560],[-20751,-214],[-30726,-423],[-175868,-1623],[-65402,-703],[-34540,-420],[-22613,-296],[-48,2032],[102,13978],[35,34111],[95,24890],[-85299,119],[-1169,86187],[-1009,10866],[24229,17296],[-86,57],[17353,12829],[15077,11184],[17753,12947],[2736,2106],[12447,8562],[23148,17742],[28732,22189],[29153,22059],[56223,42666],[31031,23946],[37147,27770],[11004,8447],[19191,14426],[49843,36793],[26855,21066],[21183,15244],[14471,10487],[126,-36191],[389,-40133],[-1381,-65736],[686,-37917],[454,-37626],[459,-31288],[508,-75373],[142,-25188],[3263,-34251],[243,-2971],[57620,-1682],[-2711,-37432]]],"transform":{"scale":[3.9336050072101455e-7,3.80095332190754e-7],"translate":[-75.26722127199992,46.444296228000034]}}