{"type":"Topology","objects":{"79065":{"type":"Polygon","arcs":[[0]]}},"arcs":[[[477034,345470],[-2831,-1843],[1550,-6646],[-1859,-2951],[-8761,-6590],[-5344,-4865],[-1260,-2797],[-1983,-10499],[-15,-9795],[-1499,-8577],[-7951,-21768],[-581,-5252],[-31732,-21833],[-4401,-3308],[-8051,-815],[-5289,601],[-5826,-2766],[-1825,-3347],[-8401,-2729],[-4211,-1859],[-2126,-3286],[-2426,-3222],[-3565,-6462],[-4526,-5520],[-5243,-3879],[-8152,-2038],[-10182,-1368],[-8012,-2564],[-3816,-4424],[1101,-7924],[3604,-4470],[6350,-6776],[3605,-4471],[-218,-3187],[7231,-5068],[28186,-19671],[11926,-8244],[226,-182],[-3801,-3106],[-9169,-7163],[-12884,-9995],[-16334,-13811],[-30315,-24123],[-11672,-9459],[-6692,-5538],[-22594,-18207],[-18875,-15701],[-34195,-27972],[-5497,4288],[-21668,16513],[-35901,27683],[-44810,33883],[-10914,8330],[-8406,6549],[-3084,2348],[-5639,-4375],[-4552,3727],[-7615,5708],[-21502,15811],[-40659,29805],[-13949,10394],[33453,27195],[3614,2913],[24885,-18308],[2073,-1549],[52106,38752],[24187,18159],[9314,-6877],[19210,30473],[14768,23513],[713,1464],[-401,1227],[4688,13667],[3351,2352],[7271,5385],[18768,20349],[14839,14214],[12720,13420],[36810,42878],[30330,34109],[20301,22917],[14186,16896],[30161,36186],[18365,-13454],[104287,-77175],[-35203,-28275],[2664,-3095],[3082,-6224],[1563,-5012],[1278,-2343],[3567,-4253],[854,-10629],[-770,-4069]]],"transform":{"scale":[6.467399714799627e-7,5.79727211454492e-7],"translate":[-75.34513309699992,46.558003823000035]}}