{"type":"Topology","objects":{"79078":{"type":"Polygon","arcs":[[0]]}},"arcs":[[[499998,248191],[-25244,-36568],[-24877,-36782],[-20045,-29409],[-10778,-14197],[-2370,-3490],[-15371,-21461],[-13056,-18541],[-15025,-21265],[-31245,40033],[-33437,-46842],[-21386,28356],[-31061,-44611],[-22241,29371],[-21873,-29801],[-26889,-40589],[-25924,-1755],[-16422,672],[-23179,181],[-59850,-1493],[-13953,35],[-1969,12765],[-334,9244],[452,7818],[1635,5317],[2910,7216],[4260,10954],[1479,6642],[-20,6920],[-1026,6754],[-4974,8448],[-10869,7125],[-4505,833],[-4752,3581],[-3409,5488],[-2776,9777],[-2123,11138],[144,9786],[-307,19522],[3644,8785],[3122,2061],[3732,-818],[3763,2362],[5661,5131],[10440,8720],[819,4224],[6426,10950],[2910,4182],[113,1648],[-1196,1053],[-2531,973],[-1187,1949],[1219,5865],[-674,3159],[-1953,2238],[-2052,2885],[-1138,3368],[1193,3851],[-3074,2234],[-479,4457],[-4214,14068],[-1769,6240],[-3675,12],[-5860,-626],[-32055,413],[-773,54587],[43596,2085],[220,3008],[-61,144576],[129,35812],[-32,7022],[88976,264],[66642,1408],[39152,395],[46618,222],[14686,356],[6569,-9543],[8030,11060],[4390,-5933],[11966,-16560],[15540,-21062],[63793,-85667],[51109,-69995],[30852,-41746],[7823,-10845]]],"transform":{"scale":[4.542795205589803e-7,2.2929159858318378e-7],"translate":[-75.42727576699991,46.501095417000045]}}