{"type":"Topology","objects":{"79088":{"type":"Polygon","arcs":[[0]]}},"arcs":[[[489367,326050],[19,-2973],[-82,-15163],[38,-61216],[-141,-1273],[-28326,-883],[504,-23113],[20824,-175],[3807,264],[2388,-5],[1150,-2641],[2737,-5956],[312,-1888],[1996,-945],[-774,-1631],[738,-1426],[1334,-1222],[1270,-948],[436,-1337],[-791,-2483],[771,-827],[1644,-410],[778,-446],[-75,-698],[-1891,-1771],[-4173,-4637],[-533,-1788],[-6783,-3693],[-3677,-2172],[-2445,-1000],[-2425,346],[-2028,-872],[-2368,-3720],[200,-8266],[-92,-4143],[1379,-4715],[1802,-4140],[2216,-2324],[3087,-1516],[2925,-354],[7062,-3016],[3233,-3578],[665,-2859],[14,-2930],[-962,-2812],[-2767,-4639],[-1890,-3055],[-1063,-2251],[-293,-3310],[217,-3913],[1280,-5406],[-20917,31],[-30256,-241],[-21059,-358],[-11267,-366],[-45278,238],[-1645,-1337],[-4289,-1302],[-3325,-2570],[-1124,-3497],[-93,-3736],[1638,-4390],[2494,-6141],[5394,-9356],[4108,-4397],[7232,-6848],[3529,-4178],[4684,-4615],[4845,-2201],[4234,-1487],[7190,-2017],[10460,-4585],[5350,-2975],[2708,-1374],[2907,-3177],[2239,-2651],[1758,-7524],[2626,-3357],[2358,-3946],[2107,-2676],[3107,-4164],[7001,-11332],[304,-3635],[-166,-2826],[-12477,-498],[-11995,-430],[-11725,-239],[-11542,-348],[-15418,-648],[-16541,-580],[-8238,-37],[-4953,105],[-2849,216],[-9288,-70],[-24737,-156],[-34951,165],[-34215,-19],[-24892,45],[-23781,60],[-28226,-317],[-6841,47],[-25971,-224],[-14170,-18],[-20265,-109],[-1,-46],[-22955,190],[-15093,-60],[-23892,-160],[-28128,69],[-468,18606],[-435,14520],[-132,16353],[-357,15045],[-84,17567],[-156,28877],[-916,39396],[-1642,50041],[-1068,52281],[156,41264],[-215,12987],[-176,33721],[-317,49262],[-99,26814],[-173,13264],[300,21093],[18,20496],[-552,20722],[-8,7621],[13888,-31],[31644,-196],[39771,-376],[23939,43],[14420,-315],[57359,-158],[25380,35],[13236,-58],[-120,-7021],[-31,-14856],[-96,-9222],[11,-24905],[-207,-26724],[-139,-28666],[127,-11713],[15055,14],[42920,212],[16613,94],[34178,-39],[32190,54],[29984,-416],[741,-28],[86,2170],[-208,2185],[1865,1553],[14414,-121],[20586,-451],[2071,4],[20,-11901],[843,-23992],[58691,618],[136,-19742]]],"transform":{"scale":[6.992396384792767e-7,5.415320990642198e-7],"translate":[-75.74953880899994,46.438220098000045]}}