{"type":"Topology","objects":{"79097":{"type":"Polygon","arcs":[[0]]}},"arcs":[[[218653,350173],[3555,-2733],[26790,-19895],[14531,-9900],[19873,-12984],[5526,-3759],[19871,-13546],[18577,-12182],[22115,-14626],[46756,-30969],[-29912,-21469],[-26898,-19315],[12967,-9623],[14058,-9965],[22335,-15955],[-598,-419],[18569,-11905],[17311,-11673],[10401,-7116],[-27341,-20951],[23099,-14521],[529,-969],[7034,-6118],[4289,-2932],[25092,-16865],[-2546,-1876],[-23562,-17515],[9825,-6695],[28637,-19195],[15144,-10183],[5319,-3646],[-7267,-90],[-23062,-57],[-19370,-101],[-32969,-358],[-44017,-67],[-102,11877],[-44694,-372],[-642,14434],[-15,7159],[-1576,-2],[-15678,272],[-10976,72],[-1420,-934],[158,-1315],[-64,-1306],[-565,17],[-22832,252],[-24513,-34],[-26027,25],[-12649,-57],[-32683,-127],[-11465,-8],[-97,7046],[106,17246],[158,16077],[-9,14983],[73,5548],[25,8938],[91,4223],[-10079,34],[-19328,-20],[-43677,96],[-10980,189],[-18229,-27],[-30287,228],[-24097,116],[-10574,20],[-667,144467],[221,39908],[1177,210973],[54946,-36400],[45410,-30147],[16591,-11828],[45347,-31875],[24037,-16919],[30924,-22656]]],"transform":{"scale":[9.18252802505593e-7,9.001375402750767e-7],"translate":[-75.75015086499991,46.614786603000084]}}