{"type":"Topology","objects":{"79105":{"type":"Polygon","arcs":[[0]]}},"arcs":[[[499999,417519],[-35440,-45911],[-16670,-21434],[-23851,-29078],[-35639,-43274],[-43252,-54402],[-14946,-17024],[-17435,-18036],[-22053,-25815],[-8545,-6834],[-3938,-2983],[-5506,-17340],[470,-1556],[-838,-1859],[-17352,-29832],[-22571,-38662],[-10945,8726],[-28420,-23039],[-61224,-49166],[-2437,1966],[-71098,56448],[-7155,5777],[-11735,12053],[-882,1909],[-38537,28608],[45613,41272],[-17352,14015],[21215,17623],[28564,23477],[23722,20411],[9178,8333],[11530,10553],[4403,4547],[-30074,22772],[6244,4014],[4267,2607],[4094,516],[4240,3853],[1570,2433],[607,2111],[-1401,2082],[-3808,3706],[-1682,3208],[-638,1796],[1157,1813],[4868,4248],[7136,6407],[7216,5769],[2348,1966],[2139,650],[3043,572],[7002,-1780],[6382,-1261],[3137,-1577],[2726,-2848],[3704,-5134],[624,-2501],[332,-4508],[4158,-1065],[3955,73],[2317,316],[4174,-1454],[5987,-1824],[3484,-2483],[4770,-6257],[1951,-1258],[3642,-450],[4038,113],[6421,1744],[2456,1407],[3128,2383],[2296,2685],[1861,3550],[2031,3631],[1673,2082],[1708,865],[1504,-214],[2899,-760],[2958,528],[2632,1074],[3406,2793],[4638,4621],[3080,1566],[3400,2559],[3303,3584],[2235,2049],[4754,6516],[6343,7673],[2475,1461],[2740,2942],[1701,3704],[6732,7764],[4903,2995],[4027,3601],[4248,4944],[1633,406],[1044,-1413],[611,-2088],[-1511,-2681],[-3437,-4206],[-3093,-7120],[-589,-7114],[2536,-3873],[3432,-1766],[4038,-776],[4129,385],[4594,1820],[7265,3445],[3537,2529],[2733,3355],[713,2858],[-104,4754],[843,5462],[2001,1982],[13720,12304],[3640,2622],[1615,1889],[1536,4510],[1556,5894],[1628,4134],[1892,2301],[2933,1538],[4233,2018],[3829,2758],[-804,2812],[-3546,2740],[-3897,2105],[-2461,2558],[-477,3596],[-219,6377],[2193,3891],[6194,3862],[5848,3019],[3158,1784],[4104,5361],[7321,5562],[4250,4261],[2870,3978],[4583,5283],[1319,2073],[3073,7247],[-632,5760],[69,4392],[-2903,2302],[-4374,2628],[-2781,3338],[-1976,3397],[-1657,5694],[553,4344],[2489,2583],[4074,633],[4688,-566],[4863,635],[3288,1059],[1074,-926],[18052,-14590],[53908,-43016],[25565,-19998],[5099,-3950]]],"transform":{"scale":[5.504163468327506e-7,4.569335278670942e-7],"translate":[-75.37629471699995,46.65708810700005]}}