{"type":"Topology","objects":{"79110":{"type":"Polygon","arcs":[[0]]}},"arcs":[[[499999,429537],[-3229,-1346],[-4775,-807],[-4601,721],[-4002,-807],[-2443,-3284],[-544,-5520],[1628,-7236],[1939,-4317],[2731,-4244],[4295,-3340],[2851,-2926],[-69,-5583],[622,-7322],[-3018,-9208],[-1296,-2635],[-4499,-6716],[-2817,-5055],[-4173,-5418],[-7188,-7069],[-4031,-6812],[-3098,-2268],[-5743,-3839],[-6081,-4906],[-2154,-4946],[214,-8106],[470,-4571],[2417,-3249],[3824,-2678],[3483,-3482],[790,-3572],[-3761,-3507],[-4157,-2563],[-2879,-1956],[-1856,-2924],[-1600,-5254],[-1528,-7493],[-1507,-5732],[-1586,-2400],[-3575,-3333],[-13470,-15640],[-1966,-2518],[-826,-6941],[101,-6043],[-698,-3632],[-2683,-4267],[-3473,-3212],[-7134,-4380],[-4511,-2313],[-4054,-490],[-3966,987],[-3369,2245],[-2490,4923],[579,9040],[3037,9051],[3373,5347],[1486,3408],[-600,2652],[-1026,1796],[-1604,-517],[-4169,-6283],[-3956,-4578],[-4813,-3806],[-6611,-9867],[-1669,-4708],[-2689,-3738],[-2431,-1859],[-6228,-9752],[-4667,-8283],[-2195,-2603],[-3243,-4556],[-3338,-3253],[-3024,-1990],[-4555,-5871],[-3343,-3552],[-2586,-1364],[-2903,-671],[-2846,965],[-1477,272],[-1677,-1099],[-1644,-2647],[-1992,-4615],[-1828,-4512],[-2254,-3412],[-3072,-3028],[-2410,-1790],[-6306,-2216],[-3963,-144],[-3575,572],[-1916,1601],[-4683,7950],[-3422,3158],[-5878,2318],[-4100,1847],[-2275,-401],[-3882,-93],[-4081,1355],[-328,5728],[-610,3179],[-3639,6524],[-2676,3619],[-3079,2008],[-6267,1601],[-6874,2262],[-2988,-726],[-2100,-828],[-2305,-2498],[-7087,-7331],[-7007,-8144],[-4780,-5398],[-1134,-2306],[626,-2282],[1651,-4077],[3739,-4711],[1376,-2645],[-596,-2686],[-1540,-3090],[-4164,-4899],[-4020,-656],[-4189,-3312],[-6130,-5101],[29526,-28944],[-4321,-5779],[-11322,-13414],[-9013,-10591],[-23288,-25942],[-28046,-29842],[-20831,-22396],[-28353,29228],[-30416,29808],[980,1048],[-36586,39950],[-23027,24949],[-21240,24096],[44061,48359],[48994,53757],[29190,-29591],[12306,13416],[25514,27550],[28820,-27878],[23360,26872],[95300,103015],[97207,104826],[28415,30594],[36181,-38218],[29634,-31021],[1017,-1223]]],"transform":{"scale":[5.605977091953714e-7,3.595049590098822e-7],"translate":[-75.43846218599992,46.731133767000074]}}