{"type":"Topology","objects":{"79904":{"type":"Polygon","arcs":[[0]]}},"arcs":[[[291553,0],[-3038,3453],[-108401,120479],[-180114,204808],[59565,57353],[37894,18770],[1290,-10],[4650,4347],[3963,-29],[4678,-3508],[1506,-6129],[3858,-5319],[6958,-2617],[2334,-2663],[2229,-7870],[2332,-2663],[5433,-41],[4682,-2682],[3889,-28],[9401,13073],[3907,2616],[3963,-31],[1552,1725],[1578,6107],[2364,2626],[3085,-23],[2332,-2664],[-865,-9665],[-6841,-10075],[14767,3069],[18093,-6848],[15977,-13185],[16922,-12971],[-2298,8156],[1568,4286],[3884,-857],[6201,-6165],[3034,-7879],[7780,-61],[690,-7033],[2339,-1755],[6266,4333],[-780,4389],[1646,5194],[5475,6985],[6309,11277],[5470,6075],[8611,3485],[7028,8626],[4709,1781],[5463,5166],[2327,7917],[7135,13916],[-3858,5322],[27,4381],[1582,6106],[5503,11282],[918,17520],[1553,1724],[1587,7013],[11011,11239],[6212,-4433],[5439,867],[4715,2606],[16421,19131],[3085,-26],[3873,-2595],[-800,-10492],[5403,-4427],[6963,-1792],[3055,-4491],[-819,-13138],[-3914,-3441],[-7041,886],[-4659,-5172],[-6235,878],[-6991,-2505],[-4698,38],[-6952,3529],[-3890,31],[-3929,-6087],[757,-7859],[4547,-12273],[2332,-2664],[-7030,-8708],[-16408,-5986],[-3918,-4350],[-11,-1735],[5403,-4426],[7048,-56],[11653,-2740],[5416,-2608],[5381,-8063],[785,-3479],[3066,-2669],[14047,15759],[8611,3401],[8589,-69],[6221,-2698],[2334,-2582],[13177,-5400],[8521,840],[7048,11267],[3231,11383],[6229,9539],[1666,7839],[5472,6073],[4017,7902],[15594,15578],[11,1736],[4740,6161],[10870,819],[2361,1715],[3928,5258],[2430,12215],[3107,3446],[5439,864],[3909,2530],[1512,-4394],[-9383,-8602],[-2420,-10480],[-47,-7026],[-3920,-4431],[-6992,-2588],[-7044,-10440],[-8588,73],[-5468,-5162],[-3959,-10468],[-4660,-5251],[-3203,-6918],[-871,-20992],[-3198,-6092],[-870,-9583],[-1566,-3624],[-3912,-3441],[-6217,3525],[-3889,31],[-3112,-4354],[-2515,-25278],[-4727,-15752],[-1626,-1724],[-3957,-10467],[-10942,-12145],[-6233,-10448],[-5634,-20128],[-1552,-1722],[-4787,-14017],[-7050,-12178],[-4730,-5170],[-3134,-7829],[-11000,-10410],[-3132,-7829],[-801,-10576],[-3978,-14021],[-7139,-14742],[-9417,-15716],[-4655,-5170],[-2383,-5273],[-8816,-36719],[674,-9596],[5464,-6162],[751,-8769],[3041,-6144],[4702,873],[3097,2538],[3888,-31],[5394,-5253],[768,-6125],[-2413,-10479],[-10989,-20911],[-9389,-11335],[-3226,-11382],[-16454,-15577],[-4755,-9552],[-1472,-1719]]],"transform":{"scale":[1.8090673581343174e-7,1.08835441670901e-7],"translate":[-74.5037443789999,47.46422638900003]}}