{"type":"Topology","objects":{"79902":{"type":"Polygon","arcs":[[0]]}},"arcs":[[[416428,0],[-42219,43400],[-113812,137166],[-85597,105750],[-86754,107037],[-70873,85379],[-17173,21266],[44561,-5471],[77226,-9658],[156586,-19708],[3139,783],[1043,-1312],[55190,-6988],[91918,-196413],[70336,-150542],[-83571,-110689]]],"transform":{"scale":[3.421335342670246e-7,1.8750057700117783e-7],"translate":[-74.60153085199993,47.13621548300006]}}