{"type":"Topology","objects":{"79906":{"type":"Polygon","arcs":[[0]]}},"arcs":[[[499998,0],[-342425,327938],[-157573,150672],[30941,16704],[13077,3741],[12973,943],[4992,-5794],[7926,-28634],[3865,-25821],[4972,-10575],[13942,-15304],[10004,-6715],[8979,-2922],[4056,-2904],[3028,-11],[17931,-11530],[13043,-3841],[27991,-4893],[26987,-17344],[25039,-8672],[3975,-18],[13978,-5832],[19995,-14338],[13970,-7729],[6992,-1923],[16081,-1061],[10958,-3835],[7999,-9600],[1409,-4113],[5368,-43648],[2936,-5663],[16294,-21234],[27690,-27625],[6071,-5723],[8753,-6974],[26931,-25926],[13920,-16211],[4966,-9587],[5923,-26826],[8906,-16282],[15881,-21095],[18822,-33266],[7037,-15578],[4894,-23843],[503,-7108]]],"transform":{"scale":[1.4064095928198654e-7,9.971768143532288e-8],"translate":[-74.70035575299994,47.58609379300009]}}