{"type":"Topology","objects":{"79916":{"type":"Polygon","arcs":[[0]]}},"arcs":[[[499999,348827],[-14592,-5254],[-4368,-9301],[-4264,-13668],[-2677,-8674],[-4483,-8839],[-4215,-1942],[-7118,7364],[-7875,5346],[-4107,-876],[-2193,-5843],[-1906,-14379],[-2712,-14208],[984,-21394],[7246,-64315],[-2245,-2897],[-9932,-6387],[-5361,-7347],[1629,-14244],[3111,-12603],[2705,-9039],[-2140,-1071],[-4535,1821],[-6139,638],[-3689,-4437],[-3585,-8901],[-35,-5],[-3451,-10788],[-1464,-15546],[4167,-4352],[15876,-7896],[1481,-3787],[-4247,-6709],[-16866,-25772],[-8825,-18991],[-11098,-5704],[-4249,-5187],[4477,-23640],[-16119,12121],[-52552,39596],[-44600,33550],[-59345,44565],[-51711,35340],[-73560,50171],[-33730,22967],[-61687,41939],[35196,26085],[43248,32011],[47241,34914],[34581,24847],[56227,40949],[83875,60944],[11502,-8161],[35814,-27163],[57029,-43321],[36016,-27399],[56954,-43393],[2316,-1735]]],"transform":{"scale":[7.276595133191148e-7,6.673163426327449e-7],"translate":[-74.79449382599995,46.66419988800004]}}