{"type":"Topology","objects":{"79914":{"type":"Polygon","arcs":[[0]]}},"arcs":[[[77383,499745],[390,-404],[14868,-13479],[21208,-19256],[33776,-30733],[19984,-18223],[19794,-18077],[30286,-27714],[32046,-29401],[24019,-22084],[28280,-26056],[20298,-18738],[15482,-14313],[17135,-15862],[24336,-22565],[15707,-14587],[29571,-27513],[21116,-19687],[22836,-21327],[26740,-25022],[4210,-4019],[534,-470],[-11717,-10536],[-22239,-20029],[-22763,-20538],[-13999,-12463],[-19124,-17511],[-31757,-29138],[-25563,23478],[-9604,8808],[-25378,23242],[-12981,11871],[-27159,24797],[-13646,12438],[-28760,26172],[-22961,20851],[-8212,7448],[-14936,13742],[-21758,19988],[-19605,17981],[-18057,16537],[-31760,27397],[-15058,13786],[-28422,25979],[-20369,18585],[-17393,16212],[-10386,9667],[-1607,2194],[1673,3995],[1572,1445],[707,3982],[-1833,5102],[-1266,1680],[-2619,1760],[-2525,4224],[-494,3531],[1489,5871],[3147,8221],[2347,5202],[2113,5520],[3377,2615],[8386,6110],[4142,5108],[976,3006],[2252,2346],[688,2695],[4126,4741],[3642,3514],[5716,6675],[3461,2725],[2181,3226],[605,4443],[1593,3007],[-267,7186],[1362,3877],[-239,4325],[1823,5845],[2838,5026],[3648,4187],[-652,2750],[2968,2975],[738,1640],[2650,360],[2296,3601],[755,2679],[1125,1319],[-416,0],[267,243],[308,570],[302,1576],[162,144],[71,359],[2576,3803],[80,285],[388,359],[853,1006],[1177,1086],[544,644],[234,502],[1274,1735],[277,-254]]],"transform":{"scale":[0.0000017974449048897634,0.0000013304910009821038],"translate":[-75.47464877599992,46.85121535400003]}}