{"type":"Topology","objects":{"79926":{"type":"Polygon","arcs":[[0]]}},"arcs":[[[226330,497766],[12436,-8265],[41793,-28416],[31861,-21692],[53511,-36487],[66306,-44203],[60844,-40652],[6918,-4459],[-1603,-280225],[-80152,-179],[-451,-3494],[-864,-3395],[-2275,-3935],[-3386,-2701],[-5270,-2406],[-6148,-1678],[-8728,-1691],[-11673,-3162],[-9298,-4603],[-8071,-4136],[-3806,-1391],[-6000,-596],[-6009,425],[-6869,1277],[-12090,4007],[-9839,4288],[-9773,6439],[-8141,6966],[-3722,4728],[-5567,6190],[-6515,8779],[-5689,4999],[-17191,11886],[-16077,10837],[-7176,4463],[-12451,6709],[-3590,3162],[-11185,141],[-9365,1270],[-7185,6166],[-9924,870],[-6984,-771],[-9586,-718],[-6769,-354],[2600,4468],[-2486,7531],[-11497,-1935],[-9321,-5784],[-9875,2404],[-6786,4287],[-3761,3189],[3275,4412],[-3412,2098],[-5688,-1040],[-7442,-1848],[-5470,1421],[-3449,1687],[-6748,2990],[-4924,1324],[-3839,-1083],[-2824,1956],[1657,3204],[-1978,1571],[-5868,40],[-3397,-208],[-5546,3098],[-397,1147],[214,257],[-605,1183],[-1429,207],[-1951,-329],[-2090,-2377],[-3446,-2222],[-4438,1537],[-4101,5425],[-4317,2489],[-8834,1777],[-6851,-407],[-5018,10023],[-1752,8788],[-4327,2468],[1238,5380],[77,6808],[-1907,3024],[3982,4294],[-3310,10246],[5047,6530],[-833,4822],[-4507,5138],[-2630,3128],[1986,3467],[8089,2777],[1919,3280],[-1922,3621],[-4969,3116],[-6792,5904],[-1779,1414],[1002,1840],[2598,1650],[1847,2460],[-13592,6457],[5940,3424],[752,3601],[6399,886],[3750,4751],[796,912],[465,52],[3148,1015],[3776,3083],[6678,1313],[4513,-735],[5676,5214],[9077,3678],[1112,2982],[4121,404],[-1298,4054],[2801,2704],[1170,1648],[717,6026],[-1330,2620],[440,3195],[4375,5162],[580,3799],[-459,2018],[-1193,1831],[-468,6486],[-611,3410],[879,2200],[963,2798],[-461,6503],[1868,8574],[-413,3372],[-149,4404],[1088,5047],[115,3131],[-1690,7773],[301,4142],[1101,4651],[2905,11133],[282,3930],[602,7013],[567,1981],[2538,2620],[1111,2310],[-427,1406],[-1480,9468],[-2938,8895],[-3361,2462],[-2599,4507],[1296,2788],[-2436,9134],[-304,2406],[1333,1559],[1725,2473],[-684,2114],[-2165,1581],[29,660],[4805,14889],[1418,3949],[4940,5908],[28782,4354],[14930,5547],[18402,992],[12187,-2708],[12165,-4931],[15889,7305],[331,8],[1980,895],[2297,335],[4369,1759],[3374,1893],[750,587],[4146,2169],[6721,3967],[2760,1441],[3126,1210],[3878,1102],[5683,879],[1391,602],[1566,14],[6351,2401],[3566,-2232]]],"transform":{"scale":[8.007877355754347e-7,8.058805417610467e-7],"translate":[-76.14926066499993,46.81213614500006]}}