{"type":"Topology","objects":{"79920":{"type":"Polygon","arcs":[[0]]}},"arcs":[[[364168,313964],[7068,-23558],[5920,-9085],[663,-1511],[527,-1812],[495,-3190],[-1826,-11506],[-144,-1616],[49,-1534],[437,-2568],[328,-1018],[1151,-1651],[821,-744],[2326,-1064],[12883,6981],[6135,853],[13097,2065],[8117,1606],[50815,-43330],[26969,-23062],[-4251,-3571],[-22801,-19239],[-41301,-34905],[-42527,-36023],[-3982,3386],[-21322,-15987],[-25936,-19480],[-23958,-19829],[-9071,-7706],[-7901,-6677],[-13601,-11547],[-27002,-22858],[-4480,-3784],[-25380,20615],[-1431,1146],[-3654,2849],[-26267,18960],[11801,10126],[15677,13456],[16384,14030],[-24969,19327],[-27623,21350],[45544,37084],[31758,25806],[523,2883],[1229,2672],[1910,2024],[332,497],[-17240,14302],[-35564,29459],[-53814,44471],[-1501,-1238],[-1359,-435],[-1357,102],[-1496,568],[-1757,5],[-2175,-676],[-1087,-669],[-544,-563],[136,-1002],[671,-887],[6,-906],[-543,-445],[-743,-256],[-20423,16432],[-46205,37109],[-18562,15481],[-1782,1515],[-1384,1124],[-29560,24618],[-31417,26122],[21377,17523],[52157,42501],[35659,28990],[17163,13929],[37299,-27841],[20394,-15244],[44480,-33306],[31266,-23459],[35882,-29583],[43626,-36043],[15118,-12511],[9747,-8048]]],"transform":{"scale":[0.0000012034404528808795,0.0000010052765385530498],"translate":[-74.94655655899993,46.348578090000046]}}