{"type":"Topology","objects":{"80005":{"type":"Polygon","arcs":[[0]]}},"arcs":[[[499999,463686],[-11134,-97664],[-38729,-321990],[-49504,-14927],[-40794,-13226],[-59658,-14311],[-35840,-1568],[-44983,5736],[-43180,11465],[-52879,19655],[-55911,22656],[-45002,23330],[-18706,7619],[-218,72439],[-884,184800],[-2577,152299],[53382,-31150],[17104,15930],[31833,-14843],[53481,-28534],[59074,-25878],[105245,4449],[46384,2270],[72572,19683],[33582,10071],[27342,11689]]],"transform":{"scale":[1.4683798767600224e-7,5.8376642753360095e-8],"translate":[-74.87399812599993,45.63582156800004]}}