{"type":"Topology","objects":{"80015":{"type":"Polygon","arcs":[[0]]}},"arcs":[[[223880,495943],[19155,-4206],[27372,-5839],[1847,-370],[74706,-215],[51107,-432],[4938,97],[46652,-2260],[39340,-1624],[11002,-801],[-36345,-115963],[-17304,-51128],[-20735,-55359],[-12844,-48892],[-20492,-82476],[-16345,-61552],[-3789,-15384],[-7842,-1551],[-9630,-1338],[-20810,-2612],[-13302,-302],[-30180,-589],[-16940,3434],[-15337,3787],[-9128,1970],[-4905,-2114],[-15309,4135],[739,-20215],[255,-24529],[61,-9615],[-9692,1827],[-10140,947],[-12133,391],[-13117,925],[-11118,1111],[-11429,1336],[-16108,2012],[-13501,1321],[-2212,127],[500,10828],[289,12565],[10,7778],[80,4481],[458,6283],[228,756],[954,859],[955,3212],[-474,1822],[-792,4530],[-11334,1212],[-16457,-2662],[-26666,-967],[-29883,-1120],[1100,-14489],[-3180,-732],[-5440,-2282],[-7851,-3405],[-6766,-1986],[-6954,-3773],[-2271,-1323],[-1203,-2392],[-2045,-3698],[-4307,-14161],[-2323,-1477],[-6995,65176],[6187,13080],[6236,1607],[9546,15826],[30640,-321],[4704,1280],[1100,3910],[204,4275],[3785,11954],[2154,2180],[2136,1520],[1792,2925],[4990,16173],[6724,1830],[-10986,10419],[12429,17170],[2612,4060],[2748,16350],[2918,20437],[5031,33109],[4448,20379],[3763,19356],[8377,45238],[3571,20409],[47079,-5270],[12341,-1527],[6120,31113],[4180,21139],[6014,29584],[14549,66762],[18488,-4056]]],"transform":{"scale":[5.120528821057992e-7,4.398041476082725e-7],"translate":[-74.99113694399993,45.64110241800006]}}