{"type":"Topology","objects":{"80010":{"type":"Polygon","arcs":[[0]]}},"arcs":[[[480020,194134],[-44065,2477],[-51295,-2460],[-43761,-6480],[-30697,-7519],[-39302,-12827],[-36094,-18836],[-33580,-22355],[-32822,-26671],[-34317,-32129],[-32289,-36680],[-28717,-30654],[-15659,168844],[-39307,-24096],[-13988,164275],[-4127,70365],[15066,1445],[-7168,92427],[171785,6303],[153285,5449],[94598,14987],[65154,-6825],[4553,-25504],[2725,-10257],[-5499,-18086],[-5481,-4834],[-1302,-4262],[-2637,-35372],[-464,-25234],[-50,-43787],[-1670,-70746],[-2875,-60958]]],"transform":{"scale":[8.907849815699503e-8,7.811553423094734e-8],"translate":[-74.96714184699994,45.63033462100009]}}