{"type":"Topology","objects":{"80020":{"type":"Polygon","arcs":[[0]]}},"arcs":[[[499996,473903],[-24468,-99780],[-10110,-44218],[-7028,-31595],[-10295,-46499],[-20753,2283],[-79163,7877],[-6005,-30503],[-14086,-67614],[-6330,-28930],[-7478,-30455],[-8461,-49486],[-4906,-30547],[-4622,-24436],[-70402,27793],[2024,1685],[3701,2473],[-360,1526],[-1527,959],[-2664,842],[-439,1709],[3870,2925],[635,849],[837,3314],[1627,2185],[1369,1099],[3856,1870],[1094,1447],[-498,1141],[-3373,3296],[-737,2240],[2912,3427],[353,2145],[-2650,727],[-7033,-916],[-1540,736],[-970,1299],[-394,3593],[250,921],[2987,1973],[5682,1389],[784,1196],[-1679,3483],[-2422,2902],[-2984,2601],[-2341,1274],[-2507,9],[-2977,-1248],[-1987,946],[-1396,3682],[-1170,1447],[-3194,1153],[-5165,183],[-3551,492],[-3321,1589],[-5469,5292],[-5033,2713],[-4265,1284],[-4307,1746],[-5995,1070],[-1942,0],[-4223,-2415],[-1772,154],[-1182,886],[-802,1560],[-338,2050],[255,5445],[2449,4097],[804,2875],[-802,887],[-4604,-856],[-4137,-1987],[-1311,-2111],[3040,-2355],[-85,-979],[-3463,-2814],[-2279,-642],[-2661,1531],[255,1651],[3040,1866],[1,978],[-1775,2111],[-1561,1254],[-2408,62],[-1055,-766],[-845,-3976],[-2112,-1314],[-1351,-306],[-5995,1469],[-3589,-215],[-6039,-1101],[-3927,-1468],[-2744,-1652],[-3208,-1132],[-2491,-1559],[-3759,-3946],[-3756,-2265],[-1309,-2599],[337,-611],[-1309,-797],[-2027,2479],[-844,459],[-4306,-276],[-2787,459],[-3969,-277],[-1477,613],[-7179,-124],[-2491,-397],[-2886,178],[-13829,-283],[1130,20076],[1723,6814],[7209,30927],[-2499,3664],[-2984,1904],[-1861,1935],[-3584,2909],[-1918,1038],[-2545,687],[-1561,2949],[-2267,2015],[259,1117],[1473,1862],[4638,3676],[3083,1914],[2762,99],[2808,-1048],[1229,147],[1529,1370],[801,2565],[-218,3347],[-916,2808],[-1895,2216],[-751,1710],[464,1507],[2262,2904],[573,1212],[-928,1025],[650,1788],[4631,3547],[1124,1514],[980,3410],[2385,1799],[1644,1895],[2701,888],[909,886],[-357,1914],[1340,868],[2853,979],[994,2226],[1001,3892],[1253,7317],[-17299,2879],[-15699,2231],[-62600,9681],[35223,141611],[21145,7085],[33406,11011],[34818,11232],[50853,15667],[102080,33759],[90393,30268],[25291,-5918],[40146,-7393],[66641,-12784]]],"transform":{"scale":[3.0451052702109035e-7,2.942643185286628e-7],"translate":[-75.03821890799992,45.72155120300004]}}