{"type":"Topology","objects":{"80045":{"type":"Polygon","arcs":[[0]]}},"arcs":[[[499999,220808],[-5884,-7015],[-18271,-19632],[-19036,-17790],[-12836,-12162],[-18254,-16691],[-13898,-10372],[-14755,-10440],[-16453,-9029],[-18172,-9167],[-21037,-10823],[-13085,-4841],[-15737,-5410],[-21136,-4173],[-18442,-513],[-13759,-1092],[-13615,-369],[-18869,-2694],[-16905,-4207],[-18831,-9718],[-15433,-12545],[-13285,-10229],[-16693,-13243],[-6174,-4563],[-10355,-6408],[-13362,-6315],[-14605,-5463],[-12196,-3247],[-14755,-1906],[-13681,-751],[-13188,1786],[-12853,2052],[-14745,3919],[-13450,1880],[-6249,488],[2346,15652],[7877,51547],[3811,25762],[7598,49656],[6777,44486],[3422,22797],[3485,22725],[3380,22762],[6983,45135],[3250,22658],[3528,22557],[2138,14190],[-5564,2116],[-2676,2177],[767,3166],[3873,5667],[3685,3255],[4139,8295],[1058,1308],[4603,3150],[3535,3488],[4155,7430],[6369,8618],[3306,3576],[3062,892],[9042,5861],[1444,301],[1008,-1387],[-351,-3194],[403,-1480],[3998,-1660],[2395,-3398],[2471,-695],[4515,4707],[1878,909],[2115,-238],[3179,-1101],[6529,-3640],[4017,-1646],[2973,-36],[3122,1473],[17462,14339],[4397,2298],[4569,934],[3300,154],[2623,939],[2393,2169],[2520,3727],[2828,6750],[2061,5799],[2230,2497],[4492,2964],[2312,1968],[4237,7455],[2880,3123],[2871,2548],[5154,6267],[6554,9219],[3139,4876],[2997,4007],[2543,-63452],[5739,-147492],[4137,-119015],[112382,24020],[60449,-184],[35145,11003],[54627,38712],[12313,-22783]]],"transform":{"scale":[3.457793995588108e-7,1.7597233794461235e-7],"translate":[-75.15351674099992,45.576617794000065]}}