{"type":"Topology","objects":{"80050":{"type":"Polygon","arcs":[[0]]}},"arcs":[[[499999,79915],[-26811,-214],[-113169,-6118],[-103724,-14823],[-105741,-29580],[-90238,-29180],[-7563,36980],[-21160,100791],[-4796,24977],[-6539,38623],[-4137,15450],[-12392,68917],[-3729,25872],[194843,9799],[4349,1467],[25512,1011],[5984,3222],[19765,26903],[-13276,1543],[2391,9441],[-13269,1927],[3221,6615],[14749,7421],[2756,4678],[7071,1178],[4260,4485],[8343,3225],[-2860,10803],[-17209,7280],[3808,7892],[-9267,6610],[1023,7498],[13074,1480],[12658,-275],[8563,2446],[601,6427],[13054,4400],[-464,5452],[-7528,3203],[-10935,-697],[-10976,5438],[-4757,5446],[15863,1678],[11820,-3198],[22590,22232],[-3433,5566],[87042,2648],[15210,3135],[22776,-2343],[23917,-162077],[11495,-59255],[12028,-64203],[3847,-17015],[21360,-115181]]],"transform":{"scale":[5.980102760211176e-8,9.243689887377085e-8],"translate":[-75.25794067499993,45.580077061000054]}}