{"type":"Topology","objects":{"80055":{"type":"Polygon","arcs":[[0]]}},"arcs":[[[476541,385912],[-3761,-2593],[-4972,-5693],[-987,-3180],[3435,-2187],[7146,-2125],[-2746,-14252],[-4531,-22657],[-4172,-22759],[-8967,-45334],[-4341,-22864],[-4473,-22823],[-4396,-22900],[-18457,-94558],[-4893,-25876],[-10117,-51776],[-3012,-15721],[-7312,447],[-12999,-1309],[-16076,-2455],[-15061,-1849],[-14297,-3448],[-8641,586],[-25370,7702],[-16075,8385],[-27087,18381],[-23530,13455],[-25918,8359],[-20882,1548],[-12258,1087],[-29970,1251],[-21278,-400],[-4742,60771],[-856,8978],[-2671,33875],[-2551,31263],[-5313,85515],[-5058,1236],[-3378,-1654],[-19330,-1398],[763,-2936],[-5018,-11729],[-2623,1687],[-3523,-886],[1056,-2873],[2438,-2870],[2427,369],[1672,-1690],[103,-2878],[-2899,-2321],[-133,-3391],[-1902,-1290],[-2810,144],[-2904,-780],[-227,-3957],[2057,-3487],[-845,-4164],[3822,-3840],[635,-5700],[-1853,-1703],[-945,-2365],[-1571,-622],[-613,-2469],[-3274,-3915],[-715,-3489],[2945,-1017],[-531,-4982],[2950,-815],[-4390,-14193],[-1330,-1701],[-5666,-533],[-965,-773],[-43272,-5171],[-4098,53219],[-7860,116893],[-587,5730],[-1535,19385],[-1769,17927],[-3654,39288],[11578,481],[-1170,10940],[202747,21983],[41735,4808],[41765,4324],[41728,4173],[41704,4637],[83802,10229],[36110,3382],[-18684,-92824],[-4774,-21263]]],"transform":{"scale":[2.692784665571118e-7,1.7519691239380703e-7],"translate":[-75.263193,45.576890294000066]}}