{"type":"Topology","objects":{"80060":{"type":"Polygon","arcs":[[0]]}},"arcs":[[[482747,353732],[1068,-11738],[3543,-31264],[1184,-7010],[1869,-17521],[1372,-11331],[6053,-45725],[2163,-16775],[-8196,-4205],[-93333,-44698],[-103079,-49947],[-7503,-3382],[-7859,-4778],[-20547,-25763],[-14564,-10249],[-22320,-12408],[-22281,-10975],[-13142,-5509],[-47571,-18332],[-33273,-10986],[-28067,-10259],[-13176,-877],[-1554,15176],[-3085,25678],[-2726,25637],[-3865,38986],[-3775,30785],[-3470,17812],[-4175,22321],[-6191,31996],[-8626,33832],[-10425,53876],[115,0],[-6560,104393],[-3873,10053],[-444,4926],[-1775,7254],[-465,5608],[-1229,10069],[-1701,17177],[-1264,10529],[16090,1366],[52127,3868],[51941,4252],[83447,6205],[53334,3731],[25966,1760],[25932,1885],[25947,1701],[25796,1965],[52282,3321],[54483,3837],[10123,-100508],[5279,-45759]]],"transform":{"scale":[2.0909047218088822e-7,2.0375915351825562e-7],"translate":[-75.35887866399992,45.536805162000064]}}