{"type":"Topology","objects":{"80065":{"type":"Polygon","arcs":[[0]]}},"arcs":[[[431830,499916],[7875,-58507],[3245,-17795],[3177,-18473],[4849,-26212],[10805,-46177],[8517,-36661],[8438,-36895],[8253,-36980],[4103,-18674],[3305,-32808],[1442,-17397],[1313,-17557],[1606,-16425],[1240,-8340],[-13826,-437],[4363,-35684],[2112,-16284],[1833,-17608],[727,-5201],[-50545,-4055],[-48478,-3506],[-23921,-2078],[-24060,-1797],[-24045,-1989],[-24076,-1860],[-49455,-3943],[-77378,-6551],[-48164,-4495],[-48333,-4084],[-14922,-1443],[-273,3806],[-2875,26214],[-1185,8628],[-248,3779],[-8479,64343],[-890,4532],[-3774,2846],[6550,21731],[-282,5248],[-2971,34732],[-2896,34969],[-2543,17187],[-3014,17163],[-9220,51658],[-8043,36909],[-3746,18710],[-8180,37444],[-5151,22394],[-3183,25040],[-1427,14238],[10324,1223],[16720,1724],[69399,7410],[26809,2802],[51200,5492],[166370,18129],[63678,8034],[27320,3614],[10,-83]]],"transform":{"scale":[2.254928049855638e-7,1.928894477789585e-7],"translate":[-75.3728212069999,45.63177903800005]}}