{"type":"Topology","objects":{"80070":{"type":"Polygon","arcs":[[0]]}},"arcs":[[[499999,366110],[-18702,-114685],[-14050,-77820],[-77,-1391],[-18128,-115607],[-29725,-3575],[-68983,-10817],[-34330,-4903],[-34350,-4412],[-34379,-4573],[-34355,-5083],[-166895,-23244],[-999,17261],[-905,20441],[-994,20254],[-2278,38192],[-2829,21741],[-5688,43050],[-5817,42952],[-5870,42678],[-7449,53758],[-3342,30516],[-2189,21506],[-2238,20715],[-5427,68111],[17969,3419],[52738,10155],[38569,7513],[38912,7472],[19483,3868],[11110,1977],[21890,4565],[26441,5375],[52971,11182],[14849,3298],[691,-58945],[62,-31153],[259,-31543],[999,-42141],[38091,5811],[37320,4920],[37563,6156],[50106,8492],[39976,4514]]],"transform":{"scale":[3.2712374024733864e-7,1.6568939337885626e-7],"translate":[-75.27544633299993,45.65510935400005]}}