{"type":"Topology","objects":{"80078":{"type":"Polygon","arcs":[[0]]}},"arcs":[[[490677,400077],[-10252,-4105],[-4722,-1117],[-3385,-1706],[-5062,-2294],[-1540,-880],[-38989,-15736],[-2463,-1117],[-9302,-3090],[-684,586],[-21726,-9331],[-2588,-789],[264,-464],[-14032,-4333],[-3008,-3962],[-2244,-3722],[-997,-2044],[180,-4058],[-373,-3805],[1418,-1290],[2725,-1440],[2178,-556],[4444,839],[3714,-256],[4008,-727],[3314,-1629],[2909,-1786],[1363,-2591],[583,-2258],[232,-4501],[465,-3191],[-752,-3514],[-1662,-2847],[-7426,-3684],[-10399,-4155],[-5594,-15],[-1424,-2095],[-1739,-1417],[-396,-1069],[639,-2272],[3284,-4146],[388,-1759],[-820,-364],[-3507,-349],[-2079,-1184],[-1750,-1819],[-849,-1672],[-131,-1586],[255,-4986],[1518,-5556],[1725,-3305],[-185,-1246],[-1796,-1503],[-2905,1331],[-2113,1980],[-2278,48],[-2036,-1094],[-1833,-2220],[-1673,-1089],[-1195,-2087],[-201,-1879],[687,-823],[-5547,-25808],[-197,-2155],[-790,-3366],[1023,-2316],[3355,-2597],[411,-1145],[274,-4641],[770,-5085],[-874,-1166],[-1311,-257],[-1385,-1173],[-6317,187],[-7715,-32181],[-6116,-27640],[-5687,-28576],[-2987,-12502],[-25136,-95767],[-34750,-2440],[-43555,-4591],[-32653,-3328],[-32441,-2661],[-33114,-3140],[-868,22782],[-224,17054],[-55,16841],[-600,31867],[-12907,-1782],[-46048,-6045],[-22984,-2907],[-19029,-2468],[-611,16293],[-1671,32111],[-933,16464],[-416,16924],[-962,16857],[-1339,33905],[-1488,31146],[-1195,19834],[-1561,34408],[-1895,34295],[-1332,26208],[106643,1746],[258,17949],[59745,-259],[1358,2617],[50077,-1365],[3875,68912],[50131,904],[-906,21750],[94130,7293],[-567,2215],[-951,1160],[-3400,1540],[-2359,2751],[-1362,1150],[-316,1685],[2343,4456],[2495,3144],[880,1705],[370,3461],[2221,1784],[2448,211],[2580,-167],[1582,250],[3065,1320],[27112,-166],[1460,-24390],[57129,4315],[39958,-4406],[-9322,-75275]]],"transform":{"scale":[3.7631564063133414e-7,3.064732309465053e-7],"translate":[-75.22200654099993,45.71081710900006]}}