{"type":"Topology","objects":{"80085":{"type":"Polygon","arcs":[[0]]}},"arcs":[[[491412,347326],[853,-24776],[1214,-32424],[1000,-32529],[767,-18753],[953,-29446],[858,-32053],[616,-15938],[266,-16000],[599,-15565],[1069,-30357],[391,-15361],[-6187,-1053],[-10853,-1977],[-21674,-3819],[-21482,-3840],[-29377,-5192],[-10008,-1747],[-4,51],[-10490,-2150],[-24450,-4782],[-63879,-10787],[-19660,-3268],[-10292,-1667],[-26648,-4410],[-6420,-1025],[-3964,-728],[549,-8471],[1222,-14901],[-8249,-621],[-20173,-1440],[-19651,-1126],[-21177,-1607],[-21159,-1534],[-22589,-1556],[-26947,-1915],[-30862,-2314],[-7709,-622],[-11124,-795],[-10552,-828],[-744,8083],[-3638,46748],[-4718,44352],[-4172,41410],[-1595,40551],[-3266,80767],[-4093,39735],[-2381,22552],[-2023,15840],[-9559,89727],[2908,413],[13771,1192],[21836,1695],[28485,2738],[27872,2568],[28208,2075],[27667,2250],[27403,3067],[21409,2214],[1939,155],[-52,1685],[51915,10947],[86018,18063],[74660,15604],[25852,5568],[4075,-157765],[47446,5092]]],"transform":{"scale":[5.872835545670004e-7,3.241669123337381e-7],"translate":[-75.51060464899989,45.70665137000009]}}