{"type":"Topology","objects":{"80095":{"type":"Polygon","arcs":[[0]]}},"arcs":[[[350934,43440],[-3050,-1675],[-1576,-320],[-2568,212],[-2436,-269],[-2210,-2266],[-369,-4400],[-877,-2166],[-2481,-3995],[-2332,-5664],[314,-2142],[1354,-1460],[2349,-3496],[3383,-1957],[946,-1475],[565,-2815],[-93689,-9269],[-4874,-283],[-4197,29904],[-24665,177700],[-50933,-2732],[33,3037],[2309,130659],[-124697,-602],[-295,11990],[-40938,253],[221,143073],[107358,1581],[164644,2277],[92997,1208],[134779,1651],[-5899,-179553],[-3822,-116684],[-373,-3994],[754,-7576],[-181,-821],[-3416,-46106],[-19267,3722],[-52897,5162],[23,-2386],[649,-2256],[-24500,-1150],[-1237,-1306],[216,-2734],[1361,-7318],[173,-1790],[-2352,-190],[-4058,1341],[-3547,1824],[-4105,629],[-170,-3682],[630,-1364],[2752,-1874],[10010,-5203],[1167,-1711],[-58,-5040],[-749,-2015],[-27,-4912],[1444,-3879],[-250,-2025],[-1014,-1204],[-1949,-310],[-1894,799],[-1468,-898],[-582,-2355],[1599,-4641],[1609,-2203],[523,-1795],[-2112,-3882],[-2939,-3434],[-2202,-5378],[-3148,-5934],[-1538,-416],[-3564,851],[-1674,-462],[-2062,-3556],[-2606,-3482],[-1519,-1225],[-1360,301],[-3152,2265],[-1534,-399],[-517,-1966],[62,-2289],[-391,-2584],[-2774,-6438],[-4121,-4449],[336,-2047],[-563,-1781],[61,-3793],[-843,-963]]],"transform":{"scale":[3.780803601607415e-7,2.4114263628520354e-7],"translate":[-75.21381771499993,45.85357805500007]}}