{"type":"Topology","objects":{"80090":{"type":"Polygon","arcs":[[0]]}},"arcs":[[[327436,499479],[-154,-111224],[28379,-195],[205,-9322],[86439,468],[-1601,-101573],[-22,-2359],[35306,2124],[17097,-138142],[2910,-23248],[3378,221],[626,-21488],[-34589,-895],[-2673,-68084],[-34552,1349],[-938,-2584],[-41221,256],[-178,-17736],[-73579,-1724],[-51086,-5323],[-4390,164869],[-27836,-5818],[-80390,-16308],[-92620,-18875],[-55901,-11439],[-2,7379],[-44,380190],[90642,-33],[110543,-164],[96455,-246],[29796,-76]]],"transform":{"scale":[5.454177368355088e-7,3.1019766439533474e-7],"translate":[-75.39232376199993,45.81759223700004]}}