{"type":"Topology","objects":{"80103":{"type":"Polygon","arcs":[[0]]}},"arcs":[[[488036,499838],[1042,-67171],[-457,-56341],[-116,-56143],[1243,-41548],[-42,-1875],[116,-50785],[-13213,317],[-1022,-16872],[-4105,-56307],[-1674,-27444],[28547,592],[352,-40421],[1292,-19670],[-33484,-7856],[-74985,-16380],[-51339,-11744],[-49257,-11513],[-31179,-7407],[-47764,-11270],[16985,81971],[-72808,4797],[-104104,-4698],[-2660,26560],[-49404,179],[1545,827],[-115,3248],[1034,1526],[-617,1753],[7548,3814],[5077,5517],[716,2212],[-114,1963],[946,1682],[2807,343],[5770,-1940],[2491,-258],[2780,1050],[4772,2983],[3777,3047],[3064,394],[6524,-727],[2814,356],[5766,5084],[4031,4608],[5379,2943],[3869,3327],[-959,1538],[-2946,1886],[-2927,3977],[1064,2018],[2691,768],[3465,-685],[3567,267],[1857,1031],[460,1737],[-2644,3323],[51,4208],[1368,1728],[107,4317],[-2139,1466],[-18324,4458],[-5037,1604],[-1154,1171],[312,3153],[7515,-537],[6492,-1565],[7429,-1147],[4305,161],[-313,1535],[-2495,6270],[-394,2344],[2265,1118],[44854,985],[-1188,1932],[-44,2045],[96842,-4422],[35276,-3189],[6252,39504],[330,704],[-1378,6491],[684,3422],[6127,87579],[11667,166243],[73210,-480],[141924,319]]],"transform":{"scale":[2.0651540503074857e-7,2.8143878687757235e-7],"translate":[-75.08113647699992,45.83343002000004]}}