{"type":"Topology","objects":{"80110":{"type":"Polygon","arcs":[[0]]}},"arcs":[[[483815,459580],[5763,-93443],[660,-15281],[8408,-82162],[980,-10722],[372,-42862],[-39766,-1653],[-151,-8864],[-464,-87037],[-53504,-3983],[670,-65312],[-35778,12040],[-76711,25306],[-46209,14653],[-29110,11725],[-104048,-59978],[-91359,-52007],[-1008,37276],[-274,76605],[-22286,-1121],[1307,52013],[3204,106718],[798,31975],[10314,-602],[-89,96251],[57,3550],[73716,523],[86746,826],[84573,914],[48636,994],[-2265,94076],[176818,-40418]]],"transform":{"scale":[2.6455162510321286e-7,1.484989349978482e-7],"translate":[-74.98411391799992,45.85205322500008]}}