{"type":"Topology","objects":{"80115":{"type":"Polygon","arcs":[[0]]}},"arcs":[[[499999,494768],[-31838,-176245],[-14945,-125026],[-12753,-67824],[-22785,-125673],[-22620,269],[-15788,1456],[-56206,2947],[-66653,4098],[-7056,-175],[-73015,781],[-106734,389],[-2637,673],[-39107,10587],[-27368,7626],[-494,39987],[39492,2438],[343,53289],[111,5429],[29353,1011],[-275,26244],[-723,6564],[-6205,50305],[-488,9354],[-4457,59940],[-4628,54015],[-49,162650],[73977,121],[66984,-1039],[-781,-61800],[17420,730],[-2222,-59271],[56022,2133],[50022,3035],[2146,113798],[38010,-264],[84726,-1815],[38051,-912],[23170,175]]],"transform":{"scale":[3.5840395880784083e-7,2.425423790848136e-7],"translate":[-74.8766758619999,45.85227089700004]}}