{"type":"Topology","objects":{"80125":{"type":"Polygon","arcs":[[0]]}},"arcs":[[[492958,493983],[73,-315977],[6675,-104979],[293,-5302],[-188268,48098],[2411,-111947],[-51788,-1185],[-90048,-1087],[-92367,-984],[-78516,-620],[-1032,93700],[95,126616],[381,127065],[-867,151488],[217805,1130],[1086,-1365],[102478,-1137],[91020,-392],[80569,-3122]]],"transform":{"scale":[2.484598929198297e-7,1.2479270558543403e-7],"translate":[-74.98034960599995,45.911848700000064]}}