{"type":"Topology","objects":{"80130":{"type":"Polygon","arcs":[[0]]}},"arcs":[[[224578,498973],[-1599,-112881],[-800,-53797],[71841,246],[108392,-112],[2360,605],[1982,-561],[22566,226],[3190,-168922],[52650,1330],[915,-55841],[12718,139],[1206,-109227],[-67225,-110],[0,-68],[-50754,1465],[-57339,184],[-64556,533],[-685,642],[-88083,-328],[-123436,-540],[-38333,507],[-383,50569],[-313,30914],[-1037,13457],[2716,93273],[1356,20740],[-707,10135],[-2883,80197],[-4282,101468],[-4055,82651],[24858,11188],[6850,1314],[30788,-171],[11315,1801],[17497,-2170],[6932,-204],[34480,1017],[9195,154],[39639,-441],[23116,671],[19908,-53]]],"transform":{"scale":[3.9440987881971135e-7,2.65877323754733e-7],"translate":[-75.02855976399991,45.97349418600004]}}