{"type":"Topology","objects":{"80135":{"type":"Polygon","arcs":[[0]]}},"arcs":[[[432606,499999],[-7453,-97060],[-8714,-113776],[-1675,-21477],[17062,-1790],[62403,1532],[-359,-172],[2085,-45083],[2200,-55345],[1481,-43745],[363,-5528],[-697,-11313],[-1395,-50877],[532,-7339],[162,-16863],[197,-27583],[-66386,-817],[-59762,-785],[-65480,-914],[-54535,-807],[-21172,48],[-68535,159],[-78547,103],[-64404,21],[-19557,-588],[-420,255898],[91522,733],[63997,445],[49073,305],[51313,287],[31,12367],[40919,-1305],[1554,54451],[24343,-120],[666,56742],[27323,201],[179,51791],[26335,488],[793,67334],[901,24],[31189,125],[22468,233]]],"transform":{"scale":[7.676057452114354e-7,4.874393528786847e-7],"translate":[-75.40765792899992,45.97240370800006]}}