{"type":"Topology","objects":{"80140":{"type":"Polygon","arcs":[[0]]}},"arcs":[[[499940,68819],[59,-1960],[-2168,-181],[-23922,-2573],[-30620,-3564],[-30912,-2615],[-31519,-2416],[-31142,-2983],[-31830,-3184],[-24399,-1971],[-15386,-1385],[-3245,-530],[-58001,-9003],[-5208,-2707],[-3791,-3013],[-6281,-3678],[-5545,-2074],[-12037,-3334],[-41336,-5833],[-21491,-3110],[-9957,-1619],[-1388,-387],[-3639,-304],[-6742,-863],[-1247,-625],[-5881,-849],[-65205,-8058],[-1801,5965],[287,3454],[-5297,8087],[1455,7751],[-13282,1846],[-4515,767],[-1616,7866],[-2226,13196],[-112,8655],[2313,20517],[2697,13228],[1429,4421],[4545,26175],[21850,20601],[7668,10270],[12815,27411],[11533,18136],[2129,14734],[-1060,15464],[1414,9128],[2509,7445],[3755,7643],[6466,18438],[4302,2420],[7759,-4926],[3873,2620],[10341,17894],[3226,3663],[6164,8247],[8158,8072],[1950,6669],[763,5793],[-456,4775],[-3250,3276],[-6569,-1641],[-4304,1893],[12,5948],[3221,7566],[1287,7257],[-1581,8139],[-310,4726],[1013,5093],[2150,4136],[5682,9338],[-1301,8762],[-1676,5709],[-1059,10374],[2277,7122],[3875,7701],[753,5746],[-4894,6406],[-629,8225],[2119,7895],[2611,3312],[4720,1352],[5329,6264],[12793,22629],[1017,5099],[4066,8082],[3119,2398],[26936,-2514],[9154,-177],[15745,-386],[133835,2210],[35686,-1378],[74998,1368],[18364,613],[28560,1031],[46,-422968],[2,-8212]]],"transform":{"scale":[5.255987051973485e-7,2.7882459364914783e-7],"translate":[-75.6550664089999,45.833278741000065]}}