{"type":"Topology","objects":{"81":{"type":"Polygon","arcs":[[0]]}},"arcs":[[[251210,497340],[4144,-1788],[32820,-28339],[91823,-81959],[33528,-29158],[49795,-44350],[25675,-23645],[-10000,-5050],[21004,-18793],[-110444,-124626],[-27224,-30981],[13474,-8682],[-3108,-1805],[-44726,-46939],[-10846,4680],[-53140,-55905],[-48795,18581],[-15741,7132],[-51651,19585],[-122132,47888],[1227,2341],[-26893,10553],[9452,20726],[1296,7431],[5632,4094],[1093,12013],[3192,1862],[2984,9291],[4419,33317],[9940,10166],[17267,14137],[18175,26028],[2988,7929],[4699,1985],[40366,30759],[6565,6572],[8229,18338],[6750,8675],[3366,7681],[9559,13138],[3006,1860],[-215,9908],[3171,10281],[8608,17595],[7502,8923],[4869,9169],[4650,19819],[8618,14251],[4320,3471],[8799,16977],[17519,19206],[14370,20580],[6563,7737],[3458,-2659]]],"transform":{"scale":[6.812648899584349e-8,7.26665771724066e-8],"translate":[-73.65430589723084,45.575917764641446]}}