{"type":"Topology","objects":{"82":{"type":"Polygon","arcs":[[0]]}},"arcs":[[[491547,248432],[8452,-8161],[-24322,-11076],[-11283,-6057],[7699,-7338],[-17324,-9771],[-19873,19157],[-23556,-18814],[-19088,-18804],[-45647,-54331],[-107049,-133237],[-19948,19664],[9497,5283],[-24381,24741],[-47290,46404],[-31842,30507],[-90959,89375],[-27413,26033],[-7220,4652],[9247,21206],[14393,36166],[25831,37995],[705,4534],[5883,6875],[27084,23975],[5739,6512],[29232,23591],[27751,19418],[5541,6169],[21175,15703],[20231,12771],[35098,31731],[5336,6694],[54532,-52701],[60665,-59194],[73641,-72353],[69463,-67319]]],"transform":{"scale":[7.173543886869272e-8,6.94497009901125e-8],"translate":[-73.63742741566489,45.59512053355115]}}