{"type":"Topology","objects":{"82005":{"type":"Polygon","arcs":[[0]]}},"arcs":[[[491059,267678],[652,-6267],[879,-10225],[634,-5994],[240,-3337],[918,-4318],[228,-2931],[2000,-5984],[3388,-62140],[-33851,-2821],[-31425,-2496],[-13080,-1663],[-3032,-293],[-5175,-217],[-1674,345],[-5781,-191],[-18693,-1832],[-4709,-299],[-1058,-405],[-3938,94],[-2473,-531],[-2364,-20],[-448,-779],[-1554,6672],[-5832,-640],[-5525,2510],[-1599,-3283],[-3621,-409],[-1338,6144],[-1018,5915],[-10317,-566],[-1822,245],[-15768,-1738],[406,-2979],[493,-1577],[-3713,-2218],[-565,-818],[-1442,72],[1147,-11893],[-16311,-734],[-10949,-664],[-676,94],[-15117,-1182],[3958,-53257],[-670,-96],[-20216,-1343],[11337,-34251],[19894,1224],[179,-15978],[887,-5326],[863,-18518],[419,-2817],[-7145,-548],[-6377,-219],[-12397,-1384],[-22426,-1064],[-10315,-1207],[-5856,-229],[-28374,-2266],[-12793,-1679],[-8893,-564],[-10585,-1053],[-20680,-1182],[-11552,-211],[-21566,-1920],[-18881,-1832],[-33095,-2605],[-1652,16922],[-1275,5473],[-5245,44136],[-4294,35441],[-1253,11747],[-3760,42731],[-324,1976],[-2678,11251],[-2572,8289],[-2372,6956],[-9303,87674],[-5830,48291],[-1804,10727],[-7274,51766],[-1103,4868],[-4344,38300],[-7809,42962],[37342,4720],[11920,2223],[13626,1774],[5964,700],[1645,586],[2536,-283],[20262,953],[27735,2625],[22228,2506],[11421,-135],[13597,1194],[15860,813],[16134,752],[11181,588],[44764,2191],[39083,1816],[32764,1471],[30691,1453],[30713,1523],[28504,1067],[29258,1363],[11965,589],[2868,-12619],[4556,-21100],[2086,-10541],[4479,-20799],[5134,-29107],[1678,-9673],[1417,-9684],[1614,-19704],[1654,-19572],[156,-2957],[-3646,-12244],[2101,-1603],[496,-2555],[4697,-36075],[163,-2310],[660,-4863],[1600,-14770],[153,-2145]]],"transform":{"scale":[4.049070138141551e-7,3.423157686315435e-7],"translate":[-75.55771204599995,45.54014854900004]}}