{"type":"Topology","objects":{"82010":{"type":"Polygon","arcs":[[0]]}},"arcs":[[[499999,8658],[-18915,-1476],[-15265,163],[-29712,-3025],[-37069,-3170],[-27084,-1150],[-3388,341],[-14256,7529],[-29396,5693],[-15921,2917],[-15843,-715],[-13830,9412],[-8341,7569],[-9431,2998],[-61,-180],[-9769,577],[-3953,393],[-9568,1876],[-14869,6260],[-12783,4003],[-9546,782],[-13625,1763],[-10191,861],[-3336,2361],[-3697,5990],[-5705,6711],[-4053,8202],[3906,9262],[2779,11027],[4013,9032],[5454,7510],[10439,11478],[9924,7563],[7832,6855],[697,4543],[-7535,13415],[-688,7526],[6763,11489],[-1419,9135],[-8931,10663],[-14729,3886],[-8916,3471],[-5163,4409],[-407,5650],[318,2613],[4192,7171],[-6193,4222],[-2245,2661],[-5625,11639],[-8089,12415],[-7809,6967],[-12583,9429],[-6322,6828],[-5908,12106],[756,6506],[140,6304],[-1966,6797],[-16961,22304],[-4710,11546],[-15446,15927],[-7628,6764],[-13550,6297],[-6844,4662],[-8800,8700],[-6419,5323],[-3765,7838],[97,6172],[-2634,6764],[-3268,3395],[-9700,8656],[40,10353],[-2527,7391],[-2929,4061],[-1193,2182],[-3915,4659],[-2925,4384],[113129,7926],[10207,832],[2162,617],[11700,847],[6312,301],[2408,380],[17276,1591],[37289,3059],[71716,5737],[20884,3278],[9620,2041],[10898,3615],[6578,2965],[9038,2663],[100632,8853],[18523,-102546],[3922,-18110],[4617,-25786],[7936,-45432],[6329,-92347],[3093,-46368],[8088,-47348],[9147,-50709],[7051,-53452],[1444,-9242]]],"transform":{"scale":[3.0293535587067477e-7,2.8351408702821634e-7],"translate":[-75.6408187369999,45.70419672400004]}}