{"type":"Topology","objects":{"82020":{"type":"Polygon","arcs":[[0]]}},"arcs":[[[499998,164245],[-13527,-1393],[-2255,478],[-42998,-6488],[-28184,-2673],[-4961,-1014],[4588,-57185],[1649,-34063],[-33271,-2749],[-21029,-1986],[-4420,-712],[-1782,13],[-5117,-949],[-7639,2434],[-6076,-3308],[-4406,-619],[-4900,-2044],[-4727,-612],[-4909,-1142],[-4035,1624],[-1808,-2030],[-644,-5631],[-1357,-854],[-1736,-2764],[-1893,-1578],[-431,-3944],[2594,-4214],[3122,-6810],[3223,-12591],[1219,-8353],[-15245,-3088],[-3308,3216],[-11511,10241],[-654,1483],[-4260,6615],[-883,3231],[-3343,5866],[-5454,2144],[-11672,1265],[-1309,2261],[577,7203],[2613,26512],[-13889,19983],[-20618,33682],[-17618,14086],[-7356,11253],[-2677,3762],[-8121,7793],[-6444,23078],[-10789,18404],[-24364,24248],[-29422,19422],[-11846,9883],[-9656,13986],[-12172,5229],[-7796,5153],[-2544,11883],[-8745,27425],[-5994,8423],[-10069,6294],[-9614,6701],[-5908,17280],[-16419,14705],[-16100,18833],[-1678,19923],[35944,1762],[160028,22920],[10787,1047],[18325,2392],[15860,2557],[73015,4467],[66184,8753],[462,33360],[94462,11274],[11522,-124924],[1605,-11568],[1309,-5911],[2965,-16120],[672,-6572],[265,-4154],[259,-10462],[-3045,-19173],[-1017,-2315],[-1727,-6330],[701,-5373],[9,-1575],[611,-3630],[504,-21189],[3048,-26820],[2464,-24000],[344,-4049],[631,-2389],[183,-7999],[1409,-12109],[327,-7888],[1892,-11203]]],"transform":{"scale":[4.2611269822542267e-7,2.648375156750089e-7],"translate":[-75.89695413999993,45.506971228000054]}}