{"type":"Topology","objects":{"82035":{"type":"Polygon","arcs":[[0]]}},"arcs":[[[383950,413825],[612,-8],[4014,766],[9448,2027],[4822,1331],[30629,6186],[15728,3338],[26813,6179],[7671,1798],[205,-3394],[1921,-39641],[971,-18021],[1425,-32042],[491,-10676],[419,-36936],[331,-17240],[1632,-31211],[2030,-20735],[1510,-16402],[1523,-36301],[2066,-76736],[-337,-2279],[-311,-6276],[1731,-2302],[705,-29679],[-64980,-14462],[-33967,-2596],[-12948,-4641],[-1821,-300],[-6870,-944],[-2486,-440],[-3674,-952],[-48326,-12333],[-18358,-1543],[-31514,-7547],[-734,-480],[-4312,-96],[-6871,-1218],[-30339,-3760],[-7233,-1203],[-8218,-1148],[-15264,-1908],[-2286,22648],[-135,2358],[-1516,11208],[-3951,41163],[-1651,14875],[-5109,55526],[-503,3624],[-257,3361],[138,2998],[-2035,14359],[-1825,32188],[-9915,-2036],[-14758,-3285],[-7410,-2505],[-906,295],[-7050,-1120],[-17049,-3339],[-5012,-587],[-4524,-310],[-9261,-2577],[-25728,-5642],[-18570,-1762],[-25723,-5224],[-11976,-2567],[-23178,-7293],[-63,2301],[-1673,71167],[-158,67749],[43,110109],[663,24392],[102,5662],[-767,44304],[42855,1652],[10162,596],[29652,867],[12715,146],[4155,161],[29130,1721],[12862,1294],[29330,1522],[4,-15474],[34,-14002],[-85,-2021],[-43,-7161],[0,-8687],[483,-32546],[-1336,-52920],[11678,2098],[2499,710],[41798,11342],[44912,9373],[5784,1519],[20333,3858],[7654,1664],[13756,3066],[5619,1192],[8841,1742],[6115,1172],[1386,399],[3337,649],[4424,1048],[15656,2806],[332,20],[12688,2510],[6144,1147],[1035,322]]],"transform":{"scale":[0.0000010196343312686738,4.078332036663959e-7],"translate":[-76.32519887899991,45.59964380100006]}}