{"type":"Topology","objects":{"82030":{"type":"Polygon","arcs":[[0]]}},"arcs":[[[459948,376462],[1797,-15584],[1568,-8801],[1670,-31295],[4076,-25921],[3791,-23257],[-467,-8382],[313,-3196],[1751,-45701],[291,-3380],[5277,-19112],[684,-1630],[392,-2795],[1085,-21012],[586,-7222],[852,-12514],[527,-6472],[166,-650],[913,-5433],[1920,-20520],[650,-6057],[2348,-20320],[1772,-16488],[1150,-10113],[1331,-11469],[1513,-13723],[681,-4952],[3413,-30463],[-10630,13719],[-13651,14263],[-14905,20384],[-16884,32173],[-13494,23653],[-13517,13398],[-3190,3735],[-21161,17319],[-4563,1989],[-37570,14789],[-29150,19492],[-28905,13565],[-19780,10959],[-18371,4184],[-40637,3510],[-15841,-1587],[-14298,107],[-30596,3262],[-10055,-541],[-10909,-3828],[-20404,-8690],[-6619,-7122],[-5880,-57894],[-1973,-7201],[-5697,-4609],[-19483,-879],[-18022,-2781],[-10440,-582],[-5983,-591],[-5795,-2414],[42,7757],[-26,4238],[-295,14726],[-336,14339],[30,1301],[-112,2320],[-154,8446],[-322,26374],[-673,16873],[-199,2430],[-737,10952],[-1586,14834],[-745,6770],[-395,3319],[-464,4414],[-186,2646],[-3165,31734],[-1928,21747],[-1740,15328],[-1139,9199],[-395,3399],[-340,1659],[-1259,9575],[-3036,26412],[-4991,39908],[-293,3593],[-484,6624],[-2396,18419],[-384,1561],[-455,3206],[-44,1150],[-2972,19897],[-416,5557],[27603,5288],[14264,1861],[30632,3786],[22118,1276],[30639,4090],[11030,1869],[5388,224],[5966,424],[20306,2421],[8395,811],[1080,-214],[8824,1817],[17576,2381],[11810,1476],[2172,-23332],[2422,-10408],[-163,-2171],[306,-2436],[598,-2628],[6085,-40247],[1967,-10781],[4706,-29837],[1805,-8122],[160,-1709],[2723,-16416],[18178,1382],[9787,833],[8615,872],[36132,2725],[8184,883],[5133,70],[875,347],[37529,5471],[21866,1118],[62482,9704],[2406,245],[8181,684],[2168,216]]],"transform":{"scale":[8.561668363337583e-7,5.626669673339359e-7],"translate":[-76.32326765999994,45.40163468700007]}}