{"type":"Topology","objects":{"83005":{"type":"Polygon","arcs":[[0]]}},"arcs":[[[468933,208252],[3253,-17956],[3998,-22950],[2003,-9515],[704,-1558],[691,-3241],[12479,-56554],[362,-1943],[4542,-18398],[3034,-15384],[-22813,-2247],[-15042,-2237],[-1586,-608],[-16351,-4519],[-56133,-7073],[-41342,-2082],[-6019,-226],[-19690,-1466],[-9266,-1291],[-4652,-564],[-50267,-5625],[-17335,-2728],[-60595,-9377],[-35541,-5067],[-69221,-9385],[-10894,-2020],[-21351,-3077],[-9071,-1161],[-1382,10],[-2717,5970],[-5345,5612],[-8348,3993],[418,7144],[1752,6892],[-1410,2797],[-7968,9813],[-2357,10648],[-1895,7541],[-3578,12574],[745,7491],[8850,608],[11477,3970],[12070,10174],[3041,2942],[-820,5515],[-493,8754],[1270,4665],[7530,10200],[-1296,8552],[-3009,13443],[-1432,5030],[-547,3282],[2071,4868],[11360,9199],[6890,6090],[5480,5997],[5623,7806],[3599,849],[7577,541],[7941,19575],[1694,3127],[1894,4625],[2030,7553],[-1270,7506],[-5952,9804],[-1941,3851],[-6389,6075],[-5156,3035],[323,4950],[1075,22311],[-16,2825],[-3633,10591],[2221,10167],[1225,4457],[-4382,21652],[-2577,7899],[437,4321],[1149,3514],[3683,5278],[4633,2095],[23924,-2293],[5641,3795],[2937,4758],[725,7946],[-3166,8672],[-5208,5129],[-4191,9203],[-5355,22986],[-4275,1879],[-3406,2953],[-441,6665],[-3599,6129],[-4120,6063],[-4805,8717],[-204,7187],[5558,16739],[1672,7070],[-32,14213],[18822,-112],[14491,-347],[27030,-929],[9091,-136],[13092,-377],[15147,-256],[30842,-310],[33520,-828],[21468,-317],[48511,490],[16682,375],[19944,797],[51739,2450],[66485,3506],[131,-28888],[383,-37385],[291,-23947],[86,-30899],[381,-24750],[47,-42502],[-88,-31076],[-4,-28295],[116,-1163],[508,-22122],[887,-14894],[701,-5825]]],"transform":{"scale":[4.5118935837878483e-7,2.687456334912421e-7],"translate":[-75.94789801099995,45.76841263400007]}}