{"type":"Topology","objects":{"83015":{"type":"Polygon","arcs":[[0]]}},"arcs":[[[499450,16050],[-1260,-228],[-11315,800],[-6853,-840],[-41083,-1899],[-2681,-21],[-1411,644],[-1793,7],[-2231,-695],[-30940,-259],[-26394,-2084],[-55050,-2038],[-54193,-1597],[-53833,-1747],[-105415,-2817],[-49308,-1487],[-16665,-415],[-34292,-1374],[405,48497],[143,73122],[-519,56090],[-1453,107760],[-993,45699],[-1894,70400],[-422,87179],[14478,1341],[44889,1707],[42609,3451],[15391,286],[24350,1403],[37940,1094],[31188,-951],[17559,-239],[52138,2839],[7151,320],[-3938,-11578],[-1938,-12595],[-5422,-6578],[-5212,-13108],[-8299,-7550],[-18872,-28226],[-3141,-7346],[2745,-11241],[12076,-7619],[7097,-7638],[4369,-15351],[9969,-22851],[3345,-7747],[2214,-13621],[-1074,-10598],[-1480,-6260],[-4800,-8796],[-510,-2654],[2758,-1050],[17163,-3473],[10058,-3123],[1578,-4220],[-1548,-8043],[114,-7680],[7070,-7257],[7088,-5088],[2797,-3578],[1918,-7104],[909,-8211],[2956,-4818],[2815,-5032],[4061,3506],[7074,-11873],[4294,-3556],[6594,-4893],[18210,-8167],[7546,-4664],[7361,-4028],[4390,-5140],[5158,-7567],[6897,-6853],[6077,-3933],[13727,-5748],[7742,-10368],[9106,-4813],[13626,-11157],[7536,-3901],[5516,-4948],[4652,-6773],[6839,-7324],[6413,-7830],[1608,-2856],[1157,-728],[1026,-1429],[1684,-3288],[2652,-9263],[-8,-7534],[-2842,-5648],[-1170,-4237],[-57,-4480],[-1434,-6583],[1672,-17275],[4690,-14229],[2875,1192],[823,-1094],[4006,-11280],[-549,-5152]]],"transform":{"scale":[4.818691057382644e-7,2.5404295408599315e-7],"translate":[-76.15309008299994,45.897631371000045]}}