{"type":"Topology","objects":{"83010":{"type":"Polygon","arcs":[[0]]}},"arcs":[[[471927,499521],[28,-12528],[-1486,-6232],[-4942,-14753],[180,-6333],[4274,-7685],[3663,-5342],[3199,-5403],[393,-5874],[3028,-2602],[3800,-1655],[4762,-20261],[3726,-8111],[4630,-4520],[2817,-7643],[-646,-7005],[-2612,-4193],[-5014,-3345],[-21271,2021],[-4122,-1846],[-3274,-4650],[-1020,-3099],[-389,-3809],[2291,-6961],[3896,-19084],[-1090,-3928],[-1974,-8960],[3231,-9336],[13,-2489],[-956,-19665],[-287,-4362],[4585,-2674],[5680,-5356],[1727,-3393],[5291,-8643],[1130,-6614],[-1804,-6657],[-1685,-4077],[-1508,-2755],[-7059,-17255],[-6737,-476],[-3200,-746],[-5000,-6882],[-4871,-5285],[-6127,-5368],[-10100,-8108],[-1842,-4291],[488,-2892],[1271,-4434],[2677,-11847],[1151,-7538],[-6695,-8991],[-1128,-4109],[438,-7716],[730,-4860],[-2706,-2595],[-10731,-8966],[-10205,-3500],[-7867,-536],[-664,-6602],[3183,-11082],[1685,-6647],[2093,-9384],[7084,-8648],[1257,-2467],[-1560,-6073],[-371,-6297],[7423,-3519],[4752,-4947],[2415,-5261],[-2082,-430],[-12345,-1537],[-25495,-3354],[-667,-29],[-31456,-3752],[-8891,-1402],[-6705,-866],[-2784,-535],[-12288,-1567],[-17765,-2331],[-11289,-1594],[-27638,-4101],[-15381,-2225],[-40856,-5162],[-11621,-2032],[-90244,-12536],[-83984,-15170],[-5019,-951],[-23465,-2803],[2682,70779],[-970,43533],[0,11619],[86,9577],[170,2702],[-68,18728],[-21,23353],[-352,21324],[282,48166],[391,60138],[-11,91616],[73,60069],[-71,24546],[32524,1145],[15825,345],[46822,1239],[100100,2346],[51120,1456],[51460,1331],[52274,1697],[25065,1738],[29379,214],[2118,581],[1703,-6],[1340,-537],[2546,18],[39011,1581],[6507,701],[10746,-667],[1196,189]]],"transform":{"scale":[5.074535289070229e-7,3.049178738357301e-7],"translate":[-76.15190163799991,45.74939568500008]}}