{"type":"Topology","objects":{"83032":{"type":"Polygon","arcs":[[0]]}},"arcs":[[[494787,499964],[3039,-329953],[1747,-71769],[320,-44289],[106,-51383],[-747,-13],[-5757,723],[-20511,1825],[-32878,1640],[-9779,648],[-9467,502],[-3339,222],[120,-206],[-30895,1999],[-38056,1455],[-11548,1209],[-6358,-202],[-7816,333],[-37517,2016],[-23489,-1798],[-25627,-1138],[-54392,-2290],[-7971,-511],[-31400,-2287],[-10865,198],[-15789,666],[-3510,121],[-23477,-905],[-15067,-1162],[-9524,-237],[-26366,-2855],[-27777,-1414],[-8958,-1109],[-117,9882],[-617,225887],[183,3],[-349,93254],[-339,118140],[67941,6105],[-91,-21658],[27192,304],[330,-20330],[27204,-615],[358,23374],[31792,620],[596,2535],[-209,3659],[-723,3121],[-925,1474],[-1967,571],[-624,1277],[201,1822],[953,1635],[826,752],[1033,-36],[2506,732],[515,2183],[2092,2744],[615,161],[421,1653],[853,1492],[18032,379],[37490,308],[40016,280],[-1395,-14921],[189,-6461],[4215,-11829],[3143,-4081],[1145,-3130],[22422,-3579],[-240,47356],[6624,-2570],[2636,1006],[10092,1297],[43759,-1278],[10105,-2693],[53747,3706],[5393,3616],[6722,4196],[415,-1424],[3545,-287],[1258,-1795],[217,-2929],[-2684,-1896],[-191,-1498],[1048,-2885],[242,-4394],[1689,-4367],[854,-3650],[1060,-2179],[2693,80],[6121,922],[12696,-390],[5461,6508],[1759,10392],[3008,20123],[-42,50],[2127,15535],[28527,1740],[0,-35]]],"transform":{"scale":[7.78720219440399e-7,3.0693827187656755e-7],"translate":[-76.15405371999992,46.02179423700005]}}