{"type":"Topology","objects":{"83045":{"type":"Polygon","arcs":[[0]]}},"arcs":[[[427725,369856],[-306,9],[367,-44909],[71480,-82],[57,-22075],[-1118,-138771],[1793,-71805],[-53585,-331],[-44896,-695],[-2127,-2735],[-1046,-3026],[-1529,-294],[-5210,-5032],[-1285,-3998],[-6239,-1341],[-2569,65],[-2056,-1379],[-2373,-2994],[-504,-3340],[1555,-2339],[4898,-1044],[2304,-2703],[1797,-5719],[522,-6707],[-1485,-4643],[-79156,-1137],[-891,-42831],[-67732,1126],[-823,37256],[-67704,-558],[229,39686],[-169208,-11190],[-340,114334],[-545,311447],[172408,5218],[91006,2680],[30399,-67411],[17567,-10639],[24443,-28418],[7885,-3523],[82916,2729],[1101,-22881]]],"transform":{"scale":[3.127610255220814e-7,1.6750409300826644e-7],"translate":[-76.15434460499995,46.147937309000035]}}