{"type":"Topology","objects":{"83040":{"type":"Polygon","arcs":[[0]]}},"arcs":[[[493292,495720],[494,-9665],[464,-6913],[97,-16516],[1600,-91012],[354,-18834],[511,-88591],[320,-32521],[43,1],[793,-61578],[815,-48605],[-424,-4],[1442,-117738],[198,-3744],[-150211,1150],[-179857,1315],[-169428,1178],[-503,27916],[604,56741],[526,56086],[521,58785],[371,53697],[1097,52692],[831,40682],[1170,30967],[445,12887],[775,24578],[3820,81325],[166018,-1951],[63070,-446],[254044,-1882]]],"transform":{"scale":[3.3285233770462244e-7,5.888764477527986e-7],"translate":[-76.31953948199993,46.022622020000085]}}