{"type":"Topology","objects":{"83055":{"type":"Polygon","arcs":[[0]]}},"arcs":[[[425944,51123],[37,62],[-44671,-1973],[-54968,2838],[-5192,5733],[-76861,-1708],[-5372,-3148],[-16949,-24287],[-12350,-33],[-18262,-21175],[-23435,-7432],[-8514,18499],[-2277,9758],[6170,14649],[-9316,10965],[-7242,13571],[-2230,13195],[-662,12227],[726,14268],[5023,32945],[-137,15087],[-8163,6992],[-8846,2460],[-10885,856],[-13502,-4710],[-7511,-559],[-5131,-2631],[-9824,-11212],[-3505,-5652],[-8689,-1052],[-726,1988],[-4238,3041],[1071,7033],[572,6703],[3662,8492],[-650,3586],[-2757,2004],[-3597,983],[-1079,-5101],[-3794,-5244],[-1655,85],[-1574,-1062],[-815,-3265],[-1307,-2375],[-1074,80],[-1856,5336],[-5964,-2030],[-5013,-3182],[-2605,-2725],[-5780,-9336],[-2974,2040],[-2203,6251],[-5699,17641],[9275,20762],[1256,10188],[4799,11262],[333,11796],[2980,2977],[-1550,10661],[-2964,9572],[-7287,10906],[-9970,10376],[-4521,5235],[-12380,7193],[-2146,4916],[-1176,19357],[3645,18273],[7866,22190],[3590,3822],[5078,-537],[9718,-2625],[4354,24616],[7976,13640],[3570,7021],[9151,34180],[1702,9287],[-7177,12357],[-2900,17424],[-4444,7335],[-5455,5144],[-3563,3827],[-3201,4975],[-1398,8153],[13189,614],[47362,-748],[127360,2253],[180439,2998],[2568,-4482],[7919,-4839],[9960,-11253],[9687,-15204],[10852,-11364],[15271,-11363],[15098,-6512],[11081,-8471],[10083,-10559],[-787,-19093],[3145,-6885],[3481,-17438],[4779,-12054],[-3608,-31060],[-8103,-29012],[-2789,-29119],[-4272,-22301],[-21133,-55919],[-3109,-9415],[-2043,-14377],[1688,-18067],[4372,-14245],[381,-8652],[-2114,-13926],[-10755,-26132],[-5476,-18138],[-3682,-19958],[-13412,962]]],"transform":{"scale":[3.1853108106213753e-7,1.5797542395080752e-7],"translate":[-75.94398805899993,46.228199146000065]}}