{"type":"Topology","objects":{"83050":{"type":"Polygon","arcs":[[0]]}},"arcs":[[[465536,324705],[-3535,-5154],[-3671,-8057],[-3603,-16176],[2218,-16936],[14386,-11309],[5434,-6748],[1687,-6260],[-348,-6297],[-1945,-6170],[-7486,-12562],[-3842,-6976],[-3904,-11487],[-1069,-7284],[3591,-17599],[-2,-7976],[-2914,-12999],[4231,-17917],[6323,-16204],[14501,-5219],[4935,-7505],[-7614,-18617],[814,-4387],[2946,-6042],[6767,-5708],[4054,-6082],[2509,-1981],[-5135,-23249],[-3003,-12004],[-9324,-7519],[-21674,451],[-10448,-1065],[-4599,-93],[-1811,2518],[-1456,4217],[-2883,5044],[-413,5077],[-1789,3331],[325,1732],[4582,2191],[-371,3382],[-2147,2075],[-6051,331],[-709,1646],[-11474,-4848],[-9207,-4178],[-91755,-4281],[-17252,3112],[-74704,1475],[-17229,-1499],[-4502,-1161],[-11308,2969],[411,-54707],[-38275,4135],[-1958,3614],[-5365,4715],[-7194,13666],[-324,7464],[2382,17237],[-95574,-471],[-1231,45270],[767,87489],[-39,13917],[-49011,52],[-251,28312],[47037,-1305],[3092,-115],[-523,27726],[-1214,22284],[513,8844],[43805,4174],[-2580,205526],[45486,2379],[482,3014],[39955,2072],[-5412,-13002],[-2545,-10864],[821,-11510],[1498,-2923],[8644,-4277],[3157,-3113],[6963,-6169],[5088,-6485],[2072,-5691],[1080,-6339],[-2079,-1769],[-233,-7014],[-3352,-6696],[-877,-6059],[-6476,-12344],[3979,-10489],[1538,-3718],[2078,-1212],[4036,5550],[1819,1620],[3501,1894],[4164,1206],[1296,-3172],[751,-48],[912,1412],[569,1942],[1099,631],[1157,-50],[2647,3118],[755,3033],[2512,-586],[1924,-1190],[454,-2133],[-2556,-5049],[-401,-3985],[-747,-4182],[2960,-1809],[506,-1181],[6069,626],[2446,3361],[6862,6664],[3583,1565],[5245,333],[9428,2800],[7601,-508],[6177,-1464],[5699,-4157],[97,-8971],[-3508,-19589],[-507,-8482],[462,-7270],[1557,-7846],[5057,-8070],[6506,-6519],[-4310,-8710],[1590,-5802],[5946,-11000],[16365,4419],[12752,12592],[8624,18],[11836,14441],[3751,1872],[53673,1015],[3625,-3408],[38385,-1687],[31194,1172],[-24,-36]]],"transform":{"scale":[4.56148340296689e-7,2.6568883937778677e-7],"translate":[-76.02066461499993,46.150004859000035]}}