{"type":"Topology","objects":{"83065":{"type":"Polygon","arcs":[[0]]}},"arcs":[[[320016,494688],[-6604,-32012],[-3592,-67236],[8704,-17119],[16231,-16299],[12572,-10501],[25977,-10231],[45881,-18705],[22891,5605],[15486,-710],[25613,-12827],[9208,-12190],[7224,-42756],[392,-21632],[-1834,-28621],[795,-21857],[-47294,-1512],[4328,-12957],[-44808,-30701],[-31456,44060],[-68151,-912],[-2539,-17552],[2109,-17942],[330,-20252],[2165,-6608],[-81855,2262],[-38358,-421],[-1367,-87854],[-17916,-37130],[-15504,-78],[-629,111600],[11130,7486],[4181,5123],[5816,10611],[288,6670],[-2263,7300],[-4495,4501],[-11600,5379],[-8422,32128],[-621,20351],[4406,17512],[-21237,21917],[-27980,6916],[5701,11187],[3879,10585],[2995,24168],[4266,8458],[3519,10180],[351,22400],[4631,8462],[-1993,3092],[769,41719],[1070,30984],[30113,166],[5273,1574],[-63934,16181],[-13080,-846],[-5798,-1815],[-28796,-14260],[-20574,-10708],[-24674,3143],[-9860,4385],[-1076,61215],[32888,628],[113939,2673],[51195,1676],[25037,453],[-2133,-44113],[4183,3768],[2643,34295],[31,12643],[12990,212],[382,-6198],[78861,887]]],"transform":{"scale":[1.0731461462917944e-7,6.75127210254628e-8],"translate":[-76.0060293919999,46.360524603000044]}}