{"type":"Topology","objects":{"83060":{"type":"Polygon","arcs":[[0]]}},"arcs":[[[468537,378543],[-39780,-2840],[-478,-4136],[-45288,-3261],[2571,-281866],[-43612,-5727],[-513,-12127],[1210,-30561],[521,-38025],[-3078,158],[-46620,1781],[-753,19784],[-56602,-2359],[-5381,3044],[-16687,24572],[-11991,9198],[-20752,58286],[-62124,-2316],[-117691,-4512],[-257,57246],[-1161,276651],[-71,50203],[122131,1481],[75871,1457],[97706,1777],[90080,1539],[36915,989],[57734,1020],[971,-6649],[2226,-4057],[2477,-3121],[3793,-4193],[3089,-5983],[2015,-14207],[4991,-10077],[-1184,-7573],[-6362,-27871],[-2482,-5728],[-5545,-11121],[-3028,-20074],[-6755,2142],[-3529,439],[-2577,-3383]]],"transform":{"scale":[4.5816894233783767e-7,1.9372915345824252e-7],"translate":[-76.15502714899992,46.209514047000084]}}