{"type":"Topology","objects":{"83075":{"type":"Polygon","arcs":[[0]]}},"arcs":[[[209201,497676],[221802,-6408],[-2241,-27527],[4560,-24657],[27340,-23481],[32790,-18392],[6546,-7202],[-4224,-8386],[-9019,-8715],[-8966,-12451],[-7466,-22667],[-5870,-8319],[-16674,-14463],[-5657,-11589],[-4349,-15560],[-3480,-14979],[-10816,-31462],[-9818,-12039],[-9017,-9708],[-9895,-12272],[-2715,-6932],[67,-13419],[-1943,-8568],[-9798,-10056],[-9392,-19565],[-4716,-15452],[-39466,-300],[-192,2098],[-6500,-73],[-16,-4275],[-1323,-11601],[-2092,-1274],[1066,14920],[-12529,-152],[-25622,-567],[-57020,-904],[-16459,-214],[539,-20704],[4934,-1484],[12348,-1063],[10296,3621],[14411,4824],[2902,614],[6546,286],[31997,-5473],[-2640,-532],[-15070,-57],[-535,-10481],[-386,-14110],[997,-1047],[-2317,-2863],[-174,-7575],[-1762,-3445],[-2136,-2859],[-1499,-8177],[-1941,-3579],[-2852,-3785],[14002,-2338],[10628,-7414],[-2205,-5924],[310,-6883],[5288,-13783],[-385,-5016],[-2216,-3055],[-20232,361],[-12170,-6798],[-8547,-915],[-7085,2067],[-2562,1758],[-5972,112],[-8562,-3180],[-8556,-2168],[-3579,2445],[-4575,9457],[-9553,4842],[-6752,6079],[-4119,5833],[-6081,-1882],[-11688,-5366],[-9902,-148],[-18675,2019],[-14441,2478],[-7077,5128],[422,4216],[6890,4254],[4576,4440],[-2855,3573],[-18166,7477],[-1083,6773],[2971,17629],[2030,5933],[6416,4849],[10956,2225],[4247,2481],[1566,8546],[-7322,19325],[-7153,6910],[-12904,21895],[40,7066],[6127,9960],[-293,5108],[-8576,9708],[-1327,6061],[3266,12521],[-1565,6360],[-4687,5181],[-10062,1396],[-19503,-357],[-10762,5317],[-9656,18498],[-733,12772],[2814,3259],[6791,-1029],[3060,-10938],[3623,-10285],[3995,-249],[2257,3616],[-2649,13134],[1514,14370],[5274,14417],[8005,16934],[3473,6673],[15099,-11287],[9319,-6560],[2465,6639],[2779,4220],[-1900,2880],[-4092,15807],[295,9856],[-2859,6639],[-9852,7199],[-3749,6045],[4718,9784],[-288,6155],[-7050,5397],[1978,8776],[3259,7518],[-5595,6648],[-19375,2387],[-15894,6559],[-24391,12735],[-3993,8075],[-357,3106],[-8273,14394],[22,5636],[6073,6734],[1524,3081],[415,7353],[1530,2811],[3104,9860],[-2220,8726],[-2283,2006],[-7188,1147],[-3400,3393],[3458,3642],[-364,3377],[-1923,2236],[-2263,879],[-13611,318],[-1184,1701],[265,2506],[127500,717],[81436,-2323]]],"transform":{"scale":[2.1443538687074357e-7,1.9959301918601415e-7],"translate":[-76.05022395599991,46.367294961000084]}}