{"type":"Topology","objects":{"83070":{"type":"Polygon","arcs":[[0]]}},"arcs":[[[290692,3142],[-61069,-1000],[-122561,-2142],[-28256,447],[-7868,-367],[-1762,2205],[-3145,1267],[-3338,-613],[-1658,2614],[-2164,4186],[-4137,10252],[-368,4794],[1305,5518],[1889,2733],[12,3338],[2536,7094],[-4511,22080],[-1490,10349],[-219,16225],[906,4966],[2154,7442],[1328,2656],[-2566,3355],[-3657,2284],[-1379,2513],[-2591,2947],[-633,2246],[1255,4702],[620,6668],[-2270,4990],[-11448,13773],[-1220,1334],[-7905,4393],[-1950,4606],[-4585,16683],[-2574,6260],[-353,2290],[-315,4100],[114,3001],[1817,7324],[1775,4975],[3953,5441],[2018,3172],[1862,1498],[2367,-146],[4804,17591],[2022,8423],[578,11621],[-160,5593],[370,7321],[-80,5533],[-1451,10937],[-1851,3120],[-5148,3281],[-3113,182],[-4601,-1434],[-9222,4785],[-5221,2616],[-2526,2686],[-3263,4170],[-1749,4380],[722,17199],[3222,19874],[3770,14797],[3937,7604],[780,6480],[-28,10147],[1091,5242],[3974,9281],[3621,7342],[3944,9105],[4343,23795],[1399,11328],[1746,11768],[2060,7949],[94921,1952],[109605,2297],[34762,774],[61791,1047],[55370,829],[35303,592],[68,23975],[36839,-143],[31290,330],[5469,35],[-917,-41718],[-1110,-49694],[-1026,-40690],[-370,-67143],[-80,-23779],[-295,-42633],[227,-20945],[668,-74068],[1451,-124200],[-48311,-2921],[-54674,-3213],[-24493,-1332],[-23115,-1333],[-39712,-2245],[-17550,-943]]],"transform":{"scale":[5.339201898404227e-7,2.639186198371517e-7],"translate":[-75.97278115199992,46.30635730900008]}}