{"type":"Topology","objects":{"83085":{"type":"Polygon","arcs":[[0]]}},"arcs":[[[230278,0],[-230278,5707],[1308,58134],[9962,433070],[23038,-76],[107606,1136],[114825,1440],[91632,588],[-869,-6144],[3246,-9535],[-2301,-17451],[-8564,-19811],[-1631,-12119],[8290,-19737],[17943,-17742],[10119,-521],[7949,5086],[9130,5082],[18502,6369],[21515,2127],[12329,-1633],[12097,-11728],[7976,-14624],[1666,-14907],[-2975,-6646],[-10875,-6484],[-8202,-10108],[9415,-8852],[8604,-6469],[3423,-4686],[6056,-12057],[-1821,-9647],[-10730,-13449],[-2736,-11188],[2587,-12617],[5979,-20299],[24707,-25043],[7599,-16999],[1298,-16535],[1901,-11380],[-4248,-9813],[-5638,-3019],[-6205,-11745],[-18018,-8880],[-33681,-10452],[-18548,-6545],[-15953,-3027],[-22522,-9835],[-30036,-6550],[-15752,-3999],[-18304,-3023],[-23730,-6266],[-17098,-8096],[-4506,-9019],[3819,-15438],[-2395,-13303],[-8896,-4553],[-15218,-15903],[-12471,-27416],[-320,-3370]]],"transform":{"scale":[2.0654075108147014e-7,2.2409338218681918e-7],"translate":[-76.0053635989999,46.465348737000056]}}