{"type":"Topology","objects":{"83095":{"type":"Polygon","arcs":[[0]]}},"arcs":[[[498368,252778],[11,-7846],[737,-21333],[-26,-21102],[-399,-21713],[232,-13657],[131,-27603],[421,-50718],[235,-34715],[289,-13369],[-194,-39478],[-36650,-167],[-79962,-207],[-64169,-438],[-54218,-163],[-30502,-269],[-5782,206],[-80878,2405],[-36099,-249],[-45238,-615],[-42392,-484],[-7040,25],[-2330,280190],[-170,19500],[-6473,8449],[-7902,10845],[2096,946],[2843,3091],[1935,2722],[5486,8538],[3246,3760],[5280,4671],[7199,4585],[8778,5959],[11122,10291],[12414,10815],[10997,9939],[6885,3791],[10731,2371],[9259,377],[12561,6295],[21458,14475],[20932,12069],[9726,4541],[7434,7189],[17061,9499],[15669,6745],[16514,5096],[16241,-413],[18467,-6139],[10494,-1954],[9179,-653],[9164,912],[5815,2133],[12328,6337],[14202,7050],[17827,4846],[13331,2591],[9394,2570],[8048,3686],[5171,4139],[3476,6029],[1320,5202],[687,5351],[122430,274],[1168,-247220]]],"transform":{"scale":[5.242647425295544e-7,5.260114220228386e-7],"translate":[-76.01081560499995,46.57602136700007]}}