{"type":"Topology","objects":{"83090":{"type":"Polygon","arcs":[[0]]}},"arcs":[[[491396,497560],[-18,-5362],[1751,-96008],[2692,-91899],[1503,-72345],[254,-53029],[139,-32263],[587,-27631],[215,-30030],[714,-26664],[765,-34168],[-84,-21457],[-44212,-530],[-71660,-770],[-75068,-910],[-43535,-692],[-137264,-2056],[-118874,-1746],[264,729],[8386,9789],[2953,5632],[3755,15340],[4511,8427],[4536,5901],[2124,5674],[-3293,4876],[-16492,12449],[-13751,15892],[-2294,16691],[1281,21192],[6042,20833],[7373,12087],[4310,3461],[1160,10108],[-1850,11731],[2182,6855],[8284,6153],[11497,4761],[8867,2297],[7631,3040],[14551,4976],[10911,7475],[7728,2300],[8987,4974],[16317,7943],[8730,6748],[3005,8926],[2731,2295],[2058,7457],[-920,8647],[-629,12565],[-3681,12919],[-11971,19030],[-2896,15428],[-1254,9588],[1326,8501],[5199,10220],[883,7332],[-2935,9163],[-1659,3561],[-4167,4915],[-4562,6727],[3974,7682],[5269,4928],[1440,5051],[-807,11328],[-3863,11113],[-5861,8911],[-5972,1242],[-10425,-1615],[-8963,-4841],[-4423,-3861],[-3850,-3866],[-4904,396],[-8692,13484],[-4015,14997],[789,9210],[4148,15054],[1117,13263],[-1573,7245],[421,4669],[99456,-4289],[7110,-369],[37509,483],[66671,287],[78910,783],[98330,370],[45071,297]]],"transform":{"scale":[4.263312186624393e-7,2.948839817680515e-7],"translate":[-75.95828230199993,46.42995350800004]}}