{"type":"Topology","objects":{"83804":{"type":"Polygon","arcs":[[0]]}},"arcs":[[[192018,539],[-192018,44047],[66846,48963],[55281,169831],[173926,143557],[30542,82099],[142455,10963],[-287,-18621],[31236,-39687],[-765,-65579],[-137023,-122235],[-21824,-61216],[-1059,-91882],[-126404,-69540],[-20906,-30700]]],"transform":{"scale":[1.585735171474102e-8,2.5662401324750414e-8],"translate":[-76.71059581399993,47.25092778900006]}}