{"type":"Topology","objects":{"84005":{"type":"Polygon","arcs":[[0]]}},"arcs":[[[431518,464009],[904,-6883],[6430,-24641],[97,-1422],[983,-3973],[831,-1933],[5189,-22809],[1045,-8204],[634,-4452],[10803,-49422],[6572,-32711],[2724,-11856],[736,-2055],[857,-4211],[2462,-11392],[3768,-18982],[4173,-26934],[6850,-39300],[404,-3277],[1004,-5466],[853,-4111],[1615,-8385],[3433,-18372],[1596,-13563],[430,-3007],[1456,-20898],[699,-32663],[333,-10459],[241,-2874],[-67,-1611],[730,-17758],[636,-18238],[60,-5249],[-94,-9604],[-52636,-16526],[-19162,-768],[-26258,315],[-67602,610],[-10649,1622],[-26455,7263],[-24686,7912],[-58294,27334],[-25971,15950],[-35395,16915],[-50686,18298],[-34298,4727],[-22391,2459],[-14046,2584],[-31376,18986],[53224,61091],[4435,5440],[21541,24886],[341,461],[25148,29125],[13316,15363],[10934,12740],[2603,2981],[21620,27496],[49858,57123],[21321,24339],[27697,31956],[5778,6756],[4299,5118],[11502,13158],[-9,316],[14184,16462],[34383,40213],[63159,-19616],[7657,-3466],[20873,-7187],[17654,-5721]]],"transform":{"scale":[3.955533651067514e-7,4.543327986656459e-7],"translate":[-76.49395643899993,45.45667414800005]}}