{"type":"Topology","objects":{"84015":{"type":"Polygon","arcs":[[0],[1]]}},"arcs":[[[493682,360148],[-22232,-38624],[-9161,-15802],[7,-304],[-7436,-12636],[-2779,-4915],[-3734,-6488],[-17903,-30687],[-13782,-23375],[-32226,-54857],[-13977,-26407],[-1681,-2862],[-7067,-12236],[-8608,-14752],[-16256,-27971],[-220,-441],[-13924,-23901],[-2867,-5223],[-34404,-58667],[-2063,1855],[-7813,8074],[-1740,1877],[-6150,-2586],[-16886,-2661],[-4487,-1143],[-6164,718],[-5651,1265],[-8739,2614],[-14072,4385],[-12553,3960],[-7244,2774],[-14692,3443],[-20199,5250],[-27541,4979],[-16230,2456],[-14110,1570],[-23032,16348],[-11985,7451],[-6090,1681],[-7880,7858],[-8715,7464],[-10528,6133],[-10885,8191],[-5903,5766],[-6630,11871],[-7450,13449],[7494,12701],[14662,24441],[9162,15449],[5695,10145],[1855,4071],[-9251,3681],[2208,3343],[3614,5201],[11380,19102],[23420,40860],[19331,33205],[13176,10852],[45278,77722],[4561,7641],[11572,19883],[3654,6425],[15244,27957],[12318,23404],[17302,28873],[3037,-1356],[944,6],[1837,-462],[141,-721],[1502,-797],[69136,-30906],[1339,-910],[668,12],[26223,-11739],[1309,-1345],[999,-535],[1244,-284],[691,264],[95800,-42963],[82454,-37071],[-6317,-11043]],[[311001,186080],[8732,15178],[-8980,4180],[-801,1011],[-34390,15947],[-16497,7927],[-16097,-27906],[13739,-6501],[3118,-1716],[9101,-4391],[4191,-1937],[12934,-5436],[1757,-865],[7084,-3192],[4087,-2157],[5019,-2322],[7003,12180]]],"transform":{"scale":[6.119465858930867e-7,4.730959141918833e-7],"translate":[-76.6686263869999,45.51345499700005]}}