{"type":"Topology","objects":{"84010":{"type":"Polygon","arcs":[[0]]}},"arcs":[[[443130,107932],[-45618,-107932],[-32680,20579],[-26626,19116],[-46145,28276],[-11444,7661],[-84244,48172],[-27295,17165],[-59282,38919],[-20298,15208],[-89498,57603],[104854,247299],[107451,-70239],[223995,-141329],[5214,-8947],[58485,-37040],[-56869,-134511]]],"transform":{"scale":[9.395236790482335e-8,5.3386762773455196e-8],"translate":[-76.51994322699994,45.59572680100007]}}