{"type":"Topology","objects":{"84020":{"type":"Polygon","arcs":[[0]]}},"arcs":[[[412608,408152],[-8950,-7471],[96341,-20918],[-19300,-23138],[-59330,-57678],[-95412,-87815],[-152704,-138933],[-78044,-72199],[-15114,28459],[-5786,6739],[-42013,38857],[-17227,20959],[-7988,11958],[-7081,60996],[2607,18506],[6959,19821],[4266,25652],[-8667,12523],[-2401,17736],[22304,32200],[-4589,35907],[10008,20370],[-1740,17197],[-5024,18054],[2664,31817],[21864,33173],[5426,20467],[12693,28607],[39006,-9958],[307232,-81888]]],"transform":{"scale":[5.875865551731745e-8,8.322713245424872e-8],"translate":[-76.67422081699993,45.57261173000006]}}