{"type":"Topology","objects":{"84025":{"type":"Polygon","arcs":[[0]]}},"arcs":[[[499999,178702],[-64812,-86214],[-139037,-88666],[-2873,-3822],[-87152,32631],[-89743,36474],[-116382,48668],[22543,38828],[10424,27101],[31596,44599],[24085,36206],[12596,16395],[10959,18289],[2021,19017],[-3326,10252],[-7110,9287],[-15999,3551],[-18118,-2540],[-39323,9165],[-13327,7934],[-2005,14059],[11225,19051],[18574,13758],[21489,22131],[34909,37580],[31972,37563],[82676,-31732],[65466,-29180],[-47474,-59960],[59635,-27059],[-57046,-73691],[263557,-99675]]],"transform":{"scale":[5.799570799144189e-8,5.790266180523234e-8],"translate":[-76.63099004399993,45.653857333000076]}}