{"type":"Topology","objects":{"84030":{"type":"Polygon","arcs":[[0]]}},"arcs":[[[10157,114940],[13913,43555],[6987,59538],[3720,55236],[-9055,41079],[-7042,17520],[-18680,28703],[108178,139428],[208926,-79665],[-53514,-72604],[-12984,-18393],[226495,-92883],[15273,-5656],[7625,-5601],[-163784,-225197],[-326058,114940]]],"transform":{"scale":[5.665730731458223e-8,5.717832035664394e-8],"translate":[-76.60839400599991,45.716914004000046]}}