{"type":"Topology","objects":{"84040":{"type":"MultiPolygon","arcs":[[[0]],[[1]]]}},"arcs":[[[60020,91154],[2897,-898],[5603,412],[4544,679],[4105,225],[6835,-522],[5739,-1916],[5402,-1616],[4783,-893],[5625,-1645],[4686,-2163],[2788,-1141],[2558,-596],[5614,-619],[3721,-109],[3659,283],[7041,990],[4811,1799],[4192,2522],[3636,2854],[1857,2059],[3119,4447],[15307,-4965],[11804,-3721],[11462,-3328],[-26447,-27287],[-32504,-34057],[-15791,-15923],[-6889,-6025],[-40939,12007],[-5198,1459],[514,1572],[-198,5727],[887,5145],[-3229,5945],[-3091,3619],[-4967,2585],[-8199,3782],[-7135,3000],[-4813,3462],[-6397,6238],[-3051,4767],[-3588,3041],[-5289,6091],[-4813,4309],[7398,2535],[4868,1408],[6245,2380],[4856,2437],[2471,2368],[1966,2818],[2530,1974],[3307,2129],[1871,1549],[-793,1388],[-4015,1560],[-1899,1022],[-1516,1355],[152,1391],[3715,406],[4394,-711],[5192,-2613],[5649,-3702],[2958,-1289]],[[126511,499999],[7482,-1703],[48,56],[70014,-19893],[27628,-7845],[70094,-22042],[117276,-35761],[5982,-1688],[703,-397],[7268,-2416],[6540,-1629],[10750,-856],[5140,-997],[2377,-309],[3858,-927],[3282,-1203],[2892,-1732],[2517,-1004],[4693,-619],[1769,-522],[8545,-3100],[3985,-1260],[6306,-1650],[4339,-1066],[-10811,-12588],[-5123,-5811],[-5904,-5837],[-3847,-23016],[-16900,-23619],[-2798,-4744],[-6530,-2195],[-5790,-1470],[-38357,-13739],[-5121,-1425],[-3704,-2912],[214,-235],[-1514,-1582],[-9676,-17012],[-5601,-1989],[-15506,-20580],[-24010,-24066],[-17095,-19507],[-21155,-23303],[-5072,-5357],[-16062,-16571],[-6329,-6370],[-54311,-55986],[-34663,10168],[7503,7517],[-7844,2760],[6244,6118],[-8611,2976],[-10874,3237],[1848,1684],[13191,9735],[5912,3612],[5608,4615],[3535,3653],[2262,3066],[1588,3280],[2394,4328],[2417,7630],[235,9021],[-409,4093],[-1940,6436],[-1865,6854],[-131,2709],[388,951],[41894,-11579],[21044,22685],[-979,566],[-1962,569],[-29102,9357],[1668,1853],[6876,7314],[-26845,8024],[-13900,-14044],[-2851,3434],[-4782,6877],[-7286,8310],[-11020,10519],[-6949,6062],[-7259,4880],[-7144,4130],[-6070,2518],[-8032,2657],[-7660,2486],[-13107,4616],[-11847,3622],[-15335,3058],[-15991,2382],[-4895,2497],[-4480,4004],[-4813,6181],[-4514,6851],[-9138,7037],[-10527,9777],[-9629,6532],[-4417,3570],[-6402,4398],[-5580,7986],[-2650,5184],[-2085,9372],[-3285,6687],[-3620,3605],[-3111,2671],[15013,12444],[27213,24132],[11087,10893],[22620,21180],[28385,27313],[22193,21424]]],"transform":{"scale":[4.4095300590598944e-7,5.675958091916384e-7],"translate":[-76.69856000099992,45.60658115100006]}}