{"type":"Topology","objects":{"84045":{"type":"Polygon","arcs":[[0]]}},"arcs":[[[495612,434086],[1819,-59052],[-244,-7544],[-1571,-32513],[-101,-146757],[376,-90299],[3960,-94854],[147,-3067],[-16214,8493],[-19171,10672],[-7034,5147],[-58009,29125],[8976,17073],[-117159,57314],[-136124,66428],[-980,-409],[-1770,438],[-1417,828],[-1861,2079],[-37261,18151],[-949,-17],[-1901,1404],[-98239,47785],[-2132,1234],[-201,1114],[-2611,716],[-1343,-10],[-4598,2235],[342,0],[15819,38037],[5736,3691],[9906,31555],[1551,2936],[-220,437],[3793,5399],[5242,2642],[39275,25489],[5928,2725],[6685,4072],[2865,8797],[17303,43814],[3940,42695],[6122,10987],[101120,3899],[65327,1262],[4048,-220],[47525,-284],[80455,953],[43293,785],[21417,336],[6780,192],[791,-30308],[569,-35605]]],"transform":{"scale":[4.30672109344172e-7,3.059879999759628e-7],"translate":[-76.53860328399992,45.66748915800007]}}