{"type":"Topology","objects":{"84050":{"type":"Polygon","arcs":[[0]]}},"arcs":[[[492757,495219],[67,-1845],[574,-49335],[2573,-39841],[1350,-25862],[1973,-60983],[705,-31741],[-193,-41381],[-552,-27445],[54,1],[103,-16673],[-104,-40801],[15,-62232],[-560,-40848],[-403,-32716],[526,-16287],[-84320,-1384],[-36975,-1174],[-83964,-1568],[-11720,-142],[-36556,-133],[-85242,-788],[-29214,-542],[-123199,-1499],[-690,24269],[-959,20659],[268,4810],[-3352,88212],[-2962,76788],[30467,-104],[-824,19326],[-2848,89892],[-3872,89253],[-911,58682],[2017,26814],[-23,1397],[159000,-1545],[119683,-1214],[190068,-2020]]],"transform":{"scale":[3.546829573659321e-7,4.4890766381524984e-7],"translate":[-76.3278864259999,45.80031436000007]}}