{"type":"Topology","objects":{"84055":{"type":"Polygon","arcs":[[0]]}},"arcs":[[[486564,5130],[-4531,-142],[-14304,-250],[-28920,-581],[-53741,-706],[-31746,211],[-2702,163],[-43637,-936],[-67545,-2889],[3452,7872],[7393,17308],[-2967,1465],[-4313,2266],[-2724,1733],[-5845,4264],[-1211,717],[-3210,851],[-1721,1382],[-1977,2379],[-2246,1655],[-2638,1277],[-1625,423],[-3514,1371],[-7355,1175],[-4472,2242],[-4970,3321],[-481,546],[-4090,2320],[-80208,49172],[-47939,30308],[-16835,9607],[-49942,28531],[9326,22256],[-257,36085],[241,39452],[5,44133],[59,42094],[581,2015],[1578,44282],[1944,44189],[796,43658],[130,8815],[13177,-622],[47132,-660],[62696,-914],[77895,-827],[77751,-638],[48377,483],[71166,3024],[6391,143],[77457,846],[11,-1520],[-1109,-29158],[501,-63815],[2130,-97058],[1566,-97754],[455,-21017],[-16761,113],[1629,-83502],[1844,-95926],[-147,-5232]]],"transform":{"scale":[6.447491494982375e-7,4.128065356129866e-7],"translate":[-76.63945390099991,45.818364888000076]}}