{"type":"Topology","objects":{"84060":{"type":"Polygon","arcs":[[0]]}},"arcs":[[[187869,288729],[24629,-42511],[16228,2035],[21864,10182],[48623,40292],[200786,-73401],[-100219,-94540],[13394,-6336],[44006,-14519],[-20077,-18844],[-45593,-46398],[-45469,-44689],[-76853,26984],[-161290,56996],[-73159,25524],[-21336,8175],[8317,1631],[59222,20406],[36612,23589],[16769,13444],[5350,15035],[-14989,42570],[-19,6680],[-13302,21611],[-26095,17303],[-64261,23093],[-21007,35982],[64039,58058],[85081,76438],[25708,26480],[8358,-14874],[3251,-45602],[-15654,-32033],[-4918,-38808],[642,-38585],[21362,-41368]]],"transform":{"scale":[5.667588935182717e-8,6.73558487116704e-8],"translate":[-76.75151435499993,45.82827159100009]}}