{"type":"Topology","objects":{"84065":{"type":"Polygon","arcs":[[0],[1]]}},"arcs":[[[493406,306865],[-177,-5038],[-1090,-24955],[-2659,-25259],[-2160,-25313],[-793,-1152],[-82,-24061],[-7,-25229],[-328,-22551],[352,-20627],[-12803,-12767],[-7003,1338],[-20761,-16837],[-26556,-21467],[-21163,-16646],[-10371,-8562],[-25459,-18966],[-14048,-9781],[-6686,5108],[-7900,-42],[-5331,-6086],[-2257,-3784],[-6858,-7072],[-7479,-3555],[-18123,-1586],[-22761,-1166],[-14356,2853],[-9545,1093],[-7717,-1293],[-1686,-2417],[4,-4310],[-2717,-3000],[-11504,-3735],[-15080,2620],[-5788,2344],[3210,6357],[-3488,8655],[-3507,8620],[-2105,8687],[1730,8189],[4257,7802],[3231,6924],[2044,6506],[-8677,5853],[-9683,5930],[-8695,11570],[-2617,4849],[-3048,1411],[-6325,1586],[-8464,1176],[-23899,1684],[-8334,267],[-10691,2059],[-54777,14960],[-17803,3232],[-16693,1044],[-28180,928],[16628,11885],[19090,15369],[13007,9569],[13362,9875],[19708,14699],[23340,16890],[24099,17581],[11268,8380],[-55488,15841],[535,11097],[-186,0],[0,7391],[2657,68547],[4,6360],[143,27264],[1189,14953],[364,13902],[335,13848],[486,13889],[1225,55178],[640,13936],[287,9880],[6188,178],[21226,-233],[14247,146],[32498,-80],[36651,163],[38356,-30],[38780,36],[79143,118],[82169,-34],[40256,110],[7218,38],[10574,-16],[-131,-989],[-935,-29647],[-1681,-47352],[-992,-23136],[-324,-23209],[-756,-25320],[-1099,-24318],[-675,-19147]],[[258537,62181],[-2568,3858],[-78,3599],[593,3620],[1882,2988],[-391,4253],[-1006,1387],[-3091,-2470],[-10230,-7130],[-7702,-5415],[2526,-3356],[7728,-2153],[3138,-1614],[1600,-2016],[2,-622],[1802,-3971],[-644,-1403],[-2015,-1253],[-4403,-2201],[-7121,-1903],[-1000,-151],[2566,-764],[8796,-2380],[19395,-5316],[9241,-2517],[5469,4168],[5481,4328],[2414,1757],[-5290,1355],[-1612,590],[12051,8818],[-24144,6847],[-5847,-3758],[-2629,-950],[-1950,-190],[-2963,3965]]],"transform":{"scale":[4.713261386523435e-7,7.221699523398863e-7],"translate":[-76.86272251799994,45.80281368000004]}}