{"type":"Topology","objects":{"84070":{"type":"Polygon","arcs":[[0]]}},"arcs":[[[455346,497002],[-245,-12988],[-597,-18405],[-1143,-72878],[-453,-18347],[-313,-18290],[-340,-18361],[-1110,-19749],[-134,-36012],[-4,-8401],[-2481,-90538],[2,-9762],[173,0],[-500,-14656],[51798,-20922],[-10519,-11070],[-22498,-23223],[-21787,-22306],[-18396,-19414],[-12473,-13042],[-12142,-12640],[-17821,-20300],[-15522,-15698],[-25017,1471],[-38589,10093],[-52074,-8517],[-8982,9974],[-5048,7020],[-9092,4015],[-8771,1782],[-13037,-72],[-13971,-748],[-9372,3744],[-13350,9118],[-19032,3021],[-11260,-2935],[-9895,-3744],[5647,-9064],[-9074,-2325],[-21670,4084],[-8530,1531],[-7219,5078],[-26268,4881],[-10581,1274],[-17824,-2187],[-3753,-1158],[-4790,-528],[-11414,1937],[-8533,991],[-7342,776],[8690,9260],[11012,11837],[10917,12104],[12035,13006],[11948,13018],[12084,13378],[13225,14337],[12704,13975],[12803,13960],[12594,14184],[26412,29250],[16516,17051],[16332,17331],[16560,17928],[3117,3582],[-26755,10727],[-84880,33418],[101,4019],[11,24391],[-112,15433],[-55,46414],[213,31626],[-103,63544],[-118,16210],[6535,504],[174,-885],[5984,372],[23104,-315],[16757,26],[9519,111],[27807,65],[56415,186],[51074,-395],[19641,-364],[104201,-1773],[48884,-25]]],"transform":{"scale":[5.049133418266871e-7,5.467637735275759e-7],"translate":[-77.04895587099992,45.891823352000074]}}