{"type":"Topology","objects":{"84082":{"type":"Polygon","arcs":[[0]]}},"arcs":[[[280114,437381],[11962,-3384],[8616,-3634],[3617,989],[2832,2177],[13457,4106],[7988,-2395],[19833,-9161],[5451,-9537],[6440,-2873],[16358,-7670],[6852,4366],[-4263,17018],[7470,7031],[8502,5510],[14368,-5673],[10079,-17118],[7076,-7031],[10548,1404],[9842,136],[6624,-3347],[6863,-7537],[3810,-13179],[6727,-18576],[-5664,-1867],[-3916,-2526],[-2758,-6998],[-647,-8175],[1051,-4432],[3565,-5947],[-91,-11318],[1497,-6801],[3433,-10656],[300,-13299],[806,-8367],[3750,-10046],[2480,-4797],[7544,-5279],[6507,-9917],[2869,-11358],[7405,-13834],[702,-13636],[-1355,-2959],[-4620,-5730],[-6750,-884],[-10021,6233],[-9589,1487],[-3164,-2081],[-2766,-7083],[-365,-6268],[7073,-38235],[12593,-59306],[3844,-23904],[25,-8248],[-2075,-12383],[-7496,-18167],[-16131,-22628],[-9241,-9260],[-18821,-4761],[-33999,-3428],[-21389,-2145],[-4044,1913],[-9843,12736],[-18406,35678],[-6886,11963],[-8662,9988],[-4026,2819],[-7626,2362],[-9956,-2605],[-16345,-1908],[-11299,4489],[-5617,6715],[-7735,25542],[-11958,34010],[-8315,14131],[-13694,12167],[-11906,7506],[-12615,4790],[-19177,2304],[-16207,5646],[-14843,8606],[-17727,20630],[-16228,16079],[-15351,11518],[-18497,6982],[-20088,13045],[-12201,22495],[-12869,39148],[-34902,81484],[-8729,25153],[120,26305],[-27,60],[42037,9975],[21832,24368],[5396,3905],[8347,-658],[5791,-1629],[18740,-2645],[4216,-2971],[4244,-10990],[3371,-4032],[6548,-2333],[12628,-2007],[11521,-6009],[5962,-7500],[4875,-9023],[3676,-1943],[8498,2722],[5386,-2037],[10089,-5199],[15876,-6841],[11702,-1260],[10944,-560],[9450,3320],[9008,2658],[17732,-106],[13229,-1437],[8923,-2138]]],"transform":{"scale":[6.687748415496838e-7,2.912080724161783e-7],"translate":[-77.23627241199995,45.78607724700004]}}