{"type":"Topology","objects":{"84095":{"type":"Polygon","arcs":[[0]]}},"arcs":[[[499972,221321],[-34370,-61103],[-27794,-48877],[-28488,-50192],[-1892,-2912],[-34276,-58237],[-10025,3738],[-11580,10825],[-8712,9572],[-4911,10412],[-2171,14318],[-2808,12522],[-1494,9519],[-910,13706],[2855,13827],[6364,15414],[-364,4117],[-2121,5154],[-3550,2942],[-23958,9434],[-4073,2698],[-9665,12235],[-5991,7740],[-23542,20844],[-3053,2569],[-8915,3563],[-8024,5479],[-7230,2725],[-25861,19483],[-20478,13718],[-20128,15884],[-4180,3322],[-17847,13007],[-27359,22472],[-16750,13275],[-23902,19672],[-27151,13474],[-10935,5161],[-8339,971],[-11889,7516],[-9808,6319],[-4893,2805],[-7394,5044],[-2360,2251],[19524,34677],[29160,51711],[30378,55884],[14999,-10679],[42991,-30653],[33233,-23738],[37318,-26699],[26529,-18659],[54750,-35268],[34492,-22265],[27658,-17641],[36615,-23389],[26460,-16930],[48432,-29858],[37459,-22852],[-26,-47]]],"transform":{"scale":[0.0000011274596209192862,7.521525063050177e-7],"translate":[-77.65940113099992,45.92290475400006]}}