{"type":"Topology","objects":{"84090":{"type":"Polygon","arcs":[[0]]}},"arcs":[[[402539,401815],[-1,-35],[74103,-51736],[23357,-16606],[-2719,-5544],[-14459,-27754],[-14258,-26832],[-14419,-26396],[-23058,-45281],[-10995,-21956],[-11178,-21612],[-11090,-21634],[-11546,-22195],[-10550,-20708],[-10429,-20154],[-10508,-20133],[-9531,-18738],[-9614,-18325],[-7559,-14284],[-10316,1765],[-15298,1184],[-20505,87],[-10417,-2192],[-10927,-2736],[-12656,461],[-13531,1038],[-18358,5641],[-11666,4288],[-6228,1680],[-9826,-2246],[-4252,1601],[-5637,7441],[-6894,6184],[-13322,4954],[-14602,1654],[-7573,1925],[-3899,3324],[-4907,9062],[-4875,2448],[-21669,2181],[-6697,1344],[-9652,541],[-6240,-3219],[-25244,-20091],[-48612,-8223],[-4282,6685],[7267,13492],[59552,110533],[3690,6201],[36814,70876],[72904,140101],[67003,130123],[91504,-57801],[63805,-40383]]],"transform":{"scale":[5.783481246962547e-7,3.531896243792495e-7],"translate":[-77.23868720399992,45.912777437000045]}}