{"type":"Topology","objects":{"84100":{"type":"Polygon","arcs":[[0]]}},"arcs":[[[492097,312357],[-59951,-112909],[-57545,-104480],[-38528,-70064],[-16994,12260],[-11585,5993],[-4373,820],[-3867,-2019],[-2968,-6136],[-1211,-3607],[-817,-4883],[-1690,-5854],[-1818,-3342],[-2984,-4122],[-1585,-3280],[-2480,-4365],[-2040,-2814],[-2256,-1229],[-2069,-1389],[-2970,-937],[-5520,624],[-7285,4830],[-7603,4908],[-7652,5609],[-8379,4508],[-11193,4439],[-13375,2974],[-42562,2905],[-52683,4694],[-9874,1870],[-10537,2589],[-16861,8578],[-19002,7285],[-20859,5673],[-29862,7259],[-8955,-971],[788,11616],[2550,15275],[68,5045],[-651,3213],[-1094,2675],[-2183,2756],[-1642,3216],[44827,77351],[46032,86024],[53351,96664],[69004,124768],[1899,3621],[45046,-27223],[65229,-39476],[89423,-54226],[60291,-36625],[24897,-14993],[-7902,-15098]]],"transform":{"scale":[5.713253726507045e-7,3.7227287254570836e-7],"translate":[-77.85140800099992,46.18269828000007]}}