{"type":"Topology","objects":{"85010":{"type":"Polygon","arcs":[[0],[1]]}},"arcs":[[[499998,63958],[-8202,-3255],[-5858,-1183],[-11466,68],[-14060,1575],[-14943,1838],[-12330,3062],[-6462,2713],[-5549,3599],[-4678,4535],[-4939,7178],[-4114,4519],[-4074,2409],[-6462,939],[-27896,2799],[-17893,2487],[-9667,2412],[-10562,4257],[-25481,14763],[-9076,3593],[-4998,1233],[-24330,4567],[-9403,3649],[-28421,11880],[-6627,-4260],[-39812,-27191],[-14444,-10815],[-89130,-54047],[14341,-30232],[-41618,-17050],[-18288,42023],[-13972,30963],[5655,10330],[12994,24938],[-38233,87178],[6962,631],[7072,4322],[-7970,15156],[-6045,11871],[67481,38171],[35600,-54939],[2946,1478],[4100,4210],[10015,13404],[4156,4497],[3796,3257],[4699,1797],[6478,1464],[5315,8],[11423,1768],[5910,5071],[5886,5938],[6798,8691],[3258,8065],[620,11679],[-583,1167],[-1148,8705],[-867,2993],[-4698,7839],[-13156,11986],[-7330,5988],[-6739,3337],[-7929,2695],[-17906,4532],[-8802,3628],[-4394,3038],[-6477,6299],[-2902,4484],[-10524,19776],[-4100,5426],[-8773,8707],[-1075,1677],[151410,89006],[45009,26745],[47987,-83825],[11959,-52602],[20060,-78321],[27450,-61598],[38681,-49794],[18719,-54844],[881,-21537],[43820,-18245],[22925,-15275]],[[294621,296149],[-1225,4263],[-120,3047],[-40338,-4702],[6654,-11177],[1464,2460],[1762,971],[3845,-3184],[3370,-232],[2711,3308],[5713,-5140],[16164,10386]]],"transform":{"scale":[2.785531131062486e-7,1.877514135028146e-7],"translate":[-79.06198002899993,46.73116105000008]}}