{"type":"Topology","objects":{"85015":{"type":"Polygon","arcs":[[0]]}},"arcs":[[[204075,495104],[13741,-252],[-2186,-67370],[102601,-36],[88354,-240],[90514,24],[2900,-188],[-240,-54686],[16,-78879],[-1220,-45363],[-255,-45100],[-424,-45655],[-100,-2662],[624,-13761],[357,-16821],[-24234,-38],[-35670,-86],[-57993,319],[-50569,755],[35,-1470],[-71,-47619],[-54479,174],[-18311,-119],[-633,-23338],[724,-11507],[-866,-26748],[-6836,-2713],[-5586,-1982],[-6665,-3417],[-7971,-2131],[-5590,-2141],[-3861,-2054],[-1111,34654],[-826,27613],[-446,12046],[-38313,4],[-18680,72],[-27696,-190],[-25338,-232],[-19037,-215],[-37409,-342],[-18539,-76],[-15309,-256],[306,9166],[478,9443],[1179,26570],[1157,28906],[119,4020],[888,7778],[1550,12683],[719,8725],[2700,9846],[2926,11489],[2905,11731],[1312,4942],[5148,11890],[4426,9801],[4207,15422],[-102,11136],[-190,4809],[-154,10663],[118,1900],[-3846,16286],[-4012,15739],[-4983,16764],[-1385,4185],[112,6714],[3,10586],[4048,8238],[4667,9982],[10624,13637],[9297,12292],[2103,11144],[642,12938],[-3511,9232],[-11257,13061],[-11497,14333],[-8680,7309],[-13649,17745],[-15845,15816],[69605,-4398],[25670,237],[108800,-803],[0,69]]],"transform":{"scale":[3.817396634792863e-7,3.976453652906282e-7],"translate":[-79.4501014949999,47.07839153600008]}}