{"type":"Topology","objects":{"85025":{"type":"Polygon","arcs":[[0]]}},"arcs":[[[88111,4823],[-36136,131576],[-9990,36778],[-14086,75774],[-20572,107703],[-7327,39957],[77052,2329],[37725,1502],[37772,2210],[37871,1765],[37675,2614],[41639,-823],[24850,-984],[26209,817],[-6609,37328],[70069,1746],[239,54884],[46291,-1213],[-2665,-46585],[6482,-2380],[5597,-47211],[41899,-7785],[17903,-6095],[-227,-245160],[196,-52710],[-262,-83468],[-74102,-4919],[-34822,-1767],[-3311,-706],[-3619,19606],[-46464,-3741],[-71335,-3310],[-58489,-3298],[-54801,-1288],[-58716,-3226],[-5936,80]]],"transform":{"scale":[1.8912319024643105e-7,4.371269942543458e-8],"translate":[-79.50964963799993,47.32039696900006]}}