{"type":"Topology","objects":{"85030":{"type":"Polygon","arcs":[[0]]}},"arcs":[[[447132,499904],[-24,-8033],[-526,-101201],[-492,-133259],[125,-123657],[438,-26747],[52519,2000],[827,-109007],[-106671,1140],[-25167,-337],[-68862,6313],[-7481,6469],[-33352,34004],[-21171,23347],[-8621,12186],[-4329,12705],[-4709,19826],[-4332,12705],[-5309,10245],[-7371,11511],[-12073,11285],[-773,908],[2883,-12],[28520,504],[26619,201],[28410,516],[34649,518],[22568,584],[1759,-3065],[1607,109],[16914,277],[35994,769],[126,13053],[-95,8245],[110,38338],[-8694,953],[-20353,1219],[-2717,7382],[-3149,372],[1294,7285],[-22486,191],[-115,-8584],[-34034,-273],[3210,-5838],[-12730,-126],[-12070,153],[-20227,129],[-18299,-409],[-18395,-277],[-18346,-344],[-18324,-236],[-37426,-364],[-1214,2132],[-11165,17940],[-10123,14003],[-13946,18017],[-21856,24773],[-19982,24864],[-21369,33929],[-43297,76548],[-4029,6504],[730,56],[131272,26315],[74476,17427],[14265,-895],[48705,-1157],[1456,9205],[121194,-6810],[513,13571],[24221,-134],[30300,39]]],"transform":{"scale":[3.893616547232646e-7,2.7951668703344245e-7],"translate":[-79.56687823699991,47.275240249000035]}}