{"type":"Topology","objects":{"85037":{"type":"Polygon","arcs":[[0]]}},"arcs":[[[67518,499580],[49,-31083],[1110,17],[71186,-578],[122,-8598],[2794,-9],[70967,-927],[-2415,-99986],[143,-10568],[40921,671],[4792,-4],[27900,300],[-1252,-30939],[138714,-417],[76959,-287],[490,-133651],[-140629,2385],[-772,-75336],[-146673,2228],[-734,-39626],[260,-15953],[-107,-11580],[-35848,385],[330,-11918],[772,-3075],[1092,-1749],[-3857,-2308],[-4456,83],[-1724,915],[-795,-3941],[-2504,-4176],[1205,-2558],[-863,-1327],[-3753,-1620],[-3076,-749],[-637,-1065],[950,-2244],[-4351,-1033],[-5830,-2580],[-5856,-963],[-6762,-2297],[-4027,-346],[-1219,-753],[-14097,554],[-21951,-12],[-25828,-476],[-67534,-2386],[-566,31906],[-158,147509],[631,158964],[777,136666],[947,24924],[18651,29],[46512,-418]]],"transform":{"scale":[3.027891635783019e-7,2.3431828263651618e-7],"translate":[-79.39318737999992,47.30515081300007]}}