{"type":"Topology","objects":{"85045":{"type":"Polygon","arcs":[[0]]}},"arcs":[[[394044,472265],[3881,-23],[-591,-43977],[-33,-74276],[50644,-1566],[-114,-6485],[112,-3982],[-499,-18362],[-129,-10613],[81,-11860],[-26,-11370],[88,-7432],[-364,-623],[1290,-95168],[22290,617],[27293,-1229],[599,-5923],[-1943,-46544],[-1799,-44141],[5158,-97],[17,-11802],[-32885,326],[-13186,-23],[-671,-19370],[-47,-4944],[-27549,-37],[-22019,124],[-468,-12581],[-110181,6316],[-1326,-8534],[-44280,1071],[-12969,830],[-67709,-16155],[-119348,-24396],[-476,-36],[-7976,11930],[-14869,22894],[-10396,19045],[-7905,25183],[-5739,34519],[945,41537],[4194,16564],[13635,25532],[22720,29962],[19563,34162],[6076,21685],[4272,23030],[193,18658],[-3,23835],[6968,23992],[13642,21997],[21667,16409],[26305,17335],[22798,17127],[11673,17025],[3488,8223],[238,9305],[-2194,8295],[-5141,11754],[25268,-11521],[13430,-4926],[19941,-5364],[34149,-6478],[13495,-578],[40721,-596],[30156,1090],[23154,267],[9467,203],[13224,170]]],"transform":{"scale":[4.282702165403494e-7,3.015126390252551e-7],"translate":[-79.5868780839999,47.398871558000046]}}