{"type":"Topology","objects":{"85055":{"type":"Polygon","arcs":[[0]]}},"arcs":[[[491148,495135],[16,-586],[6654,679],[-1155,-6374],[-2001,-4724],[953,-9458],[-1763,-12241],[-496,-4016],[451,-7070],[3241,-19094],[2069,-7801],[882,-12620],[-1397,-3202],[-7442,-1917],[-4152,283],[-8185,872],[-16491,1042],[-15974,-9785],[-6746,-5425],[-3685,-9499],[-11962,-240],[61,-21625],[-176,-37153],[116,-37182],[-646,-74263],[-331,-48531],[178,-36112],[-273,-6901],[-1700,-121722],[-172821,-470],[-343,478],[1672,86189],[530,33266],[-97795,-1585],[-16926,-187],[-130,30656],[-1241,13769],[-61158,-353],[-72348,-590],[-634,103577],[68078,-64],[516,10567],[1737,19022],[1750,23226],[1255,19740],[-70745,-497],[-213,5946],[586,7521],[736,22493],[8865,135],[24039,267],[39317,524],[-609,11628],[-819,21074],[-358,6981],[-4784,63893],[-1299,22215],[2301,-13],[46676,121],[24038,-46],[-13,-4760],[221965,0],[128129,-58]]],"transform":{"scale":[3.0374018348036506e-7,3.9320490240979745e-7],"translate":[-79.24194138899992,47.275184033000066]}}