{"type":"Topology","objects":{"85050":{"type":"Polygon","arcs":[[0]]}},"arcs":[[[492341,400629],[1264,-37915],[4657,-109047],[347,-11915],[797,-35968],[593,-19846],[-38258,-895],[-23390,-455],[-8626,-231],[-718,-38388],[-570,-12838],[210,-10150],[68835,849],[-1220,-33688],[-1702,-39643],[-1693,-32465],[-500,-18034],[-65383,104],[-75511,295],[-134550,427],[1214,31465],[-27063,-304],[-4647,4],[-39694,-683],[-138,10750],[2343,101692],[-68837,943],[-2711,8],[-117,8746],[-69051,587],[-1077,-17],[-70,47059],[-7075,128],[2467,57768],[2666,60915],[69216,-647],[76756,-463],[221,109344],[6294,-112],[30657,15],[10499,-130],[13651,118],[4047,-143],[251,70011],[1146,340],[38603,1030],[31474,748],[412,-24982],[8194,-114],[43954,-356],[87663,-883],[492,-43658],[29167,42],[19144,163],[15115,-86],[-14,-6897],[266,-22598]]],"transform":{"scale":[3.12157526315136e-7,2.303838447677957e-7],"translate":[-79.37495935899994,47.379445102000034]}}