{"type":"Topology","objects":{"85060":{"type":"Polygon","arcs":[[0]]}},"arcs":[[[493774,416890],[1192,-58711],[2597,-178970],[433,-45778],[736,-45908],[832,-46108],[383,-38133],[52,-3055],[-12755,-43],[-20240,668],[-73167,1063],[-25820,519],[-91011,-617],[-118362,-842],[-102648,-769],[-8010,-206],[-36885,135],[-11101,106],[1408,106469],[227,6039],[-149,31590],[274,42456],[534,64966],[-94,32528],[145,32501],[-51,18918],[9908,210],[3052,8310],[5586,4745],[13229,8560],[13659,-911],[6780,-763],[3437,-248],[6165,1679],[1157,2801],[-731,11040],[-1714,6823],[-2682,16704],[-375,6185],[410,3514],[1461,10708],[-790,8274],[1657,4133],[957,5576],[-5510,-595],[-404,14206],[3146,17415],[9115,17453],[14485,10476],[9898,4621],[14758,-955],[12682,1401],[8661,2928],[1546,-32816],[658,-334],[-612,-637],[1354,-28821],[104971,-580],[120746,-1170],[134465,-1359],[355,-17391]]],"transform":{"scale":[3.6674379948751164e-7,4.494734329469173e-7],"translate":[-79.1140077849999,47.275266689000034]}}