{"type":"Topology","objects":{"85065":{"type":"Polygon","arcs":[[0]]}},"arcs":[[[143320,499454],[38608,80],[88566,-2],[32776,51],[61725,46],[93049,-289],[41955,324],[-181,-65722],[-173,-49381],[-136,-48641],[-149,-48956],[-128,-49328],[-147,-49691],[-197,-49778],[-123,-51283],[-454,-51897],[-244,-17183],[-546,-16602],[-73158,442],[-48344,242],[-58428,656],[-53397,548],[-62861,-1122],[-44247,-831],[-81098,-547],[-73045,-590],[-25,3666],[-181,45757],[-393,55332],[-348,55089],[-206,54936],[-1227,214765],[-563,70454],[1066,-113],[94287,-567],[47967,135]]],"transform":{"scale":[7.758558117115834e-7,3.745580771162056e-7],"translate":[-78.9329193239999,47.27536927100004]}}