{"type":"Topology","objects":{"85075":{"type":"Polygon","arcs":[[0]]}},"arcs":[[[499999,498866],[-11341,-22387],[-2712,-13762],[-10381,-12260],[-481,-3371],[-390,-5068],[-13180,-35448],[-204,-127781],[-95040,-67265],[-21081,-763],[-2679,-210656],[-52086,-105],[-58150,265],[-44230,176],[-1158,88],[-182,16240],[-66177,1218],[-64817,1144],[-53878,540],[-695,26917],[313,593],[-336,313],[-795,30645],[-319,3218],[13106,211],[23994,6625],[23261,20133],[21732,10969],[10362,2738],[9549,5152],[6892,15614],[4576,22940],[3520,6561],[9382,8033],[-1305,205466],[110,-3],[572,114203],[62626,-81],[58736,-114],[71741,-193],[43013,-144],[58389,-227],[79743,-374]]],"transform":{"scale":[7.14518889037689e-7,4.813093286186647e-7],"translate":[-79.0664528019999,47.46239322000008]}}