{"type":"Topology","objects":{"85070":{"type":"Polygon","arcs":[[0],[1]]}},"arcs":[[[215671,499580],[9969,-39],[74373,-21],[48550,-51],[88545,-50],[35251,-49],[27640,-37],[-4376,-152034],[-4165,-145222],[-57767,-1411],[-76187,-1930],[513,-159624],[-133,-38859],[-42095,-253],[-60766,160],[-32598,65],[-61935,-35],[-32885,-40],[-88868,2],[-38737,-63],[2476,211141],[19480,766],[87821,67418],[189,128075],[12180,35531],[360,5080],[444,3377],[9593,12289],[2507,13795],[10478,22438],[70143,-419]],[[326996,249116],[-2351,1410],[-4298,34],[-2802,-1140],[-1612,-1032],[-1280,247],[-317,-3884],[12167,-1376],[-517,-6956],[-21,-9177],[2748,3826],[1321,4879],[-423,1156],[4070,4107],[-681,1714],[-1303,224],[-216,3472],[-415,1063],[-1185,698],[-2885,735]]],"transform":{"scale":[7.73239238478543e-7,4.802025304050237e-7],"translate":[-78.82172286299993,47.46240129900008]}}