{"type":"Topology","objects":{"85085":{"type":"Polygon","arcs":[[0]]}},"arcs":[[[499204,474833],[795,-329829],[-36859,-598],[-45291,-824],[-1343,-273],[-296,-56020],[-4749,116],[-16017,-96],[-12317,106],[-35971,-13],[-7383,89],[-260,-87491],[-90056,370],[-81210,518],[-964,6202],[-43933,1286],[-35879,-645],[-2076,99660],[585,651],[-143,7784],[43,11906],[-133,12419],[208,11115],[805,19229],[-180,4170],[185,6791],[-81523,1638],[50,77781],[954,46054],[-6246,23],[8673,2690],[8537,1392],[70085,224],[-2,34708],[210,48136],[-338,35035],[-30,14424],[256,25872],[9211,-2797],[20069,-8160],[22444,-5001],[7337,-1079],[17201,-2815],[24265,-3753],[10700,-5877],[4235,1735],[5130,2712],[1160,901],[452,2995],[1583,-491],[1939,2663],[2540,1217],[4899,1496],[1428,2264],[1286,1108],[5567,1989],[4915,1996],[3963,-1082],[2553,91],[2826,805],[4144,2790],[5715,3392],[1930,882],[-1912,2588],[-13,1094],[1931,2380],[-146,3064],[434,995],[3823,700],[3491,1202],[5555,3083],[2212,409],[5401,21],[4632,-499],[2861,306],[1877,786],[1760,1790],[3976,2197],[4734,999],[5904,3077],[2856,3087],[4428,2284],[3066,1898],[2066,504],[2847,-101],[2053,-1373],[7922,613],[3800,1481],[2334,-86],[2498,-70334],[7465,2888],[10808,3925],[6835,652],[23165,8110],[19476,9756],[15291,7964],[15281,4170],[13404,6640],[6626,5091],[7824,3729],[5997,6087],[2138,3177],[2964,1727],[4190,-93],[3311,-1760],[3328,-2247],[6428,-6807],[5824,-6543],[3576,-1212]]],"transform":{"scale":[2.6605587211180935e-7,2.8792466584927905e-7],"translate":[-79.41812030499993,47.452886232000075]}}