{"type":"Topology","objects":{"85080":{"type":"Polygon","arcs":[[0]]}},"arcs":[[[498491,495294],[1508,-274852],[-10842,-10747],[-4068,-8775],[-5288,-30689],[-7965,-20887],[-11035,-6891],[-11975,-3662],[-25114,-14674],[-26882,-26932],[-27726,-8862],[-15147,-283],[370,-4304],[-5138,-3657],[-7522,-1751],[-8754,1194],[-5871,-5772],[-8592,-13087],[-5406,-21804],[-1867,-21756],[232,-17103],[-54967,55],[-117018,7],[8,5201],[-11810,50],[-22930,-130],[-1130,12],[-133,14471],[5,4417],[-7631,53],[-9665,-103],[-14724,-29],[-250,27956],[-44257,565],[-22191,229],[-4136,73],[-208,15995],[-31,-1],[-341,263940],[2441,-1981],[1894,-4543],[1632,-2847],[2334,-3128],[307,-1818],[-1480,-3850],[941,-3257],[1035,-2139],[-821,-2908],[2895,-16074],[9375,-633],[508,20775],[1655,89077],[49959,-786],[71809,-1182],[-1656,41641],[-58,52361],[5318,8530],[117053,-1014],[99378,-983],[71095,-772],[62877,-1936]]],"transform":{"scale":[6.182981485963024e-7,3.59801877603723e-7],"translate":[-79.28530384099992,47.46987410200006]}}