{"type":"Topology","objects":{"85095":{"type":"Polygon","arcs":[[0]]}},"arcs":[[[448880,224865],[-7879,-9114],[85,-55957],[2456,-44500],[-180373,2103],[-2453,-95196],[-751,-22201],[-13887,677],[-4290,17176],[1218,3109],[-1533,2287],[-1394,3479],[2192,4115],[-454,1944],[-3459,3340],[-2416,3045],[-2807,4854],[-3680,2155],[-2214,998],[-3713,5596],[-4099,5821],[-2120,1921],[-2111,1506],[-2670,81],[-1890,-1479],[-1361,-2717],[-3823,-5204],[-4988,-3190],[-4222,-4353],[-8545,-5677],[-9741,-3566],[-9745,-6812],[-12413,-8342],[-14765,-6936],[-4359,-560],[-6889,-3356],[-4756,-2469],[-1594,60148],[-1487,73],[-2422,-1265],[-5049,-523],[-1309,1172],[-1814,87],[-1318,-432],[-1953,-1622],[-2823,-1952],[-1821,-2641],[-3763,-2631],[-3018,-855],[-2534,-1879],[-1121,-1530],[-1197,-674],[-1823,-260],[-2953,426],[-3442,-18],[-1410,-350],[-3542,-2635],[-2225,-1029],[-2437,-598],[-275,-850],[92,-2621],[-1231,-2036],[9,-937],[1218,-2213],[-1229,-752],[-3643,-2902],[-2642,-2386],[-1801,-689],[-1628,-77],[-2524,926],[-3135,-1708],[-3548,-1701],[-819,-947],[-909,-1935],[-3124,-1282],[-1618,-1040],[-1238,-2277],[-1009,420],[-286,-2562],[-739,-769],[-3271,-2320],[-2699,-1484],[-6820,5027],[-15468,3209],[-10963,2406],[-4676,923],[3194,8803],[665,2213],[574,85409],[-1023,41757],[208,4688],[-4,58054],[-340,22217],[60,5787],[-310,78670],[210,160561],[49451,694],[96403,1034],[41783,148],[0,49],[32269,791],[89187,1245],[3501,-126312],[137666,2886],[188,-8042],[2407,-6636],[4255,-4915],[7507,-2706],[5805,-1512],[5940,-1196],[6276,-3622],[2806,-3660],[1123,-3474],[-562,-2800],[-2680,-7753],[-1392,-11496],[1471,-6329],[2049,-4886],[3536,-3495],[6457,-5727],[1319,-4568],[-189,-8416],[-1741,-5304],[-7331,-6964],[-18190,-12801],[-9217,-9542],[-2313,-4337],[-1185,-4434],[-1851,-5285],[-1446,-3135],[-7656,-8672]]],"transform":{"scale":[4.174101608203052e-7,3.3668010936027275e-7],"translate":[-79.38110777599991,47.574066654000035]}}