{"type":"Topology","objects":{"85090":{"type":"MultiPolygon","arcs":[[[0]],[[1]],[[2],[3],[4],[5]]]}},"arcs":[[[176956,273252],[-866,-403],[-3539,5587],[4512,1809],[3558,-4852],[-3665,-2141]],[[183852,277536],[-1728,-1253],[-1768,4988],[2078,628],[1418,-4363]],[[272443,301296],[219,14413],[-79312,936],[-32,-15523],[-10765,-99],[-1178,29334],[-35184,275],[-143,10026],[-282,4929],[48149,-541],[-1147,-13952],[80083,810],[148,12795],[-79084,347],[-938,14268],[16174,238],[61752,732],[63,4467],[41115,-339],[183808,-1812],[2568,-43],[1542,-57123],[-866,-116833],[-1002,-3029],[-4810,-12042],[-21546,5852],[-19266,9546],[-8842,3273],[-246,-30270],[29,-16871],[323,-40987],[-202,-56312],[3,-40605],[-67280,-262],[-8195,-1628],[-8379,-3159],[-20385,-196],[-14630,-250],[-35778,-327],[-46600,-1334],[-62925,729],[-20855,709],[-52771,7936],[-30813,6572],[-20755,6032],[-39069,14125],[-13749,30738],[-1368,4580],[-22,13304],[856,79441],[584,50116],[552,8583],[-246,11227],[-822,2250],[498,19254],[-151,16929],[204,643],[-464,10035],[261,37178],[3,21132],[-344,104],[-32,95257],[86,63124],[46582,-1857],[177,-13298],[139,-47603],[464,-87856],[48292,-125],[-602,-7382],[141,-11372],[643,-14268],[-195,-143],[462,-10099],[-108,-4276],[276,-2344],[376,-10299],[-48962,153],[73,-15954],[49324,572],[139,-3039],[1786,-1488],[-114,-2557],[-1521,-3160],[44,-3325],[-49599,416],[40,-37673],[124,-8410],[15365,102],[10689,-413],[10512,28],[12964,173],[167,6578],[-145,20083],[16612,-11395],[10380,10175],[6546,-4284],[12884,-7560],[1801,1699],[7960,9380],[-3565,1571],[-4296,-5404],[-5923,2766],[3978,5384],[-7797,3434],[-1568,-3291],[-12898,296],[-402,16215],[-1324,-190],[937,12477],[23742,-849],[372,-10801],[1774,2101],[197,-3894],[1378,599],[12883,-9823],[6174,1238],[3168,1148],[281,15554],[11873,2390],[1086,-12372],[1739,758],[4397,1067],[6254,2355],[5397,1089],[-188,22716],[-8864,541],[-188,14870],[79125,174]],[[221340,292210],[-184,-4509],[12834,74],[213,4468],[-12863,-33]],[[159394,247594],[-13609,10247],[-1482,-2028],[13480,-10214],[1611,1995]],[[87666,179281],[2094,-746],[1201,3818],[-16697,6659],[-1843,-4295],[15245,-5436]]],"transform":{"scale":[2.7714492028974277e-7,2.4611810823619456e-7],"translate":[-79.5178292409999,47.54074389800007]}}