{"type":"Topology","objects":{"85105":{"type":"Polygon","arcs":[[0]]}},"arcs":[[[498725,116368],[-43655,450],[-42113,367],[-32177,237],[-23701,147],[-39532,201],[-25264,95],[-41614,106],[-314,-117971],[-30042,1498],[-33902,595],[-47387,759],[-55816,783],[2464,6267],[466,2264],[597,3819],[380,3204],[745,3134],[2967,6896],[5857,9249],[2359,5032],[561,3834],[60,6081],[-425,3300],[-2078,4139],[-1138,2524],[-659,3531],[-475,4574],[450,8306],[861,5601],[181,2025],[-361,2510],[-903,2644],[-2020,2616],[-1912,867],[-1869,1091],[-2418,1957],[-1368,3550],[-775,4797],[-62,5810],[-44316,-2085],[-1127,91271],[-28710,-901],[-10388,-572],[81,128354],[-233,106509],[29957,28],[44534,-23],[43127,-95],[-1134,64256],[44178,-712],[5946,121],[47206,-1021],[22567,58],[36476,51],[44432,-5],[38026,-63],[52151,-178],[43871,-230],[48662,-341],[-932,-278771],[-342,-102540]]],"transform":{"scale":[0.0000012966549373098977,4.6593638987276965e-7],"translate":[-79.30163378799995,47.648080588000084]}}