{"type":"Topology","objects":{"85100":{"type":"Polygon","arcs":[[0]]}},"arcs":[[[499300,397361],[698,-89159],[-243,-107472],[-40243,-92],[-92851,-623],[-47631,-420],[-202,-97119],[298,-47587],[-57,-3499],[327,-13440],[3,-35114],[-199,-2836],[-1643,19],[-117547,801],[-26292,150],[-695,30742],[-70784,13],[-54642,-65],[-16534,94],[-99,22316],[-113,5882],[-29790,821],[97,48570],[-102,741],[-85,8274],[-91,1006],[-188,36183],[12,18634],[-148,20729],[-332,5010],[-216,0],[326,11160],[-334,12137],[107,12632],[140,25068],[73,6365],[-54,4658],[244,18486],[145,18564],[-128,85472],[88,7035],[137,33647],[-65,18356],[-106,17213],[642,28471],[34,801],[132040,10],[149090,-65],[19611,-62],[576,-21663],[1337,-80629],[76012,36],[119375,16],[2,-267]]],"transform":{"scale":[4.333707487414629e-7,5.566109892220313e-7],"translate":[-79.51801627599991,47.62997592000004]}}