{"type":"Topology","objects":{"85804":{"type":"Polygon","arcs":[[0]]}},"arcs":[[[327223,469018],[74586,-15774],[30601,-14930],[10768,-22806],[5570,-74434],[33674,-4804],[17577,-36768],[-105191,-88044],[10919,-24791],[-34140,-104626],[-70993,-82041],[514,196795],[13352,149147],[-314460,29470],[8204,83286],[33062,-5300],[41665,22128],[72424,24473],[111120,-733],[60748,-30248]]],"transform":{"scale":[2.991538383082547e-8,2.2396142792343957e-8],"translate":[-78.57866547999993,47.57152332900005]}}