{"type":"Topology","objects":{"85806":{"type":"MultiPolygon","arcs":[[[0]],[[1]],[[2]],[[3]],[[4]],[[5,6],[7],[8]]]}},"arcs":[[[94442,2932],[-1459,-2932],[-38515,12080],[4093,8396],[37089,-13014],[-1208,-4530]],[[244244,131370],[-165,-302],[-29944,19961],[3295,3965],[30224,-20026],[-3410,-3598]],[[413825,222228],[-476,-8734],[-28504,-143],[407,8812],[28573,65]],[[323009,239581],[71,30338],[176168,-1831],[-483,-28168],[-175756,-339]],[[324334,325426],[175664,-679],[-331,-25005],[-177877,-1585],[2544,27269]],[[324334,325426],[-106948,1054],[624,-9633],[322,-19595],[78148,-536],[2619,-57331],[23910,196]],[[323009,239581],[417,-29060],[19691,-1058],[418,-44397],[-11990,-2127],[-13892,-4602],[-9766,-2086],[-3863,-1485],[-2412,24180],[-26371,-4670],[-626,-30397],[-7037,-2243],[-13715,-2423],[-28616,19202],[-3058,-1172],[-437,7611],[-3941,-4107],[-827,21109],[-52737,1659],[-2080,-24385],[2941,371],[892,-31692],[28649,-575],[3481,6430],[17320,-6710],[-8835,-10522],[13154,-5405],[9543,10559],[7921,-3070],[-17681,-18333],[-3999,-3318],[-28622,14775],[-14540,8373],[-23053,-19887],[-36903,22270],[326,-39249],[-374,-12856],[-28794,-338],[-23349,-54],[-23742,807],[-34131,-200],[-272,16436],[-92,73628],[110172,-815],[-97,6500],[3378,6174],[251,4997],[-3968,2911],[-308,5938],[-109556,-1117],[-165,31178],[108757,-296],[-838,20128],[-614,4581],[243,8356],[-1027,19734],[436,281],[-1431,27884],[-314,22227],[1339,14427],[-107268,245],[-997,166096],[57431,-416],[189788,295],[245852,-57],[2413,-135883],[-142,-8731],[-137164,-1431],[-35926,-467],[2082,-27883]],[[294218,200783],[3925,-9748],[3842,2450],[-3151,8527],[-4616,-1229]],[[294805,189297],[-7899,9481],[-10025,-3535],[7862,-10918],[10062,4972]]],"transform":{"scale":[1.247716075431905e-7,1.2593160186317718e-7],"translate":[-79.50455442099991,47.58468476100006]}}