{"type":"Topology","objects":{"85803":{"type":"Polygon","arcs":[[0]]}},"arcs":[[[339483,33502],[-177205,-33502],[-107954,37670],[-54324,134635],[75490,167718],[134316,127916],[20367,27283],[172457,4777],[97368,-82050],[-13511,-219520],[-147004,-164927]]],"transform":{"scale":[4.458872117744232e-8,2.8207408414798083e-8],"translate":[-78.8126695489999,46.98328673300006]}}