{"type":"Topology","objects":{"85802":{"type":"Polygon","arcs":[[0]]}},"arcs":[[[499999,293473],[-193879,-293473],[-68528,145248],[-32520,-93500],[-40421,6605],[-46119,89925],[-21137,-27400],[-17570,-69513],[-79825,315780],[483867,132853],[1449,-86101],[14683,-120424]]],"transform":{"scale":[2.322185044364611e-8,6.645265290529018e-9],"translate":[-78.99152346199992,46.78481345100005]}}