{"type":"Topology","objects":{"85905":{"type":"Polygon","arcs":[[0]]}},"arcs":[[[420288,499994],[-9442,-30744],[-4613,-33913],[6359,-24104],[4158,-21524],[-762,-52309],[2988,-11698],[6239,-28735],[15262,-30612],[1718,-22324],[8887,-5692],[21482,-27536],[2106,-21409],[1514,-19535],[13985,-21791],[9830,-17697],[-725,-4603],[-2222,-14989],[-7341,-20654],[5900,-34525],[-5735,1304],[-21419,15890],[-13911,9599],[-18809,17516],[-32191,26654],[-30957,-22379],[-31178,-21567],[-33333,-24262],[-65558,-47895],[-14294,-10460],[-7186,8926],[-2431,3797],[-1630,3487],[-1084,3239],[-543,2688],[-355,3576],[2,3372],[545,6152],[0,7278],[-461,893],[94,3583],[-1086,4708],[-4517,16614],[-1076,3765],[-998,2138],[-1888,3123],[-633,2465],[-178,4709],[-728,2228],[-7221,16362],[-2978,6384],[-1447,2351],[-1812,2344],[-1260,3135],[-282,2016],[-348,8956],[86,4032],[994,2913],[1257,2351],[7690,9972],[1626,3470],[1086,3233],[634,1470],[370,2124],[714,2579],[1725,6605],[1532,1445],[909,3920],[997,2249],[-96,4360],[-2168,4254],[-2262,2251],[-2889,3575],[-2348,3919],[-4254,9189],[-634,1003],[-2623,3138],[-810,1671],[-628,2133],[-646,2796],[-724,1562],[-1526,2246],[-463,1574],[-81,4466],[-1097,3472],[101,2363],[2443,6262],[626,2583],[456,2803],[241,3889],[-37565,-99],[-28885,68],[6,-21],[-12512,9],[-155,23],[-123,3158],[-3346,12342],[-7694,13107],[-15171,17556],[-10122,11167],[-20885,35383],[-27789,45893],[-15475,29046],[-5866,19248],[-2952,14158],[-429,12859],[6384,200],[7794,60],[15730,272],[8005,170],[10654,183],[11646,151],[7853,-56],[16111,-4],[186,-9543],[349,-21874],[466,-27456],[1623,1628],[2351,1697],[3351,1688],[2804,2705],[2349,1572],[2873,2149],[364,21189],[-304,9117],[266,18490],[7699,92],[22908,-135],[29,37723],[-14,1165],[21263,-598],[24384,-254],[14998,69],[10190,29],[-13,1186],[32588,103],[51018,119],[63733,87],[70650,12]]],"transform":{"scale":[9.078815337630997e-7,5.019397198794803e-7],"translate":[-79.44338195299991,46.87753422500003]}}