{"type":"Topology","objects":{"87005":{"type":"Polygon","arcs":[[0]]}},"arcs":[[[498922,498176],[-125,-34077],[498,-60660],[704,-80051],[-759,-74074],[443,-65415],[-431,-182959],[-122834,-685],[-69001,-255],[-77487,320],[-87497,1096],[-142433,1597],[1029,162754],[211,101293],[-995,149892],[371,59196],[376,23033],[7028,-279],[13014,-17],[655,281],[4719,-174],[42195,-6],[52555,0],[60261,877],[151641,-877],[76547,-539],[89315,-271]]],"transform":{"scale":[4.360649001298328e-7,1.7665189930371554e-7],"translate":[-79.30018492499994,48.42949693500008]}}