{"type":"Topology","objects":{"87010":{"type":"Polygon","arcs":[[0]]}},"arcs":[[[354662,407974],[98032,-596],[47099,-472],[206,-182723],[-185,-123180],[-44762,332],[-38362,668],[-75995,1084],[-30200,-1084],[-47487,8],[-2365,214],[-328,-348],[-6521,23],[-3522,343],[-189,-28480],[-186,-73196],[-43056,343],[-34960,702],[-31238,-965],[-21998,-647],[-67011,877],[-51634,505],[24,3082],[25,405423],[20286,-2264],[48961,656],[55011,578],[55422,413],[35971,176],[893,90480],[7083,-643],[0,-164],[27193,880],[-24,-91861],[78677,817],[25140,-981]]],"transform":{"scale":[8.701120762240776e-7,1.4286371172751394e-7],"translate":[-79.5175166869999,48.50307128900004]}}