{"type":"Topology","objects":{"87015":{"type":"Polygon","arcs":[[0]]}},"arcs":[[[375710,498984],[40533,-124452],[-1123,-129403],[84755,-1523],[124,-187458],[-15820,395],[-1995,-55426],[-109653,-159],[-94481,-203],[-122874,-355],[-109359,-400],[-45310,1387],[0,4109],[-507,456656],[130984,-42462],[162173,80308],[82553,-1014]]],"transform":{"scale":[3.8955682711357185e-7,2.3321520043033043e-7],"translate":[-79.5176716499999,48.561305960000084]}}