{"type":"Topology","objects":{"87020":{"type":"Polygon","arcs":[[0]]}},"arcs":[[[499999,215887],[-340,-50503],[-270,-59497],[-270,-54187],[-5377,2],[-295,-51702],[-66472,541],[-208020,-451],[66,50759],[-71899,-486],[-147,169179],[-100325,1374],[1328,116723],[-47978,112258],[54914,-797],[125256,50899],[106747,-141487],[15608,-16433],[5156,-90],[8531,1830],[5048,-2267],[4331,1588],[4318,3716],[2722,896],[3266,-818],[4823,-4011],[1797,-2639],[2865,-5830],[490,-2404],[-422,-1997],[-3580,-3704],[318,-1755],[2629,-1434],[1290,-1333],[-1468,-1132],[-3638,-1083],[-1025,-6023],[525,-2721],[1921,-2347],[5974,-1921],[6752,-1627],[1628,-1288],[296,-1957],[-2337,-2604],[-495,-4594],[7039,-5342],[4190,-597],[-80,-469],[-1310,-71652],[135920,-583]]],"transform":{"scale":[3.290943581886467e-7,2.585496730993186e-7],"translate":[-79.37131068499991,48.561356047000054]}}