{"type":"Topology","objects":{"87025":{"type":"Polygon","arcs":[[0]]}},"arcs":[[[455745,373374],[-994,-125684],[45019,-1050],[229,-122540],[-134080,980],[-2854,-125080],[-135016,459],[0,-73],[-96779,644],[931,78998],[58,517],[-2983,657],[-5012,5889],[353,5065],[1664,2870],[-212,2160],[-1160,1419],[-4806,1795],[-4255,2116],[-1367,2590],[-374,2999],[731,6638],[2590,1197],[1046,1245],[-920,1471],[-1871,1582],[-228,1933],[2550,4084],[300,2203],[-348,2651],[-2040,6428],[-1280,2908],[-3435,4422],[-2325,902],[-1937,-986],[-3077,-4099],[-3083,-1750],[-3593,2499],[-6074,-2019],[-3673,101],[-11112,18116],[-76328,156646],[2872,2104],[55078,33508],[146,-353],[62742,39803],[16256,9156],[16135,2263],[9356,-3313],[5829,-5452],[7275,2686],[4835,10619],[-2191,14427],[-16593,22802],[-3534,9384],[1769,9035],[3964,6191],[610,14304],[1687,18250],[98404,308],[-49,-125333],[73120,-441],[100460,-690],[17574,-161]]],"transform":{"scale":[4.6218579437157607e-7,2.3451190902382372e-7],"translate":[-79.31216530799992,48.61708265900006]}}