{"type":"Topology","objects":{"87035":{"type":"Polygon","arcs":[[0]]}},"arcs":[[[498865,373467],[-253,-51867],[250,-5837],[-25,-103944],[1162,-151503],[-134876,-1633],[-1329,-55254],[-48453,-966],[-118396,-2463],[1693,63700],[-272,0],[1744,60149],[-84807,657],[628,124309],[-72464,624],[-221,122466],[-43246,1050],[954,125607],[43527,-654],[4211,330],[0,272],[121952,655],[78740,341],[157195,493],[573,-126691],[91713,159]]],"transform":{"scale":[4.811153302305681e-7,2.3465554731104072e-7],"translate":[-79.1019855319999,48.58765317400008]}}