{"type":"Topology","objects":{"87030":{"type":"Polygon","arcs":[[0]]}},"arcs":[[[314567,498652],[85782,-860],[-744,-170918],[100394,-902],[-2064,-82701],[320,0],[-2005,-87586],[-46671,971],[-1563,-156656],[-97946,521],[-140196,578],[-126691,351],[-83183,141],[238,78332],[4356,-2],[218,82091],[219,90136],[274,76609],[153541,-633],[3244,171875],[152477,-1347]]],"transform":{"scale":[4.064228488457922e-7,1.7066455332912634e-7],"translate":[-79.20892016899995,48.561083299000074]}}