{"type":"Topology","objects":{"87042":{"type":"Polygon","arcs":[[0]]}},"arcs":[[[499119,65786],[-5219,-33],[-3905,76],[-27710,155],[-10020,256],[-4324,-7036],[-16398,-3126],[-22237,-3908],[687,-27677],[476,-23446],[-18018,-19],[-28913,228],[-29494,-590],[-24653,-666],[-40,23971],[-28581,75],[-41816,398],[-28335,345],[374,42311],[-61755,-184],[-85943,1602],[-34287,-2057],[-29008,154],[401,38875],[24702,-495],[104530,2406],[832,38760],[84498,1147],[-727,106280],[16,72919],[-158,4096],[160,36385],[48442,48],[48922,4],[509,45787],[45259,604],[-1638,85185],[27622,1319],[46209,28],[1533,-526],[1776,225],[431,301],[61913,-26],[3416,61],[127,-44597],[402,-131936],[-618,-24693],[109,-8053],[649,-8961],[-51,-25981],[536,-4188],[196,-5748],[-1190,-4837],[403,-47099],[-105,-962],[13,-127157]]],"transform":{"scale":[7.679505039010494e-7,3.344970609941275e-7],"translate":[-79.02650976299992,48.552532761000066]}}