{"type":"Topology","objects":{"87058":{"type":"Polygon","arcs":[[0]]}},"arcs":[[[498769,369266],[1230,-367175],[-114430,-485],[-57320,-338],[-88774,-647],[0,-269],[-3065,-324],[-31686,643],[-12290,160],[-45489,451],[-75896,664],[34,123609],[-68814,-305],[-20,-325],[-2249,14043],[2389,12020],[8562,10232],[2779,7152],[137,15252],[-1741,23352],[3118,16549],[7977,23264],[45499,194],[52564,-521],[-157,83312],[29,40921],[52115,-392],[46316,217],[16990,-218],[396,122253],[64075,883],[26046,-653],[31241,-327],[29100,697],[47042,289],[-15,6554],[47099,-89065],[568,-41556],[10342,-143],[6298,32]]],"transform":{"scale":[6.609197658395352e-7,2.37782223564422e-7],"translate":[-79.23683305499992,48.70448358900006]}}