{"type":"Topology","objects":{"87050":{"type":"Polygon","arcs":[[0]]}},"arcs":[[[325647,499136],[-1,-74],[167708,0],[2673,-192779],[-85,-118024],[4057,-121733],[-112026,-861],[-1261,-65431],[-121086,-5],[-125638,-73],[-136480,-156],[-3508,499999],[144199,-427],[109412,-299],[72036,-137]]],"transform":{"scale":[3.1026492852985776e-7,2.3407371414740822e-7],"translate":[-78.90718623399994,48.675252012000044]}}