{"type":"Topology","objects":{"87075":{"type":"Polygon","arcs":[[0]]}},"arcs":[[[252320,499705],[126199,-420],[-2643,-109079],[123491,-15],[122,-49269],[510,-4834],[-1664,-267246],[-38892,529],[-100954,887],[-198314,-70258],[-160175,37149],[848,340846],[29,119454],[150064,2550],[101379,-294]]],"transform":{"scale":[3.1856140712279064e-7,2.6657638715271307e-7],"translate":[-79.5176716499999,48.659183959000075]}}