{"type":"Topology","objects":{"87070":{"type":"Polygon","arcs":[[0]]}},"arcs":[[[217512,499467],[29976,-124],[15487,602],[-34,-2711],[-2494,-2303],[1892,-3163],[3609,-2019],[-636,-1398],[748,-1577],[2383,-1530],[547,-1692],[728,-5763],[821,-2438],[432,-3999],[2626,-5131],[1613,-4214],[5341,-7215],[2784,-1419],[1907,905],[6,1805],[3221,-425],[2608,-83417],[158022,153],[50899,196],[-19177,-24051],[-7497,-17108],[4182,-24143],[-329,-15769],[-6679,-7396],[-20588,-10576],[-5746,-12428],[5406,-14517],[-2787,-18271],[-1026,-14585],[-6663,-6314],[-2977,-9212],[5942,-9568],[27903,-23250],[3681,-14709],[-8129,-10828],[-12231,-2739],[-9803,5561],[-15732,3377],[-27131,-2309],[-27333,-9335],[-105499,-40583],[-242,359],[-92611,-34165],[-4831,-2146],[537,-669],[-149964,-57216],[-20674,282],[1928,309748],[-591,5603],[-140,56657],[77408,792],[607,126917],[138300,-532]]],"transform":{"scale":[2.7487175174348923e-7,2.2999732399461986e-7],"translate":[-79.3589211589999,48.67747088200008]}}