{"type":"Topology","objects":{"87080":{"type":"Polygon","arcs":[[0]]}},"arcs":[[[499998,398482],[-1260,-194640],[-130655,-337],[-2369,-201442],[-147450,267],[-218264,-2330],[104,157627],[251,341145],[166715,1227],[538,-49869],[-144,-1785],[27,-49871],[332507,8]]],"transform":{"scale":[2.1902290204578105e-7,2.914984549968326e-7],"translate":[-79.5173921729999,48.79179242200007]}}