{"type":"Topology","objects":{"87085":{"type":"Polygon","arcs":[[0]]}},"arcs":[[[499993,397884],[-651,-145295],[22,-4722],[-590,-146947],[-137238,422],[-603,-100713],[-76814,-629],[-1,356],[-142021,12],[3040,100328],[-145137,387],[1872,202600],[103311,339],[997,195759],[203822,-124],[52088,280],[28371,61],[-2899,-101169],[112437,223],[-6,-1168]]],"transform":{"scale":[2.769971099942771e-7,2.898314376628347e-7],"translate":[-79.43729236599994,48.76309682300007]}}