{"type":"Topology","objects":{"87095":{"type":"Polygon","arcs":[[0]]}},"arcs":[[[262891,499700],[67244,-359],[-674,-124754],[643,-212],[3747,384],[5645,-1270],[3654,347],[93247,-448],[-2793,-126898],[65342,876],[-189,-62504],[491,-6],[624,-87778],[126,1],[-1121,-78834],[-206,-10258],[24,-6723],[-70983,-298],[-43912,-715],[-47142,336],[-39301,668],[-96687,-906],[-1757,-349],[-101775,137],[1597,127118],[-98735,-350],[573,32254],[174,1004],[247,7873],[51,15600],[1122,63297],[91529,-294],[-1542,127444],[108211,-1107],[255,127022],[62271,-298]]],"transform":{"scale":[4.3800105600212933e-7,2.3179158758314401e-7],"translate":[-79.16810730599991,48.821523153000044]}}