{"type":"Topology","objects":{"87090":{"type":"Polygon","arcs":[[0]]}},"arcs":[[[499999,252958],[-599,-125658],[-25644,226],[-69913,-224],[-78668,403],[-44,-42061],[236,-85633],[-79346,535],[-68680,-199],[-31954,-196],[-99205,-151],[-1637,82933],[-2023,423],[-3,-1794],[-1197,-900],[-1746,1412],[-3355,7172],[-1012,4189],[-1649,5103],[-270,3973],[-517,2427],[-457,5728],[-341,1683],[-1498,1519],[-469,1569],[398,1390],[-2265,2008],[-1186,3143],[1564,2290],[22,2696],[-9724,-599],[-18817,124],[373,184100],[-14,5919],[412,182031],[53525,179],[53277,20],[59118,268],[58977,276],[58477,205],[17277,512],[-1122,-63393],[-51,-15633],[-246,-7887],[-176,-1005],[-572,-32317],[98771,349],[-1598,-127367],[101813,-137],[1758,349]]],"transform":{"scale":[4.378406676814545e-7,2.3133735667476487e-7],"translate":[-79.29913311599995,48.76308533700006]}}