{"type":"Topology","objects":{"87105":{"type":"Polygon","arcs":[[0]]}},"arcs":[[[402112,447958],[-185,-18475],[98071,-963],[-1897,-142584],[-92218,-56],[644,-71149],[518,-71477],[-63023,337],[-258,-143591],[-109519,1250],[3,-287],[-40204,275],[-41,142189],[-79059,-598],[105,35180],[6,36067],[154,18489],[-94,53504],[-83901,-585],[-31214,-306],[2330,143740],[111546,-626],[10561,1034],[-858,19801],[-4251,17874],[-159,3604],[2093,9538],[-336,7952],[-1149,3065],[-4036,6307],[27091,-1586],[8382,2213],[37164,1904],[68270,-1060],[86867,-213],[53336,-133],[-1612,-50761],[6873,127]]],"transform":{"scale":[4.3276573553149927e-7,2.0504569009141596e-7],"translate":[-79.22911637999994,48.90797599600006]}}