{"type":"Topology","objects":{"87100":{"type":"Polygon","arcs":[[0]]}},"arcs":[[[495280,499870],[4719,-247166],[-686,-182572],[-132355,0],[-2106,-70132],[-56811,77],[-86287,167],[-124262,261],[-40,-40],[-17372,84],[-956,23761],[-79124,50926],[229,5718],[1249,43941],[-142,-1],[-694,48926],[-545,4],[669,111037],[2131,32026],[111797,-1061],[-1874,184144],[109964,29],[205366,-71],[67130,-58]]],"transform":{"scale":[3.9341698483392406e-7,4.158558697117573e-7],"translate":[-78.94968868399991,48.79208696100005]}}