{"type":"Topology","objects":{"87115":{"type":"Polygon","arcs":[[0]]}},"arcs":[[[498870,499164],[1128,-499164],[-201373,1548],[176,197551],[-173028,-123],[-1662,197248],[-121150,-557],[-2961,98267],[125144,2765],[155289,3300],[31,-54],[55724,-2378],[162682,1597]]],"transform":{"scale":[2.935651771304279e-7,1.4731695663389343e-7],"translate":[-79.44567155399994,48.93696245000007]}}