{"type":"Topology","objects":{"87110":{"type":"Polygon","arcs":[[0]]}},"arcs":[[[387527,497004],[3780,-4885],[1077,-2375],[315,-6160],[-1960,-7387],[147,-2791],[3984,-13846],[804,-15339],[-9893,-801],[-104495,486],[-2181,-111339],[29241,236],[78593,453],[90,-41445],[-145,-14321],[-6,-27938],[-97,-27250],[74060,462],[38,-110137],[37661,-214],[1459,-111372],[-86779,257],[-16375,-469],[-54674,-179],[-56643,-241],[-56029,-236],[-50494,-17],[-50728,-156],[3,1280],[-67416,-247],[1737,110770],[-17010,-68],[-31231,-304],[-14360,22],[111,110578],[127962,-862],[-716,277794],[136380,1036],[7772,-2180],[35013,1134],[50022,-306],[30983,-1643]]],"transform":{"scale":[4.6197893195782396e-7,2.6471256142504316e-7],"translate":[-79.3580568889999,48.87841621900009]}}