{"type":"Topology","objects":{"87120":{"type":"Polygon","arcs":[[0]]}},"arcs":[[[499839,143756],[-162,-143756],[-220947,172],[-162217,-37],[-17,71397],[97,2555],[-366,71392],[-114074,-1756],[-28,102772],[-256,38751],[-1869,210614],[225968,4139],[2716,-71096],[111108,402],[1523,-142710],[158683,90],[-159,-142929]]],"transform":{"scale":[3.2010078820154256e-7,2.036162392324328e-7],"translate":[-79.51800415999992,48.907919434000064]}}