{"type":"Topology","objects":{"87902":{"type":"Polygon","arcs":[[0]]}},"arcs":[[[499003,498979],[996,-180684],[-210,-122105],[-1032,-196190],[-144380,1862],[-24861,347],[-9162,-52],[-6389,207],[-6763,-24],[-13770,390],[-45912,548],[-4615,182],[-14281,65],[-67483,-229],[-160882,7372],[-259,489106],[144294,-730],[92619,-617],[43927,631],[62378,940],[69810,-684],[85975,-335]]],"transform":{"scale":[4.3574587949167155e-7,1.4654514909028953e-7],"translate":[-79.5175166869999,48.43002914400006]}}