{"type":"Topology","objects":{"87904":{"type":"MultiPolygon","arcs":[[[0]],[[1]]]}},"arcs":[[[182532,399503],[237,-36249],[-53374,787],[-1018,-23705],[-218,-56395],[-34731,-360],[1483,52349],[-49563,183],[-1943,-143],[-2999,525],[-1992,-159],[-341,89],[356,51463],[-35741,149],[-273,26083],[-337,25965],[48430,21],[997,52031],[-51505,352],[97,6743],[33371,156],[46948,175],[31559,36],[69899,-57],[658,-100039]],[[498689,186975],[805,-186153],[-3185,-36],[-57698,15],[-401,-179],[-1657,-135],[-1428,314],[-43063,-16],[-25743,-785],[32,49168],[-1006,80308],[-63145,0],[1006,51938],[63190,-1],[326,135125],[-2252,182929],[74596,322],[60165,209],[767,-129057],[-1309,-183966]]],"transform":{"scale":[8.240426940854358e-7,5.618819597639056e-7],"translate":[-79.05517609399993,48.71931850200008]}}