{"type":"Topology","objects":{"88005":{"type":"Polygon","arcs":[[0]]}},"arcs":[[[498527,499745],[14,0],[384,-68477],[1073,-152534],[-25644,-343],[98,-57274],[-267,-103818],[183,-90509],[-232,-25402],[-30882,-63],[-73259,-709],[-77186,-356],[-73359,-260],[-79889,81],[-83012,436],[-342,53996],[117,116855],[-55575,376],[-716,3827],[-33,4444],[595,2232],[1854,3096],[-270,5552],[824,2524],[1009,1375],[2287,1433],[800,1403],[174,4453],[-422,3306],[3885,5357],[1015,2215],[1813,7819],[-449,3340],[-1887,4395],[-37,2517],[1589,8369],[-344,17765],[-482,7749],[-429,2500],[-3154,4967],[-659,6376],[191,2774],[1015,2252],[3645,9755],[804,3361],[377,4709],[-51,6122],[-886,7206],[-1274,3898],[-2307,4410],[-650,3015],[1825,5333],[-26,3044],[-1477,4693],[-37,2520],[2644,8065],[-39,3639],[-423,2221],[-1878,2995],[-3764,1089],[-1255,1062],[-450,6385],[-2126,5539],[586,4717],[1440,1991],[3515,2540],[1018,2488],[6019,347],[46626,-15],[16599,-118],[1071,112929],[64720,-189],[95065,574],[47779,283],[53620,396],[54610,490],[57242,721],[47047,-254]]],"transform":{"scale":[5.191278022556251e-7,2.5705132410265793e-7],"translate":[-77.59039870799995,48.503273371000034]}}