{"type":"Topology","objects":{"88010":{"type":"Polygon","arcs":[[0]]}},"arcs":[[[97214,499248],[30877,214],[71911,-2380],[71924,974],[71966,1247],[32926,310],[123181,191],[-189,-115839],[-274,-227265],[-210,-136090],[202,-17065],[-45052,370],[-54816,-1051],[-52296,-715],[-51346,-578],[-45753,-411],[-91033,-837],[-61977,277],[-2,-137],[-9537,-343],[-34734,-120],[-690,3047],[985,2468],[566,3662],[166,8074],[-213,803],[361,6914],[-2177,39248],[-1666,12899],[-2635,10893],[-1436,8066],[-841,8466],[148,12156],[923,9352],[-17,4030],[-1023,7278],[94,21492],[586,2440],[158,4041],[928,3457],[-6667,111],[-40532,475],[479,167045],[25310,-658],[1215,164239],[3150,-1271],[67060,521]]],"transform":{"scale":[5.421104602209337e-7,1.7630072060151198e-7],"translate":[-77.60239876399993,48.63110847900003]}}