{"type":"Topology","objects":{"88015":{"type":"Polygon","arcs":[[0]]}},"arcs":[[[498677,355351],[-55021,-227],[-2585,552],[-998,-71351],[-20765,286],[-394,-72569],[33257,-207],[5471,-47],[-762,-1502],[-130,-1756],[-480,-1059],[-79,-9337],[840,-3162],[14,-1751],[-758,-4062],[-121,-5281],[690,-3678],[1179,-3504],[2162,-4732],[1366,-5604],[1787,-17052],[-296,-3004],[175,-347],[-137,-3509],[-463,-1591],[-810,-1071],[565,-1324],[28499,52],[7826,150],[-840,-71472],[-13041,74],[-36635,9],[-4729,-218],[-799,-1577],[-2762,-1608],[-1131,-1261],[-462,-2989],[1671,-3507],[353,-4046],[986,-673],[2957,-690],[1477,-1896],[331,-1407],[31,-2305],[-2077,-5109],[30,-1594],[1161,-2974],[18,-1928],[-1433,-3378],[512,-1911],[1812,-2792],[1000,-2469],[698,-4564],[39,-3880],[-297,-2980],[-632,-2131],[-2863,-6178],[-797,-1426],[-146,-1784],[-67819,185],[-40287,136],[-168932,385],[53,31521],[-3367,101],[-23493,-135],[-20445,-163],[137,22001],[281,114652],[501,116499],[-73856,-429],[-54,71489],[-25538,-682],[-20322,213],[308,24573],[1478,119023],[91457,630],[64968,-243],[67292,-302],[122735,147],[124400,-69],[27361,290],[-1653,-69153],[331,-75318]]],"transform":{"scale":[6.607251914503527e-7,4.0582008964013225e-7],"translate":[-77.8791866389999,48.574917704000086]}}