{"type":"Topology","objects":{"88022":{"type":"Polygon","arcs":[[0]]}},"arcs":[[[20587,499939],[256126,-271],[61080,-96],[102823,-130],[778,-2824],[3758,-2216],[511,-1114],[575,-3455],[410,-7922],[-1895,-3732],[44,-1124],[2247,-1958],[537,-1491],[-2160,-3486],[-1210,-987],[-4627,-2390],[504,-1474],[-208,-1984],[-955,-625],[-2724,-640],[-1202,-614],[-981,-1125],[323,-2476],[-2208,-1379],[-712,-996],[42,-1981],[851,-1708],[66204,-168],[-141,-52107],[409,-24078],[511,-54564],[-503,-55756],[441,-52629],[71,-56049],[329,-55472],[57,-19740],[306,-35911],[-332,-40975],[223,-2627],[-26900,-115],[-80511,-301],[-18745,-79],[-1218,37],[-34458,-1207],[-102304,296],[-98086,251],[-125264,272],[-12403,63],[131,798],[824,32319],[-544,40426],[-66,40374],[838,40148],[127,78036],[514,15930],[115,0],[553,10744],[-481,21688],[89,22108],[-365,22159],[-755,21723],[-652,21954],[139,22009],[383,22128],[305,22378],[-23,44639],[-53,19556],[19508,-60]]],"transform":{"scale":[4.357938675877672e-7,5.76460532921026e-7],"translate":[-77.77840992299991,48.287009167000065]}}