{"type":"Topology","objects":{"88030":{"type":"Polygon","arcs":[[0]]}},"arcs":[[[499999,499433],[-350,-31893],[-86,-156229],[-569,-80376],[45,-80830],[369,-80930],[-558,-64706],[-90,-1596],[-52593,-1301],[-89612,-875],[-64072,-697],[-26687,785],[-103621,2150],[-44412,-1225],[-7092,268],[-33612,142],[-11697,-39],[-27226,383],[4109,19885],[1444,14795],[-279,18274],[-6791,29711],[-10395,43176],[-7385,25740],[-15749,40483],[-3090,11283],[1372,8018],[1474,4931],[3710,4895],[8712,12211],[3351,7509],[3914,15101],[-769,12467],[-3491,15513],[-1461,4642],[965,3989],[6955,12300],[7277,10668],[22555,31836],[17946,18970],[8814,14674],[3760,10104],[52535,301],[15043,-835],[5138,1349],[3544,-457],[-845,104960],[43039,774],[13134,48],[26246,145],[26095,-11],[25908,43],[26095,-30],[26046,73],[26005,-213],[25910,2],[25895,-102],[25587,-7],[25462,25],[24078,-271]]],"transform":{"scale":[6.426613113226668e-7,2.879416558832935e-7],"translate":[-78.09894450199994,48.286690641000064]}}