{"type":"Topology","objects":{"88035":{"type":"Polygon","arcs":[[0]]}},"arcs":[[[436198,497452],[27575,207],[31684,174],[4542,-130],[-71,-40424],[-17354,110],[46,-35624],[21,-81316],[-270,-40766],[-341,-40307],[-125,-40095],[581,-39990],[671,-39573],[325,-40368],[-79,-40271],[428,-39510],[-491,-19569],[-31687,245],[-33404,-21],[-33565,7],[-33970,90],[-33990,-1],[-34114,195],[-34168,-66],[-34233,26],[-33988,-38],[-34232,8],[-34430,-131],[-17229,-43],[380,36099],[657,100311],[-28854,21],[-19008,277],[-9456,-494],[-205,1010],[-677,34977],[-634,42510],[107,34720],[-193,20955],[624,6139],[-354,7848],[7,36559],[-32317,-689],[-687,10677],[-2462,45342],[-1258,35818],[3741,-216],[33742,-224],[442,45509],[17855,275],[900,42304],[39918,-642],[15324,228],[33754,-37],[32298,-62],[32201,-137],[30039,-263],[30563,-214],[64750,-673],[32525,-251],[32362,-222],[31917,-304],[3867,30]]],"transform":{"scale":[4.898947077893855e-7,3.1644881089759507e-7],"translate":[-78.01435005399992,48.430498266000086]}}