{"type":"Topology","objects":{"88040":{"type":"Polygon","arcs":[[0]]}},"arcs":[[[414135,499772],[282,-28504],[-158,-47229],[924,-57825],[986,-47579],[299,-1374],[13780,673],[27702,-379],[42049,-26],[-956,-136451],[-557,-49104],[-82281,-959],[1618,-129911],[-6778,567],[-9819,-1671],[-28761,1035],[-100765,-377],[7336,17926],[2595,27350],[-2064,21586],[-9225,40046],[-7155,22999],[-14309,11895],[-16124,7516],[-12404,8166],[-20336,8739],[-21244,11809],[-23109,20282],[-11482,30329],[-3989,16787],[-17254,15718],[-5037,15235],[-4404,4918],[-14626,1539],[-14158,555],[-20283,-1032],[-16921,-2960],[-28392,1781],[-14048,4069],[-5067,5053],[7670,6354],[7480,5509],[1649,12273],[2273,7934],[7035,7595],[11632,5520],[18427,2977],[10892,-749],[5960,8928],[2425,6574],[4111,6883],[7817,8979],[4196,6754],[1814,6925],[-2153,11748],[-4487,7592],[-4337,15309],[-325,12691],[6264,6207],[3968,6250],[13328,14903],[3808,7058],[514,10301],[-2390,8699],[-6528,11787],[-3064,3748],[84887,-584],[39567,-137],[32894,-242],[12820,169],[56660,-641],[10626,-243],[21117,-867],[47157,2831],[10428,-227]]],"transform":{"scale":[3.361641183282655e-7,2.3263706327412568e-7],"translate":[-78.13571177199992,48.399881976000074]}}