{"type":"Topology","objects":{"88045":{"type":"Polygon","arcs":[[0]]}},"arcs":[[[483156,499497],[6471,-15269],[8474,-27007],[1898,-14558],[-2385,-18445],[-6739,-12089],[304,1],[-6605,-8434],[-15478,-12251],[-31523,-15834],[-39616,-26575],[-12779,-8905],[-12218,-10267],[-1692,-3329],[2564,-3876],[6134,-12949],[1349,-10407],[-6875,-12605],[-5886,-6269],[-15300,-10193],[-6516,-4085],[-2591,-4117],[-2410,-6693],[5428,-9419],[27662,-33793],[12971,-21487],[18259,-36040],[11927,-24801],[488,-15256],[-2534,-12349],[-7218,-16598],[-93,0],[-8648,-13073],[-8804,-10031],[-10069,-9730],[-19111,-16531],[-15864,-10970],[-24304,-16519],[-16035,-8744],[20,366],[-173539,924],[-131355,619],[-297,113974],[-206,3],[-415,382979],[3979,-9],[69683,-390],[68137,-172],[68788,-417],[67563,259],[67260,417],[46621,1446],[44311,-572],[1675,-143],[45139,213]]],"transform":{"scale":[3.658963697927516e-7,3.449443158886629e-7],"translate":[-78.22398512899991,48.25787387300005]}}