{"type":"Topology","objects":{"88050":{"type":"Polygon","arcs":[[0]]}},"arcs":[[[375722,497330],[2300,-5010],[4907,-15763],[1797,-11631],[-386,-13776],[-2861,-9438],[-10022,-19929],[-2982,-8356],[-4708,-8301],[244,-16972],[3260,-20473],[3373,-10151],[1619,-15710],[-1364,-9259],[-3154,-9032],[-5878,-12007],[-3088,-9204],[-1825,-8791],[-4479,-11939],[-8189,1000],[-13852,-3981],[-8743,-7381],[-5290,-10156],[-1708,-10611],[-1241,-16411],[-5622,-7367],[-5766,-8497],[3810,-6756],[10560,-5440],[21343,-2383],[12721,3960],[15247,1379],[10643,-742],[10994,-2059],[3312,-6576],[3788,-20374],[12970,-21018],[2997,-22448],[8632,-40558],[17373,-27120],[15971,-15791],[15287,-11687],[9324,-10920],[12120,-10052],[10758,-15907],[85,-479],[-36936,-424],[-1369,286],[-36256,1132],[-38147,-2868],[-55035,-823],[-55284,-516],[-56283,827],[-55754,340],[-57016,773],[-54570,327],[-53349,1221],[356,19606],[816,108950],[432,124444],[30648,-815],[1364,99841],[120,53026],[795,17814],[24831,-419],[27094,-9],[17981,-75],[700,-8239],[7842,-132],[39648,90],[277,19570],[426,62151],[38012,-73],[37729,16],[103982,271],[36202,364],[5183,130],[1284,-2669]]],"transform":{"scale":[4.471765883532426e-7,1.7396874193748307e-7],"translate":[-78.27078775199993,48.429613701000044]}}