{"type":"Topology","objects":{"88055":{"type":"Polygon","arcs":[[0],[1]]}},"arcs":[[[406687,499068],[15834,-197],[19895,635],[43,-66705],[57540,401],[-392,-108705],[-219,-106979],[-106,-20529],[-2234,-22],[-18437,220],[-18695,161],[-18787,184],[-37402,488],[-17655,157],[-17352,191],[-18602,100],[-18657,46],[-19497,25],[-8853,-164],[-23057,466],[-520,-30780],[-10314,-200],[-256,-33112],[-19491,162],[-2162,157],[727,-26061],[1423,-32991],[397,-7769],[18666,503],[-3,-26600],[205,-5713],[-360,-4465],[-4133,121],[-18692,-1515],[-8372,466],[-4211,129],[-22458,342],[-5084,-90],[-13038,129],[-15682,73],[-33648,314],[-676,1066],[-2733,-51],[-19089,-147],[-54828,-107],[-19894,-8],[-20042,29],[-225,-24860],[-146,-7828],[-20906,-35],[-4134,52],[-375,3348],[578,27934],[516,27714],[62,28116],[351,40228],[-116,5207],[46,6182],[354,10870],[-195,4129],[92,12750],[20002,50],[-70,25453],[243,8283],[-70,15029],[-316,7019],[-46,54610],[-425,20364],[55160,112],[5,73],[41186,515],[60341,284],[14256,918],[1170,28920],[1037,27120],[384,10456],[21007,66],[14480,180],[51,21448],[79,11618],[-12449,-46],[32,3765],[-100,13131],[17,5459],[-92,30609],[-78,15198],[3555,-92],[57,13746],[45,19181],[23982,-323],[19102,57],[15150,-642],[5714,55],[25224,97],[42855,460],[53511,-635]],[[133965,225825],[933,1877],[1464,777],[457,1985],[-92,1224],[-6995,-34],[20,-1051],[932,-5593],[-22188,571],[-794,-12645],[24642,921],[-118,1770],[-622,3826],[2661,230],[-334,2274],[-471,1368],[3,703],[394,850],[108,947]]],"transform":{"scale":[8.480822141643889e-7,4.349203798407457e-7],"translate":[-78.22409093599993,48.502242170000045]}}