{"type":"Topology","objects":{"88060":{"type":"Polygon","arcs":[[0]]}},"arcs":[[[76,0],[-76,197262],[76,66269],[1070,154975],[57195,-1779],[864,81662],[26526,576],[61126,-167],[58693,516],[89596,102],[87893,540],[88031,-235],[7387,278],[-105,-47278],[-136,-33914],[-8499,225],[185,-37500],[221,-75524],[-38,-13472],[237,-32396],[-77,-9291],[29753,112],[-186,-28667],[-124,-52921],[-34607,-443],[-50210,-165],[-917,-25799],[-2480,-66916],[-2799,-71359],[-34074,-2266],[-144227,-700],[-98444,-1271],[-8,-180],[-131846,-274]]],"transform":{"scale":[3.548185196371389e-7,1.7626446852890733e-7],"translate":[-78.20630376699995,48.63156085600007]}}