{"type":"Topology","objects":{"88065":{"type":"Polygon","arcs":[[0]]}},"arcs":[[[499973,103770],[-1799,-103770],[-69140,491],[-55368,-356],[-32592,-76],[-7382,-43],[-19575,498],[-24679,-43],[-30987,248],[-3994,-102],[-47584,74],[-47513,-171],[-48432,-31],[-31728,-161],[-33042,51],[-14338,-181],[1319,26282],[-19744,2],[-13177,231],[-218,82847],[17,41082],[114,32284],[440,75042],[46939,-312],[98841,-714],[58754,-460],[4,28],[73925,492],[2096,-98],[51662,-81],[1069,243059],[84634,87],[80515,30],[952,-265117],[37,-45386],[-50,-85726],[24,0]]],"transform":{"scale":[6.563895067790009e-7,5.61567879135692e-7],"translate":[-78.20618315799993,48.71929736800006]}}