{"type":"Topology","objects":{"88070":{"type":"Polygon","arcs":[[0]]}},"arcs":[[[455577,290367],[-600,-64861],[-157,-27905],[-24,-35509],[298,-71608],[17973,-200],[26931,-2],[-1800,-22716],[-636,-22155],[-42171,483],[-789,-42045],[-20,-3632],[-41911,-43],[-56372,-3],[-29289,11],[-34854,-88],[-98406,10],[-61716,-13],[-131987,-91],[587,67413],[274,18620],[-481,49574],[35593,-337],[-218,44849],[-35802,40],[41,318693],[41952,93],[136558,417],[62454,169],[147353,341],[66127,127],[87,-47875],[776,-74661],[556,-51766],[-327,-35330]]],"transform":{"scale":[4.812452364904782e-7,6.497032874065219e-7],"translate":[-78.42505225199994,48.67551093100007]}}