{"type":"Topology","objects":{"88075":{"type":"Polygon","arcs":[[0]]}},"arcs":[[[498375,306089],[806,-38953],[87,-104457],[600,-13425],[130,-28748],[-459,-15840],[133,-48687],[-37873,-97],[-176,-24386],[368,-7900],[-671,-21074],[-144550,-860],[-174329,-1293],[-142362,-369],[-79,56094],[5695,185],[5188,-18],[-177,122724],[322,30369],[-314,97657],[532,19406],[-292,409],[-27,23546],[42,21602],[-696,73354],[-6,19820],[-318,28980],[17,5251],[141816,260],[172049,13],[37449,248],[31471,-32],[60571,13],[45031,117],[-39,-40990],[61,-152919]]],"transform":{"scale":[4.478887797774566e-7,2.273778087556723e-7],"translate":[-78.42949341599989,48.56196297200006]}}