{"type":"Topology","objects":{"88080":{"type":"Polygon","arcs":[[0]]}},"arcs":[[[499334,498378],[-661,-154890],[325,-22684],[8,-15515],[711,-57418],[-45,-16909],[28,-18431],[299,-320],[-544,-15189],[320,-76441],[-330,-23772],[183,-96062],[-5301,14],[-5819,-144],[-20475,7],[-6422,-46],[-13278,149],[-101248,418],[-11119,-84],[-121173,-295],[-73032,-226],[-140780,-540],[-24,146420],[185,1108],[-708,54237],[2086,5568],[-343,6621],[-940,4822],[89,29918],[-1136,10318],[-190,9271],[1082,28435],[-704,151927],[-222,51354],[121608,-476],[77642,-284],[44342,-98],[157650,-2422],[22239,742],[11583,172],[18184,159],[45930,586]]],"transform":{"scale":[4.383695707390751e-7,2.9048555697113e-7],"translate":[-78.6436404879999,48.57453846900006]}}