{"type":"Topology","objects":{"88085":{"type":"Polygon","arcs":[[0]]}},"arcs":[[[256504,499239],[42,-63100],[75120,416],[89957,1426],[78304,996],[-44,-12985],[116,-11200],[-351,-86557],[-63,-60495],[-514,-59634],[-579,-60102],[-526,-95],[-23213,55],[-13083,362],[-418,-15333],[-63,-45636],[-720,-85930],[-16147,684],[-30771,144],[-10826,-721],[-12475,-298],[-39259,457],[-19695,31],[-16776,-525],[-47462,492],[-32571,-304],[-16616,174],[-33293,209],[-15814,-50],[-34058,-535],[-30933,-1166],[-101997,-19],[-293,69914],[-109,29974],[-1374,398407],[77428,834],[37716,325],[62580,424],[5743,121],[52290,-601],[6857,-215],[3315,66],[10575,-10]]],"transform":{"scale":[8.488124016248191e-7,2.0213406426808711e-7],"translate":[-78.64721797699991,48.473804390000055]}}