{"type":"Topology","objects":{"88090":{"type":"Polygon","arcs":[[0]]}},"arcs":[[[445217,499936],[-226,-46373],[-434,-40607],[-188,-7305],[28264,-455],[27185,-116],[181,-283016],[-57597,998],[-1270,7246],[-3914,4642],[-2365,5214],[392,6116],[-3478,6521],[-1119,18709],[5876,23672],[952,5280],[-372,3188],[-2516,3259],[-6353,4426],[-9497,3458],[-21867,12702],[-5064,344],[-7504,-4222],[-9112,-8684],[-9539,-14102],[-12794,-26262],[-8370,-12128],[-40669,-42104],[-20832,-14102],[-13322,-6988],[-6189,-3945],[-3422,-905],[-1996,-2884],[-1531,-4436],[-121,-3189],[292,-83465],[-45403,-423],[-22897,536],[-67059,-525],[6,2050],[1840,96590],[184,13233],[597,57252],[97,31275],[406,31029],[-8,30283],[359,30360],[663,60399],[936,53708],[-13293,115],[-30932,-86],[-30863,306],[-30875,209],[-20101,323],[-355,-7],[371,78601],[-194,13371],[102572,9],[31108,503],[34249,233],[15905,21],[33479,-91],[16710,-74],[32754,130],[47729,-211],[16871,226],[19806,-13],[39480,-198],[12545,128],[10887,314],[30945,-63]]],"transform":{"scale":[8.44056420112858e-7,4.667799255598103e-7],"translate":[-78.64586014499992,48.240871002000056]}}