{"type":"Topology","objects":{"88802":{"type":"Polygon","arcs":[[0]]}},"arcs":[[[450968,343640],[-1848,-25233],[-6746,-22654],[-79,-18749],[8103,-36472],[5735,-60645],[-45687,-6116],[10676,-102014],[2014,-47197],[-423136,-24560],[13628,337143],[381017,-15192],[-15993,149090],[-375,28028],[120140,929],[1582,-32665],[-7866,-52908],[-25113,-20705],[-16052,-50080]]],"transform":{"scale":[4.938744677498925e-8,1.6311686623365152e-8],"translate":[-78.13275014299995,48.594852623000065]}}