{"type":"Topology","objects":{"88904":{"type":"MultiPolygon","arcs":[[[0]],[[1]]]}},"arcs":[[[109731,498750],[1511,-3],[13177,494],[31601,-746],[6691,-74],[4055,83],[-9,-231008],[-5,-136593],[13108,-45],[79,-51732],[-13030,387],[176,-57180],[-102,-21479],[-15318,-302],[-6064,-81],[-3863,-90],[-7417,-381],[-52577,1249],[-14790,50],[-25893,146],[-40558,245],[-503,185697],[821,183517],[-482,128721],[33081,-416],[63011,-427],[13300,-32]],[[499999,499891],[-11,-678],[-416,-188514],[-119,-53815],[-25799,81],[-1046,98],[-36917,-492],[-1,-28],[-29340,459],[-49360,712],[-23439,312],[120,40751],[-203,59709],[-286,86119],[-32,55223],[1869,-42],[49681,147],[45530,65],[59898,-14],[9871,-93]]],"transform":{"scale":[0.0000013144203428406867,5.632601005202651e-7],"translate":[-78.64423411899992,48.71882854800003]}}