{"type":"Topology","objects":{"88902":{"type":"Polygon","arcs":[[0]]}},"arcs":[[[499999,499974],[-1007,-5825],[-745,-6171],[957,-15404],[317,-11253],[-634,-1607],[-1479,-4157],[-4245,-4550],[-4133,-1208],[-3397,-540],[-3918,-1477],[-3293,-1752],[-4656,-5494],[-5094,-4963],[-3910,-10452],[-419,-3753],[320,-6968],[-198,-14472],[-428,-4016],[-1054,-2951],[-1590,-2412],[-3911,-4963],[-1377,-4156],[-313,-2007],[-947,-13000],[-1151,-7504],[-1688,-6564],[-1062,-3628],[-630,-4289],[218,-4553],[527,-1206],[1703,-1598],[6349,-2139],[2013,-1332],[952,-1604],[1167,-2683],[1700,-8702],[1481,-4827],[1375,-3076],[644,-2006],[208,-1481],[-522,-2405],[-4015,-9516],[-2009,-5235],[-2851,-6299],[-626,-6694],[103,-2816],[323,-2143],[958,-5763],[634,-3081],[2862,-8568],[1588,-1876],[6342,-6417],[419,-936],[530,-2548],[6,-2944],[-313,-3886],[-421,-3225],[-2003,-8169],[215,-2147],[1796,-5755],[3062,-5362],[3070,-5751],[953,-2143],[1584,-4422],[1478,-5628],[2436,-12722],[847,-5357],[-5,-2143],[-308,-1077],[-426,-1071],[-2634,-3480],[-2320,-6173],[-1482,-6029],[-733,-4819],[110,-17820],[-302,-6567],[315,-6694],[528,-4827],[842,-4691],[324,-3484],[-212,-5625],[-840,-6428],[-1051,-12062],[-523,-4559],[-743,-2138],[-3367,-6971],[-13425,-27325],[-147,-1230],[6,-2544],[424,-9920],[227,-12991],[-7,-1604],[-311,-2820],[-416,-1472],[-1370,-2551],[-4899,-7905],[-1357,15],[-2315,-174],[-2063,30],[-3936,-274],[-1581,796],[-286,239],[-1628,-692],[-13813,419],[-10072,-151],[-6346,-39],[-3497,286],[-2114,202],[-2367,-44],[-19621,67],[-10974,-37],[-21398,163],[-14104,-175],[-340,46016],[-122,20658],[-72,3531],[70,28157],[92,47024],[61,23967],[-40822,-40],[-10912,-63],[-23849,-259],[-23835,-202],[-23832,493],[-10232,-45],[-134,35873],[668,32935],[-11052,-139],[-43692,34],[-20100,-12],[-36029,-58],[-27181,144],[-26240,115],[-36951,-299],[20,56496],[-15,29913],[-381,174725],[73646,-82],[4993,-12],[73349,94],[49113,-33],[30367,-61],[25035,52],[42535,41],[49749,-26],[35509,-67],[20353,44],[46721,49],[48629,-23]]],"transform":{"scale":[0.0000016358147996295757,8.520831881663863e-7],"translate":[-77.87863854799991,48.57404008400004]}}