{"type":"Topology","objects":{"89015":{"type":"Polygon","arcs":[[0]]}},"arcs":[[[499999,3712],[-58115,-419],[-153031,-1216],[-128076,-1147],[-160777,-930],[572,169791],[91019,1052],[525,97523],[115319,-1110],[914,-54011],[6615,-438],[140,-13352],[97,-15210],[7356,178],[-1570,188489],[50974,495],[-334,50981],[-20582,346],[-2275,56289],[66055,18975],[36958,-2212],[29497,-15784],[43113,-873],[-1432,-211033],[76863,-830],[-102,-85584],[277,-179970]]],"transform":{"scale":[4.297862755725099e-7,2.7531697463386015e-7],"translate":[-78.2206502169999,48.09697420200007]}}