{"type":"Topology","objects":{"89050":{"type":"Polygon","arcs":[[0]]}},"arcs":[[[956,1339],[-193,3502],[287,54616],[-267,47866],[-47,26311],[-286,73941],[-62,74708],[-380,70149],[435,74319],[-443,72730],[85631,-259],[82409,-49],[75673,156],[79622,212],[75569,420],[31857,38],[69017,-750],[27,-31658],[111,-58363],[-15,-26395],[97,-52415],[-6290,-31],[-215,-19908],[146,-44132],[-19,-45585],[-481,-23446],[-134,-29129],[-54408,108],[-2541,460],[-2832,-275],[-2118,616],[-55,-3299],[-588,-14733],[274,-33753],[407,-77541],[243,-39770],[-18950,58],[-161462,178],[-25470,-10],[-27582,1435],[-10224,228],[-10514,104],[-55889,88],[-120340,-742]]],"transform":{"scale":[5.032495964991914e-7,4.324809749619785e-7],"translate":[-77.56104213899994,48.28738997600004]}}