{"type":"Topology","objects":{"89802":{"type":"Polygon","arcs":[[0]]}},"arcs":[[[330424,51601],[-218066,-51601],[-109725,174431],[-2633,204713],[130645,120854],[214944,-32163],[154410,-109893],[-3077,-119177],[-166498,-187164]]],"transform":{"scale":[2.201552403109811e-8,1.7016784033493264e-8],"translate":[-77.60293145899993,47.42586423900008]}}