{"type":"Topology","objects":{"89804":{"type":"Polygon","arcs":[[0]]}},"arcs":[[[433233,222046],[-13441,-3765],[-26415,1557],[-13768,-3400],[-6134,-7338],[-304,-18349],[-8655,-12572],[4824,-9547],[22129,-14791],[13892,-5120],[34358,-5489],[12904,8201],[7926,-3561],[-16308,-14379],[-13189,-33035],[-9125,-3316],[-1710,15347],[-12803,1990],[-13137,-9689],[-9419,2424],[1782,7628],[-9523,10574],[-8141,1704],[-24611,-3413],[-17734,-4584],[-9799,-8333],[13820,-15866],[-10138,-1668],[-20929,15553],[-19086,3728],[-20662,-1859],[-19260,-11099],[-5989,-10115],[-999,-10764],[11072,-16659],[-1329,-10400],[-17777,-9774],[1581,-12756],[-6851,-11429],[3811,-14776],[-104962,-2504],[-119134,-402],[3820,281441],[-2532,212516],[410516,6041],[42339,-1767],[-2321,-14222],[5228,-11392],[11880,-8122],[22789,-9406],[7461,-12649],[819,-16105],[-18387,-10155],[-8874,-8315],[-18688,-4230],[-9717,-9998],[-18572,-12565],[-33543,-16731],[-17370,-17919],[-2119,-7079],[6719,-10254],[-8075,-5706],[-1081,-27441],[4855,-22333],[24094,-16792],[32627,-14044],[11287,-8689],[160,-9261],[-10082,-2777]]],"transform":{"scale":[4.332130464259773e-8,4.8561827123628796e-8],"translate":[-77.36073694099991,48.04760271600008]}}