{"type":"Topology","objects":{"89908":{"type":"Polygon","arcs":[[0]]}},"arcs":[[[20178,499918],[150696,-852],[192,205],[8208,-260],[49909,-351],[68425,-41],[129862,-242],[69578,-220],[1881,-13438],[-2666,-21009],[3736,-21504],[-2037,-26244],[-9770,-77028],[-7251,-16410],[-2366,-18673],[-43002,-64094],[-7874,-11180],[-6614,-21647],[-10567,-22288],[-16923,-31701],[-6945,-14083],[-4504,-15211],[-15186,-7800],[-8457,-15853],[-8121,-23422],[-4795,-17549],[-8748,-18189],[-14005,1529],[-13710,3861],[-15476,-10148],[-18839,-6129],[-6010,-16989],[-1366,-12958],[-3372,6734],[-111541,209941],[-90206,169462],[-46061,83927],[-16253,29834],[2549,101],[17629,-81]]],"transform":{"scale":[4.2846069492137045e-7,1.5087591775184304e-7],"translate":[-76.94335879699992,47.77570226900008]}}