{"type":"Topology","objects":{"89902":{"type":"MultiPolygon","arcs":[[[0]],[[1]]]}},"arcs":[[[24372,210],[7,-210],[-24379,512],[166,96287],[24187,-1613],[-438,-85780],[203,-1936],[254,-7260]],[[437623,499999],[34608,-120917],[27768,-97210],[-2740,-11969],[-5149,-8652],[-3999,-3132],[-2485,-3106],[-2573,-4327],[-5329,-5914],[-3112,-1285],[-2573,-4330],[-5944,-9291],[-5329,-5920],[-2918,-9229],[-4874,-10192],[-2475,-8305],[-3349,-15351],[-2195,-15022],[-1665,-12870],[-779,-11018],[21,-10387],[2513,-12470],[21,-10386],[-231,-19252],[20,-10388],[-2289,-11051],[-777,-11015],[-2376,-12276],[-4943,-16613],[-4607,-6524],[-1305,-13168],[637,-8200],[-35477,181],[-42592,82],[-14546,185],[-2393,137],[-56,-107],[-16065,180],[1127,5050],[1945,6574],[1599,2698],[1358,740],[1490,1502],[2280,4224],[2402,7736],[1492,3847],[2718,9206],[2268,16263],[1838,10139],[1214,11953],[2795,18418],[1127,10728],[2170,20233],[2184,15037],[1300,13178],[944,13473],[845,17442],[231,14061],[1829,15334],[2556,9548],[1042,9504],[2728,11998],[1759,8915],[-27,10389],[-912,8528],[3087,11703],[2472,8324],[688,9798],[2015,12588],[775,11023],[1759,8913],[2473,8322],[1759,8913],[2560,9546],[2019,12587],[4234,17232],[2831,8024],[1465,20823],[4619,6543],[3374,4981],[2574,4347],[1405,9205],[777,11024],[2834,8021],[-24,10392],[1407,9205],[6232,2606],[3301,-1444],[6785,-5640],[5345,742],[3735,4674],[2933,4045],[3821,5897]]],"transform":{"scale":[0.0000014700888821777332,2.877429074858084e-7],"translate":[-77.36134935899992,47.85079603100007]}}