{"type":"Topology","objects":{"89912":{"type":"Polygon","arcs":[[0]]}},"arcs":[[[498605,498332],[-565,-77868],[574,-48949],[319,-36629],[312,-21824],[-145,-3440],[898,-40494],[-1069,-121876],[-3470,-129119],[-1088,-18133],[-134821,4002],[-142591,-473],[-103428,-413],[-113531,538],[3170,415578],[85281,361],[90998,339],[130125,408],[81652,206],[-566,79453],[107945,-1667]]],"transform":{"scale":[4.351990543981096e-7,3.5580100960210993e-7],"translate":[-77.5780963549999,47.701342067000034]}}