{"type":"Topology","objects":{"90017":{"type":"Polygon","arcs":[[0]]}},"arcs":[[[255862,434306],[59500,-48122],[56738,-45954],[86127,-69891],[8470,-6493],[33302,-27534],[-6356,-4933],[-60536,-45302],[-47652,-36568],[-73000,-56106],[-46228,-36454],[-72110,-56949],[-3939,3274],[-36016,29639],[-19263,15936],[-48995,41105],[-85904,68830],[44895,87494],[34878,67853],[48701,94570],[23459,46520],[22556,44777],[81373,-65692]]],"transform":{"scale":[5.785311990624378e-7,4.867156034311303e-7],"translate":[-72.7530651049999,47.42726677600007]}}