{"type":"Topology","objects":{"90804":{"type":"Polygon","arcs":[[0]]}},"arcs":[[[53107,499999],[225320,-5455],[100132,255],[-454,-10929],[1284,-15280],[3182,-14304],[5086,-7859],[8890,1807],[1894,-4489],[-11,-10653],[3189,-7014],[5091,-1832],[2492,-4351],[-16,-18783],[3187,-7994],[3194,-2671],[15877,-29],[5094,2654],[11398,15258],[4395,1674],[6388,-3518],[10871,-13337],[13272,-7035],[3189,-6174],[-6,-7149],[-3203,-7143],[-705,-6306],[3192,-2669],[7091,966],[5686,-4498],[1892,-4629],[-6399,-8818],[-23485,-20559],[-3790,2671],[9,8971],[3202,7984],[618,18783],[-3789,6315],[-3192,1829],[-6383,8843],[-4395,-1814],[-1304,-7147],[2587,-8975],[-1305,-7989],[-4399,-4477],[-11483,-118],[-8195,-8815],[-4399,-7141],[-8316,-29421],[-9600,-16943],[-15089,-14271],[-13384,-6285],[-12680,-2641],[-7592,-4471],[-19066,2554],[-23469,-8933],[-6989,10],[-20370,-4454],[-10689,-8955],[-6997,-13306],[-1203,-6306],[-4994,-2656],[-4490,1829],[-10796,-17786],[-4993,-4479],[-9486,-3632],[-5089,3511],[-4487,7295],[7,11495],[6310,30270],[7607,26622],[-6679,13886],[-9194,-13024],[-3204,-11490],[-1211,-19482],[1296,-4487],[-2603,-8967],[-16487,-23107],[-2601,-8127],[3192,-4491],[9580,-4358],[8877,-11646],[594,-6167],[-6920,-47091],[-3104,-16115],[-3200,-9106],[-1212,-21305],[-7599,-20457],[-612,-17801],[-4602,-17656],[-6298,-16111],[-4480,18788],[1318,30976],[-3085,13462],[-92,13316],[5102,16814],[1210,20604],[-4377,23976],[-3883,14303],[603,7988],[-3938,4213],[-4755,-18780],[-15886,-24931],[-3106,-2262],[-4599,-28567],[-21580,-33899],[-6183,7156],[-13371,6183],[-7881,9399],[-4188,10097],[-594,8831],[-14055,38282],[-6284,6314],[-6489,847],[-6290,-2657],[-17080,-24093],[-6387,1828],[-3789,8974],[7,15979],[1900,8829],[-91,21447],[-8280,13324],[9,20466],[-5775,34066],[3198,4483],[9486,4478],[3199,8968],[-1891,15141],[1321,53125],[3007,25088],[8198,22420],[3201,13313],[8195,12469],[3196,2660],[8989,1813],[5090,-4351],[4992,837],[1303,7988],[-1495,7291],[-3691,6872],[-7589,7],[-11486,-5316],[-6289,2669],[-4487,13462],[-20859,29315],[-7589,-836],[-5096,-8125],[3889,-11358],[13776,-8983],[1297,-4486],[-2498,-4484],[-6291,6],[-13277,10805],[-6392,-1957],[-3092,7291],[607,22146],[2504,15138],[6288,20305],[43708,532]]],"transform":{"scale":[1.3603205206404346e-7,6.41786263572851e-8],"translate":[-74.95673468299992,48.64777436800006]}}