{"type":"Topology","objects":{"90802":{"type":"Polygon","arcs":[[0]]}},"arcs":[[[493642,499978],[6357,-426002],[-4975,-602],[-16843,-11585],[-16297,-19495],[-12229,-20402],[-5579,-6222],[-107,-3371],[-10121,-12299],[-4141,5021],[-5099,16315],[-8736,46011],[-258,15557],[-4077,5021],[-18024,12875],[-9593,-6470],[-10487,-200],[-10395,-8510],[-3620,320],[-11023,3513],[-13815,7931],[-16262,3702],[-15498,7798],[-43726,7126],[-4145,5019],[-1869,16496],[-5106,16311],[-10754,15107],[-5697,5049],[-6674,10089],[-6420,-1108],[-2383,-4231],[8160,-5017],[-3158,-4051],[-12843,-7646],[-12844,-2380],[-13896,6937],[-13714,598],[-8251,8143],[-15787,27381],[-3975,-2227],[-17231,15064],[-17166,9713],[-8883,-1144],[3290,-970],[926,-9234],[-4857,-152],[-29005,23066],[-9325,21885],[-5543,15631],[-2474,45047],[-4277,16293],[-10658,21484],[-7381,11503],[-11041,36335],[-6112,43280],[-10001,51401],[338196,310],[155446,-14]]],"transform":{"scale":[2.067479334958887e-7,1.0934603469204211e-7],"translate":[-73.84611196499992,47.887311657000055]}}