{"type":"Topology","objects":{"91":{"type":"Polygon","arcs":[[0]]}},"arcs":[[[434420,729],[4925,16870],[-85129,71368],[-18152,4462],[-91461,74049],[-157239,130104],[-87364,69512],[65065,132904],[434933,-354056],[-47306,-96530],[43669,-32919],[-3596,-10853],[-58345,-4911]]],"transform":{"scale":[3.26726355146812e-8,1.7848908006619735e-8],"translate":[-73.61301092526196,45.51603581247226]}}