{"type":"Topology","objects":{"91015":{"type":"Polygon","arcs":[[0]]}},"arcs":[[[303270,418176],[22067,-9994],[61681,-28896],[14359,-6490],[3662,-1392],[1533,-351],[30219,-14195],[44276,-19892],[18932,-8730],[-16748,-79239],[2398,-1152],[-12648,-72034],[-2626,-15317],[-10184,-59679],[-81238,31702],[-65757,25578],[-57475,22294],[-82173,31778],[-57686,-212167],[-115862,53092],[6273,30865],[8312,41109],[11581,54899],[5889,29648],[8679,42457],[9282,43992],[18645,-6802],[8220,38947],[9348,42957],[12155,58335],[-20404,11571],[1916,1785],[43202,49128],[6733,8016],[109788,-52515],[43416,-20067],[16203,-7373],[4018,-2017],[14,149]]],"transform":{"scale":[6.540426820854229e-7,2.9235458470910147e-7],"translate":[-72.37012757999992,48.25362395500008]}}