{"type":"Topology","objects":{"91010":{"type":"Polygon","arcs":[[0]]}},"arcs":[[[328859,488712],[18413,-4597],[8087,-2269],[51242,-14109],[32332,-8544],[13934,-3172],[-17423,-55130],[8016,-2598],[-42942,-126574],[-14197,-44122],[77010,-16558],[36668,-7937],[-7559,-22870],[-14998,-47560],[-26578,-82165],[-15565,-50507],[-127815,31050],[-112450,26134],[-105933,24548],[-89101,20593],[12904,48362],[-42,9],[17549,63160],[4524,16212],[21796,76234],[-4133,1220],[28861,83862],[49,-14],[34855,99617],[41749,-12611],[38464,-8878],[518,2657],[2849,3557],[2842,3095],[5086,4118],[6288,3234],[5913,609],[4238,2239],[1590,2650],[1024,5199],[3201,-264],[8927,-1361],[9219,-4905],[1781,-3170],[1568,-1254],[7925,-204],[1339,309],[2743,2515],[1389,234],[1889,-442],[2496,279],[1731,829],[2647,614],[11457,-1454],[3786,-379],[1030,2399],[-1753,5541],[-1755,3856],[1573,-523],[22302,-5982],[18440,-4782]]],"transform":{"scale":[3.7954296308583003e-7,2.762416544832665e-7],"translate":[-72.0740241229999,48.24146895600006]}}