{"type":"Topology","objects":{"91025":{"type":"Polygon","arcs":[[0]]}},"arcs":[[[329685,495195],[24059,-54449],[31244,-70747],[66063,11364],[9840,-63123],[39108,-18156],[-5556,-11800],[-34126,-73233],[-9607,-20587],[-1662,-3060],[-16957,-36401],[-6044,-13034],[-4770,-9766],[17281,-4145],[4317,-9544],[2474,-3501],[6019,-8041],[14551,-22904],[5520,-9943],[2387,-3537],[5173,-7244],[-91,-1874],[-11000,484],[-5713,-1497],[-3490,-2604],[-3839,-1401],[-2820,-1585],[-3807,674],[-3935,-951],[-6721,-3294],[-1733,-3281],[-423,-2465],[-2028,-2117],[1127,-1438],[2676,-4416],[674,-3309],[-2464,-5781],[-2150,-2063],[-1422,-2739],[-2065,-5873],[509,-12029],[-1074,-5785],[-6487,1592],[-26157,5824],[-70086,15850],[-177277,41493],[68799,38932],[-59413,57403],[-35975,34348],[-63337,61601],[-59277,56550],[50525,28877],[14197,6796],[1264,700],[-55711,54255],[17435,9474],[12223,6572],[7643,4570],[6064,2325],[128725,72837],[56816,-55505],[90504,50701]]],"transform":{"scale":[4.0515770431542384e-7,3.7011872423743796e-7],"translate":[-72.34568253799995,48.37583614500005]}}