{"type":"Topology","objects":{"91020":{"type":"Polygon","arcs":[[0]]}},"arcs":[[[455378,334368],[31984,-97688],[553,-7115],[-266,-5023],[1126,-4371],[3045,-4195],[4219,-6457],[2741,-5381],[1218,-3123],[-1852,-3596],[-3143,-3639],[-2949,-2101],[-4655,-2660],[-10801,-15131],[-3622,-4664],[-658,-4162],[3217,-7648],[66,-3099],[-2067,-2380],[-4928,-2414],[-5042,-1628],[-2682,-498],[-1037,-4136],[1731,-6532],[1145,-2205],[-400,-1782],[-1296,-2257],[-609,-2706],[1175,-3640],[1712,-1141],[2583,-308],[3305,-2508],[679,-1998],[14,-1589],[1148,-1431],[2612,-1425],[3704,-1484],[5548,-1273],[2854,-952],[324,-3545],[803,-2844],[972,-6607],[1048,-2737],[941,-1654],[1548,-4901],[-911,-2120],[-3346,335],[-10122,1285],[-2340,-543],[-1529,-732],[-2206,-247],[-1669,391],[-1227,-208],[-2424,-2222],[-1182,-274],[-7003,181],[-1387,1108],[-1574,2803],[-8145,4337],[-7889,1202],[-2828,234],[-905,-4595],[-1405,-2346],[-3746,-1979],[-5224,-538],[-5557,-2860],[-4492,-3641],[-2513,-2736],[-2518,-3146],[-457,-2349],[-33988,7849],[-36892,11153],[-30799,-88082],[-28870,8181],[-67422,18614],[-46015,13284],[-2333,327],[-5576,1305],[-21866,6072],[-93921,27040],[-33601,9352],[991,6713],[-479,14250],[1946,6960],[1343,3244],[2027,2444],[2325,6848],[-635,3919],[-2525,5233],[-1063,1703],[1913,2509],[398,2921],[1635,3887],[6339,3900],[3713,1129],[3591,-800],[2660,1878],[3621,1660],[3292,3085],[5390,1774],[10374,-574],[87,2221],[-4880,8582],[-2251,4188],[-5207,11781],[-13726,27134],[-5677,9526],[-2334,4147],[-4072,11306],[-16300,4912],[4498,11568],[5703,15442],[15993,43122],[1569,3628],[9061,24390],[32191,86756],[5283,13955],[23398,60483],[99033,-253],[-848,-17678],[126347,-80850],[80348,-51514],[52802,-15336]]],"transform":{"scale":[4.2952333504668684e-7,3.124199208398717e-7],"translate":[-72.1749986829999,48.34958174800004]}}