{"type":"Topology","objects":{"91030":{"type":"Polygon","arcs":[[0]]}},"arcs":[[[388631,446743],[29869,-35001],[-678,-452],[-7612,-4384],[-27087,-18629],[31779,-36483],[33957,-39741],[19286,-22158],[31854,-37034],[-36885,-25116],[-5801,-4093],[-37391,-25034],[-1658,-909],[17659,-5898],[-10519,-29725],[-8092,-21892],[-7113,-19846],[-16137,3467],[-8033,-22418],[-7511,-21635],[-5097,-15109],[-10023,-27976],[-7193,-20948],[-5430,-15729],[-69606,18708],[-61398,16454],[-47876,12797],[-2447,-1590],[-33067,37588],[-42970,49852],[-26957,31445],[-66454,77932],[242208,159445],[-42176,48715],[45278,30582],[28409,-32493],[106,934],[465,1398],[511,690],[729,308],[565,1645],[-451,846],[113,591],[576,565],[2506,1744],[1301,260],[1478,1587],[1086,267],[2164,-96],[1085,251],[961,-201],[571,407],[791,995],[1028,158],[572,-504],[615,1050],[922,1101],[1873,2548],[-118,646],[682,497],[517,-548],[674,310],[1550,2040],[172,747],[902,1510],[1021,896],[122,1344],[-797,698],[282,792],[344,1951],[-632,787],[-347,1687],[-43,1210],[-695,1040],[110,1001],[-840,981],[334,758],[1139,-206],[120,749],[513,753],[673,248],[179,2299],[394,946],[616,593],[801,305],[1021,1350],[-158,1040],[-859,496],[685,560],[-241,1183],[740,1060],[1037,847],[445,-592],[798,242],[65,750],[619,1144],[466,455],[794,1451],[42334,-48159],[22177,15021],[1396,-1273],[3124,-3482],[1467,-2333],[2280,-1732],[776,-776],[8706,-10522]]],"transform":{"scale":[7.557211214421575e-7,5.737079594158737e-7],"translate":[-72.6352165909999,48.269145705000085]}}