{"type":"Topology","objects":{"91802":{"type":"Polygon","arcs":[[0]]}},"arcs":[[[499998,186067],[-227385,-186067],[-232735,331974],[-21791,32224],[-18087,24858],[35512,29016],[100643,81927],[283641,-49160],[80202,-264772]]],"transform":{"scale":[1.612608165216086e-7,1.0085187770380293e-7],"translate":[-72.29273788299992,48.540352143000064]}}