{"type":"Topology","objects":{"92":{"type":"Polygon","arcs":[[0]]}},"arcs":[[[256067,359018],[-25072,-56406],[53477,-47123],[96289,-88239],[56001,-50215],[11114,-3023],[52123,-48396],[-7437,-13846],[-37930,-6703],[-17798,-920],[-45839,-7900],[-48665,-16787],[-35030,-19460],[-4511,10256],[-91088,81591],[-86674,80025],[22666,49585],[49579,115208],[-13830,9769],[-183442,-202383],[16003,42925],[135822,313023],[119009,-107264],[-14767,-33717]]],"transform":{"scale":[5.336208776936084e-8,2.6321521772485765e-8],"translate":[-73.62533734122542,45.514622834105005]}}