{"type":"Topology","objects":{"92005":{"type":"Polygon","arcs":[[0]]}},"arcs":[[[347030,452632],[152969,-40942],[-52825,-175559],[-19142,-59078],[-13976,-59181],[-31318,-117872],[-49029,11593],[-234922,60164],[31478,119672],[-96878,25283],[5247,19894],[144,67],[5659,20068],[-87,166],[5472,19866],[-46659,12327],[-3163,954],[15743,59233],[29207,-8467],[21510,-6054],[1305,163],[16938,61104],[53548,-15087],[31485,119053],[177264,-47479],[30,112]]],"transform":{"scale":[3.5334930269868003e-7,2.377298994598072e-7],"translate":[-72.02771281399993,48.75104280800008]}}