{"type":"Topology","objects":{"92010":{"type":"Polygon","arcs":[[0]]}},"arcs":[[[499999,439784],[-10357,-10546],[-2430,-5343],[568,-5813],[-1227,-11632],[-1937,-7007],[-2304,-6384],[-2436,-3562],[-3976,542],[-7838,3137],[-5659,-3896],[-11014,-9400],[-6337,-8280],[-5842,-11183],[-7489,-17746],[-4001,-12510],[-2376,-10853],[-1847,-19387],[-1271,-33472],[826,-20545],[1064,-19660],[2563,-10326],[5454,-9466],[4892,-7362],[2212,-6066],[979,-8155],[-806,-7159],[-2394,-5772],[-3450,-5240],[-797,-528],[-6726,-13813],[-7289,-10787],[-10901,-21033],[-9924,-20051],[-4147,-7322],[-2695,-3228],[-1066,-2609],[-4073,-9269],[-2284,-4520],[-1146,-3338],[-2851,-4424],[-2842,-3782],[-18924,-13278],[-21142,-13932],[-10841,-9970],[-22166,-21453],[-18882,-3361],[-14725,7392],[-6426,-514],[-39356,24339],[-19551,10831],[-14534,9959],[-10008,8946],[-12085,14766],[-8096,14768],[-6622,9550],[-11424,8913],[-13940,16355],[-2500,4720],[-4201,5779],[-3898,1967],[-2669,-3323],[-8339,-708],[-4812,723],[-2985,3210],[-3143,-539],[-18169,-13176],[-2865,6755],[-4925,8483],[-3200,3339],[-3397,749],[-13029,-9129],[-4743,1127],[-5421,8334],[-39807,103430],[48108,67617],[59937,84103],[2202,-927],[31961,-15792],[1564,-924],[23072,-11954],[-2706,-19263],[44,-160],[-2800,-19461],[-71,-66],[-2594,-19291],[47904,-24518],[-15566,-116046],[116160,-58340],[24244,-11242],[15485,114301],[6912,57387],[9465,57288],[26119,170241],[88283,-46517],[20143,-11086],[2133,-2612]]],"transform":{"scale":[7.146109292219099e-7,2.4515761631532727e-7],"translate":[-72.12933683599994,48.726335325000036]}}