{"type":"Topology","objects":{"92030":{"type":"Polygon","arcs":[[0]]}},"arcs":[[[282119,497290],[4377,-4770],[4622,-2161],[6855,-265],[4844,-666],[6598,-5189],[6683,-4733],[5530,-5121],[5324,-1214],[9694,1941],[14034,5218],[14457,8924],[9630,2186],[8133,-33],[8112,-529],[8036,-2549],[7263,-4190],[3420,-5359],[372,-7346],[-3495,-28813],[-1012,-14523],[800,-16128],[9780,-18691],[1254,-9794],[-1305,-13750],[-4771,-15757],[-812,-11505],[-138,-8623],[2136,-10224],[3697,-8187],[6994,-9387],[6359,-8843],[2153,-6974],[694,-4670],[4501,-550],[6597,389],[1564,205],[1924,750],[3240,2407],[2153,1198],[760,-2543],[-306,-4265],[-432,-2333],[102,-1376],[2364,-2042],[4358,-1405],[-13738,-9064],[15761,-17877],[10730,-12666],[2479,-3154],[25504,-29689],[-31636,-19776],[-3653,-1672],[-1438,-227],[-4885,452],[-931,575],[4846,-6380],[12475,-15100],[1251,-1652],[14926,-18186],[-71537,-45940],[-291,350],[-6214,-4198],[-17271,-11293],[-12883,-8631],[-2173,-1295],[-73027,-48035],[-34618,-22542],[-61782,73259],[-77166,91344],[-64803,74805],[-22090,26288],[-47098,54285],[56308,38073],[23092,15163],[115065,76263],[47074,31395],[3009,-3100],[9596,-203],[4794,6327],[4395,10271],[4680,3824],[7200,1672],[2247,332],[2395,-591],[2264,-2117]]],"transform":{"scale":[4.869823539647964e-7,3.627192614385256e-7],"translate":[-72.52878447599994,48.81806429600004]}}