{"type":"Topology","objects":{"92045":{"type":"Polygon","arcs":[[0]]}},"arcs":[[[367764,448774],[-26495,-20699],[49142,-65200],[1445,-1974],[55802,-75620],[27640,-36367],[-13183,-9530],[3149,-4980],[-13919,-10649],[21122,-28993],[27532,-38590],[-25066,-19924],[-25253,-20040],[-40935,-32581],[-53607,-42902],[-10492,-8352],[-3714,-3007],[-9365,4547],[-2838,598],[-10570,-2626],[-6164,-4931],[-3209,-3646],[-50,-8055],[-1603,-7148],[-5151,-8105],[-3158,2487],[-1187,431],[-12849,3275],[-5140,445],[-5438,-2055],[-5241,1096],[-4819,545],[-7034,-17],[-4699,1946],[-3482,4428],[-2076,4895],[-1774,4591],[-2426,4699],[-1241,4417],[362,10529],[-239,4503],[-2025,3746],[-5129,4141],[-3186,2789],[-8147,854],[-6466,1594],[-6533,2026],[-5659,1019],[-5706,522],[-5637,755],[-3299,1073],[-3158,2880],[-3771,2461],[-3545,897],[-4677,2036],[-3256,3218],[-1622,4127],[-1828,4091],[-3283,3125],[-5995,4212],[-2224,-923],[-1286,-4724],[-1504,-2135],[-3301,-1601],[-4769,-611],[-4199,-1001],[-2228,-6270],[-2930,-2338],[-2881,-504],[-4315,1607],[-1599,210],[-2874,-2153],[-4192,-644],[-5482,-381],[-5420,833],[-4718,1224],[-3843,1554],[-10385,6555],[-4041,3879],[-4508,2952],[-4116,1952],[-3733,1929],[-4941,3142],[-4577,1379],[-7096,3789],[-4777,2367],[-3905,3013],[-7998,4386],[-5753,3710],[-5059,4412],[-3154,3590],[-8055,6200],[-4272,5442],[-2668,5591],[-1878,4615],[-3807,5033],[-5166,2388],[-965,114],[93128,76235],[36309,29847],[89116,73111],[-28379,33274],[-8582,9968],[-81391,127201],[54432,-646],[88376,-1123],[91566,-1260],[33189,-48195]]],"transform":{"scale":[7.126364812730299e-7,4.463692947385656e-7],"translate":[-72.93816325999995,48.83809801900008]}}