{"type":"Topology","objects":{"92040":{"type":"Polygon","arcs":[[0]]}},"arcs":[[[341661,478365],[45312,-75176],[62770,-106782],[50256,-85640],[-20025,-18751],[-201,-291],[-70164,-65997],[-89637,-84488],[-29683,-28253],[-13295,-12987],[-15080,6637],[-5885,4677],[-2657,3557],[-1814,4329],[-2742,2551],[-2646,400],[-5305,-373],[-4120,1370],[-3393,3435],[-2348,4819],[-2995,4280],[-4939,3566],[-3568,1841],[-3816,-276],[-3386,590],[-3928,3368],[-3042,3537],[-2064,2001],[-3197,4015],[-142,1304],[282,1481],[-502,1170],[-1481,2046],[-3195,8185],[-1686,6247],[-8487,16779],[-3060,4935],[-2569,852],[-2358,-1046],[-2698,-4369],[-994,-6128],[467,-3210],[-704,-3563],[-582,-4997],[-511,-2776],[-999,-1309],[-819,456],[-921,1772],[-1773,922],[-2980,5827],[-2240,11523],[-2389,7450],[-3544,1972],[-4201,-972],[-5697,-6555],[-5340,-11148],[-3307,-22748],[-1771,-7234],[-4551,-4203],[-8306,-663],[-17146,2533],[-7070,1690],[-4485,4029],[-3584,7200],[-999,11866],[-1797,16955],[-5292,14374],[-10099,20576],[-7578,20734],[-3925,19083],[-6008,20992],[-8024,22152],[-6219,13455],[-5565,11871],[-4614,14101],[-7068,12827],[-2880,11408],[1167,10323],[-1547,12485],[-8770,12056],[-11508,10543],[4421,4330],[12489,12015],[63813,61715],[48727,46872],[30060,28829],[29837,28660],[10456,-17722],[31828,-53688],[-17778,-15483],[3204,-5042],[5110,4481],[-480,-2261],[526,-664],[1675,-614],[1409,-3973],[1609,-1636],[2064,-964],[677,-623],[2122,-3225],[1543,-1476],[2112,-490],[1832,-808],[2836,552],[973,-1093],[1098,-2215],[2882,-1086],[2267,-2902],[3363,-2211],[2026,-2359],[2832,-2860],[678,-396],[2355,541],[873,-395],[2719,-1947],[1887,-54],[250,2030],[-128,1258],[2043,-363],[1134,-2099],[1315,-133],[49,1224],[845,810],[4409,743],[1015,1182],[2264,1590],[1600,643],[1794,2940],[865,370],[1937,49],[2373,1533],[1168,21],[1247,-1532],[162,-2190],[1328,-1912],[2337,-367],[600,-2651],[6617,8224],[6593,-9676],[654,243],[1071,1273],[739,243],[2061,-768],[1213,202],[1851,1316],[636,-383],[6671,6593],[185,1037],[-449,2019],[948,512],[1187,1863],[105,1445],[-640,1680],[230,977],[1408,637],[-56,1393],[-586,1098],[-300,1636],[13,2290],[-961,2477],[167,1211],[2021,1452],[2019,-1187],[1627,-532],[1445,374],[794,-1019],[1077,1115],[-73,1569],[-499,2275],[-15586,31817],[-317,2288],[-670,1420],[-740,2658],[28554,26062]]],"transform":{"scale":[5.986712673424466e-7,3.102842885685881e-7],"translate":[-72.6952029659999,48.75266637300007]}}