{"type":"Topology","objects":{"92055":{"type":"Polygon","arcs":[[0]]}},"arcs":[[[126969,343565],[43,-6452],[7852,-20222],[6658,-4122],[25797,-19197],[29065,-22089],[26162,-12024],[21016,-5739],[15796,-564],[18746,3198],[15797,-573],[7277,-5251],[8957,-11959],[39793,-62957],[6498,-8828],[5869,-1370],[24986,200],[22746,-5910],[12629,-4054],[17388,-5949],[13470,-7483],[10557,-2782],[12470,204],[5694,3500],[4162,5153],[2942,1605],[4120,603],[3236,-1208],[2133,-2787],[1171,-5115],[-45461,-27592],[-111126,-67018],[-22300,-13326],[-54380,-33457],[-75787,81797],[-71534,77988],[-36413,37863],[-28070,2921],[-7323,4685],[-12027,19262],[1573,16562],[-5371,15148],[-1438,-1053],[-24843,11386],[-5499,1273],[86727,51754],[5674,127830],[3143,52583],[69353,-1147],[-8470,-14834],[-11197,-15675],[-6325,-52411],[-5235,-7571],[1937,-2291],[-8747,-46785],[109,-15720]]],"transform":{"scale":[5.042517925035494e-7,4.1274586349163874e-7],"translate":[-72.66328455799992,48.93412791600008]}}