{"type":"Topology","objects":{"92050":{"type":"Polygon","arcs":[[0]]}},"arcs":[[[406694,182865],[56132,-56485],[26330,-27355],[10843,-10921],[-41838,-23198],[1085,-2367],[982,-1263],[464,-2037],[22836,-28320],[732,-2026],[107,-1396],[-1578,-993],[-1163,908],[-2118,-335],[-2383,475],[-2959,1055],[-2960,-1293],[-246,-1078],[1409,-2203],[-21,-2039],[440,-1455],[860,-977],[80,-1241],[-2061,-567],[-337,-869],[938,-1496],[-154,-1286],[-1740,-1660],[-1388,-454],[658,-1799],[-272,-921],[-9776,-5870],[-930,341],[-2712,-1171],[-1777,-180],[-3020,683],[-1082,-216],[-1570,-1134],[-958,-215],[-9660,8613],[-9695,-7321],[-880,2359],[-3425,328],[-1943,1700],[-237,1951],[-1829,1365],[-1712,-20],[-3474,-1364],[-2841,-44],[-1267,-329],[-2627,-2618],[-2346,-571],[-3316,-1416],[-1487,-1053],[-6459,-659],[-1239,-723],[-70,-1089],[-1929,118],[-1661,1869],[-2994,323],[187,-1121],[-365,-1805],[-2764,48],[-3984,1731],[-1280,353],[-3450,-482],[-992,353],[-4150,2547],[-2970,2099],[-4925,1968],[-3325,2581],[-4222,969],[-1607,1971],[-1427,973],[-4155,-493],[-2683,720],[-3095,437],[-2261,1314],[-3109,2871],[-992,555],[-3023,857],[-2357,1455],[-2064,3538],[-2456,547],[-771,591],[704,2012],[-7486,-3989],[-4696,4487],[26050,13784],[-46634,47788],[-63337,65193],[-36840,37124],[24278,13637],[-5492,6377],[22992,12204],[-48205,46570],[-97323,96833],[-2522,2528],[-85705,83489],[77525,44459],[6786,-1508],[30659,-13484],[1774,1249],[6628,-17936],[-1942,-19612],[14844,-22806],[9037,-5548],[34639,-3457],[44938,-44836],[88278,-92341],[93528,-96855]]],"transform":{"scale":[4.0860431320860994e-7,3.485828691657032e-7],"translate":[-72.6949616199999,48.87038386600005]}}