{"type":"Topology","objects":{"92060":{"type":"Polygon","arcs":[[0]]}},"arcs":[[[471716,233905],[28283,-38772],[-74017,-60200],[56188,-77562],[-24321,-19130],[-941,1338],[-65743,90859],[-24338,-19795],[1684,-13761],[2162,-7054],[-86812,-74122],[-1507,1686],[-1591,472],[-1495,-265],[-4789,-1333],[-3111,-3045],[-2924,-8181],[-3188,-5040],[-6381,162],[-2002,2468],[-804,4639],[-1471,2525],[-2227,1094],[-2838,-546],[-2026,-1454],[-2865,-4670],[-3921,-3174],[-8588,-186],[-7269,2524],[-9277,6783],[-11973,5391],[-8697,3675],[-15663,5358],[-17205,-181],[-4041,1241],[-4475,8001],[-27401,57070],[-6169,10840],[-5011,4759],[-10878,519],[-12909,-2899],[-10878,511],[-14471,5204],[-18015,10899],[-20015,20023],[-17765,17401],[-4583,3735],[-5408,18331],[-30,5849],[124600,97506],[72099,56249],[58242,47437],[45953,37369],[93106,75545],[9200,-12506],[9884,-38737],[7320,-39665],[-1363,-16765],[-113,-19886],[2644,-28793],[8698,-42105],[3720,-14768],[9258,-13877],[28468,-38991]]],"transform":{"scale":[7.322707445414577e-7,4.553405666811117e-7],"translate":[-72.5992604189999,48.99128919900005]}}