{"type":"Topology","objects":{"92065":{"type":"Polygon","arcs":[[0]]}},"arcs":[[[356516,354988],[18224,-19898],[10338,-10142],[8456,-9772],[40541,-41287],[65924,-68657],[-38160,-24908],[-2554,2887],[-28464,-18332],[4440,-4202],[4682,-7083],[4040,-5464],[5002,-3969],[2762,-2986],[2762,-4206],[2602,-6642],[103,-6970],[-938,-5907],[-1602,-7797],[-1351,-3067],[-2429,-3627],[-2669,-2214],[-4474,-1694],[-9489,-5337],[-4699,-806],[-3164,38],[-1769,924],[-2468,2238],[-3750,1533],[-3520,205],[-4638,-25],[-5150,966],[-2624,1225],[-1418,-1415],[-2083,-1108],[-1715,-1893],[-4159,-2056],[-1760,-1835],[-494,-4584],[-1759,-3247],[-1539,-4064],[11376,-12196],[-27376,-16439],[-28911,-17253],[5561,-3931],[-47691,-29991],[525,6387],[-1654,8668],[513,3186],[2114,4002],[1036,6463],[-1582,4398],[-5194,3357],[-4651,-289],[-4417,-1038],[-2923,495],[-4427,2040],[-6295,4592],[-4630,115],[-8783,-2539],[-5976,-1047],[-2504,162],[-4644,1836],[-11569,3268],[-3220,2556],[-140,1725],[588,2922],[416,5344],[-1035,3186],[-2932,-1500],[-4416,-3017],[-2622,-938],[-2131,-258],[-8989,-485],[-6134,688],[-946,5850],[-2934,8739],[-8665,11079],[-9532,11761],[-5036,10256],[-2911,12810],[190,10803],[1103,14415],[6502,19741],[1780,17227],[-1712,12271],[-13326,23420],[-1087,20207],[1376,18194],[4763,36100],[-505,9204],[-4661,6714],[-9899,5249],[-10949,3194],[-11054,664],[-11084,39],[-13122,-2738],[-19701,-11181],[-19125,-6536],[-13209,-2431],[-7254,1519],[-7538,6416],[-9106,5930],[-8990,6501],[-6601,835],[-9343,333],[-6298,2707],[-5962,5975],[177882,116579],[-4430,11098],[-3450,21641],[49871,31134],[134713,-142903],[1930,-2107]]],"transform":{"scale":[3.5736673873352106e-7,2.895061230122539e-7],"translate":[-72.39139681599994,48.90593030900004]}}