{"type":"Topology","objects":{"92070":{"type":"Polygon","arcs":[[0]]}},"arcs":[[[354911,187734],[-13616,-9951],[-3014,-14876],[1189,-4026],[20215,7],[2401,-7104],[2638,-4388],[693,-4478],[-527,-4634],[525,-7878],[367,-11770],[-887,-3577],[-1528,-4099],[-1748,-6589],[-845,-8086],[-8337,-27916],[-3084,-14774],[-1236,-3260],[-2004,-3020],[-3417,-2809],[-4902,-2994],[-12302,-6817],[-3979,-3306],[-4011,-3628],[-6255,-5983],[-2535,-3073],[-3698,-8105],[-1486,-1982],[-1727,-1443],[-2308,-1083],[-1582,168],[-4270,1171],[-2296,146],[-2786,-141],[-2896,-1116],[-2397,-1976],[-903,-1164],[-702,-3180],[-45654,36395],[8002,3991],[-44903,27600],[-62867,52025],[-38663,31283],[-8065,7404],[-9857,7685],[-17380,15078],[47523,22800],[-109797,92436],[144636,71745],[-55265,46208],[142656,66933],[267971,18416],[-24508,-157135],[-8958,-19461],[-8735,-5111],[-14699,1678],[-8816,5680],[-12318,8188],[-44527,-12331],[-11687,-7409],[-6190,-8177],[8673,-10733],[-1608,-4252],[-1751,-5093],[-652,-3424],[-18304,-32938],[17123,-41864],[-510,-6570],[-1629,-8936],[-5991,-4377]]],"transform":{"scale":[3.7473318546638733e-7,3.8206961413922427e-7],"translate":[-72.2873259329999,48.93937068900004]}}