{"type":"Topology","objects":{"93":{"type":"Polygon","arcs":[[0]]}},"arcs":[[[482077,363101],[-9700,-6064],[-65521,3745],[-21868,-680],[-8854,-3718],[-8626,-9952],[-18038,-36051],[24159,2973],[9931,-5416],[2820,-10676],[-2135,-32628],[3932,-7955],[29779,-21960],[10530,203],[14891,-13278],[-11892,-25359],[47525,-58850],[-72273,-137435],[-55322,53304],[-10386,-7827],[-53960,50339],[-18433,-39697],[-45331,40376],[-3821,21057],[-85247,74715],[-31501,26706],[-90364,-196401],[-12372,13768],[50514,109991],[-32167,28983],[16858,37685],[-34065,29531],[16044,35467],[14735,-13037],[13421,25991],[22757,-20394],[34567,34300],[33886,38689],[37078,20263],[788,-1629],[32582,17570],[45265,15156],[42638,7132],[16554,831],[48788,9651],[23833,1579],[2047,6645],[-24870,20153],[26942,59102],[111804,-98081],[-17922,-38817]]],"transform":{"scale":[5.737008044029363e-8,2.9153404330612923e-8],"translate":[-73.61894543612749,45.50406406721601]}}