{"type":"Topology","objects":{"93005":{"type":"Polygon","arcs":[[0]]}},"arcs":[[[499999,475806],[-33474,-71870],[-103194,-197242],[-34622,-65806],[-16270,-25970],[9875,-1692],[-223,-433],[-64824,-112793],[-36128,5407],[-43693,6765],[-3083,592],[-1647,3353],[-1478,6354],[-1781,3636],[-717,4535],[-6329,1218],[-12299,1628],[-8214,1898],[-5789,1823],[-2546,1831],[-33,2032],[-1507,2553],[-7325,3210],[-5728,392],[-3794,1460],[-2606,4654],[1350,3462],[2876,2885],[883,2282],[-2536,2818],[-3836,8356],[2296,5290],[5948,636],[11177,2081],[10926,3090],[4584,3042],[-144,3965],[-7136,9779],[1460,5323],[8028,5968],[23951,19350],[10320,3401],[6538,2690],[6971,4653],[4105,4598],[-2699,3995],[-6079,6883],[-9356,8256],[-6752,5366],[-2495,5592],[590,6422],[-1224,9101],[-70916,124938],[-101400,182436],[339666,-16392],[160333,-7801]]],"transform":{"scale":[1.9372574145146304e-7,2.4427780855564033e-7],"translate":[-71.99904689099992,48.37647151400006]}}