{"type":"Topology","objects":{"93012":{"type":"Polygon","arcs":[[0]]}},"arcs":[[[431250,406842],[-13563,-35585],[69229,-13121],[-30,-1529],[13113,-2406],[-10080,-24341],[-24497,-59073],[-1323,-3547],[-12637,-30990],[-16697,-36388],[-76776,-177469],[-9165,-22393],[-155234,23788],[-35147,5518],[-33948,5289],[-71297,11034],[13145,29399],[39756,84342],[-7422,1732],[16130,36736],[-12900,2112],[-29934,5694],[-47440,9402],[-7486,1511],[-17047,3063],[30632,66463],[106,255],[-4666,997],[7688,15302],[16361,38776],[48764,116223],[15824,42363],[143407,-8415],[116820,-6919],[4332,-3735],[1187,-2040],[-1013,-2039],[-3394,-972],[-907,-784],[4501,-5008],[-5278,-4503],[255,-2223],[6886,-6200],[-1999,-3633],[-6582,-5181],[-4203,-4947],[-1134,-5541],[5630,-6121],[9014,-7635],[8171,-3732],[5217,-696],[2721,10],[4016,-1159],[3745,-3528],[1476,-806],[3582,-599],[4862,-238],[2880,-449],[2603,-1920],[2737,-1779],[2825,-692],[4184,-1673]]],"transform":{"scale":[4.0995537191067486e-7,4.145626811253679e-7],"translate":[-71.94920765899991,48.28542491800005]}}