{"type":"Topology","objects":{"93025":{"type":"Polygon","arcs":[[0]]}},"arcs":[[[499999,250679],[-16753,-130584],[-6765,-52113],[-9484,-67982],[-250773,137105],[-6745,-47095],[-40683,23679],[-2620,1709],[-27694,16305],[15593,136741],[-28405,15452],[-10970,6189],[-10673,5605],[-7350,4213],[1089,5495],[-97766,54942],[16874,132611],[8031,-4703],[28264,-15520],[32975,-18980],[33968,-21376],[9264,67627],[112785,-63458],[12383,-7029],[-3088,-25982],[13942,-7856],[26081,-15028],[30945,-18214],[-10593,-78707],[25807,-14172],[-8643,-57263],[51391,-27479],[15915,127980],[76299,-46335],[27399,-15777]]],"transform":{"scale":[3.2849895099791536e-7,1.0416023232053083e-7],"translate":[-71.72355350999992,48.407200345000035]}}