{"type":"Topology","objects":{"93020":{"type":"Polygon","arcs":[[0]]}},"arcs":[[[163285,497262],[2397,-566],[-10413,-32911],[60334,-13635],[-672,-1364],[4535,-1046],[6586,-1391],[6770,-1536],[17529,-3835],[-9622,-33936],[17089,-4046],[1863,-482],[24862,-5819],[4162,11688],[154757,-34026],[-13204,-38084],[43841,-10531],[-3226,-8804],[-5347,-16333],[-9110,-27496],[-984,-2779],[2168,-1731],[34049,-25181],[8350,-5546],[-3443,-9625],[-3422,-9286],[-51342,13096],[-98,-373],[-30746,-95186],[-31681,-98255],[-13285,-38243],[-50733,12467],[-56568,13817],[-87118,22597],[-55069,12893],[-55273,10465],[-25663,4948],[-35558,7024],[7057,22120],[59129,175295],[12860,35940],[9732,30612],[1017,3504],[18868,58348],[7763,24043],[-10100,2377],[25,1511],[-53318,12961],[10447,35149],[1068,-499],[3529,-708],[3986,-271],[3492,-696],[5815,-2137],[5342,-883],[2813,-1171],[2064,-1333],[3348,-1632],[2099,-1528],[2770,-1067],[2230,-337],[1927,81],[1514,-695],[1568,-1128],[1703,-702],[1607,250],[1296,-1331],[871,-19],[1193,596],[2224,-636],[2053,-1007],[1179,-860],[725,1593],[19565,-5524],[772,2278],[11085,33294],[11967,-2737]]],"transform":{"scale":[5.323115746231513e-7,4.1970376740752723e-7],"translate":[-71.80620513899993,48.25008105100005]}}