{"type":"Topology","objects":{"93035":{"type":"Polygon","arcs":[[0]]}},"arcs":[[[160445,463746],[48590,-12872],[81519,-19678],[35804,-7993],[7021,37837],[47866,-35790],[24199,-14173],[7329,-6849],[956,-713],[1590,-1874],[2350,-1916],[1396,-715],[3509,12148],[2151,12193],[301,10553],[-1139,10953],[626,5052],[1444,3958],[3064,3109],[2947,-580],[3582,-4376],[2817,-4562],[1545,-4675],[2041,-5488],[1188,-2681],[2384,-2940],[2083,-3513],[1091,-1382],[1713,-1029],[1959,-2349],[1782,-3081],[1841,-5815],[1673,-7354],[-2260,-14010],[-811,-4488],[-367,-2784],[-1860,-10295],[-1536,-9941],[-7034,-41594],[-2275,-12560],[-1909,-8090],[-1358,-9010],[-680,-6240],[-387,-1895],[-3046,-13033],[-577,-3525],[51312,-22084],[-8596,-48843],[7615,-3371],[-8320,-48475],[24421,-10535],[-8195,-49201],[-4471,1861],[-15714,6849],[-8407,-48867],[-9195,3918],[-8518,-47676],[-594,-3262],[-15034,7910],[-556,-2282],[-908,1231],[-1577,1443],[-1709,913],[-917,-856],[-669,29],[-994,1906],[-1237,-359],[-1309,1005],[-1203,1614],[-1165,998],[-1480,-117],[-1713,483],[-2131,1527],[-1611,2188],[-2574,2337],[-1586,1909],[-2161,1677],[-4105,1265],[-4470,3060],[-2682,998],[-3063,388],[-2711,1013],[-3299,3077],[-1672,980],[-1619,2517],[-1540,2716],[-1705,636],[-2878,334],[-2120,849],[-872,1141],[-2217,4988],[-2376,1641],[-1611,-15],[-3087,983],[-4837,5281],[-5335,10800],[-3331,8659],[672,7837],[2486,6997],[3896,7327],[1182,5141],[-4075,8768],[-149,3146],[3123,6371],[-2665,7082],[537,1109],[2010,1376],[598,2881],[-702,2887],[-2564,5282],[-69136,9789],[-84871,11901],[-2,-19],[-44840,6504],[-94992,13660],[-41480,221759],[-17869,95334],[57975,-13120],[102470,-23133]]],"transform":{"scale":[6.927100914202586e-7,2.9308316416628206e-7],"translate":[-72.04015920099994,48.445003094000064]}}