{"type":"Topology","objects":{"93030":{"type":"Polygon","arcs":[[0]]}},"arcs":[[[442643,344857],[-29,-139],[47684,-14805],[9701,-2053],[-1197,-6242],[-252,391],[-4794,-28515],[-5171,-29607],[-9364,-48959],[-34222,-181799],[-12499,4517],[-24332,9018],[-67759,26483],[-14133,-73147],[-45638,15706],[7674,32728],[-22918,8100],[9407,44985],[-27481,10410],[-23163,8589],[-12380,4491],[2742,14850],[-10997,4017],[-100161,36268],[-8227,-38650],[-30167,12216],[-29284,10847],[-25101,8872],[-10582,3993],[15742,78586],[29429,-11014],[8373,-2993],[15343,79126],[-45730,16942],[15580,77958],[-14260,5420],[16096,78551],[20992,-7463],[57199,-21581],[60280,-23281],[37275,-14617],[18270,-6770],[8296,-3239],[14720,-5933],[10687,-4183],[157291,-62359],[17060,-5715]]],"transform":{"scale":[3.699005098009805e-7,1.822423304846533e-7],"translate":[-71.7192866609999,48.426450281000086]}}