{"type":"Topology","objects":{"93045":{"type":"Polygon","arcs":[[0]]}},"arcs":[[[499999,403232],[-18514,-57344],[-43190,-135489],[-51749,-165693],[-14092,-44706],[-4355,3893],[-4567,1970],[-20494,5992],[-40362,17855],[-43776,25985],[-19540,11525],[-14485,9012],[-8182,3326],[-31840,3764],[-30485,-3828],[-12642,-3370],[-16795,-7838],[-14284,-6024],[-5969,-571],[-8885,1438],[-15423,5669],[-26836,10508],[-19363,7741],[-1910,1477],[-6595,4137],[-3018,7024],[-1990,6607],[666,10934],[1603,12746],[525,12313],[-1037,7893],[-2473,17553],[-6057,15109],[552,1895],[12705,38085],[9357,29174],[-36499,9318],[1037,3694],[4463,14665],[11061,39584],[1028,2505],[4849,14228],[1641,2897],[4089,11738],[2909,8948],[3925,10909],[7019,18087],[756,1512],[6590,22096],[15136,50199],[543,1692],[10887,35933],[56917,-13522],[3897,-801],[20698,-4794],[26868,-6101],[4227,-1046],[23433,-5289],[905,-258],[147627,-33337],[139494,-31619]]],"transform":{"scale":[3.7928507657007126e-7,2.843463286925942e-7],"translate":[-71.62452563799991,48.51341581600008]}}