{"type":"Topology","objects":{"93042":{"type":"Polygon","arcs":[[0]]}},"arcs":[[[389661,425554],[-9659,-33111],[-374,-1209],[-10419,-35892],[-4536,-15798],[-523,-1081],[-4831,-12931],[-2702,-7802],[-2002,-6398],[-2815,-8390],[-1130,-2072],[-3338,-10173],[-708,-1792],[-7614,-28301],[-3073,-10485],[-713,-2643],[25125,-6660],[-6440,-20861],[-8747,-27228],[-380,-1355],[4170,-10803],[1702,-12551],[714,-5642],[-361,-8804],[-1103,-9113],[-459,-7818],[1370,-4725],[2076,-5021],[4541,-2959],[1315,-1055],[13330,-5535],[18474,-7513],[10616,-4052],[6117,-1030],[4110,409],[9833,4306],[11560,5604],[8704,2411],[20985,2735],[21918,-2690],[5632,-2378],[9973,-6443],[-4724,-13855],[-8546,-27132],[-4391,923],[-2742,-8450],[-6351,-20347],[-6570,-20143],[-6267,-19701],[-11453,2618],[-105598,28576],[-7176,1917],[-14599,3995],[-13119,3310],[-25026,6697],[-40626,10710],[-38245,9848],[-14092,3421],[-64511,16275],[725,2597],[3830,9606],[486,1395],[853,4599],[1709,6640],[2399,5962],[2863,9257],[8842,30651],[1930,7327],[2338,7588],[462,2051],[1020,3307],[2843,10324],[-2105,5420],[-2315,4286],[-2241,2269],[-2463,1733],[-2151,758],[-1372,1017],[-2621,2591],[-2996,2167],[-1494,1975],[-2566,4044],[-1943,3445],[-3542,3361],[-4504,3225],[-3705,428],[-3851,-2290],[-1817,-2918],[-787,-3722],[1432,-8074],[-376,-7776],[-2706,-8985],[-4411,-8954],[-1757,529],[-2953,1410],[-1999,1383],[-1200,526],[-9215,5047],[-30426,10443],[-60179,26376],[1442,4558],[17714,54461],[24392,82873],[3584,10431],[5676,17996],[1498,-336],[697,2197],[1129,5083],[2185,7960],[2195,8836],[12840,46903],[3133,9824],[786,2746],[4515,18082],[136663,-32940],[93124,-22542],[78088,-18963]]],"transform":{"scale":[5.509696459393202e-7,3.9769650739298724e-7],"translate":[-71.80922395599991,48.48929799500007]}}