{"type":"Topology","objects":{"93055":{"type":"Polygon","arcs":[[0]]}},"arcs":[[[499999,396813],[-11498,-42336],[-3641,-11295],[-50485,-181314],[-31230,-112378],[-9506,-35830],[-3970,-13660],[-128179,31820],[-135652,33549],[-832,261],[-21532,5322],[-3885,1053],[-24689,6139],[-19019,4825],[-3580,806],[-52301,13609],[5174,18696],[571,3395],[2066,6755],[755,3740],[5138,20561],[2663,9449],[135,863],[10157,36064],[935,3650],[69295,261046],[9563,38395],[134940,-36724],[86088,-20734],[84550,-22508],[83560,-22022],[4409,-1197]]],"transform":{"scale":[4.127635355269671e-7,2.8254162108325587e-7],"translate":[-71.59572519499994,48.62807365300006]}}