{"type":"Topology","objects":{"93060":{"type":"Polygon","arcs":[[0]]}},"arcs":[[[499999,144433],[-43349,15834],[-69102,24758],[-6051,-32172],[-16169,-82234],[-13382,-70619],[-3942,1548],[-74728,28462],[-75613,29092],[-76989,26796],[-120674,47466],[13322,77260],[8989,-2339],[10623,-5004],[9512,-9748],[7297,-10064],[2358,-5420],[14437,-21297],[14734,-7688],[9692,2208],[5712,6169],[25251,38336],[8126,14158],[3181,6939],[-525,4975],[-1692,10083],[-1021,11892],[340,2436],[-4894,18980],[-6315,17547],[-498,7703],[1611,11969],[7366,2974],[8493,4610],[13468,8103],[4204,6802],[1893,5591],[524,7553],[-1669,7021],[-9404,20444],[280,11263],[2848,11575],[3597,6527],[6595,8068],[22038,14086],[10701,14067],[3133,24594],[1761,44261],[15121,-10411],[23857,-11053],[15228,-4459],[40199,-15009],[31945,-15700],[14216,-23766],[20624,-45823],[16741,-33964],[19827,-37662],[9836,-19143],[11290,-15142],[22689,-28779],[22977,-30135],[10202,-13430],[12579,-21650],[7693,-13331],[1594,-4991],[1176,-2232],[3041,-1330],[1481,-2817],[1615,-4738]]],"transform":{"scale":[4.6155132910267305e-7,2.186082452164778e-7],"translate":[-71.55178534499993,48.740189703000055]}}