{"type":"Topology","objects":{"93065":{"type":"Polygon","arcs":[[0]]}},"arcs":[[[499998,449471],[-23099,-97637],[-65444,-259613],[-884,-3630],[-9594,-35866],[-126,-860],[-2515,-9397],[-4852,-20447],[-713,-3720],[-1952,-6718],[-539,-3376],[-2157,-8207],[-107819,29069],[-150604,40450],[-129700,34691],[1610,7138],[4841,22094],[4651,20503],[6037,24627],[-16,2008],[405,1757],[1069,2171],[4686,19062],[7518,33379],[7360,29406],[4390,16582],[-58,243],[6417,24355],[50810,192464],[6668,-13960],[8219,-8809],[4072,-3493],[4896,-2307],[8789,-9788],[16906,-19579],[1618,-4926],[3838,-11062],[1594,-11876],[10503,-18131],[12918,-14433],[12704,-11325],[21903,-11592],[14524,-10477],[16450,-11350],[15361,-5139],[15252,-2357],[15898,2495],[8432,3746],[13753,9849],[13009,7778],[1757,536],[1227,844],[7540,3710],[8837,3168],[15535,2214],[10800,1320],[9114,3474],[13199,6593],[5966,5427],[4560,7237],[9979,18475],[4122,7789],[4678,5680],[10339,10704],[9088,6707],[7828,4486],[7503,4003],[12949,3076],[13070,1628],[14880,-863]]],"transform":{"scale":[4.370522981046565e-7,2.8409936419869496e-7],"translate":[-71.76416215599994,48.65853955600005]}}