{"type":"Topology","objects":{"93070":{"type":"Polygon","arcs":[[0]]}},"arcs":[[[499983,452128],[16,-921],[-7654,-22511],[-5898,-18743],[-6138,-20196],[-9259,-29658],[-1257,-3517],[-5006,-12569],[-20526,-60017],[-3540,-11420],[-3459,-10072],[-1805,-6503],[-1116,-2812],[-2394,428],[-9072,-23026],[-5728,-13348],[-38990,-106044],[-28314,-69687],[-16417,-41512],[-71952,7538],[-163823,18556],[-97651,12139],[47693,143389],[24655,73827],[24483,74120],[24808,74052],[25029,74497],[18219,-3867],[150,368],[3279,-865],[16123,-3636],[11974,-2411],[3414,-256],[53279,-10989],[20016,43537],[55438,-12087],[30415,-5760],[102706,-21671],[38302,-8353]]],"transform":{"scale":[3.4469318338638123e-7,3.1079967759930593e-7],"translate":[-71.92901767599994,48.56903672700008]}}