{"type":"Topology","objects":{"93075":{"type":"Polygon","arcs":[[0]]}},"arcs":[[[437241,497085],[4994,-2649],[4543,-2988],[3639,-1560],[2614,-4092],[312,-4106],[742,-5014],[-68,-4894],[1130,-6362],[1767,-2284],[3045,-1441],[5602,3896],[7799,9670],[4859,2187],[2488,316],[4088,-1911],[3299,-3168],[838,-5130],[84,-5325],[-1007,-5787],[856,-5075],[2824,-6352],[8310,-11287],[-17309,-64778],[-15164,-56845],[34,-136],[-2491,-9301],[-4177,-16497],[-4266,-18724],[-2659,-10692],[-606,-1218],[-227,-1546],[-17142,5127],[-45963,13297],[-13611,3534],[-24810,7419],[-8958,-26717],[-23842,6744],[-1529,157],[-5358,1479],[-7216,2231],[-1468,531],[-66,-225],[-8153,2373],[-11201,-45717],[-11102,-45444],[-10956,-45485],[-11034,-45304],[-21345,-87992],[-92154,13386],[-52141,7592],[-49691,170127],[-30721,104843],[-114,-41],[-2493,8719],[-1511,6565],[-555,6163],[2661,9750],[6908,6385],[13490,5527],[13671,6372],[4310,1809],[63,-76],[16856,6378],[2917,260],[2771,-1553],[4464,-351],[7735,344],[2477,1609],[3618,-954],[3897,-2796],[2318,-2285],[12933,-7917],[10601,-4315],[6143,-4621],[7511,-7150],[11214,-7147],[9284,-4330],[13483,-4821],[18140,-5243],[36515,-11782],[5961,249],[13662,-3577],[17519,1626],[20565,10385],[10058,4827],[19617,6742],[17555,6427],[2638,1832],[2646,2141],[1062,1615],[2119,2190],[3779,4485],[990,1264],[2499,1563],[3848,3544],[9209,9704],[10112,10182],[6762,5221],[6241,6687],[741,256],[3199,2536],[2221,2793],[748,3466],[-909,3947],[-2050,2937],[-4540,3564],[-5060,4581],[-2377,5000],[-990,9515],[-766,9945],[1180,16202],[1714,9384],[2205,5255],[3711,6056],[6949,8589],[5420,5413],[5879,4008],[10220,4550],[5251,1886],[7270,-1517],[3690,-263],[2260,1724],[2137,3089],[1796,3393],[1141,5629],[-528,2815],[2255,2585],[9608,5107],[1476,-944],[2568,-1970]]],"transform":{"scale":[7.702313044626584e-7,5.06465996931984e-7],"translate":[-72.10569425499993,48.58091955400005]}}