{"type":"Topology","objects":{"93080":{"type":"Polygon","arcs":[[0]]}},"arcs":[[[412828,0],[-6000,3827],[-8064,4286],[-43639,10417],[-121912,27889],[-233213,53143],[60055,185901],[69470,214535],[124244,-25748],[144394,-30017],[-19338,-57938],[119628,-25821],[1546,-2877],[-220,-2593],[-1277,-1074],[-3081,390],[-4438,2110],[-2334,412],[-6130,-3738],[-4632,-2001],[-4371,-1339],[-2536,-2595],[-184,-6248],[-730,-1299],[-3892,-911],[-3327,-1549],[-1750,-2605],[-2496,-5387],[273,-3441],[1082,-3003],[1860,-2772],[2106,-867],[3580,487],[4659,1347],[2317,2],[2601,-819],[8117,-6791],[245,-856],[-4522,-7378],[-5345,-6508],[-4396,-15999],[-6003,-12323],[-993,-2823],[-177,-4525],[-2329,-657],[-10072,1386],[-2091,-442],[-9747,-4193],[-2273,-1966],[-2004,-4338],[106,-6239],[1106,-4485],[9485,-12613],[9634,-4642],[2058,-1696],[1881,-2358],[279,-2577],[-987,-2997],[-3496,-7143],[-708,-3676],[822,-3667],[10875,-19021],[1102,-3451],[340,-6888],[-964,-2580],[-1793,-1539],[-6716,385],[-11300,-3584],[-2849,-1985],[-1478,-2148],[-2025,-4753],[-1170,-5415],[37,-2794],[802,-3217],[239,-15929],[-1457,-4528],[-2297,-3277],[-8116,-8247],[-8190,-4630],[-4263,-6511],[-12506,-8934],[-2017,-3062],[-1016,-3239],[-3298,-3032],[-8443,-20539],[85,-4756],[815,-2562],[1563,-1713],[3113,-1249],[3369,447],[4591,1795],[2085,-419],[1286,-1064],[1591,-2333],[2884,-1706],[6286,-7672],[1833,-1291],[4154,-1459],[1303,452],[4205,-1561],[-710,-3731],[-3136,-4403],[-11655,-28455]]],"transform":{"scale":[3.298537437074659e-7,2.6084854169710924e-7],"translate":[-71.90508977999991,48.83267615400007]}}