{"type":"Topology","objects":{"93902":{"type":"Polygon","arcs":[[0]]}},"arcs":[[[306121,470],[-84534,137058],[-38320,62873],[-183267,298714],[248964,883],[-1304,-7646],[2077,-16963],[7718,-33898],[2210,-12174],[1159,-22373],[-5430,-25493],[953,-8633],[4459,-16181],[982,-31942],[-980,-19061],[-1659,-4341],[1081,-6836],[3344,-4963],[12823,-51],[17795,6798],[7743,71],[5793,-6571],[4775,-8401],[5590,-2495],[33411,5547],[25455,-2901],[12320,-7640],[7799,-1921],[15051,3111],[13314,-5016],[10007,-7724],[9464,-967],[3957,1831],[10559,1260],[9958,3732],[6680,-69],[2292,-2411],[-559,-8785],[-5083,-6153],[-521,-3703],[3291,-3175],[12262,-5553],[4501,-5025],[3855,-7438],[3893,-21781],[-2765,-3083],[-3932,561],[-7240,7520],[-6141,-13],[-3334,-4995],[-2720,-11152],[-18368,-27928],[-12882,-26744],[-1111,-8109],[2240,-3708],[7206,-3137],[8942,-11146],[7191,-2541],[10007,1839],[13974,-15],[6637,-1864],[-5573,-33562],[-3321,-8682],[-13941,-20504],[-8380,-28580],[-7083,-15813],[-127027,-2408],[-26257,470]]],"transform":{"scale":[1.5051025502048196e-7,9.032755665513226e-8],"translate":[-71.44979897299993,47.950042172000046]}}