{"type":"Topology","objects":{"93904":{"type":"Polygon","arcs":[[0]]}},"arcs":[[[482630,499859],[14715,95],[225,-64],[-1145,-9088],[-352,-11617],[-581,-10613],[-1456,-16141],[-15,-781],[-26041,-790],[19169,-267571],[4008,-56320],[8841,-122769],[-13652,1034],[-41514,762],[-26196,287],[-22800,-241],[-23078,1307],[-29504,1502],[-21903,-3002],[-42390,-577],[-23150,-478],[-26166,-1502],[-50144,-3292],[-25253,7272],[-31236,-2330],[-33823,-2763],[-27138,11235],[-27811,-7661],[-6888,100330],[-2169,29740],[-10240,150839],[-14943,205383],[18077,-381],[10696,84],[8763,-1536],[1785,-2835],[439,2443],[19385,-3477],[39974,-7456],[27247,1472],[47520,2184],[48008,1711],[51889,-10190],[4531,-2300],[-256,2837],[52,6086],[342,13322],[437,5509],[55635,477],[47702,-125],[50867,-677],[49537,666]]],"transform":{"scale":[0.000001438961229922446,1.008405536810848e-7],"translate":[-72.12320377599991,47.949661081000045]}}