{"type":"Topology","objects":{"94":{"type":"Polygon","arcs":[[0]]}},"arcs":[[[364246,32431],[-34907,-25632],[-36801,24770],[-21703,-31569],[-23829,15835],[8315,13807],[-95467,63160],[-103326,69936],[-56528,36902],[39040,76427],[275928,221951],[20803,-10713],[-74575,-126349],[-34091,-54378],[130371,-87760],[137012,-89481],[5511,-9268],[-59961,-24612],[-75792,-63026]]],"transform":{"scale":[3.54759478022372e-8,2.400105344935327e-8],"translate":[-73.62672232365671,45.511788565592795]}}