{"type":"Topology","objects":{"94205":{"type":"Polygon","arcs":[[0]]}},"arcs":[[[499999,312441],[-13090,-32270],[-25611,-63057],[-32226,-79930],[-55553,-137184],[-37744,20322],[-73807,39469],[-94018,50142],[-111729,59390],[-22,-53],[-56199,30532],[28103,69679],[37945,93937],[53563,132314],[13730,-6291],[60521,10557],[37022,-3660],[50280,-3868],[26409,-2984],[10852,-275],[9436,-3339],[17390,-12842],[12572,-9314],[8845,-12472],[9254,-5356],[34498,-4778],[21612,-3705],[21393,-5489],[12400,-6513],[7647,-10457],[5452,-27248],[-3318,-11843],[17095,-28267],[4876,-13331],[2422,-21816]]],"transform":{"scale":[6.793513167026223e-7,3.9725919051836487e-7],"translate":[-70.21049881399995,48.05749290600005]}}