{"type":"Topology","objects":{"94215":{"type":"Polygon","arcs":[[0]]}},"arcs":[[[499999,391827],[-6583,-20354],[-23290,-71262],[-20093,-61575],[-1887,-5468],[-30661,-95689],[-26902,19316],[-26481,2931],[-48930,5373],[-4063,-108950],[-20830,1690],[-809,-57839],[-69117,275],[-374,20976],[-42395,-278],[-40764,-190],[-41984,-471],[-42381,-989],[-39407,-2503],[-5484,-389],[-7564,-303],[2916,4469],[8028,12819],[16162,25586],[12124,19335],[477,714],[11601,18154],[11713,18624],[3899,6230],[2971,4579],[2758,4432],[9263,14712],[14076,22213],[4681,7459],[2414,4058],[1412,2191],[14098,22071],[15564,24536],[12753,20426],[18841,26132],[34828,47690],[17509,24251],[16506,24928],[16548,25049],[16815,24436],[16779,24452],[16695,24491],[7765,11145],[8752,12927],[10555,5761],[33218,-5448],[18961,-5392],[10940,-5156],[22853,-18520],[33729,-29207],[41436,-39313],[10359,-5135]]],"transform":{"scale":[0.000001017131234262468,5.058501337003535e-7],"translate":[-70.75402198699993,48.101475409000045]}}