{"type":"Topology","objects":{"94210":{"type":"Polygon","arcs":[[0]]}},"arcs":[[[499999,424492],[-41331,-79962],[-36104,-70004],[-23780,-46185],[47555,-20237],[-22274,-42633],[-46164,-88526],[-40027,-76945],[-12360,18],[-62815,157],[-46963,90],[-95517,102],[-82039,5],[-20255,-12],[-11594,-46],[-6331,2],[943,169208],[87570,-233],[1023,48818],[26390,-1426],[5147,91955],[28097,-2050],[67447,-4960],[34083,-16301],[38844,80761],[2392,4614],[25455,51972],[29508,60145],[8340,17180],[17731,-10089],[11306,-10486],[15099,-9076],[19361,-9123],[13060,-6569],[19862,-12842],[48341,-17322]]],"transform":{"scale":[8.028253656506414e-7,5.993403006806458e-7],"translate":[-70.5306524259999,48.00001193200006]}}