{"type":"Topology","objects":{"94225":{"type":"Polygon","arcs":[[0]]}},"arcs":[[[451095,457113],[7380,-4855],[13424,-1338],[24165,-14623],[3935,2071],[-12652,-18005],[-11223,-15524],[-24131,-34112],[-24251,-34059],[-24303,-34037],[-23917,-34888],[-23858,-34723],[-25308,-33777],[-50339,-66425],[-27232,-36400],[-18433,-28450],[-22494,-34176],[-20380,-30742],[-2038,-3050],[-19387,20954],[-17889,19678],[-8934,9844],[-8984,9837],[-17985,19442],[-8989,9746],[-8926,9894],[-7154,7985],[-7879,8660],[-7932,8887],[-63975,70325],[32911,48799],[-5787,2161],[-4277,4939],[-6323,1352],[-1819,2463],[-26111,7431],[11442,17304],[6443,9704],[14146,21398],[4462,6698],[20885,31599],[40089,60436],[3813,5805],[12277,18426],[26120,39326],[4920,-1018],[2533,1512],[4508,944],[2657,-1081],[7046,3084],[8467,8685],[10792,8805],[7946,4900],[8228,1075],[3534,-1477],[6614,-4333],[5524,-464],[6787,-1243],[3216,-1441],[12017,-6917],[4952,-3804],[2940,-2164],[5678,415],[6198,3563],[4581,904],[2663,-2886],[13234,7646],[6854,5382],[6932,1116],[5934,1355],[6555,15],[4082,-352],[3316,-1068],[12872,-8903],[10346,-7190],[10897,-5747],[3241,-1035],[11271,-2693],[15847,-2271],[10251,352],[4412,868],[14102,1417],[6480,39],[3593,-2466],[4606,-3559],[7330,-2883],[4554,482],[6861,1293],[6653,65],[7164,-3491],[2230,-1411]]],"transform":{"scale":[7.037200954403991e-7,3.631723923447558e-7],"translate":[-70.78248507,48.192281954000066]}}