{"type":"Topology","objects":{"94220":{"type":"Polygon","arcs":[[0]]}},"arcs":[[[314599,496355],[66622,-48144],[8260,-6086],[8205,-5927],[7449,-5467],[9297,-6773],[9359,-6673],[18730,-13309],[9356,-6735],[9303,-6739],[18630,-13471],[20188,-14347],[-3634,-3869],[-7045,-7112],[-21188,-21183],[-13486,-13569],[-4607,-4685],[-4472,-4368],[-5867,-5939],[-17632,-17760],[-17460,-17311],[-718,-681],[-18251,-18435],[-24324,-24400],[-12130,-12266],[-4343,-4220],[11386,291],[5297,235],[174,-9870],[113,-8060],[197,-7602],[223,-15224],[324,-15475],[103,-7885],[161,-7934],[393,-23589],[294,-15314],[-38,-673],[201,-13652],[-112,-5759],[-97,-12457],[-102,-7840],[-166,-15689],[-130,-15595],[-203,-15334],[-148,-9222],[-11919,-19],[-39932,60],[-591,-43],[-17936,-49],[-25397,-187],[-25529,118],[-25510,162],[-25705,-170],[-25645,-29],[-25626,14],[-30606,-46],[-148,44227],[-54,10604],[-303,32383],[-185,31647],[-272,30400],[-357,32053],[-170,30659],[-25961,-342],[-36531,225],[-38439,200],[-5895,-157],[10431,11784],[928,429],[-144,456],[11551,13045],[21862,25164],[21749,25059],[21886,24947],[55422,63450],[3012,3919],[1974,1992],[3456,4466],[1501,2541],[3400,4362],[48780,53268],[3564,3444],[22496,21944],[4059,3923],[24500,23858],[33276,-24009],[20896,20365]]],"transform":{"scale":[6.757592255185349e-7,5.304840449681635e-7],"translate":[-70.98705118399994,47.99988338900004]}}