{"type":"Topology","objects":{"94230":{"type":"Polygon","arcs":[[0]]}},"arcs":[[[400069,325862],[556,-284],[-4385,-30017],[96806,-49442],[6953,-2517],[-21661,-129401],[1574,-64535],[1640,-49666],[-2814,2490],[-9034,6168],[-8390,-114],[-8653,-2283],[-5742,-855],[-9243,5095],[-5810,6286],[-4530,4356],[-8175,-69],[-17784,-2503],[-5563,-1532],[-12927,-623],[-19987,4012],[-14213,4757],[-4087,1830],[-13744,10152],[-13046,12699],[-16233,15728],[-4183,1885],[-5146,624],[-8268,-28],[-7482,-2390],[-8745,-1973],[-8643,-9506],[-16690,-13507],[-3358,5096],[-5779,-1597],[-7816,-6294],[-7160,-732],[-3707,3821],[-6246,6721],[-15156,12218],[-4053,2545],[-8561,2195],[-6967,821],[-8341,7657],[-4456,2606],[-10378,-1896],[-10020,-8657],[-13610,-15556],[-10678,-15340],[-8887,-5450],[-3349,1910],[-5686,-1669],[-3193,-2667],[-6206,1796],[-29227,-12631],[-9590,-1565],[-9371,1845],[-5744,4005],[-7780,8442],[-6900,10113],[-6971,13562],[-5095,14830],[-3349,13214],[-3604,23390],[-1182,15513],[1481,9738],[12279,87669],[6490,43516],[7041,42756],[7467,44064],[7297,44065],[6972,41447],[6053,35111],[5330,32688],[18556,-9853],[27225,-14544],[27256,-14366],[27220,-14253],[27149,-13701],[27110,-13897],[26712,-13558],[53136,-26764],[53395,-27191],[28265,-14185],[11908,-6166],[4889,-2178],[6838,-3481]]],"transform":{"scale":[5.580072620144355e-7,2.0558817917633083e-7],"translate":[-70.73374984599991,48.35829308700005]}}