{"type":"Topology","objects":{"94250":{"type":"Polygon","arcs":[[0]]}},"arcs":[[[246819,473468],[154666,-35152],[98514,-22474],[-41012,-132762],[-31984,-103728],[-597,-260],[185,-1075],[-41069,-133436],[-1807,-6162],[-577,-1196],[-10586,-37223],[-44277,14171],[-38997,12734],[-13131,2970],[-11473,2152],[-40109,8110],[-40730,8279],[-36840,7732],[-35717,7100],[-49098,10078],[-62180,12364],[22415,72449],[54446,175632],[3425,9540],[10815,35762],[14074,46154],[17007,53746],[6365,21026],[72680,-16182],[45592,-10349]]],"transform":{"scale":[4.388257876515692e-7,3.344870449740483e-7],"translate":[-71.42932133999994,48.613394534000065]}}