{"type":"Topology","objects":{"94255":{"type":"Polygon","arcs":[[0]]}},"arcs":[[[426390,419048],[39337,-8833],[-1303,-137],[-7078,-1922],[-5288,-3466],[-3549,-4807],[-585,-4881],[1133,-4727],[2111,-2344],[5171,-3042],[7162,-2600],[5648,-1551],[1565,-1362],[-677,-2027],[892,-1495],[863,-3011],[-802,-1914],[668,-1539],[908,-4883],[3742,-5513],[1642,-940],[2853,-2793],[3424,-4153],[2976,-3907],[-2076,-3315],[-1803,-3695],[692,-2365],[88,-3966],[334,-4637],[2256,-3281],[6550,-6767],[4946,-2308],[1808,-2478],[-654,-2628],[-1896,-1733],[-1677,-3138],[112,-4570],[2490,-7627],[429,-6151],[-1359,-5166],[-1556,-4587],[114,-3900],[1177,-5373],[-266,-6017],[-3323,-4871],[-3714,-3268],[-468,-664],[-99402,22107],[-7801,-30838],[-451,-1703],[-1134,-2792],[-2224,-8726],[-1067,-3890],[-7152,-27323],[-475,-1600],[-30948,-123324],[-2994,-12648],[-545,-3369],[-3467,-15170],[-2127,-7890],[-1243,-3951],[-1011,-4614],[-4586,-17085],[-3885,-11880],[-8049,2753],[-20232,6413],[-34820,6713],[-7034,2470],[-6337,1304],[-9844,-261],[-16180,1297],[-9216,470],[37952,124702],[-66729,17408],[22318,81943],[-104226,25796],[-96498,23812],[36188,114868],[18028,56501],[1104,3625],[8668,30185],[60278,-12330],[47596,-10051],[34626,-7082],[35712,-7711],[39483,-8257],[38883,-8087],[11122,-2149],[12729,-2961],[37805,-12699],[42922,-14134],[1246,4510]]],"transform":{"scale":[4.5267251134507513e-7,3.353890167781066e-7],"translate":[-71.45828702999994,48.474362730000045]}}