{"type":"Topology","objects":{"94265":{"type":"Polygon","arcs":[[0]]}},"arcs":[[[235082,434420],[5251,-5460],[3882,-2702],[5043,-2289],[29611,-9785],[6465,-2420],[-13275,-23250],[-1534,-3473],[-13234,-48277],[-7501,-28998],[-8169,-31272],[-13766,-50419],[41316,-10480],[56390,-14453],[52909,-13255],[32451,-8321],[89078,-24362],[-138,-585],[-13451,-45185],[-5240,1257],[-17845,4089],[-72666,17740],[-32974,7839],[-34605,8324],[-26051,6347],[-7439,1645],[-37633,9029],[-8073,-28268],[-5807,-18301],[4988,-1046],[-1667,-5753],[-8540,-28864],[-5939,-20785],[-5902,-20447],[-22979,5674],[-23876,6020],[-24505,6634],[-11893,-34880],[-6353,-17510],[-14738,4085],[-914,2764],[-7180,2033],[-13689,3690],[-10915,3006],[-16704,4420],[-8854,-28176],[-58417,15162],[25392,79136],[5563,18622],[13775,46667],[11572,-2825],[31686,113672],[8671,30612],[4788,18513],[4439,17828],[233,-244],[1108,3904],[-8981,1282],[-44153,9258],[8671,26970],[9062,27483],[8757,27761],[3783,11533],[6054,-1261],[11789,37021],[6514,18904],[18550,-11243],[41562,-25349],[38319,-17420],[19458,-5846],[4337,-1922],[4133,-3798]]],"transform":{"scale":[3.9949720499443565e-7,2.9146707293410806e-7],"translate":[-71.57717403499993,48.386796559000054]}}