{"type":"Topology","objects":{"94260":{"type":"Polygon","arcs":[[0]]}},"arcs":[[[436810,0],[-30535,1703],[-44055,7163],[-33047,5121],[-24937,2948],[-20571,5714],[-47425,33332],[-23330,13974],[-26790,11881],[-20590,5212],[-21329,13097],[-2681,1089],[-67679,36878],[-9501,3846],[-43513,15535],[-7406,3633],[-5706,4292],[-7715,8670],[19658,69251],[72193,256660],[160669,-43508],[173535,-47128],[-37159,-149717],[111103,-31807],[-63189,-227839]]],"transform":{"scale":[2.718766417532905e-7,1.8356620113238043e-7],"translate":[-71.4832590659999,48.481459199000085]}}