{"type":"Topology","objects":{"94926":{"type":"Polygon","arcs":[[0]]}},"arcs":[[[499999,452778],[-6,0],[-1779,-451319],[-32852,0],[-76184,-269],[-76361,148],[-38186,-332],[-4030,-76],[-78955,-32],[-31013,-426],[-75879,-472],[-38054,445],[-38088,315],[-6727,-26],[234,21644],[323,36200],[205,36819],[426,55545],[154,29409],[177,13597],[-317,32231],[59,1589],[-467,36153],[-622,55688],[-258,18733],[-163,18612],[-512,36535],[-357,35941],[-312,17948],[-178,19025],[-277,23252],[4692,372],[94152,5634],[101261,2227],[100309,1061],[97397,425],[101290,625],[898,-47221]]],"transform":{"scale":[4.257110694220881e-7,2.2470364340725834e-7],"translate":[-70.74274787399992,47.99987348500008]}}