{"type":"Topology","objects":{"94928":{"type":"Polygon","arcs":[[0]]}},"arcs":[[[499999,338607],[-20814,-40358],[-1450,-3305],[-640,-1927],[-1475,-3383],[-843,-1509],[-1285,-2970],[-23646,-48072],[-9338,-18904],[-9601,-19641],[-9006,-18412],[-4930,-9882],[61,-347],[-395,-323],[-4451,-8928],[2516,119],[16400,-154],[15587,-168],[11076,257],[74,-23228],[152,-24285],[115,-23035],[80,-23978],[130,-24536],[23,-8033],[61,-33511],[-19816,-47],[-10894,54],[-21965,-101],[-10958,116],[-10967,198],[-11213,115],[-20514,173],[-14498,6],[-14531,-152],[-14520,-110],[-15329,-23],[-13690,-119],[-14575,-51],[-9245,49],[-270,48],[-9255,-27],[-25037,64],[-8,-64],[-28069,59],[-14389,-81],[-14320,45],[-14289,21],[-3361,66],[-13369,-14],[-1140,452],[-477,915],[-1766,3757],[-516,3931],[-1387,7194],[-2974,6616],[-912,3119],[-1224,4285],[-876,2219],[-1226,1509],[-2385,2275],[-802,617],[-2105,3497],[-1600,2711],[-2116,5565],[-1211,5222],[-536,2160],[-621,1729],[-557,1118],[-2782,4092],[-336,653],[-4144,9641],[-8115,15410],[-1501,1983],[-3699,5318],[-1141,1847],[-1167,1433],[-2136,3518],[-1389,2707],[-1077,4805],[-442,5131],[-1075,3045],[-1904,1434],[-1281,785],[-745,1918],[-226,3047],[-2478,7151],[-1274,3573],[-863,3838],[-2133,3672],[-2766,3987],[-1411,6729],[-862,3363],[-1493,3845],[-2028,3188],[-2988,3500],[-3936,4286],[-1593,628],[-1588,-338],[-1483,1121],[-1711,2548],[-1283,2376],[-1915,2565],[-754,2222],[-876,5469],[-1069,3828],[-966,1429],[-1385,1601],[-11006,20103],[-5455,9245],[-217,644],[-2999,5745],[-852,1267],[-3208,5580],[-1709,2713],[-1604,3349],[-1510,3673],[-10168,18339],[-144,533],[268,3821],[8866,42160],[8854,43579],[-8,98],[4466,22924],[10492,58042],[10488,57916],[34,223],[17256,-7850],[1151,5567],[1156,5769],[248,-294],[3503,-2796],[6349,-2243],[3020,-2314],[4721,-2842],[4926,-932],[4020,46],[12406,-5805],[7263,-4403],[5408,-3113],[3649,-1629],[12209,-5480],[6201,-2428],[11346,-3566],[7986,-3533],[8475,-4708],[7230,-3804],[3591,-1648],[6197,-1711],[4024,309],[2837,-1431],[6323,-4765],[11084,-2089],[13110,-2595],[2396,-768],[7027,-2124],[3832,-1754],[-10537,-22559],[-5947,-12534],[-6392,-15210],[17154,-19597],[14567,-16538],[13176,-15105],[13812,-16063],[37945,-43332],[27143,59329],[35044,76393],[14341,31173],[8218,-8444],[36068,-32273],[38253,-31242],[9967,-8169],[1967,0],[4955,-4093],[17861,-14707]]],"transform":{"scale":[0.0000015837855775711813,7.001490202979653e-7],"translate":[-71.63986601899995,47.99984313200008]}}