{"type":"Topology","objects":{"95005":{"type":"MultiPolygon","arcs":[[[0]],[[1]]]}},"arcs":[[[497112,1088],[-1487,-1088],[-1501,671],[-795,2121],[696,2842],[2183,4298],[1096,1426],[2243,45],[452,-4253],[-2887,-6062]],[[137380,460404],[59986,-51541],[31968,-28312],[31442,-27926],[118604,116240],[33976,-30646],[-1354,-1683],[-9117,-15017],[-4338,-8570],[-4737,-7525],[-2941,-3566],[-4051,-3264],[-2524,-6772],[-6596,-7537],[-1083,-3214],[-3181,-10323],[-2558,-2515],[-4845,-1484],[-4829,-3639],[-4752,-5369],[-7665,-11832],[-17716,-14434],[-6983,-7203],[-2589,-2176],[-4844,-1485],[1200,-3536],[-2579,-3226],[-3301,-3231],[-2137,-5720],[-3686,-3602],[-4441,-2901],[-6629,-6124],[-2255,664],[-3808,3487],[-3045,2075],[-2013,7048],[-2549,-3226],[-2584,-2517],[-1443,-2877],[-689,-3552],[-1443,-2849],[-2944,-2519],[-4446,-2221],[-2948,-2151],[-8238,-493],[-2192,-2884],[-1387,-5684],[-3738,-20599],[-4018,-6103],[-5841,-6828],[-5184,-3278],[-4477,-1852],[-3653,-3605],[-1778,-5319],[-3679,-3975],[-7039,-3293],[-8192,-1912],[-11575,-1972],[-10884,873],[-3349,-766],[-3280,-1618],[-1646,-326],[-1676,1439],[-19307,-20087],[-20411,3015],[-25176,9740],[285,23453],[40,45008],[178,45073],[24920,23171],[-23544,21491],[-37745,34259],[-15530,14297],[-4396,-3515],[-13376,21995],[-35001,341],[-4024,20177],[31067,-595],[14855,14926],[2951,-880],[3054,-2071],[808,-2801],[-1469,-2880],[-301,-2839],[1016,582],[33777,35630],[6312,7071],[38138,-33434],[7172,-6161]]],"transform":{"scale":[4.486193432387835e-7,3.171490942981871e-7],"translate":[-69.77865110499994,48.066948557000046]}}