{"type":"Topology","objects":{"95010":{"type":"Polygon","arcs":[[0]]}},"arcs":[[[300017,263936],[32845,-25],[28483,-222],[28465,-12],[28483,-257],[24347,144],[1424,-2899],[5136,-7343],[27454,-37787],[12650,-17137],[10695,-14675],[-9556,-13832],[-46977,-68042],[-14996,19681],[-15247,19954],[-32031,40665],[-18189,23562],[-3011,-4982],[-16109,-25111],[-484,-409],[144,2001],[700,2028],[-386,1975],[-1455,1459],[-1408,620],[-7086,-10519],[-14816,420],[1919,-14221],[16693,-240],[6379,-15500],[2097,2477],[7408,-10075],[18001,-24145],[11230,-15146],[-11885,-16330],[-86,-31765],[-19,-31720],[-135,-16528],[-15783,9206],[-20123,5255],[-20158,10906],[-12155,319],[-16799,-1521],[-10699,4900],[-23615,18394],[-16158,21777],[-10485,22532],[-3605,16410],[-12,-39],[-1750,19257],[-3521,11768],[-12346,24953],[2396,10457],[-3939,24053],[-5523,9230],[-8954,5751],[-15452,4844],[-15608,3271],[-24916,4219],[-6684,4726],[-6387,11011],[-9080,8222],[-12561,11337],[-6813,2947],[-7838,241],[-19074,2635],[-36313,3414],[-26739,3232],[11724,18219],[23678,78356],[23558,77822],[15779,51895],[48337,-28446],[48547,-28633],[71208,-37864],[55810,-29769],[1389,-951],[-13,-110400]]],"transform":{"scale":[9.406284812569357e-7,4.5001557603117547e-7],"translate":[-70.0787983049999,48.13294913400006]}}