{"type":"Topology","objects":{"95025":{"type":"Polygon","arcs":[[0]]}},"arcs":[[[499998,261850],[-1014,-643],[-2433,-5363],[-496,-4114],[-3158,-12642],[-780,-5066],[-1320,-4409],[-2466,-3404],[-524,-2445],[1477,-5059],[31,-1940],[-2992,-5094],[-1409,209],[-1414,1178],[-2235,-28],[-3850,-3410],[-6308,-7821],[-4117,-3702],[-3609,-2225],[-1914,-1695],[-1083,-2449],[-1283,-6795],[-1380,-1228],[-3350,-52],[-3318,-2204],[-5516,-5163],[-7161,-6139],[-3260,-4611],[-1047,-4874],[589,-1453],[1416,-1683],[-265,-738],[-1380,-976],[-1345,-3166],[-3316,-2458],[38,-2910],[2264,-1427],[856,-1181],[-1087,-1477],[-2203,-1717],[35,-2192],[-3046,-2709],[-4966,-2930],[-3086,666],[-2206,-766],[-1782,496],[-85,-2076],[-2829,-1369],[-2226,-1484],[-198,-4599],[-1378,-1227],[-3879,-1025],[-3046,-2690],[-4472,911],[-853,947],[527,1710],[-562,483],[-3318,-1742],[-2230,-513],[-4175,-289],[1706,-1430],[5585,-188],[564,-1201],[-1089,-742],[-2520,-747],[-1912,-1484],[-1675,-6],[-2829,2625],[-3082,-33],[-3311,-2711],[-4070,-6828],[-2987,-4397],[-1310,-5108],[-1344,-3169],[-4656,-5628],[-1641,-1714],[-746,-6057],[-1088,-993],[-1701,943],[-1123,964],[-2233,204],[-3572,-3663],[-1347,-2685],[626,-3625],[-550,-1457],[-2756,-1740],[-2881,-3660],[-2009,-3424],[-1675,-27],[-853,733],[-660,5797],[-1123,1198],[-2226,-1000],[-3841,-3431],[-4989,-1771],[-1935,-978],[-4689,-3457],[5286,801],[6365,2728],[4129,3685],[1650,512],[586,-968],[-809,-2175],[-238,-1709],[2240,-1426],[4756,-191],[1377,1229],[811,2216],[2139,4374],[2489,1972],[3906,37],[3655,-2856],[6693,555],[5029,-890],[1938,746],[2789,33],[323,-1687],[-1366,-2935],[-2465,-2203],[-782,-3652],[-794,-1710],[-1361,-723],[-14013,9793],[-4004,-4546],[-1117,-1516],[5166,-5739],[-504,-548],[-1496,-111],[334,-814],[-3656,-4457],[1009,-715],[-2763,-3955],[236,-412],[10614,-11580],[-860,-13],[-2196,-1968],[-1605,-3888],[-1640,-1968],[-9141,-4717],[-1648,-493],[-4206,1629],[-2229,-261],[-1376,-1229],[593,-2170],[4238,-3337],[38,-2677],[-1371,-1946],[-2207,-31],[-2820,1171],[-2229,-262],[-1349,-1948],[274,-735],[3380,-1885],[884,-2169],[-1709,-2454],[-7561,6190],[-40528,32794],[-40270,33746],[-39665,34377],[-39311,34985],[-39460,34694],[-32308,28759],[-69,-61],[-91720,80849],[56782,54957],[52504,51425],[54207,51187],[42015,40308],[16865,15789],[23433,-21001],[24339,-21295],[7166,-6047],[34976,-30795],[30259,-26520],[62075,-52745],[47129,-41225],[17707,-14264],[30541,-24257]]],"transform":{"scale":[6.046002252004024e-7,4.637326454653673e-7],"translate":[-69.6166965939999,48.314063505000036]}}