{"type":"Topology","objects":{"95032":{"type":"Polygon","arcs":[[0]]}},"arcs":[[[499999,248313],[-6868,-6570],[-2619,-4316],[-952,-816],[-2665,-430],[-4147,778],[-1461,-215],[-2411,-1049],[-1480,602],[-3686,2605],[-952,-196],[-486,-835],[1483,-1400],[-1712,-20],[-6584,1981],[-4404,2000],[-6838,1767],[-7092,2779],[-9736,1336],[-16061,263],[-7300,-474],[-2923,991],[-2946,2409],[1437,836],[3917,-988],[465,427],[207,2644],[1435,2045],[2430,642],[1692,1031],[949,1651],[-256,1208],[-2227,2233],[-10068,7030],[-7273,-2725],[-3640,-646],[-3640,-23],[-1949,387],[-5607,-62],[-3386,-434],[-8428,-6812],[-8431,-5180],[-5046,-4338],[-3356,-3094],[-1895,-3270],[258,-1633],[1463,-600],[741,-798],[-207,-1633],[-2405,-2685],[-2102,-5114],[-3102,-3094],[-2408,-1444],[-717,-819],[-663,-4899],[-586,-9798],[-1176,-2664],[-1870,-4707],[-2610,-4301],[-5245,-7393],[-4806,-4537],[-1434,-1653],[-922,-3056],[-1917,-2273],[-2869,-2474],[-2839,-4923],[-2400,-2881],[-2639,-1655],[-4835,-1680],[-4812,-2904],[-3601,-3701],[-4754,-6986],[-8621,-7831],[-1403,-3694],[-430,-3675],[3823,-11579],[391,-9778],[2341,-10785],[309,-4066],[-1377,-5327],[-3065,-5740],[-1119,-5912],[-982,-15303],[-1142,-5718],[-1573,-4526],[-10136,-22303],[-7370,-10913],[-5716,-6992],[-4514,-5958],[-5030,-4115],[-3117,-1887],[-4060,-3687],[-3204,-1971],[-26515,20414],[-15374,12003],[-40920,34695],[-53893,44391],[-26272,22318],[-30365,25918],[-6224,5087],[-21132,17923],[-20342,17674],[2986,2581],[69613,60580],[56805,48991],[29719,25573],[50576,43768],[-9833,7932],[-34674,29125],[-32251,26876],[24721,19979],[4333,3708],[5148,4269],[24919,20535],[487,415],[6875,5244],[77821,-64667],[18869,-15703],[61404,-51724],[45346,-38260],[58745,-48479],[24491,-21551],[13899,-11302]]],"transform":{"scale":[6.963708187416841e-7,5.510191520383571e-7],"translate":[-69.48224898599995,48.43549231900004]}}