{"type":"Topology","objects":{"95040":{"type":"MultiPolygon","arcs":[[[0]],[[1]]]}},"arcs":[[[488459,86333],[-1965,-1714],[-1313,833],[-31,2524],[6156,7106],[1225,5638],[254,6470],[969,2548],[-402,6176],[-2370,4777],[2162,12106],[-372,4508],[-3458,14041],[-374,3945],[941,3944],[5514,-21904],[374,-5072],[-569,-6199],[33,-4216],[1028,-3357],[490,-14360],[-911,-4509],[-7381,-13285]],[[496328,167448],[-1599,-2257],[-999,270],[-162,710],[-8273,-4234],[619,-1037],[401,-5905],[-2224,-5098],[-4816,-8481],[-4131,-11026],[-4785,-11571],[-598,-4801],[1717,-6445],[-3534,-5392],[-5843,-5395],[-5472,-7648],[-1281,-3112],[-3191,-6203],[-4839,-7941],[-4502,-6227],[-2220,-5368],[-2216,-7621],[-2563,-4513],[-4185,-6249],[-6201,-7606],[-11681,-21002],[-4571,-9025],[-4357,-4271],[-18718,15604],[-32987,29756],[-79119,66937],[-61074,52824],[-82699,71414],[-93163,79419],[-37062,31547],[104102,88342],[75346,64156],[53352,-44588],[46469,-40875],[44621,-37506],[97833,-82962],[7645,-6484],[8239,-7855],[26021,-21022],[33938,-29382],[22,-2185],[1861,-18281],[550,-18009],[-2731,-19457],[-940,-3945]]],"transform":{"scale":[5.170442920885283e-7,3.990882521766003e-7],"translate":[-69.3433757059999,48.572317276000035]}}