{"type":"Topology","objects":{"95802":{"type":"Polygon","arcs":[[0]]}},"arcs":[[[439644,357643],[-163,-24844],[30080,-27830],[-4741,-45988],[35179,-24147],[-4859,-31885],[-74768,-35770],[-45858,-35681],[-55416,-116657],[-23190,-14175],[-69216,-666],[-221788,168343],[-4904,5998],[57725,57488],[-21078,10420],[76358,64774],[-6966,11851],[31249,1613],[10520,7951],[-107897,83450],[23318,22019],[83663,66092],[292752,-142356]]],"transform":{"scale":[2.8937895875725186e-8,3.189805179607238e-8],"translate":[-69.40676608399991,48.32860204200006]}}