{"type":"Topology","objects":{"96010":{"type":"Polygon","arcs":[[0]]}},"arcs":[[[361840,498807],[48529,-39865],[42070,-34874],[-767,-12212],[-2983,-9942],[-2123,-10275],[103,-3742],[1600,-2554],[3923,-2172],[3899,-1036],[4450,1484],[3129,712],[3584,-591],[1829,-2402],[-3027,-15235],[-3809,-7527],[-2888,-26873],[14732,-2201],[25908,-59183],[-6903,-26109],[-52297,-176398],[-5621,-319],[-5617,-1964],[-5077,-594],[-7642,2121],[-3662,498],[-7617,-52],[-6448,-2805],[-6992,-4441],[-5056,-1153],[-5662,2410],[-9319,1592],[-555,-581],[-6500,-306],[-3668,1880],[-2545,244],[-4764,-3595],[-1683,-857],[-6761,227],[-5356,758],[-11280,442],[-7907,2418],[-6815,2662],[-2812,512],[-5917,-54],[-9836,-3930],[-4469,-2485],[-5915,-1699],[-4767,-341],[-4551,1895],[-7570,-2823],[-12395,688],[-4511,-1135],[-11548,-1204],[-5068,1606],[-9648,5639],[-2547,1921],[-4316,5443],[-3651,1053],[-6205,-874],[-5609,-1709],[-5047,-2508],[-6966,-6949],[-2512,-3312],[-4697,-9097],[-4396,-11274],[-2706,-9888],[-4674,-11566],[-2488,-2226],[-1489,-385],[-1631,-4542],[1769,-1662],[625,-4651],[-865,-840],[-2800,1069],[-5690,4610],[-11352,5368],[-11570,2872],[-8465,-80],[-7065,2132],[-9052,4831],[-2841,806],[-2557,1330],[-11577,2638],[-9327,2894],[-10742,1833],[-5614,-331],[-6612,-2143],[-676,12867],[-61900,1667],[3870,279787],[166,21301],[-3275,156548],[90530,-164],[105648,-254],[138165,-435],[26736,-339]]],"transform":{"scale":[4.0477487554971014e-7,2.7336766273525727e-7],"translate":[-67.67253781699992,49.306424013000075]}}