{"type":"Topology","objects":{"96035":{"type":"Polygon","arcs":[[0]]}},"arcs":[[[318005,0],[-318005,202692],[232287,297307],[10654,-4663],[30012,-6494],[20738,-12221],[54536,15329],[10608,-13112],[7521,-5544],[6179,-389],[32394,-20847],[15292,-13675],[11869,-16087],[7830,-7806],[4358,-6036],[47898,-44890],[7823,-14971],[-810,-11279],[-7674,-20105],[-10992,-14644],[-8956,-10734],[-13423,-11808],[-17330,-12422],[-17541,-20605],[-3521,-9948],[-1835,-16255],[-528,-18316],[-1854,-26108],[-295,-11790],[-1338,-9112],[-5835,-12819],[-22298,-33471],[-25658,-21720],[-7893,-12095],[-6571,-4303],[-19773,-7927],[-4281,-5767],[-652,-8359],[2642,-19427],[-5578,-29579]]],"transform":{"scale":[1.0867299734600093e-7,7.866894733783255e-8],"translate":[-68.4258544079999,49.104281607000075]}}