{"type":"Topology","objects":{"96040":{"type":"Polygon","arcs":[[0]]}},"arcs":[[[259058,434129],[1395,-9375],[5872,-10969],[3790,-4361],[25601,-4894],[8315,4178],[5440,-505],[6200,-1995],[14120,-5014],[13630,-2113],[6912,764],[13198,1827],[3811,-1901],[9573,-6488],[9009,-2503],[4365,1178],[4140,-1042],[4170,-3610],[-648,-8786],[1314,-10065],[1953,-3130],[5859,-4358],[7113,-1867],[11276,-800],[7170,-1622],[3868,-1658],[7196,-10019],[10233,-4068],[12716,-5881],[13297,-9079],[6590,-9552],[2449,-8112],[-2151,-7484],[-4066,-3129],[-6546,-2513],[-2688,-3905],[720,-8762],[-384,-1526],[1299,-2491],[-6,-4234],[-188,-1681],[1269,-2217],[1932,-2852],[2028,-3422],[-53639,-66175],[73434,-45116],[-1703,-8066],[-1480,-4866],[-1437,-5910],[-607,-8619],[-89,-2836],[249,-1959],[-1355,-2538],[-4683,-6008],[-2953,-3137],[-1049,-564],[-3063,-655],[-2192,-1060],[-959,-1145],[-870,-1728],[-812,-3217],[-85,-2215],[-1326,-4661],[-1578,-1764],[-2103,-3331],[-692,-497],[-2717,-967],[-1876,-2876],[-2753,-2974],[-3016,-2888],[-2580,-783],[-14791,-1787],[-30836,-17998],[-26580,-11636],[-47046,-18662],[-627,-15989],[301,-11466],[-24726,57407],[-6636,-1540],[-2800,-1051],[-3591,-1633],[-2040,-293],[-7246,-339],[-2935,373],[-8024,785],[-3394,1191],[-5867,1205],[-2420,1026],[-10358,-1992],[-17258,-11495],[-6517,1230],[-4329,1026],[-4247,1672],[-3144,4826],[-13571,4436],[-26993,-15823],[-11445,-15887],[-8659,-17431],[-9953,3465],[-3097,5472],[-8933,5980],[-19503,-2203],[-18401,-12033],[-9890,-2385],[-6678,12919],[3436,10750],[19569,15833],[8577,36285],[15919,22644],[-4035,16600],[5431,15111],[-5659,21943],[2643,23151],[1167,23291],[-9532,7329],[-7943,14980],[-15046,-8430],[-31273,-14181],[-26572,1014],[-31208,-549],[4313,18467],[-3535,14602],[-9046,11818],[-3242,10675],[8138,12942],[212,14927],[-5886,13501],[7247,24705],[12921,9283],[12485,11914],[-2468,8121],[98386,66678],[114874,77687],[6390,-23755],[5418,-33108],[1341,-9007]]],"transform":{"scale":[4.7060797321592173e-7,3.534390208780008e-7],"translate":[-68.6265993959999,49.050275311000064]}}