{"type":"Topology","objects":{"96802":{"type":"Polygon","arcs":[[0]]}},"arcs":[[[463445,258841],[-4310,-7765],[-9967,-6930],[-15230,1057],[-12423,-19749],[-13702,-6224],[-8744,-11939],[-10374,-18998],[2863,-11398],[10346,-8329],[-13504,-417],[-3552,-2442],[-13054,-6267],[-8534,-2701],[-730,-3614],[640,-2197],[3157,-1748],[2850,-2396],[331,-3073],[-4410,-12274],[-6640,-29839],[-8,-1315],[671,-4813],[3864,-15777],[1060,-17524],[1934,-11170],[1920,-5923],[352,-3511],[-922,-2632],[-1162,-1976],[11308,-17108],[-975,-53],[-12868,-3217],[-12036,-4917],[-12590,-8837],[-10182,-2825],[-14309,1233],[-14368,3711],[-13691,6240],[-14446,8409],[-3419,6334],[-4396,7453],[-5151,4453],[-6590,3112],[-8356,1487],[-7831,-133],[-10169,-866],[-13300,-1757],[-6141,-577],[-4892,65],[-9265,2031],[-5687,-92],[-28861,-2897],[-11280,1754],[-6680,869],[-9190,753],[413,3552],[-947,1547],[-15,2405],[3733,3081],[2788,5489],[935,876],[3409,3749],[4688,2869],[2815,221],[651,-423],[336,-3300],[1578,-1076],[3143,12],[1867,1539],[574,4599],[1565,1331],[2212,223],[5635,1338],[2496,1328],[2141,6140],[2500,2415],[1258,455],[2838,-658],[2508,-866],[1260,436],[-37,2862],[941,2192],[6556,3968],[3449,1115],[3118,449],[4062,2851],[5984,38],[2186,-216],[3145,659],[612,1544],[-1896,2848],[-17,1528],[3415,3957],[597,3738],[-1606,5026],[-60,7671],[1870,1768],[3771,7],[2536,-866],[3751,885],[5932,4198],[3448,446],[2521,1329],[289,2404],[918,1981],[-321,1299],[-6617,3933],[-5680,857],[-6892,-472],[-6595,-896],[-3466,869],[-7250,3265],[-30881,11047],[-3463,1747],[-3428,3711],[-22348,5263],[-12324,3520],[-13125,2233],[-9867,7385],[-168,26442],[-5770,13832],[-7411,11247],[-674,9008],[6626,20151],[-15595,12254],[-11582,4361],[-12184,-73],[-18389,-3247],[-7693,68],[-15300,581],[-15230,1019],[-1041,882],[29966,19316],[52851,33115],[61552,33000],[71002,38008],[121255,64767],[25280,13479],[49530,26781],[2136,-5600],[-10809,-8218],[-11187,-6402],[-6275,-17041],[5095,-9313],[-182,-10294],[-7046,-8926],[2806,-7362],[7833,-8151],[3060,-10073],[-3734,-12736],[27021,378],[23008,-700],[27078,9782],[13027,5814],[6878,-10333],[8254,-5054],[-1011,-16065],[-2289,-15968],[4900,-15134],[-4703,-10422],[3495,-11448],[-13784,-15618],[-7427,-25027],[-16943,-10922],[-2976,-7414],[5784,-8910]]],"transform":{"scale":[5.435219250439132e-7,5.124396928794726e-7],"translate":[-68.83485935999994,48.919751331000036]}}