{"type":"Topology","objects":{"97035":{"type":"Polygon","arcs":[[0]]}},"arcs":[[[499728,151809],[271,-76644],[-2448,-73961],[-79456,-130],[-41898,-356],[-72608,-718],[-61351,431],[-51245,289],[-87003,570],[-25179,132],[-78170,1023],[-327,178523],[-314,292887],[88257,2027],[118244,2422],[13290,-25717],[-1055,-14126],[9581,-17492],[4689,-17204],[5825,-1614],[7588,6792],[8150,-14435],[3414,-8470],[9491,-6314],[10096,-3902],[10745,-30267],[8343,-9504],[6831,-1735],[6616,15322],[-384,42541],[-713,24718],[405,9879],[6435,13190],[9723,-8172],[6539,-1540],[12314,32390],[17432,8669],[11207,12824],[22721,15848],[11795,14],[9585,-21080],[-1910,-30884],[8031,-31328],[738,-25883],[-7537,-27111],[-7953,-27395],[299,-9790],[4381,-23806],[-3275,-41804],[-1854,-22449],[-6519,-17630],[1917,-7488],[18934,-3105],[10165,-18666],[979,-24912],[419,-9308],[4245,-24287],[10068,24830],[5391,-1930],[2801,-8086],[-4730,-16002],[5772,-7265],[17553,43492],[10386,8249],[11471,-25774],[2792,1222]]],"transform":{"scale":[9.41282480565038e-7,3.5004744409489896e-7],"translate":[-67.44679792399995,52.700433421000064]}}