{"type":"Topology","objects":{"97040":{"type":"Polygon","arcs":[[0],[1]]}},"arcs":[[[469682,222334],[-83048,-34209],[-2429,-507],[26165,-14634],[17460,9090],[47073,-3543],[4589,5186],[2773,-8457],[11184,-36865],[6550,-41029],[-43711,-32096],[-84109,-60866],[-5396,-4404],[-60042,17031],[-73587,55268],[-28526,16099],[-30346,32366],[-9498,12153],[-13988,5695],[-62935,38761],[-54712,32758],[-19639,16066],[142532,119674],[-156042,119565],[142149,34563],[296713,-207906],[16865,-29003],[1732,-2080],[-340,-14402],[12563,-24274]],[[267720,188358],[-19267,22402],[-14189,-10001],[7407,-24338],[3932,-3718],[554,-2134],[5111,-520],[835,1427],[-108,3714],[2161,455],[1758,1870],[4233,-2554],[2571,-758],[5635,-6546],[2325,-74],[838,1433],[1715,-1116],[3783,-4932],[-535,-911],[-4326,-405],[3168,-2307],[5698,-7175],[4195,-4596],[556,-3828],[-1099,-1508],[-4172,-144],[-7127,1796],[-1916,-3979],[-4772,-3621],[1426,-1383],[-1876,-895],[-2416,1039],[7635,-8942],[-1277,-3905],[3287,-552],[6741,2840],[1466,2619],[3678,-279],[153,1944],[5015,-1117],[-188,-1206],[19365,-1474],[3418,209],[7995,2449],[-6782,10056],[-1255,-577],[-5476,8125],[1315,479],[-5304,7864],[1769,518],[850,-1629],[6781,2992],[-12335,18218],[-8546,-3082],[-11252,16612],[-9180,-3236],[-3971,4381]]],"transform":{"scale":[2.1280781561571121e-7,1.7330615461231838e-7],"translate":[-66.87799435999995,54.77644560600004]}}