{"type":"Topology","objects":{"97806":{"type":"Polygon","arcs":[[0]]}},"arcs":[[[497781,136564],[-6380,-115246],[-283,3],[875,-21321],[-50749,1478],[-5027,15096],[-168777,127859],[-216103,163284],[6568,17188],[-33398,25426],[-18067,122],[-6440,122574],[57,1128],[54010,25844],[206377,-153205],[239555,-170205],[-2218,-40025]]],"transform":{"scale":[3.0245366290729496e-7,2.1781309762611e-7],"translate":[-66.87700982499989,54.843391256000075]}}