{"type":"Topology","objects":{"97804":{"type":"Polygon","arcs":[[0]]}},"arcs":[[[487100,0],[-3471,918],[-21878,12411],[-38257,15078],[-31483,17092],[-18952,8094],[-15595,2782],[-8930,5924],[-12616,3382],[-9784,4127],[-16745,5067],[-19277,4029],[-16467,8006],[-28181,10655],[-23726,13029],[-19354,13442],[-15774,6015],[-11729,6019],[-13281,9864],[-30177,18865],[-18610,8920],[-14252,5259],[-17807,9595],[-28049,10221],[-10955,5990],[-41750,13588],[3352,60690],[7583,56848],[-3471,17614],[7577,137119],[-115,9356],[224766,-110077],[61975,-30128],[100767,-49444],[-19217,-158814],[21443,-7801],[19803,-12371],[17780,-14429],[29853,-11049],[10381,-13465],[17522,-17354],[-12899,-75067]]],"transform":{"scale":[9.008354016707451e-8,6.4035368070689e-8],"translate":[-66.21093848599992,50.19497089100008]}}