{"type":"Topology","objects":{"97808":{"type":"Polygon","arcs":[[0]]}},"arcs":[[[192621,374292],[22865,-24579],[52860,18160],[64777,-93219],[49208,17296],[71009,-102221],[-39032,-16793],[-4895,9142],[-10188,-2906],[30541,-44122],[-7578,-2686],[31526,-45596],[7234,3238],[39051,-56421],[-46037,-13753],[-19673,-1174],[-111500,8278],[1080,6764],[-28872,6271],[-884,-10908],[-21179,1570],[-8439,-14702],[-38810,-15931],[-18920,3097],[7350,21905],[-43955,50174],[13903,-5820],[10803,5022],[-8212,7760],[27482,20310],[11026,22325],[41031,-10074],[24028,809],[6327,8461],[-3200,21479],[-24154,25786],[-32803,40262],[-18241,12948],[24909,2271],[3072,5112],[-21783,27674],[-9868,6261],[-4829,-8036],[-13382,416],[-32451,36733],[-14795,4248],[-24368,14327],[-10127,-10486],[-12444,-2552],[624,-20844],[-4814,-8011],[-29417,2922],[-3199,11970],[-22636,20864],[-42642,136569],[81691,56116],[110930,-125706]]],"transform":{"scale":[3.696164992336684e-8,3.0885757771556754e-8],"translate":[-66.82814100199994,54.79752884000004]}}