{"type":"Topology","objects":{"97802":{"type":"MultiPolygon","arcs":[[[0]],[[1]]]}},"arcs":[[[285641,1780],[-8909,4622],[2063,10895],[-7038,10424],[-29481,14514],[47474,41368],[9937,-1209],[35858,-34302],[-49904,-46312]],[[499998,469547],[-84430,-83162],[-86579,-89013],[-72724,-67243],[-17568,-17484],[-59082,-51931],[-58492,-55349],[-17533,17011],[-22858,14249],[-29716,29510],[-25657,13061],[-6397,5561],[-10290,19196],[-8553,28827],[-119,11476],[8873,1754],[11560,-22042],[23012,-10173],[6340,-7087],[-4049,-5223],[8644,-4358],[2718,-8245],[15389,-15281],[16237,-14],[4471,-12890],[7240,-5077],[-4597,31505],[-6472,3522],[-8629,-9919],[630,16804],[-7388,15789],[-7000,-10480],[-4321,2178],[2983,20808],[-14951,26994],[-686,18377],[-11614,27906],[-19304,28410],[-2810,20484],[6203,11274],[2138,20324],[-4865,24376],[1513,18306],[8755,20623],[10174,-329],[-7610,-26777],[10164,-22506],[11746,-2417],[9497,-11013],[17917,-6696],[35456,-1398],[29923,5154],[15371,8354],[31444,-21718],[20125,15364],[-4696,7690],[9952,10722],[-15532,16847],[23054,18292],[20208,10309],[37348,4912],[22852,7419],[21026,10027],[19569,640],[19699,-3187],[9719,2234],[23008,11491],[20307,12854],[26352,5262],[17004,5568],[35901,-30452]]],"transform":{"scale":[5.0938693877353625e-8,3.528543057085008e-8],"translate":[-66.41296496899992,50.21228414500007]}}