{"type":"Topology","objects":{"97810":{"type":"Polygon","arcs":[[0]]}},"arcs":[[[499999,108732],[-24080,-52537],[-247013,35908],[-91618,-92103],[-137288,148255],[12743,5152],[435773,346592],[8077,-30138],[19883,-222640],[23523,-138489]]],"transform":{"scale":[4.0555407110817554e-8,1.7105266210595064e-8],"translate":[-66.79623224699992,54.80642496300004]}}