{"type":"Topology","objects":{"98025":{"type":"MultiPolygon","arcs":[[[0]],[[1],[2]]]}},"arcs":[[[29275,384369],[-4329,-28362],[-11720,6558],[-3833,8659],[4353,26598],[11658,-2162],[3871,-11291]],[[209404,498797],[2116,-10],[77213,14],[74060,-688],[78138,665],[57729,-603],[1339,-43840],[-1005,-10944],[-20455,-63571],[-7745,-59172],[-4528,-44988],[-5080,-56891],[-8991,-40490],[-23397,-37866],[-25475,-23490],[-85096,-21901],[-87908,-76535],[-68807,-18487],[-650,48935],[-12652,1102],[-2235,8719],[4404,60944],[-322,59003],[-9061,42800],[-11358,18937],[-4329,43874],[-9966,-4808],[-4957,13895],[-13261,3882],[-2728,6057],[18206,19217],[364,11467],[-13690,-3189],[-16148,-15616],[-11121,2191],[-11511,-7512],[-4769,36802],[9513,-500],[8268,12673],[18438,3382],[4601,10747],[-2218,6969],[-13702,-2323],[-6016,13850],[-13656,-5837],[-4005,20982],[-5378,5940],[-14103,-11144],[-9015,2279],[-19305,18585],[-9150,-2942],[8034,32896],[316,11811],[-109,34134],[47019,1797],[78521,-887],[75623,-315]],[[155603,95346],[-1314,-22032],[-534,116],[-592,-8485],[-2616,-532],[-2497,-5640],[582,-774],[-1394,-3154],[792,-1048],[1207,2587],[830,-1242],[723,181],[1201,1528],[648,138],[883,-1232],[1006,-430],[3459,7505],[2928,-161],[797,8752],[4858,10044],[1403,8405],[302,10620],[-8098,1479],[-1502,-587],[-1000,-1271],[-1025,-2014],[-1047,-2753]]],"transform":{"scale":[6.74064278128533e-7,2.594527529055425e-7],"translate":[-61.902569956999905,50.10991693500006]}}