{"type":"Topology","objects":{"98030":{"type":"Polygon","arcs":[[0]]}},"arcs":[[[480071,47233],[601,-3429],[-6422,-9698],[-1224,-8495],[-5733,620],[-3470,-4363],[-424,8854],[-3833,1115],[-944,7565],[-2222,2446],[-8152,-1586],[-7445,-11280],[-2280,-10229],[-5682,-2342],[-4665,1925],[-1822,-5146],[1995,-4985],[-1224,-8078],[-3270,-127],[-3977,9552],[-8766,2595],[-2380,-4322],[-2192,755],[-2673,12562],[-8002,5585],[-5741,1029],[-1015,-4265],[1803,-9644],[-18889,4703],[-9163,-5873],[-4947,2320],[-9301,16926],[-9625,4654],[-7079,14480],[-669,6733],[4597,17090],[159,6570],[-8851,-23420],[-1363,-56],[-421,-6775],[2304,-6662],[7463,-5592],[722,-9686],[7967,-3455],[3656,-6183],[-1869,-2193],[-14753,1905],[-11766,17230],[-10397,2080],[-9157,8467],[-13653,1087],[-12227,-2235],[-13413,-11584],[-4399,1911],[-5609,8193],[-11377,10046],[-9351,18154],[-8331,7642],[-25640,13594],[-1442,-9787],[-3194,-3947],[-7647,480],[-2310,6231],[675,7213],[-2275,4541],[-4693,2735],[-2918,9573],[-11429,11711],[-4212,32747],[-2515,2835],[-2087,-4745],[728,-35878],[-1222,-6818],[-2704,-1395],[-3371,-8614],[-3261,-579],[-4562,9497],[-6781,-2024],[-3146,7029],[-3850,1501],[-2647,-3926],[-1842,-16567],[-2137,-2222],[-2873,7044],[-925,18118],[2642,17456],[-3871,2341],[-5058,-6161],[2477,11949],[-2275,4533],[-6204,-3687],[-2347,-5182],[-1109,-12308],[-5344,-5338],[-1959,-10660],[-6604,-10469],[-5038,-19683],[-10619,-958],[-5824,4357],[-1823,8776],[-3579,1509],[-2336,7064],[-3362,4055],[-5153,-1531],[-2226,1996],[-998,8396],[-2757,1128],[-2898,-4793],[-2711,-13240],[-4374,198],[-6993,-4584],[-7319,10182],[-446,8009],[2785,9856],[-1219,5850],[-8416,-2128],[-4484,5260],[-3448,-447],[1236,10963],[326,22267],[93,51302],[823,50747],[443,60899],[463,46512],[34404,-396],[46736,-595],[57517,-830],[1822,119469],[131418,9244],[757,-3189],[-974,-6380],[-12582,-30139],[-1068,-15678],[2231,-16371],[11403,-23575],[1285,-10083],[-5044,-22608],[5364,-8637],[1830,-24422],[11271,-46389],[9891,-17300],[5923,-39030],[522,-13493],[-560,-13967],[4542,-12492],[1651,-12161],[-7925,-29315],[-1712,-10390],[-14966,-17133],[1782,-22313],[-1194,-6458],[54045,2634],[33110,1568],[45514,2098],[71880,3177],[1564,-3812],[4996,-5301],[1182,-5444],[-3346,-12380],[-11770,-13972],[-5618,-6556],[-1795,-6824],[2601,-6431]]],"transform":{"scale":[0.0000013068848377696674,5.410909681819452e-7],"translate":[-62.54938398199994,50.20255195300007]}}