{"type":"Topology","objects":{"98035":{"type":"Polygon","arcs":[[0]]}},"arcs":[[[499999,496588],[-755,-85305],[-717,-111697],[-1340,-93074],[-150,-94093],[-529,-40842],[-2009,-20108],[-3243,-473],[-7504,-1991],[-6460,-9686],[-1650,-28769],[-2568,-4797],[-16111,7564],[-7045,-2753],[-7698,8068],[-13375,-18632],[-10663,905],[-20017,25125],[-12355,-3078],[-18528,-5004],[-9585,13357],[-6613,-1964],[-13730,-22552],[-1618,13849],[-16388,-1021],[-8481,2574],[-7789,11909],[-7953,-1281],[-10340,-14598],[-6969,15065],[-20409,246],[-1049,7680],[7566,19861],[200,11639],[-7504,-2030],[-16734,-26638],[-7960,-1293],[-1019,6143],[10240,19254],[34203,40148],[22175,43252],[-19077,-440],[-10245,-19240],[-7489,-2805],[-7305,-11314],[-14609,-1708],[-11934,-23235],[-7959,-1293],[-2808,6801],[147,13953],[12043,38752],[-654,10033],[-2220,-142],[-7765,-10576],[-17664,-66243],[-11579,-18568],[-4021,1281],[-6062,13564],[-1593,12284],[321,46523],[5128,29792],[-3026,16848],[-9506,-12245],[-6648,-439],[-5513,-11986],[11312,-30257],[-2172,-22616],[4317,-35365],[-5376,-18180],[-7972,-518],[-6669,-19808],[-6607,-1991],[-7343,11145],[-12233,-8559],[-3154,2107],[138,13966],[-6730,3427],[-19150,-16771],[579,13977],[-8044,2574],[-1623,13060],[4958,16603],[-6750,4202],[-11260,-12375],[-7157,2612],[8608,51735],[-1333,20056],[-6925,11935],[-9841,3220],[-5630,13563],[2367,13332],[-434,12282],[-4965,9248],[-9158,10100],[-8743,10652],[-8106,8284],[-2891,13758],[-1458,4557],[-4234,10565],[-778,14676],[4315,25098],[3535,59920],[-1236,20165],[-4179,28347],[-10721,24015],[-184,-14],[-4560,56127],[134332,-376],[81446,-421],[56019,-374],[57804,-460],[67371,-626],[103027,-1154]]],"transform":{"scale":[8.042661545323221e-7,2.9501668603329866e-7],"translate":[-62.94709270399994,50.25793485100007]}}