{"type":"Topology","objects":{"98806":{"type":"Polygon","arcs":[[0]]}},"arcs":[[[434690,264836],[-90674,-81879],[-18956,-90836],[-69554,1671],[-82235,-77904],[-23914,4458],[-20985,12788],[-15390,-1437],[-28529,-15860],[-17203,-1867],[-19733,12883],[-28663,-26853],[-18854,10895],[33143,32728],[-13840,8030],[59387,58537],[62161,5526],[14056,88065],[12713,-1209],[31218,228671],[24877,28573],[24342,20910],[23765,13188],[35716,6085],[192461,-15337],[-7175,-110236],[-33368,-87229],[-24766,-22361]]],"transform":{"scale":[2.8361746723490444e-8,2.4997771995510408e-8],"translate":[-61.803322412999925,50.12387462800007]}}