{"type":"Topology","objects":{"98804":{"type":"MultiPolygon","arcs":[[[0]],[[1]]]}},"arcs":[[[49154,234184],[-7894,-46852],[-41260,28216],[9716,73470],[23422,-13552],[16016,-41282]],[[499999,96053],[-34187,-96053],[-251037,7258],[-62468,118645],[-7505,11350],[-43255,83107],[63321,251621],[155983,28018],[179148,-403946]]],"transform":{"scale":[4.6380184760319486e-8,1.722268244539393e-8],"translate":[-60.66624256299991,50.21010920400005]}}