{"type":"Topology","objects":{"98808":{"type":"MultiPolygon","arcs":[[[0]],[[1]]]}},"arcs":[[[232726,93830],[246,-192],[25142,14816],[1265,-2029],[16462,-18144],[12852,-11124],[15452,-9194],[33526,-12180],[18722,-3693],[14358,-1279],[18302,1933],[13252,5925],[-1393,-23985],[-33270,1587],[-24045,-10713],[-13247,-1724],[-18449,365],[-5373,-5844],[-4263,-8843],[-9467,-6759],[-13228,-2753],[-26372,1469],[-32634,9569],[-28833,3503],[-30344,-399],[-3204,-420],[-20973,16508],[-46502,29468],[-79192,95981],[-6393,36147],[52926,32936],[102062,44483],[42919,846],[27909,-3712],[17425,-17659],[10059,-26599],[-6769,-26102],[-34308,-48628],[-12188,-22500],[27568,-31061]],[[499999,497061],[0,-184378],[-19631,-21168],[-56991,-40814],[-41196,-30898],[-2680,13326],[-16643,15145],[-28023,38753],[-20696,19663],[-49012,18275],[-49782,8220],[-80071,-16211],[-74215,-24465],[-61059,-18777],[19393,33415],[28945,46565],[31880,137350],[120593,4056],[77459,-3500],[68158,8019],[149000,362],[4571,-2938]]],"transform":{"scale":[1.3320862841726168e-7,1.1344059088115212e-7],"translate":[-64.06660417799992,50.28674620800007]}}