{"type":"Topology","objects":{"98802":{"type":"Polygon","arcs":[[0]]}},"arcs":[[[269724,67808],[-81345,-67808],[-85442,34459],[-29841,80081],[-34790,64008],[-10729,16318],[-27577,84401],[21689,74586],[134326,101709],[109472,44437],[80630,-10343],[89146,-4191],[64735,-20096],[-307,-114341],[-35885,-71435],[-25250,-51262],[-38248,-39262],[-84596,-77271],[-45988,-43990]]],"transform":{"scale":[7.80088160176552e-8,4.486523573049213e-8],"translate":[-58.69775700999992,51.20982520100005]}}