{"type":"Topology","objects":{"99005":{"type":"Polygon","arcs":[[0]]}},"arcs":[[[359077,226194],[6196,-6291],[425,15],[130104,-152720],[4197,-4421],[-25940,-14993],[-44627,-47784],[-5635,9872],[-21545,30026],[-124248,140439],[-26566,-30046],[-22551,-32863],[-34706,-27066],[-50345,-9350],[-16243,-14727],[-12786,-24276],[-8675,-6160],[-26418,5517],[-25014,-4493],[-38116,39344],[-16584,19281],[49677,62725],[58938,47237],[71400,42951],[-63870,114501],[-588,137086],[108763,-4664],[-8484,-8220],[-5769,-30809],[7324,-32120],[27084,-24749],[62548,-32933],[40583,-24110],[38943,-18483],[18665,-19457],[-1784,-25590],[-7460,-11650],[-42495,-35333],[5602,-5686]]],"transform":{"scale":[3.156737113473195e-7,1.9012925025858103e-7],"translate":[-77.0729692999999,49.002296700000045]}}