{"type":"Topology","objects":{"99015":{"type":"Polygon","arcs":[[0]]}},"arcs":[[[165552,316459],[7143,-738],[42459,-4181],[-1296,-67596],[32832,68],[-1561,-51389],[54838,-3810],[1480,28603],[22112,-632],[-570,52082],[66768,3132],[1013,77305],[106038,-6835],[2793,-107224],[398,-13960],[-113191,6269],[-1983,-12536],[-2551,-54825],[-120,-3364],[-22742,408],[-1394,-66749],[-46537,1993],[703,-92480],[-40268,2863],[-1118,25255],[-77424,6120],[-2216,167624],[-92,-4],[-574,15210],[-48510,342],[248,27387],[-40267,-902],[668,75914],[-23191,1628],[-3871,183],[285,65163],[-16601,1014],[4,174],[-19100,1760],[1572,16318],[-41729,3096],[146,5170],[2148,85684],[123284,-4142],[-1640,-112031],[43116,-2675],[-1502,-64692]]],"transform":{"scale":[5.137033914067653e-7,2.3166330932655368e-7],"translate":[-77.85503517599994,49.69557824100008]}}