{"type":"Topology","objects":{"99010":{"type":"Polygon","arcs":[[0]]}},"arcs":[[[445269,477651],[52519,-12],[872,-111982],[-5851,-14679],[-4396,-13765],[320,-11240],[4098,-3733],[6049,15078],[907,-116697],[212,-19908],[-13743,-104241],[-3109,-520],[-23984,-957],[-6497,8257],[4050,36417],[3100,38219],[3534,21750],[-5739,16773],[1677,19406],[-1443,7366],[-2771,-13236],[-4971,-11013],[2022,-24832],[-2327,-19592],[-6396,9839],[-8837,1746],[-10717,-1003],[-5270,-12407],[-9359,3526],[-13626,-6532],[-11707,10089],[-12003,15440],[-4271,13147],[2577,26941],[-689,15878],[-4005,646],[-3620,-16615],[-6502,11586],[-8601,18748],[-12916,11254],[-5926,-22748],[-6781,-32858],[-6456,8988],[12,20233],[-4904,6591],[-7274,-20564],[-6505,11558],[-12804,-13785],[-10171,-12624],[-10918,2448],[-15325,-3291],[-11863,21075],[-4655,17274],[-3260,-21211],[-5362,-17438],[-20508,-4515],[-11618,-1970],[-12321,-13087],[-8962,-17259],[-7010,6935],[-11870,14261],[-9814,-421],[-29425,12585],[-15430,18563],[-15230,8232],[-9512,-5820],[-7552,-22076],[-4693,-27411],[-4537,-35145],[-6460,2125],[-10161,-2676],[-3551,-5788],[4378,-35458],[828,-44617],[-1495,-10327],[-1837,-22627],[-3180,-33945],[-6911,8455],[-220,30539],[3288,22050],[2287,23029],[-1374,32512],[-3863,13049],[-388,-16465],[-3883,-31578],[-6083,-32791],[-3739,-19083],[-549,66235],[-3474,26139],[-4824,24932],[-1971,22983],[4338,21870],[3797,13138],[36407,-2789],[191,98384],[4410,-951],[141,75042],[64,125299],[148479,-6169],[192019,-6350],[316,-51505],[25543,2971],[566,-39474],[29056,-6767],[-58,84946]]],"transform":{"scale":[0.0000011173724727448951,1.829051338102252e-7],"translate":[-76.4842316239999,49.681529966000085]}}