{"type":"Topology","objects":{"99020":{"type":"Polygon","arcs":[[0]]}},"arcs":[[[0,499999],[32439,-378],[-2,338],[466689,-210],[873,-187652],[-205,-26367],[-1016,-271444],[-318721,-5854],[-146443,-3232],[-31225,-5200],[-2389,499999]]],"transform":{"scale":[3.726018392037674e-7,8.882008964014192e-8],"translate":[-74.92657874699995,49.76183458700007]}}