{"type":"Topology","objects":{"99025":{"type":"Polygon","arcs":[[0]]}},"arcs":[[[499999,115853],[-10501,-7526],[-20536,-8444],[-17129,-3112],[-13465,-9947],[-15713,-26139],[-3964,-15292],[-846,-8643],[190,-911],[-22,-4565],[-2022,-9984],[-5082,-13554],[-3861,-7167],[-1176,24],[-54768,57],[-76258,9],[-69788,-66],[-42549,-74],[-71073,-180],[-44853,-152],[-46583,-187],[475,307621],[-259,682],[260,372],[277,177988],[-343,13335],[6598,-78],[10018,-212],[91951,-221],[78011,-281],[37354,-165],[58792,-300],[134103,-870],[79509,-634],[151,6],[293,-35732],[40,-6364],[-1980,-46883],[689,-158578],[2976,-42],[1084,-133791]]],"transform":{"scale":[9.045104890209133e-7,5.84148090296126e-7],"translate":[-74.46835688199991,49.73414357100006]}}