{"type":"Topology","objects":{"99030":{"type":"MultiPolygon","arcs":[[[0]],[[1]]]}},"arcs":[[[148216,226300],[2968,-78],[1456,3135],[1197,180],[80,-4872],[-1091,-4206],[1172,-879],[2213,1635],[838,10353],[2205,1207],[1442,-6175],[-2134,-6507],[-3306,-5837],[1142,-1935],[2429,2471],[1306,-3422],[-883,-3784],[752,-1717],[1395,386],[2362,7771],[1191,176],[503,-3824],[-3283,-13247],[-2484,-4590],[966,-873],[2435,2476],[984,-241],[1107,-3205],[1490,832],[2523,-5854],[2032,-34058],[481,-1658],[-183,132],[-147,-6138],[2066,-4502],[-1445,-2499],[-1235,-2083],[122,-3178],[4612,-5420],[3155,-16390],[-1465,-3557],[963,-875],[4330,-543],[2567,-72],[1325,5891],[1434,2078],[3067,12614],[2574,140],[-743,-6119],[-2680,-12839],[258,-5511],[-3162,-123],[-4648,-4527],[-1048,-2511],[884,-4258],[3092,5417],[1971,-54],[375,-857],[-346,-6131],[-2125,-6292],[481,-4458],[2730,-1346],[2012,1639],[1880,4392],[1601,801],[563,-1074],[-689,-4003],[-2675,-4584],[-6926,-9119],[329,-2549],[3744,-103],[313,-3397],[-3393,-1811],[-681,-3580],[1449,-5333],[6128,674],[-457,-2527],[1564,-466],[3452,4134],[3461,-3485],[4424,-3924],[96,-11244],[973,-30390],[-54826,991],[-32333,543],[-32981,13593],[-23585,9692],[-12740,5571],[-36129,15759],[-13057,6495],[2922,5190],[1867,4614],[2984,1412],[5426,4955],[2084,5454],[4567,1587],[5828,5366],[2181,370],[2754,9249],[3943,9431],[2084,5243],[2003,1433],[2240,3333],[4373,1374],[2219,2273],[2742,-911],[2235,2911],[2958,-74],[1023,1670],[-2329,1958],[-3549,90],[-2776,-569],[-1331,2361],[1241,2724],[3593,1815],[1630,2502],[1603,1017],[-1903,3437],[3331,7962],[1884,14346],[2520,6924],[152,6980],[882,4424],[2240,2910],[5393,2619],[-141,2543],[-1538,2154],[1255,3145],[8322,9742],[1647,3132],[3799,1812],[2498,5652],[10331,10746],[5330,8332],[4461,4752],[12340,11537],[4619,2845],[5046,4311],[4978,1140],[2378,150],[1737,-1953],[3871,-3913],[2045,-5769],[490,-4459],[-899,-4633],[4314,-1599],[2319,-2391]],[[455826,465161],[1737,-1755],[6906,4417],[2063,5926],[33467,-17877],[-23600,-44116],[-5569,-3961],[-5932,2817],[-8247,3878],[-47339,22116],[-18507,8623],[17199,47901],[736,2019],[1685,4850],[14508,-6841],[32871,-15531],[-250,-8077],[-1728,-4389]]],"transform":{"scale":[0.0000018055093970188202,0.000001080369730739497],"translate":[-74.23094769999994,50.21724459700004]}}