{"type":"Topology","objects":{"99040":{"type":"Polygon","arcs":[[0]]}},"arcs":[[[495715,410703],[-10373,-16596],[-228773,-181823],[-30350,-24180],[-215852,-188104],[-282,1682],[-10085,6452],[3916,10944],[4853,53708],[11060,35062],[-112,572],[87547,149949],[1053,257],[8768,-13629],[5089,20037],[-8823,23598],[14652,18873],[33814,11632],[6007,11278],[-205,305],[107118,145728],[6647,-7],[218615,23557],[-1109,-9069],[-11097,-43760],[91,-23702],[7831,-12764]]],"transform":{"scale":[4.228421636843235e-7,1.8332405664817897e-7],"translate":[-76.44584048099995,51.66272177900004]}}