{"type":"Topology","objects":{"99065":{"type":"Polygon","arcs":[[0]]}},"arcs":[[[265436,499998],[31884,-29537],[24286,-3502],[1458,-868],[24142,5171],[-647,797],[-771,5941],[6604,-413],[305,-237],[9679,7215],[471,-281],[4020,1127],[-1913,10143],[6501,435],[27117,-29873],[2748,-769],[72462,-67605],[-13550,-76477],[20737,-15170],[-2977,-5817],[-18500,13658],[-6640,-9472],[3902,-9146],[170,-10],[9606,-5356],[4360,-6133],[5016,-43768],[-6796,-2596],[-24980,17417],[-11143,-99054],[48059,-78466],[18952,-24160],[-1431,-21935],[-11861,-19910],[-155,-30],[-33193,-11317],[-123740,104360],[-174034,150060],[-30663,28765],[-100422,93991],[-2172,1847],[8577,8907],[-14298,12323],[-396,5421],[-16210,19860],[2300,2669],[9612,-4234],[3267,-5153],[-504,-2920],[5275,-4351],[11305,-1945],[7953,-10450],[85713,-93],[46848,57],[-3787,7951],[4339,4856],[6493,-6955],[52919,193],[1083,70651],[-9505,4639],[-10805,9542],[2651,7034],[8552,-1562],[30526,-16323],[27974,-4544],[-25778,21366],[3682,3679],[5323,357]]],"transform":{"scale":[6.735893191787024e-7,5.348223476446624e-7],"translate":[-67.08414553099993,55.03657547100005]}}