{"type":"Topology","objects":{"99070":{"type":"MultiPolygon","arcs":[[[0]],[[1]],[[2]]]}},"arcs":[[[494143,158774],[668,-20947],[1087,-49395],[4101,-88432],[-51576,1758],[-27092,-709],[-2065,1307],[-330,911],[-4192,6660],[-1416,5439],[-1386,1942],[-818,2353],[203,1280],[6,4174],[-736,2250],[-1272,1502],[-3385,1909],[-4631,6978],[-187,796],[-1412,2884],[-3231,5511],[-15,1037],[-3559,6346],[-129,750],[-2114,4426],[-3224,5864],[-3444,4936],[-8636,10934],[-984,1598],[-731,1869],[-1964,2842],[-4371,10331],[-2616,4185],[-1126,3940],[-3032,5393],[-879,2996],[-819,4545],[-933,2056],[-115,2040],[147,340],[3294,-1200],[4879,29],[3097,985],[4045,3180],[5073,1862],[7517,395],[2305,-86],[1666,-994],[1892,238],[1253,597],[1527,2665],[1341,1057],[1032,-178],[409,-730],[1247,-365],[1704,1817],[8559,4105],[3918,3238],[3176,2024],[2615,1147],[2128,151],[3859,-713],[6913,-499],[5695,1008],[2884,-404],[6360,4291],[374,860],[1941,2362],[1177,411],[5110,3391],[963,-262],[441,-1335],[-286,-476],[-1119,530],[-769,-255],[-377,-532],[-95,-1475],[2748,40],[306,703],[4395,1115],[916,570],[268,2497],[1631,2011],[1131,305],[1073,1794],[5990,2538],[5623,438],[7867,1423],[1086,-659],[3738,-1061],[2924,-3115],[764,-37]],[[492816,273133],[2184,-96742],[27,-441],[-4832,-939],[-837,373],[-5640,-130],[-3491,1809],[-1338,263],[-5310,-1149],[-1573,-917],[-3762,124957],[24572,-27084]],[[139124,498656],[2623,-340],[2506,334],[896,-1197],[-101,-12835],[59,-21],[1192,-142443],[-53476,-172],[-90621,-5826],[-2202,-515],[3239,89434],[1150,2018],[286,7844],[-94,3052],[1726,2404],[1404,1540],[1650,247],[802,-865],[2287,-3646],[1414,-5923],[686,-876],[867,1],[1238,1550],[662,2842],[1258,2361],[1268,5552],[382,893],[632,131],[1666,-613],[1046,3027],[888,1444],[2482,392],[2939,-5335],[4175,-3634],[1085,1613],[2467,441],[353,613],[-59,1917],[522,2753],[3005,-624],[1498,837],[3462,5082],[2196,1202],[2149,3070],[1027,265],[3198,3539],[12571,4292],[9520,634],[3183,11328],[926,1444],[2405,2],[7060,-2867],[3104,-3458],[3551,300],[1263,892],[1917,413],[335,-351],[2078,-3],[1346,2062],[1261,461],[1284,2991],[1018,769],[715,1982],[2179,2864],[2032,4522],[1610,1198],[1223,2531],[4079,2971],[11579,381],[1294,512],[1026,2386],[4399,1553],[1210,-1342]]],"transform":{"scale":[0.000001341408250816529,3.5531537863064906e-7],"translate":[-77.85453898899993,55.101354950000086]}}