{"type":"Topology","objects":{"99075":{"type":"Polygon","arcs":[[0]]}},"arcs":[[[499998,491371],[-171041,-349546],[-24257,-3016],[-13729,18502],[-36269,3796],[-7784,26875],[-18427,28918],[-19566,-10519],[4240,-26193],[-14816,-6674],[-16814,-14219],[-6400,-24152],[121,-20644],[7734,-41138],[-999,-11639],[-1092,-28411],[-67815,-3200],[-17306,-6954],[-30830,-17148],[-29636,-6009],[-30264,517],[-3623,2061],[-1425,7593],[2308,12270],[3296,4934],[67249,63240],[17602,14425],[30300,46970],[20868,45374],[1589,328],[9878,17436],[7315,21991],[-6638,4779],[-2696,9644],[3726,4948],[14475,6038],[991,1672],[-5175,33032],[2158,1893],[11395,1021],[2714,3729],[11471,1660],[9189,-11336],[21625,-546],[6134,3754],[6099,-68],[13095,31191],[7691,4806],[3323,13667],[14913,15149],[10701,32200],[1997,12350],[-6742,4685],[-15831,17],[-7046,4311],[128,6464],[6583,5679],[3880,15506],[13277,8997],[33887,498],[1764,15069],[5682,2010],[2758,12102],[4105,3776],[33178,6657],[4193,7506],[26568,-3961],[106021,-4667]]],"transform":{"scale":[1.473486326972943e-7,9.881078962164272e-8],"translate":[-77.78397046799995,55.26904943000005]}}