{"type":"Topology","objects":{"99080":{"type":"Polygon","arcs":[[0]]}},"arcs":[[[25006,9794],[6152,7820],[5988,-1328],[3982,5618],[1031,8234],[11504,10737],[1041,3230],[17494,22715],[4050,15123],[1548,19056],[-332,36710],[1537,10849],[-3901,25302],[-2423,8337],[-2017,3143],[-2893,17126],[-3490,6404],[-7390,31706],[-3913,12694],[-14371,35607],[-427,6292],[-4454,3274],[-7441,12093],[-43,6902],[-2896,12724],[-9426,22240],[-494,5689],[-6946,2001],[-4960,5060],[-1516,5758],[1032,8236],[17660,36029],[7967,6932],[4513,2431],[8000,9536],[7073,13209],[2513,8877],[10002,16396],[5117,21558],[14,5884],[149324,-5828],[286784,-8047],[-9829,-486123],[-216238,5559],[-248926,4235]]],"transform":{"scale":[2.0716093832183652e-7,8.980510561015372e-8],"translate":[-76.55674791399991,56.522631938000075]}}