{"type":"Topology","objects":{"99095":{"type":"Polygon","arcs":[[0]]}},"arcs":[[[495799,450641],[-20479,-241722],[-10086,-119691],[-72083,-21663],[-144499,-43576],[-79278,-23989],[-159455,25390],[-9919,112948],[61682,151515],[70050,171239],[254021,26477],[114246,12430],[-4200,-49358]]],"transform":{"scale":[6.357078454157017e-7,4.971962823926361e-7],"translate":[-68.53921202099991,58.02078395700004]}}