{"type":"Topology","objects":{"99090":{"type":"Polygon","arcs":[[0]]}},"arcs":[[[362679,0],[868,7681],[-3087,26908],[-1714,28207],[919,30883],[882,2644],[3083,4561],[2985,7793],[3637,-581],[2737,-4360],[9479,-2965],[4036,-2499],[4092,-4355],[1377,-2503],[4072,-1848],[16927,6881],[2423,22560],[-3166,1825],[-1790,-677],[-2651,-5829],[-741,-9026],[-903,-1917],[-3126,-1408],[-8988,3563],[-4587,5700],[-8700,14503],[-1894,6434],[1701,10949],[-1935,9586],[-3661,5030],[-1894,8294],[-7304,9412],[-573,5789],[1230,9704],[-1833,4417],[-4027,-3328],[-2245,1236],[-1814,3769],[-4544,2466],[-63,3879],[2654,3887],[2220,1354],[2629,6555],[-13413,-3592],[-5865,3029],[-1353,-1946],[-1194,-9054],[-2712,-91],[-2931,19879],[-2222,-1352],[-1767,-3267],[-817,-8384],[2019,-14111],[-448,-1970],[-3500,-3942],[-3988,-6480],[-1234,-5823],[1874,-5788],[4523,-1737],[930,-2612],[-779,-9596],[540,-8379],[-392,-3827],[-2609,-5260],[-2118,-8387],[-11489,-14477],[-9830,-2237],[-3580,583],[-6335,3644],[-8066,1108],[-9526,8053],[-8537,1645],[-22845,-3876],[-4402,-3920],[-4031,-1389],[-2222,505],[-4113,3136],[-6233,-1447],[-3128,528],[-9958,5514],[-8173,8137],[-8185,4898],[-5888,5609],[-11709,5401],[-12434,282],[-12269,12248],[-6660,5926],[-4444,2630],[-7136,3370],[-4510,-1251],[-3577,1362],[-10674,7881],[-8970,813],[-6665,3984],[-3598,714],[-3130,-528],[-5887,-3753],[-3130,-610],[-5839,1423],[-8458,4580],[-8409,9838],[-8490,7171],[-3544,710],[-2716,-1851],[1250,-8978],[-438,-3209],[-1813,-1908],[-5387,3254],[-6192,6539],[-8492,5311],[-2637,2593],[-2626,8418],[-3552,5887],[-6253,4600],[-5756,7807],[-844,3855],[-404,7064],[520,7734],[1830,612],[3520,-3296],[1724,-6499],[3164,-1981],[2227,669],[1837,6357],[3176,5705],[20368,16350],[14394,4268],[4019,3710],[1012,7055],[4945,2518],[479,4500],[-408,5124],[-3058,9012],[-2652,3970],[-9795,7173],[-11554,14403],[-2565,12216],[-1676,13535],[-1767,5128],[1864,9025],[-386,5767],[-3497,7745],[871,2534],[5462,6370],[2294,8268],[1361,1938],[3166,-1980],[1730,-2617],[3100,-7802],[4442,-6429],[18364,-2944],[6218,-3954],[12125,-1496],[3568,1876],[69,7682],[3905,32678],[-389,3828],[-1336,2593],[-12470,8639],[-4482,5219],[-3904,12868],[-10653,14349],[-7385,6985],[431481,20523],[14740,-490433],[-137319,-9566]]],"transform":{"scale":[3.051187042374307e-7,1.1108007016017155e-7],"translate":[-66.04920033399992,58.67075113900005]}}