{"type":"Topology","objects":{"99105":{"type":"Polygon","arcs":[[0]]}},"arcs":[[[499999,499956],[-943,-70219],[-7068,-305473],[-202146,4014],[-22689,-128278],[-267153,2362],[2542,18524],[519,559],[14936,220213],[1954,-489],[3887,2063],[1954,3576],[4631,2514],[4601,-1939],[17307,-13040],[6605,-2497],[1350,-1517],[729,-5082],[5987,-6509],[704,-3047],[-1278,-4524],[685,-1522],[4696,-3018],[1298,-4062],[5337,-915],[3241,468],[11838,5171],[1979,1540],[587,6554],[8547,2095],[1858,11650],[3300,2567],[1301,2488],[-2045,4057],[-4603,2003],[-4648,-1050],[-17645,-13797],[-3984,-1046],[-4589,985],[-8628,4519],[-2053,4563],[4625,3023],[5828,6655],[5862,4047],[10521,4143],[3990,537],[7253,-967],[2658,529],[1973,2049],[-3390,4999],[3232,8100],[6503,6149],[1963,3066],[2561,8603],[593,6046],[-739,6100],[6468,16197],[4405,14722],[1260,6050],[-702,3048],[1291,3569],[3283,4029],[612,4583],[-732,5529],[2563,8601],[3714,23810],[5230,8622],[1241,7639],[7211,3039],[3867,4097],[13797,9696],[2587,6632],[1322,962],[18420,6230],[16401,8188],[15109,11738],[19705,10753],[7232,1510],[18465,2665],[6535,4113],[16540,3607],[3220,2565],[10554,2612],[6609,5066],[3825,8102],[8542,3616],[2673,-492],[2034,-3039],[5280,-2955],[6650,1506],[9864,4641],[6645,-5554],[4003,-8051],[7277,-2497],[4719,-4993],[4611,-2515],[5380,-4545],[3999,-7543],[4703,-3531],[4587,-480],[1196,12662],[3316,1547],[7249,46],[4615,-3025],[1375,-3996],[5999,36],[7221,2526],[3227,2055],[9892,2095],[8633,3043],[4534,4605],[9739,16721],[2645,2052],[3328,530],[5920,-474],[4661,538],[3271,-2016],[15846,1973]]],"transform":{"scale":[2.1092145184294073e-7,1.4121636443275698e-7],"translate":[-69.63127438799995,59.26038383400004]}}