{"type":"Topology","objects":{"99115":{"type":"Polygon","arcs":[[0]]}},"arcs":[[[82642,479626],[287307,-26127],[1866,-258562],[57957,-485],[7,-102864],[70220,-7162],[-2402,-84426],[-33552,1],[-155039,6243],[-597,87542],[-272365,6318],[-28059,36846],[1454,1113],[-1742,16402],[-1844,4348],[-1291,12124],[-3203,8615],[1005,3497],[2411,1374],[11381,-10280],[19302,-28293],[7652,-4532],[9005,-8086],[12415,-2501],[84,5714],[3863,1306],[89,4912],[-7948,13011],[-1816,9349],[-2328,4343],[-5766,2953],[-6591,8744],[-9438,9508],[-1370,5784],[2002,8422],[3421,4155],[526,2776],[-1319,7214],[1579,8415],[-453,4278],[-1853,5778],[-7034,11595],[-2600,17819],[-1465,2121],[-2403,-2712],[-3873,123],[-5193,7244],[-875,4273],[-360,8477],[-3780,4411],[-5023,17871],[954,2158],[4400,2653],[2402,2803],[4963,9090],[3910,3449],[1514,9130],[6373,6253],[3819,-839],[5184,-5817],[3389,-130],[3475,5586],[642,12776],[4833,1229],[-1284,11410],[-1891,2207],[-8133,3097],[-5198,7960],[-1807,7831],[-3298,4329],[-15207,11117],[-7528,12301],[-3834,2980],[-2284,6485],[2459,3428],[3824,-1461],[2356,569],[8189,-2381],[3284,-2183],[1898,-2920],[3875,-122],[6403,11163],[513,5009],[-839,7754],[-2321,2914],[-9596,4594],[-2326,3627],[-935,4272],[1056,4925],[3912,3450],[5270,-192],[3303,-5042],[1360,-4265],[2377,-2199],[1970,4137],[-1323,7838],[530,2149],[2889,2721],[15959,3799],[6355,9734],[1623,11361],[2907,-137],[1840,-3633],[400,-5621],[-2177,-19138],[1770,-11402],[6922,-21510],[4484,-19311],[3875,-124],[4916,7658],[521,3490],[-832,7130],[2500,6375],[998,4925],[-1844,4349],[-4747,3683],[-1899,3544],[-1318,7215],[2261,12781]]],"transform":{"scale":[3.0592033184068355e-7,1.0055592911186156e-7],"translate":[-69.64977156,61.01051883900004]}}