{"type":"Topology","objects":{"99110":{"type":"Polygon","arcs":[[0]]}},"arcs":[[[499999,3716],[-709,193],[-8954,-3909],[-30555,11102],[-7297,5827],[-2848,4070],[-5927,11839],[-6553,15447],[-16906,19286],[-10139,8681],[1167,-5936],[3402,-7755],[874,-4131],[-1103,-3662],[-3348,-105],[-7325,9373],[-2823,516],[-2779,-692],[-2497,-6048],[-1857,-12078],[-2749,-4925],[-11193,-2167],[-5275,-6743],[-1935,-665],[-1976,541],[-3961,7057],[-2237,2347],[-12669,7382],[-3616,-1930],[-3883,-4282],[-1405,-651],[-6151,2751],[-5891,-3121],[-4541,1759],[-5812,5598],[-7188,9819],[-4156,4399],[-1943,616],[-5028,-1601],[-2517,1884],[-1360,3055],[-814,5415],[877,5396],[2015,4148],[574,3572],[-264,2410],[-2992,9124],[-1610,8413],[-1402,3658],[-1931,-1121],[-4841,-8249],[-6457,-8756],[-2245,-1738],[-303,-1823],[-2261,-4158],[-1121,-1096],[-3658,-1104],[-5556,3141],[-3578,7363],[-1385,1238],[-1401,-1180],[-41,-4158],[4116,-8556],[556,-3611],[-1428,-2391],[-3582,3132],[-4999,8600],[-3874,4330],[-3570,6078],[-3053,3148],[-1380,634],[-5342,-2223],[-5068,-5841],[-2781,-548],[-3636,706],[-2794,1343],[-2204,2418],[-2474,5510],[-806,4206],[-3038,5564],[-3350,36],[-3645,-2846],[-5844,3806],[-1689,-589],[-1675,-2325],[-2276,-6580],[-1407,-502],[-3077,1255],[-12210,11217],[-3850,5534],[-2506,4901],[-1666,1228],[-3350,110],[-2841,-6526],[-5598,-1028],[-2260,-4161],[-592,-5390],[-1695,-4140],[-1407,-580],[-3042,1330],[-5003,4358],[-3920,692],[-1248,-20983],[526,-4215],[2466,-4297],[253,-5359],[-1674,-2402],[-614,-7127],[-6223,-11258],[-3062,-487],[-3353,711],[-2230,1206],[-5824,5611],[-1676,2436],[-4094,9755],[-839,3598],[-1647,3116],[-1379,631],[-5341,-2234],[-2226,677],[-8884,9278],[-1381,631],[-2805,-1765],[-2563,-5914],[-1118,-1175],[-3340,-1104],[-1949,1289],[-2779,3678],[-2790,655],[-6705,-3421],[-1697,694],[-1647,3039],[-808,4202],[-1395,2444],[-3638,-3460],[-2513,1269],[-16899,19104],[-1944,684],[-2247,-1143],[-579,-2441],[238,-7777],[-1401,-1186],[-3359,1311],[-1969,-527],[-2237,-2352],[-3089,-1703],[-4457,1950],[-2494,3082],[-3322,1236],[-3392,-3455],[-3626,-513],[-5586,1980],[-1122,174632],[109180,4828],[42,220041],[194667,2878],[194320,-279021],[1790,-217262]]],"transform":{"scale":[5.089271878543709e-7,1.1879312758613609e-7],"translate":[-70.16677906699994,60.007831810000084]}}