{"type":"Topology","objects":{"99135":{"type":"Polygon","arcs":[[0]]}},"arcs":[[[0,212698],[3900,3178],[5760,3013],[18762,7265],[2358,1799],[3182,9454],[3135,5368],[7293,4732],[12300,2539],[6479,3611],[5780,1826],[13148,1282],[14027,-2200],[11555,-3406],[5871,-4710],[2537,-3470],[5758,-4117],[10675,150],[18050,6663],[15506,3080],[14050,-3985],[748,5945],[-7819,18211],[1546,8251],[-1774,8230],[-2712,8815],[-7646,12940],[-885,4078],[748,5944],[2286,7071],[6360,12517],[3070,10639],[25129,20298],[5680,1822],[4937,3005],[9589,11872],[4050,7155],[1444,8253],[2418,5362],[8081,8297],[2888,16578],[4093,4185],[8139,4215],[9832,1850],[11529,-1109],[5832,-1668],[3352,-2353],[1753,-7041],[-2179,-15384],[-5610,-7166],[-2419,-5288],[3391,-5323],[12388,-3405],[6709,-5225],[4156,-566],[8161,2432],[9768,6599],[6439,7171],[22971,4313],[11451,4828],[12194,3646],[9119,728],[23872,-956],[17382,-4562],[2377,610],[8941,6592],[-5016,2863],[-23034,367],[-4905,2345],[665,4681],[38031,35813],[19458,20248],[11293,9503],[11481,3044],[11501,1336],[8620,2623],[-9954,-124484],[-36328,939],[-136180,-3215],[683,-371502],[-268771,-1737],[-43529,1050],[-5920,211648]]],"transform":{"scale":[1.8544286488567304e-7,1.2090188580379995e-7],"translate":[-75.67136902299988,62.177954666000055]}}