{"type":"Topology","objects":{"99130":{"type":"MultiPolygon","arcs":[[[0]],[[1]]]}},"arcs":[[[379008,16969],[-51064,-16969],[-44098,63715],[20304,28406],[-43311,74338],[6045,1298],[4802,2934],[14888,13530],[765,1409],[5633,5299],[2789,3363],[1606,4788],[309,5197],[-495,6106],[2574,23236],[-479,5692],[-4332,21681],[-929,7989],[879,7405],[172972,-117626],[20817,-12690],[11316,-88975],[-120991,-40126]],[[505,499999],[123820,-104713],[6189,-5026],[-18674,-3132],[-3261,529],[-4026,1941],[-5619,5776],[-6808,8159],[-6446,4330],[-10955,4449],[-8505,1521],[-2427,-408],[762,-2839],[6043,-6749],[5615,-11771],[-76213,90161],[505,17772]]],"transform":{"scale":[3.68117010234065e-7,1.50888049776173e-7],"translate":[-72.06774272699994,61.57033801600004]}}