{"type":"Topology","objects":{"99140":{"type":"Polygon","arcs":[[0]]}},"arcs":[[[467519,499999],[17150,-259844],[15329,-232256],[-33547,922],[-190197,-5454],[-120696,-3367],[862,30937],[4111,-331],[-566,4525],[-3909,3944],[-3328,1948],[-1111,2985],[-2754,1467],[-1688,3530],[-1746,8960],[-1132,2039],[-9378,7382],[-6071,5940],[-9496,13946],[-6646,6420],[-21653,27339],[-27704,25694],[-9945,10389],[-15576,18365],[-14397,15381],[-8392,10893],[-7853,13948],[-594,5028],[415,5513],[5708,19629],[977,8061],[-3290,2454],[-1131,1973],[-1194,6014],[-4950,3963],[-2295,5967],[3096,12572],[-563,3010],[-3365,3965],[1583,5560],[2600,4530],[13411,17234],[15646,15243],[8026,9112],[9702,8677],[3277,2032],[8642,3642],[4390,-955],[3252,2535],[3217,6072],[3776,3062],[19515,8259],[6450,7595],[3816,-475],[1131,-1974],[635,-4521],[-486,-5515],[-2594,-7562],[-4265,-8575],[-441,-5010],[592,-5027],[5588,-9939],[660,-5025],[-462,-6019],[1742,-5993],[1657,-1448],[5015,-9520],[4495,-5940],[5450,-2934],[2808,-2473],[2796,-5002],[2230,-1928],[3238,7],[2671,4531],[3304,73],[1757,-10539],[5543,-3436],[10355,-1847],[13747,-6385],[2809,-2473],[2214,-4458],[1280,-13527],[2809,-2474],[10372,615],[8748,-1411],[4971,-4470],[2813,-5444],[2327,-11020],[11126,-14894],[4945,-3967],[4984,-1943],[1570,4548],[-4029,13478],[-2287,5970],[-1782,12559],[-3981,12470],[-9606,20450],[-6705,8949],[-4983,8954],[2125,3056],[7065,2056],[2644,6551],[-4442,3482],[-3283,939],[-10381,903],[-4962,1438],[-4394,2473],[-6709,10399],[-3429,9524],[-3320,4473],[-1770,8013],[1007,9010],[-638,6038],[1548,4990],[3798,4071],[6486,4119],[25508,9824],[12449,7646],[4960,76],[2858,-12010],[2309,-4959],[2721,-3489],[2229,-478],[3258,1018],[13998,12696],[14073,9731],[5485,2055],[25023,4300],[9854,-1370],[11587,-4395],[12039,-2355],[17976,3189],[4363,-394],[6572,-1945],[17586,-7313],[5564,-3946],[2156,1035],[3699,10569],[471,6019],[-1236,9994],[1001,5028],[2702,4026],[2133,1537],[3836,533],[3810,-415],[32413,-14682],[3282,2026],[1023,6042],[-3056,26530],[402,6016],[-1689,6502],[-3942,7485],[-556,3008],[1551,6506],[2127,4568],[4311,5037],[17854,11764],[11406,5571]]],"transform":{"scale":[2.81133086266187e-7,1.4221565443133967e-7],"translate":[-77.94035072999992,62.37431513800004]}}