{"type":"Topology","objects":{"99802":{"type":"MultiPolygon","arcs":[[[0]],[[1]]]}},"arcs":[[[12186,23202],[-3016,-3130],[-5199,342],[-2626,4770],[-1345,9611],[3777,25062],[1954,-403],[1605,-17937],[-1050,-7914],[889,-3928],[5641,-2516],[-630,-3957]],[[494982,495541],[21,-21496],[874,582],[3910,-12719],[212,-6139],[-2180,-6568],[866,-6575],[-658,-8324],[-2611,-871],[-2616,-9203],[-382,-688],[-1288,-79323],[-21943,1555],[-217,277],[-6130,450],[-36329,2838],[-12701,-24496],[-2333,-22340],[-3195,-6860],[-156,-747],[34841,-97451],[-3466,2888],[-10634,1317],[-4122,-446],[-4772,-4382],[-4339,-9210],[-3684,-21036],[-4765,-10087],[-5855,-6584],[-5199,-10525],[1086,-5698],[3690,-12707],[1091,-9201],[-2733,-17915],[-7657,-14535],[-5848,-2639],[-6935,2173],[-8240,-22],[-5848,2172],[-5863,8748],[-3251,2620],[-6070,1725],[-8885,-2662],[-865,-328],[-3920,-14958],[194,-24254],[-6597,-200],[-5866,-303],[-1621,72],[-14802,-111],[-41455,-366],[-57756,33],[-59205,-1179],[-58928,-316],[-5291,-152],[-21742,-49375],[-2723,1659],[10252,105966],[3164,12601],[3691,5686],[1942,-1174],[10408,-272],[6742,-5157],[6494,2729],[649,7],[7158,-329],[9772,-3803],[6089,-5619],[3896,937],[8441,4491],[11924,1470],[4122,-1259],[4973,4440],[4104,4434],[2371,534],[6686,-104],[5100,-796],[2081,-1223],[2912,-6005],[1416,1969],[2867,94],[3340,424],[2221,1031],[3976,446],[3017,1061],[3335,747],[3487,2032],[2357,4251],[1412,2611],[1910,59],[2400,-1529],[2089,-2831],[3836,-1486],[3336,739],[3975,446],[3011,2335],[2537,1038],[4296,776],[2545,-249],[2564,-2173],[1771,-2517],[2568,-3137],[3355,-1507],[2885,-2809],[2093,-3796],[2235,-1215],[3817,1069],[3190,-1193],[5421,-1457],[3034,-1836],[4315,-2128],[3525,-3437],[1914,-1230],[4145,-849],[4607,1406],[3638,3313],[3171,2333],[2697,1032],[2066,1017],[1919,-1551],[4325,-4704],[1928,-2838],[2724,-2824],[-545,-6891],[654,-4819],[4993,-4360],[4987,-3476],[107,104],[440,14529],[16527,335],[2145,181],[9468,36561],[-145,6982],[-625,40928],[-4168,-5288],[-2824,1309],[-221,3944],[3031,4826],[4031,5150],[-601,39273],[-36192,5],[-357,268560],[61870,-3637],[118075,-821]]],"transform":{"scale":[0.0000016214661449323657,5.215048550097017e-7],"translate":[-76.49810157199994,49.64819803000006]}}