{"type":"Topology","objects":{"99808":{"type":"Polygon","arcs":[[0]]}},"arcs":[[[53793,210256],[177930,132703],[213601,145332],[8553,11708],[7970,-11121],[12183,87],[14426,-21903],[9311,-1687],[2232,-16707],[-9892,-26467],[-9951,-15913],[9311,58],[46,-8794],[-8554,-7105],[-15022,-2744],[-18444,-32692],[-23440,-33632],[-2797,-11451],[7199,-7868],[-2097,-9688],[-6396,-8853],[-11438,-88],[-3617,5298],[-37777,-25180],[-7780,-13954],[-26267,-31901],[-31354,-16999],[-12866,-1878],[-14219,-12448],[803,-15827],[2262,-18466],[-1340,-14094],[9355,-11348],[16451,-2495],[5027,-33528],[2098,-10761],[-1801,-10863],[2143,-14373],[3397,-6429],[-5836,-33732],[-18827,-2406],[-12162,18831],[-9533,-1888],[-51745,-12479],[-35979,-15688],[-14775,8031],[-24771,-998],[-9469,-7856],[-25564,89446],[2891,9049],[-5101,14034],[-10055,6048],[-7942,12244],[-14309,2480],[-26401,-5564],[-5756,4332],[2022,16750],[-5725,1687],[-23308,-37212],[-10694,-3642],[3480,13241],[9892,14181],[3421,21169],[17743,16912],[14220,8955],[7036,15926],[-1999,10220]]],"transform":{"scale":[5.129570579141495e-7,2.5985774571548547e-7],"translate":[-76.46905004799993,51.60808501100007]}}