{"type":"Topology","objects":{"99818":{"type":"Polygon","arcs":[[0]]}},"arcs":[[[499998,345688],[-247814,-345688],[-74099,114740],[-86988,51957],[-53346,95218],[-37751,734],[25995,99459],[58917,27746],[96795,-144024],[238786,254168],[79505,-154310]]],"transform":{"scale":[8.481359562714527e-8,3.6417542835018124e-8],"translate":[-74.8414274019999,49.917827170000066]}}